model,layer,uniprot,n_molecules,order_used
hypseek_rk,L1,C7C422,1784,FAIL
hypseek_rk,L1,O00141,1581,lmdb
hypseek_rk,L1,O00329,9273,FAIL
hypseek_rk,L1,O00444,662,lmdb
hypseek_rk,L1,O00763,663,lmdb
hypseek_rk,L1,O14744,1222,lmdb
hypseek_rk,L1,O14757,662,lmdb
hypseek_rk,L1,O14965,1172,lmdb
hypseek_rk,L1,O15379,7189,lmdb
hypseek_rk,L1,O43353,12518,lmdb
hypseek_rk,L1,O43570,12736,FAIL
hypseek_rk,L1,O60218,1682,lmdb
hypseek_rk,L1,O60341,5301,lmdb
hypseek_rk,L1,O60674,11614,lmdb
hypseek_rk,L1,O60885,2954,lmdb
hypseek_rk,L1,O75116,1733,lmdb
hypseek_rk,L1,O75385,510,lmdb
hypseek_rk,L1,O75417,509,lmdb
hypseek_rk,L1,O75460,1732,lmdb
hypseek_rk,L1,O75469,4179,lmdb
hypseek_rk,L1,O75762,763,lmdb
hypseek_rk,L1,O75874,1476,lmdb
hypseek_rk,L1,O76074,2753,lmdb
hypseek_rk,L1,O76083,764,lmdb
hypseek_rk,L1,O95271,965,lmdb
hypseek_rk,L1,O95819,816,lmdb
hypseek_rk,L1,O96013,1071,lmdb
hypseek_rk,L1,O96028,1121,lmdb
hypseek_rk,L1,P00338,560,lmdb
hypseek_rk,L1,P00352,510,lmdb
hypseek_rk,L1,P00491,1325,lmdb
hypseek_rk,L1,P00519,2393,lmdb
hypseek_rk,L1,P00533,23791,lmdb
hypseek_rk,L1,P00734,7595,lmdb
hypseek_rk,L1,P00742,1019,lmdb
hypseek_rk,L1,P00915,8612,FAIL
hypseek_rk,L1,P00918,12485,FAIL
hypseek_rk,L1,P01116,2593,lmdb
hypseek_rk,L1,P03372,2038,lmdb
hypseek_rk,L1,P04049,867,lmdb
hypseek_rk,L1,P04626,4890,lmdb
hypseek_rk,L1,P04629,3262,lmdb
hypseek_rk,L1,P04798,3210,FAIL
hypseek_rk,L1,P05089,2906,lmdb
hypseek_rk,L1,P05177,2139,FAIL
hypseek_rk,L1,P05979,1530,lmdb
hypseek_rk,L1,P06213,662,lmdb
hypseek_rk,L1,P06239,3463,lmdb
hypseek_rk,L1,P06276,2498,lmdb
hypseek_rk,L1,P06493,1884,FAIL
hypseek_rk,L1,P07333,5251,FAIL
hypseek_rk,L1,P07550,612,lmdb
hypseek_rk,L1,P07711,2091,lmdb
hypseek_rk,L1,P07900,1479,FAIL
hypseek_rk,L1,P07948,663,lmdb
hypseek_rk,L1,P07949,2090,lmdb
hypseek_rk,L1,P08069,2038,lmdb
hypseek_rk,L1,P08173,662,FAIL
hypseek_rk,L1,P08238,1377,lmdb
hypseek_rk,L1,P08246,1476,lmdb
hypseek_rk,L1,P08253,712,lmdb
hypseek_rk,L1,P08581,3365,lmdb
hypseek_rk,L1,P08908,2394,lmdb
hypseek_rk,L1,P08913,1121,lmdb
hypseek_rk,L1,P08922,1019,lmdb
hypseek_rk,L1,P09874,8149,lmdb
hypseek_rk,L1,P0C6U8,612,FAIL
hypseek_rk,L1,P0DMS8,3507,FAIL
hypseek_rk,L1,P0DTD1,21395,FAIL
hypseek_rk,L1,P10275,765,FAIL
hypseek_rk,L1,P10415,712,lmdb
hypseek_rk,L1,P10721,1987,FAIL
hypseek_rk,L1,P11309,2804,lmdb
hypseek_rk,L1,P11362,2854,lmdb
hypseek_rk,L1,P11511,712,lmdb
hypseek_rk,L1,P11802,3620,FAIL
hypseek_rk,L1,P13569,1019,lmdb
hypseek_rk,L1,P14324,509,lmdb
hypseek_rk,L1,P14618,612,lmdb
hypseek_rk,L1,P14867,2295,lmdb
hypseek_rk,L1,P14902,2548,lmdb
hypseek_rk,L1,P14920,714,lmdb
hypseek_rk,L1,P15121,916,lmdb
hypseek_rk,L1,P15538,765,lmdb
hypseek_rk,L1,P16083,815,lmdb
hypseek_rk,L1,P16110,663,lmdb
hypseek_rk,L1,P16234,1987,lmdb
hypseek_rk,L1,P17252,1121,lmdb
hypseek_rk,L1,P17706,867,lmdb
hypseek_rk,L1,P17931,712,lmdb
hypseek_rk,L1,P18031,5902,lmdb
hypseek_rk,L1,P18089,815,lmdb
hypseek_rk,L1,P18825,1020,lmdb
hypseek_rk,L1,P19099,867,lmdb
hypseek_rk,L1,P19634,1171,lmdb
hypseek_rk,L1,P19793,813,FAIL
hypseek_rk,L1,P21397,1071,lmdb
hypseek_rk,L1,P21554,5096,lmdb
hypseek_rk,L1,P21589,1222,lmdb
hypseek_rk,L1,P21728,1223,lmdb
hypseek_rk,L1,P21802,917,lmdb
hypseek_rk,L1,P21918,610,lmdb
hypseek_rk,L1,P21964,1527,lmdb
hypseek_rk,L1,P22303,4536,lmdb
hypseek_rk,L1,P22413,9628,lmdb
hypseek_rk,L1,P22455,2803,lmdb
hypseek_rk,L1,P22607,1019,lmdb
hypseek_rk,L1,P22748,5699,lmdb
hypseek_rk,L1,P23458,10037,FAIL
hypseek_rk,L1,P23467,867,lmdb
hypseek_rk,L1,P24941,2804,FAIL
hypseek_rk,L1,P25440,660,lmdb
hypseek_rk,L1,P25774,663,lmdb
hypseek_rk,L1,P25779,559,lmdb
hypseek_rk,L1,P27338,7900,lmdb
hypseek_rk,L1,P27487,1681,lmdb
hypseek_rk,L1,P28062,714,lmdb
hypseek_rk,L1,P28074,1885,lmdb
hypseek_rk,L1,P28222,765,lmdb
hypseek_rk,L1,P28335,4078,lmdb
hypseek_rk,L1,P28482,763,lmdb
hypseek_rk,L1,P28566,510,lmdb
hypseek_rk,L1,P29274,714,FAIL
hypseek_rk,L1,P29466,867,lmdb
hypseek_rk,L1,P29597,9519,FAIL
hypseek_rk,L1,P30291,1529,FAIL
hypseek_rk,L1,P30530,2548,lmdb
hypseek_rk,L1,P30542,1017,FAIL
hypseek_rk,L1,P31153,3213,lmdb
hypseek_rk,L1,P31639,561,lmdb
hypseek_rk,L1,P31645,561,lmdb
hypseek_rk,L1,P31749,6317,lmdb
hypseek_rk,L1,P31751,1783,lmdb
hypseek_rk,L1,P33981,1477,lmdb
hypseek_rk,L1,P34913,6317,lmdb
hypseek_rk,L1,P34914,5044,lmdb
hypseek_rk,L1,P34972,3414,FAIL
hypseek_rk,L1,P35354,2243,lmdb
hypseek_rk,L1,P35367,510,lmdb
hypseek_rk,L1,P35372,1427,lmdb
hypseek_rk,L1,P35968,6924,lmdb
hypseek_rk,L1,P36776,1020,lmdb
hypseek_rk,L1,P36888,4282,lmdb
hypseek_rk,L1,P36897,916,lmdb
hypseek_rk,L1,P37231,867,lmdb
hypseek_rk,L1,P41143,713,FAIL
hypseek_rk,L1,P41145,9834,FAIL
hypseek_rk,L1,P41182,3208,lmdb
hypseek_rk,L1,P41240,915,lmdb
hypseek_rk,L1,P41595,4634,FAIL
hypseek_rk,L1,P42330,1682,lmdb
hypseek_rk,L1,P42336,4536,lmdb
hypseek_rk,L1,P42345,1683,FAIL
hypseek_rk,L1,P43166,4126,lmdb
hypseek_rk,L1,P43405,559,lmdb
hypseek_rk,L1,P43490,867,lmdb
hypseek_rk,L1,P45983,1733,FAIL
hypseek_rk,L1,P45984,1631,FAIL
hypseek_rk,L1,P47989,2804,lmdb
hypseek_rk,L1,P48039,662,lmdb
hypseek_rk,L1,P48735,560,lmdb
hypseek_rk,L1,P48736,6319,FAIL
hypseek_rk,L1,P49137,509,lmdb
hypseek_rk,L1,P49286,914,lmdb
hypseek_rk,L1,P49327,33880,lmdb
hypseek_rk,L1,P49759,561,lmdb
hypseek_rk,L1,P49760,662,FAIL
hypseek_rk,L1,P49840,510,lmdb
hypseek_rk,L1,P49841,1223,lmdb
hypseek_rk,L1,P50053,1275,lmdb
hypseek_rk,L1,P50406,3415,lmdb
hypseek_rk,L1,P50613,1120,FAIL
hypseek_rk,L1,P50750,3416,FAIL
hypseek_rk,L1,P51449,2038,lmdb
hypseek_rk,L1,P51531,867,lmdb
hypseek_rk,L1,P51532,507,lmdb
hypseek_rk,L1,P51617,765,lmdb
hypseek_rk,L1,P51812,815,lmdb
hypseek_rk,L1,P51813,764,lmdb
hypseek_rk,L1,P51955,866,lmdb
hypseek_rk,L1,P52333,13042,lmdb
hypseek_rk,L1,P53350,1223,lmdb
hypseek_rk,L1,P53634,2953,lmdb
hypseek_rk,L1,P53779,1631,FAIL
hypseek_rk,L1,P54646,1171,lmdb
hypseek_rk,L1,P55055,661,FAIL
hypseek_rk,L1,P56524,1428,lmdb
hypseek_rk,L1,P56817,13247,lmdb
hypseek_rk,L1,P61964,867,lmdb
hypseek_rk,L1,P62937,917,lmdb
hypseek_rk,L1,P68400,714,FAIL
hypseek_rk,L1,P78527,509,lmdb
hypseek_rk,L1,P78540,815,lmdb
hypseek_rk,L1,P80457,1631,lmdb
hypseek_rk,L1,Q00534,561,lmdb
hypseek_rk,L1,Q00535,968,FAIL
hypseek_rk,L1,Q01650,918,lmdb
hypseek_rk,L1,Q02127,3766,lmdb
hypseek_rk,L1,Q02750,713,lmdb
hypseek_rk,L1,Q03181,764,lmdb
hypseek_rk,L1,Q04609,1836,lmdb
hypseek_rk,L1,Q04759,968,lmdb
hypseek_rk,L1,Q05397,4588,lmdb
hypseek_rk,L1,Q05586,2240,FAIL
hypseek_rk,L1,Q06124,1424,lmdb
hypseek_rk,L1,Q06187,18092,lmdb
hypseek_rk,L1,Q07343,2396,lmdb
hypseek_rk,L1,Q07422,612,lmdb
hypseek_rk,L1,Q07817,709,lmdb
hypseek_rk,L1,Q07820,2647,lmdb
hypseek_rk,L1,Q07869,764,lmdb
hypseek_rk,L1,Q07889,1070,FAIL
hypseek_rk,L1,Q07912,510,lmdb
hypseek_rk,L1,Q08345,968,lmdb
hypseek_rk,L1,Q08499,917,lmdb
hypseek_rk,L1,Q08881,815,lmdb
hypseek_rk,L1,Q12866,2292,lmdb
hypseek_rk,L1,Q12879,865,lmdb
hypseek_rk,L1,Q12884,2446,lmdb
hypseek_rk,L1,Q13043,2549,lmdb
hypseek_rk,L1,Q13085,612,lmdb
hypseek_rk,L1,Q13131,1326,lmdb
hypseek_rk,L1,Q13133,815,FAIL
hypseek_rk,L1,Q13164,815,lmdb
hypseek_rk,L1,Q13188,2548,lmdb
hypseek_rk,L1,Q13224,1731,lmdb
hypseek_rk,L1,Q13315,712,lmdb
hypseek_rk,L1,Q13464,1119,lmdb
hypseek_rk,L1,Q13526,1018,lmdb
hypseek_rk,L1,Q13546,2753,lmdb
hypseek_rk,L1,Q13547,18393,lmdb
hypseek_rk,L1,Q13627,5653,lmdb
hypseek_rk,L1,Q13822,1426,lmdb
hypseek_rk,L1,Q13946,610,lmdb
hypseek_rk,L1,Q14145,663,lmdb
hypseek_rk,L1,Q14289,1018,lmdb
hypseek_rk,L1,Q15059,2193,lmdb
hypseek_rk,L1,Q15118,662,lmdb
hypseek_rk,L1,Q15303,712,lmdb
hypseek_rk,L1,Q15561,2905,lmdb
hypseek_rk,L1,Q15910,1581,lmdb
hypseek_rk,L1,Q16288,1020,lmdb
hypseek_rk,L1,Q16512,816,lmdb
hypseek_rk,L1,Q16539,713,FAIL
hypseek_rk,L1,Q16620,967,lmdb
hypseek_rk,L1,Q16678,5450,lmdb
hypseek_rk,L1,Q16769,1375,lmdb
hypseek_rk,L1,Q16790,10448,FAIL
hypseek_rk,L1,Q2M2I8,1479,lmdb
hypseek_rk,L1,Q5S007,1478,lmdb
hypseek_rk,L1,Q5TCY1,816,lmdb
hypseek_rk,L1,Q6GI75,816,lmdb
hypseek_rk,L1,Q6P179,611,lmdb
hypseek_rk,L1,Q72547,1785,lmdb
hypseek_rk,L1,Q86W56,2139,lmdb
hypseek_rk,L1,Q86WV6,1275,lmdb
hypseek_rk,L1,Q86X55,2446,lmdb
hypseek_rk,L1,Q86YT5,816,lmdb
hypseek_rk,L1,Q8IXJ6,1222,lmdb
hypseek_rk,L1,Q8N1Q1,510,lmdb
hypseek_rk,L1,Q8N884,713,lmdb
hypseek_rk,L1,Q8NEB9,663,lmdb
hypseek_rk,L1,Q8NER1,510,lmdb
hypseek_rk,L1,Q8R4B8,1018,lmdb
hypseek_rk,L1,Q8TF76,663,lmdb
hypseek_rk,L1,Q8WUI4,865,lmdb
hypseek_rk,L1,Q92769,6469,lmdb
hypseek_rk,L1,Q92793,612,lmdb
hypseek_rk,L1,Q92918,8204,lmdb
hypseek_rk,L1,Q93009,813,lmdb
hypseek_rk,L1,Q96EB6,561,lmdb
hypseek_rk,L1,Q96GD4,1224,lmdb
hypseek_rk,L1,Q96KQ7,1527,lmdb
hypseek_rk,L1,Q96LA8,611,lmdb
hypseek_rk,L1,Q96MU7,560,lmdb
hypseek_rk,L1,Q96P20,1224,lmdb
hypseek_rk,L1,Q96RI1,660,FAIL
hypseek_rk,L1,Q96S37,1223,lmdb
hypseek_rk,L1,Q99640,2291,lmdb
hypseek_rk,L1,Q99683,815,lmdb
hypseek_rk,L1,Q99685,560,lmdb
hypseek_rk,L1,Q99720,3208,lmdb
hypseek_rk,L1,Q99873,1730,lmdb
hypseek_rk,L1,Q9BUB5,662,lmdb
hypseek_rk,L1,Q9BV86,714,lmdb
hypseek_rk,L1,Q9BY41,5301,lmdb
hypseek_rk,L1,Q9C0B1,4130,lmdb
hypseek_rk,L1,Q9GZQ8,916,lmdb
hypseek_rk,L1,Q9H2K2,1734,lmdb
hypseek_rk,L1,Q9H999,1428,lmdb
hypseek_rk,L1,Q9H9B1,916,FAIL
hypseek_rk,L1,Q9HBH9,612,lmdb
hypseek_rk,L1,Q9NQS5,663,lmdb
hypseek_rk,L1,Q9NWZ3,4633,lmdb
hypseek_rk,L1,Q9NXA8,662,lmdb
hypseek_rk,L1,Q9NYV4,714,lmdb
hypseek_rk,L1,Q9NZQ7,4333,lmdb
hypseek_rk,L1,Q9P1W9,1172,lmdb
hypseek_rk,L1,Q9UQB9,510,lmdb
hypseek_rk,L1,Q9UQD0,765,lmdb
hypseek_rk,L1,Q9Y233,2140,lmdb
hypseek_rk,L1,Q9Y2K2,1935,lmdb
hypseek_rk,L1,Q9Y2R2,611,lmdb
hypseek_rk,L1,Q9Y463,1224,lmdb
hypseek_rk,L1,Q9Y5Y9,2088,lmdb
hypseek_rk,L1,Q9Y5Z0,11569,lmdb
hypseek_rk,L2,C7C422,3720,FAIL
hypseek_rk,L2,I6YFP0,559,lmdb
hypseek_rk,L2,O00141,1733,lmdb
hypseek_rk,L2,O00255,20330,lmdb
hypseek_rk,L2,O00329,41723,FAIL
hypseek_rk,L2,O00444,1835,lmdb
hypseek_rk,L2,O00763,2345,lmdb
hypseek_rk,L2,O14684,6371,lmdb
hypseek_rk,L2,O14733,815,lmdb
hypseek_rk,L2,O14744,41468,lmdb
hypseek_rk,L2,O14757,9683,lmdb
hypseek_rk,L2,O14842,918,lmdb
hypseek_rk,L2,O14965,2597,lmdb
hypseek_rk,L2,O14976,1680,lmdb
hypseek_rk,L2,O15151,561,lmdb
hypseek_rk,L2,O15379,21046,lmdb
hypseek_rk,L2,O43318,765,lmdb
hypseek_rk,L2,O43353,15132,lmdb
hypseek_rk,L2,O43497,7896,lmdb
hypseek_rk,L2,O43570,12175,lmdb
hypseek_rk,L2,O43613,5042,lmdb
hypseek_rk,L2,O43614,7392,lmdb
hypseek_rk,L2,O43924,713,lmdb
hypseek_rk,L2,O60341,41115,lmdb
hypseek_rk,L2,O60502,15337,lmdb
hypseek_rk,L2,O60674,38669,lmdb
hypseek_rk,L2,O60760,1581,lmdb
hypseek_rk,L2,O60885,29355,lmdb
hypseek_rk,L2,O75116,15337,lmdb
hypseek_rk,L2,O75173,4228,lmdb
hypseek_rk,L2,O75385,20778,lmdb
hypseek_rk,L2,O75417,96122,lmdb
hypseek_rk,L2,O75460,14163,lmdb
hypseek_rk,L2,O75762,12266,lmdb
hypseek_rk,L2,O75874,3059,lmdb
hypseek_rk,L2,O75936,1171,lmdb
hypseek_rk,L2,O76074,1427,lmdb
hypseek_rk,L2,O76083,8151,lmdb
hypseek_rk,L2,O95271,2804,lmdb
hypseek_rk,L2,O95497,6012,lmdb
hypseek_rk,L2,O95819,3364,lmdb
hypseek_rk,L2,O96013,1782,lmdb
hypseek_rk,L2,O96017,3312,lmdb
hypseek_rk,L2,O96028,3923,lmdb
hypseek_rk,L2,P00338,5148,lmdb
hypseek_rk,L2,P00519,14973,lmdb
hypseek_rk,L2,P00533,104283,lmdb
hypseek_rk,L2,P00734,3669,lmdb
hypseek_rk,L2,P00742,3362,lmdb
hypseek_rk,L2,P00746,18546,lmdb
hypseek_rk,L2,P00748,1578,lmdb
hypseek_rk,L2,P00751,7433,FAIL
hypseek_rk,L2,P00797,1884,lmdb
hypseek_rk,L2,P00915,11360,lmdb
hypseek_rk,L2,P00918,17323,lmdb
hypseek_rk,L2,P01116,145493,FAIL
hypseek_rk,L2,P01375,1071,lmdb
hypseek_rk,L2,P02753,1172,lmdb
hypseek_rk,L2,P03372,11108,lmdb
hypseek_rk,L2,P03951,5146,lmdb
hypseek_rk,L2,P03952,6621,lmdb
hypseek_rk,L2,P04049,33417,FAIL
hypseek_rk,L2,P04150,14570,lmdb
hypseek_rk,L2,P04293,18090,lmdb
hypseek_rk,L2,P04585,712,lmdb
hypseek_rk,L2,P04626,51136,lmdb
hypseek_rk,L2,P04629,30457,lmdb
hypseek_rk,L2,P04798,1734,lmdb
hypseek_rk,L2,P04818,1326,lmdb
hypseek_rk,L2,P05089,663,lmdb
hypseek_rk,L2,P05177,1833,lmdb
hypseek_rk,L2,P05981,714,lmdb
hypseek_rk,L2,P06239,36427,lmdb
hypseek_rk,L2,P06241,2753,lmdb
hypseek_rk,L2,P06276,7078,lmdb
hypseek_rk,L2,P06401,1018,lmdb
hypseek_rk,L2,P06493,9483,FAIL
hypseek_rk,L2,P06730,1171,lmdb
hypseek_rk,L2,P06935,4587,lmdb
hypseek_rk,L2,P07333,39376,lmdb
hypseek_rk,L2,P07711,5750,lmdb
hypseek_rk,L2,P07858,1477,lmdb
hypseek_rk,L2,P07900,1783,lmdb
hypseek_rk,L2,P07948,510,lmdb
hypseek_rk,L2,P07949,13407,lmdb
hypseek_rk,L2,P08069,18295,lmdb
hypseek_rk,L2,P08172,2446,lmdb
hypseek_rk,L2,P08173,3974,lmdb
hypseek_rk,L2,P08183,1326,lmdb
hypseek_rk,L2,P08238,2495,lmdb
hypseek_rk,L2,P08246,509,lmdb
hypseek_rk,L2,P08253,1274,lmdb
hypseek_rk,L2,P08254,816,lmdb
hypseek_rk,L2,P08581,42337,lmdb
hypseek_rk,L2,P08684,1376,lmdb
hypseek_rk,L2,P08908,10550,lmdb
hypseek_rk,L2,P08912,1325,lmdb
hypseek_rk,L2,P08922,2598,lmdb
hypseek_rk,L2,P09237,1070,lmdb
hypseek_rk,L2,P09238,866,lmdb
hypseek_rk,L2,P09382,25723,lmdb
hypseek_rk,L2,P09874,46976,lmdb
hypseek_rk,L2,P09917,712,lmdb
hypseek_rk,L2,P09960,764,lmdb
hypseek_rk,L2,P0A017,1019,lmdb
hypseek_rk,L2,P0A0K8,1326,lmdb
hypseek_rk,L2,P0A725,1120,lmdb
hypseek_rk,L2,P0AES6,1274,lmdb
hypseek_rk,L2,P0DMS8,2549,lmdb
hypseek_rk,L2,P0DTD1,97973,lmdb
hypseek_rk,L2,P0DUB6,1989,lmdb
hypseek_rk,L2,P10275,7384,FAIL
hypseek_rk,L2,P10398,5246,lmdb
hypseek_rk,L2,P10415,51307,FAIL
hypseek_rk,L2,P10721,57170,lmdb
hypseek_rk,L2,P11229,1221,lmdb
hypseek_rk,L2,P11309,3363,lmdb
hypseek_rk,L2,P11362,25524,lmdb
hypseek_rk,L2,P11474,10140,lmdb
hypseek_rk,L2,P11511,867,lmdb
hypseek_rk,L2,P11802,71420,lmdb
hypseek_rk,L2,P12931,3512,lmdb
hypseek_rk,L2,P13569,2446,lmdb
hypseek_rk,L2,P13866,560,lmdb
hypseek_rk,L2,P13995,560,lmdb
hypseek_rk,L2,P14207,1120,lmdb
hypseek_rk,L2,P14555,763,FAIL
hypseek_rk,L2,P14618,2038,lmdb
hypseek_rk,L2,P14756,3620,lmdb
hypseek_rk,L2,P14780,1629,lmdb
hypseek_rk,L2,P14867,6316,lmdb
hypseek_rk,L2,P14902,1782,lmdb
hypseek_rk,L2,P15056,39182,lmdb
hypseek_rk,L2,P15428,18398,lmdb
hypseek_rk,L2,P15559,4274,lmdb
hypseek_rk,L2,P16234,20178,lmdb
hypseek_rk,L2,P17252,1529,lmdb
hypseek_rk,L2,P17516,969,lmdb
hypseek_rk,L2,P17612,764,lmdb
hypseek_rk,L2,P17706,4585,lmdb
hypseek_rk,L2,P17812,13850,FAIL
hypseek_rk,L2,P17931,45798,lmdb
hypseek_rk,L2,P18031,13142,lmdb
hypseek_rk,L2,P18054,1784,lmdb
hypseek_rk,L2,P18825,6367,lmdb
hypseek_rk,L2,P19099,764,lmdb
hypseek_rk,L2,P20309,1270,lmdb
hypseek_rk,L2,P20618,3717,lmdb
hypseek_rk,L2,P20831,1577,lmdb
hypseek_rk,L2,P21397,1835,lmdb
hypseek_rk,L2,P21554,2699,lmdb
hypseek_rk,L2,P21589,8710,lmdb
hypseek_rk,L2,P21728,1019,lmdb
hypseek_rk,L2,P21802,24657,lmdb
hypseek_rk,L2,P22303,10246,FAIL
hypseek_rk,L2,P22413,26696,lmdb
hypseek_rk,L2,P22455,5910,lmdb
hypseek_rk,L2,P22607,19564,lmdb
hypseek_rk,L2,P22748,867,lmdb
hypseek_rk,L2,P22894,764,lmdb
hypseek_rk,L2,P23458,31688,lmdb
hypseek_rk,L2,P23467,3924,lmdb
hypseek_rk,L2,P23921,510,lmdb
hypseek_rk,L2,P23946,3616,lmdb
hypseek_rk,L2,P23975,917,lmdb
hypseek_rk,L2,P24941,82991,lmdb
hypseek_rk,L2,P25440,1629,lmdb
hypseek_rk,L2,P25774,1679,lmdb
hypseek_rk,L2,P27338,6319,lmdb
hypseek_rk,L2,P27487,5907,lmdb
hypseek_rk,L2,P28062,1223,lmdb
hypseek_rk,L2,P28065,1377,lmdb
hypseek_rk,L2,P28074,16559,lmdb
hypseek_rk,L2,P28335,15080,lmdb
hypseek_rk,L2,P28482,33886,lmdb
hypseek_rk,L2,P28845,765,lmdb
hypseek_rk,L2,P28907,8453,lmdb
hypseek_rk,L2,P29274,39590,lmdb
hypseek_rk,L2,P29275,18241,lmdb
hypseek_rk,L2,P29375,2394,lmdb
hypseek_rk,L2,P29466,1070,lmdb
hypseek_rk,L2,P29597,69898,FAIL
hypseek_rk,L2,P30291,6062,lmdb
hypseek_rk,L2,P30530,47280,lmdb
hypseek_rk,L2,P30542,5806,lmdb
hypseek_rk,L2,P30559,561,lmdb
hypseek_rk,L2,P31153,27616,lmdb
hypseek_rk,L2,P31391,5094,lmdb
hypseek_rk,L2,P31639,611,lmdb
hypseek_rk,L2,P31644,18297,lmdb
hypseek_rk,L2,P31645,5556,lmdb
hypseek_rk,L2,P31749,10852,lmdb
hypseek_rk,L2,P31751,6010,lmdb
hypseek_rk,L2,P32245,10596,lmdb
hypseek_rk,L2,P32297,612,lmdb
hypseek_rk,L2,P33981,2496,lmdb
hypseek_rk,L2,P34913,3152,FAIL
hypseek_rk,L2,P34914,10091,lmdb
hypseek_rk,L2,P34947,2241,lmdb
hypseek_rk,L2,P34972,3207,lmdb
hypseek_rk,L2,P35354,5044,lmdb
hypseek_rk,L2,P35367,1733,lmdb
hypseek_rk,L2,P35372,10037,FAIL
hypseek_rk,L2,P35408,2447,lmdb
hypseek_rk,L2,P35968,47227,lmdb
hypseek_rk,L2,P36544,1070,lmdb
hypseek_rk,L2,P36776,4486,lmdb
hypseek_rk,L2,P36888,25776,lmdb
hypseek_rk,L2,P36897,14113,lmdb
hypseek_rk,L2,P37023,816,lmdb
hypseek_rk,L2,P39900,4225,lmdb
hypseek_rk,L2,P40261,663,lmdb
hypseek_rk,L2,P40337,1119,lmdb
hypseek_rk,L2,P40763,2548,lmdb
hypseek_rk,L2,P41143,4686,FAIL
hypseek_rk,L2,P41145,26801,FAIL
hypseek_rk,L2,P41146,2753,lmdb
hypseek_rk,L2,P41182,20687,lmdb
hypseek_rk,L2,P41240,8869,lmdb
hypseek_rk,L2,P41594,1325,lmdb
hypseek_rk,L2,P41595,2494,lmdb
hypseek_rk,L2,P42330,3922,lmdb
hypseek_rk,L2,P42336,43501,lmdb
hypseek_rk,L2,P42345,4076,lmdb
hypseek_rk,L2,P43116,1629,FAIL
hypseek_rk,L2,P43166,1987,lmdb
hypseek_rk,L2,P43235,561,lmdb
hypseek_rk,L2,P43405,5299,lmdb
hypseek_rk,L2,P43490,24555,lmdb
hypseek_rk,L2,P43681,561,FAIL
hypseek_rk,L2,P45452,1782,lmdb
hypseek_rk,L2,P45983,1426,lmdb
hypseek_rk,L2,P45984,2752,lmdb
hypseek_rk,L2,P47205,7491,lmdb
hypseek_rk,L2,P47989,714,lmdb
hypseek_rk,L2,P48039,612,lmdb
hypseek_rk,L2,P48729,6825,lmdb
hypseek_rk,L2,P48730,7335,lmdb
hypseek_rk,L2,P48735,1474,lmdb
hypseek_rk,L2,P48736,11356,lmdb
hypseek_rk,L2,P49137,662,lmdb
hypseek_rk,L2,P49286,663,lmdb
hypseek_rk,L2,P49327,559,lmdb
hypseek_rk,L2,P49336,1783,lmdb
hypseek_rk,L2,P49674,663,lmdb
hypseek_rk,L2,P49759,6828,lmdb
hypseek_rk,L2,P49760,13097,lmdb
hypseek_rk,L2,P49761,7026,lmdb
hypseek_rk,L2,P49840,80490,FAIL
hypseek_rk,L2,P49841,71681,lmdb
hypseek_rk,L2,P50053,48095,lmdb
hypseek_rk,L2,P50406,2851,lmdb
hypseek_rk,L2,P50613,8912,lmdb
hypseek_rk,L2,P50750,9773,FAIL
hypseek_rk,L2,P51449,2444,lmdb
hypseek_rk,L2,P51531,4686,lmdb
hypseek_rk,L2,P51532,4181,lmdb
hypseek_rk,L2,P51617,2191,lmdb
hypseek_rk,L2,P51813,2139,lmdb
hypseek_rk,L2,P52333,36948,lmdb
hypseek_rk,L2,P52895,612,lmdb
hypseek_rk,L2,P53350,5449,lmdb
hypseek_rk,L2,P53396,3008,lmdb
hypseek_rk,L2,P53634,21144,lmdb
hypseek_rk,L2,P53667,3159,lmdb
hypseek_rk,L2,P53671,3363,lmdb
hypseek_rk,L2,P53779,3310,lmdb
hypseek_rk,L2,P54646,712,lmdb
hypseek_rk,L2,P55055,611,lmdb
hypseek_rk,L2,P56373,1377,lmdb
hypseek_rk,L2,P56524,866,lmdb
hypseek_rk,L2,P56817,17932,lmdb
hypseek_rk,L2,P61073,2651,lmdb
hypseek_rk,L2,P61964,2599,lmdb
hypseek_rk,L2,P62937,5143,FAIL
hypseek_rk,L2,P68400,11258,lmdb
hypseek_rk,L2,P69996,560,lmdb
hypseek_rk,L2,P78527,32194,lmdb
hypseek_rk,L2,P80192,2956,lmdb
hypseek_rk,L2,P80457,1581,lmdb
hypseek_rk,L2,P97612,611,lmdb
hypseek_rk,L2,P98170,10684,FAIL
hypseek_rk,L2,P9WGR1,608,lmdb
hypseek_rk,L2,Q00534,55593,FAIL
hypseek_rk,L2,Q00535,2037,lmdb
hypseek_rk,L2,Q00536,1731,lmdb
hypseek_rk,L2,Q00960,3516,lmdb
hypseek_rk,L2,Q00987,3311,lmdb
hypseek_rk,L2,Q01064,35350,lmdb
hypseek_rk,L2,Q01959,1274,lmdb
hypseek_rk,L2,Q02127,5506,lmdb
hypseek_rk,L2,Q02750,662,lmdb
hypseek_rk,L2,Q03111,5092,lmdb
hypseek_rk,L2,Q04609,5146,FAIL
hypseek_rk,L2,Q04759,1887,lmdb
hypseek_rk,L2,Q04771,2038,lmdb
hypseek_rk,L2,Q04828,916,lmdb
hypseek_rk,L2,Q05397,18797,lmdb
hypseek_rk,L2,Q06124,24805,lmdb
hypseek_rk,L2,Q06187,49767,lmdb
hypseek_rk,L2,Q07343,9576,lmdb
hypseek_rk,L2,Q07817,19209,lmdb
hypseek_rk,L2,Q07820,5455,lmdb
hypseek_rk,L2,Q07889,30112,FAIL
hypseek_rk,L2,Q08210,3364,lmdb
hypseek_rk,L2,Q08345,17215,lmdb
hypseek_rk,L2,Q08499,10902,lmdb
hypseek_rk,L2,Q09472,5707,lmdb
hypseek_rk,L2,Q12866,44573,lmdb
hypseek_rk,L2,Q12879,611,lmdb
hypseek_rk,L2,Q12884,6214,FAIL
hypseek_rk,L2,Q12931,561,lmdb
hypseek_rk,L2,Q13043,765,lmdb
hypseek_rk,L2,Q13085,1172,lmdb
hypseek_rk,L2,Q13133,560,lmdb
hypseek_rk,L2,Q13153,813,lmdb
hypseek_rk,L2,Q13164,764,lmdb
hypseek_rk,L2,Q13224,2138,lmdb
hypseek_rk,L2,Q13315,10998,lmdb
hypseek_rk,L2,Q13451,1425,lmdb
hypseek_rk,L2,Q13464,9325,lmdb
hypseek_rk,L2,Q13490,10738,FAIL
hypseek_rk,L2,Q13526,714,lmdb
hypseek_rk,L2,Q13546,29958,lmdb
hypseek_rk,L2,Q13547,53195,lmdb
hypseek_rk,L2,Q13627,23539,lmdb
hypseek_rk,L2,Q13822,10035,lmdb
hypseek_rk,L2,Q13946,4740,lmdb
hypseek_rk,L2,Q14004,2138,lmdb
hypseek_rk,L2,Q14145,6319,lmdb
hypseek_rk,L2,Q14432,2393,lmdb
hypseek_rk,L2,Q14524,1834,lmdb
hypseek_rk,L2,Q14833,8712,lmdb
hypseek_rk,L2,Q14994,1122,lmdb
hypseek_rk,L2,Q15059,1886,lmdb
hypseek_rk,L2,Q15118,866,lmdb
hypseek_rk,L2,Q15119,5659,FAIL
hypseek_rk,L2,Q15125,9017,lmdb
hypseek_rk,L2,Q15561,19666,lmdb
hypseek_rk,L2,Q15858,33625,lmdb
hypseek_rk,L2,Q15910,37453,lmdb
hypseek_rk,L2,Q16288,8460,lmdb
hypseek_rk,L2,Q16539,1886,lmdb
hypseek_rk,L2,Q16552,13346,lmdb
hypseek_rk,L2,Q16602,1222,lmdb
hypseek_rk,L2,Q16620,9586,lmdb
hypseek_rk,L2,Q16678,1578,lmdb
hypseek_rk,L2,Q16740,1631,lmdb
hypseek_rk,L2,Q16769,3416,lmdb
hypseek_rk,L2,Q16790,12738,lmdb
hypseek_rk,L2,Q16873,560,lmdb
hypseek_rk,L2,Q2M2I8,3212,lmdb
hypseek_rk,L2,Q32ZE1,7646,lmdb
hypseek_rk,L2,Q3TBT3,713,lmdb
hypseek_rk,L2,Q460N5,1224,lmdb
hypseek_rk,L2,Q58F21,1988,lmdb
hypseek_rk,L2,Q5S007,38710,FAIL
hypseek_rk,L2,Q64610,2800,lmdb
hypseek_rk,L2,Q6P179,866,lmdb
hypseek_rk,L2,Q6V1X1,3513,lmdb
hypseek_rk,L2,Q72547,3259,lmdb
hypseek_rk,L2,Q86TI2,2851,lmdb
hypseek_rk,L2,Q86U44,2952,lmdb
hypseek_rk,L2,Q86W56,17373,lmdb
hypseek_rk,L2,Q86WV6,8664,lmdb
hypseek_rk,L2,Q86X55,2392,lmdb
hypseek_rk,L2,Q8IVH8,16916,lmdb
hypseek_rk,L2,Q8IXJ6,866,lmdb
hypseek_rk,L2,Q8IYT8,561,lmdb
hypseek_rk,L2,Q8N884,15690,lmdb
hypseek_rk,L2,Q8NEB9,2906,lmdb
hypseek_rk,L2,Q8NER1,2241,lmdb
hypseek_rk,L2,Q8NET8,15076,lmdb
hypseek_rk,L2,Q8NFU5,3361,lmdb
hypseek_rk,L2,Q8NI77,55528,lmdb
hypseek_rk,L2,Q8R4B8,2954,lmdb
hypseek_rk,L2,Q8TDV5,1527,lmdb
hypseek_rk,L2,Q8TF76,1886,lmdb
hypseek_rk,L2,Q92633,28537,lmdb
hypseek_rk,L2,Q92769,17222,lmdb
hypseek_rk,L2,Q92793,22264,lmdb
hypseek_rk,L2,Q92831,2091,lmdb
hypseek_rk,L2,Q92918,115706,lmdb
hypseek_rk,L2,Q92993,4737,lmdb
hypseek_rk,L2,Q93009,14926,lmdb
hypseek_rk,L2,Q96GG9,25985,lmdb
hypseek_rk,L2,Q96KQ7,1733,lmdb
hypseek_rk,L2,Q96P20,22618,lmdb
hypseek_rk,L2,Q96RI1,3107,lmdb
hypseek_rk,L2,Q96S37,1529,lmdb
hypseek_rk,L2,Q96SW2,34286,lmdb
hypseek_rk,L2,Q99558,2802,lmdb
hypseek_rk,L2,Q99571,2498,lmdb
hypseek_rk,L2,Q99572,1377,lmdb
hypseek_rk,L2,Q99640,14564,lmdb
hypseek_rk,L2,Q99683,3871,lmdb
hypseek_rk,L2,Q99685,19364,lmdb
hypseek_rk,L2,Q99720,2141,lmdb
hypseek_rk,L2,Q99814,5810,lmdb
hypseek_rk,L2,Q99873,1527,lmdb
hypseek_rk,L2,Q9BUB5,5908,lmdb
hypseek_rk,L2,Q9BY41,20024,lmdb
hypseek_rk,L2,Q9BZP6,662,lmdb
hypseek_rk,L2,Q9C0B1,1528,lmdb
hypseek_rk,L2,Q9GZT9,3973,lmdb
hypseek_rk,L2,Q9H2K2,4073,lmdb
hypseek_rk,L2,Q9H3N8,2802,lmdb
hypseek_rk,L2,Q9H7B4,1274,lmdb
hypseek_rk,L2,Q9H8M2,19914,lmdb
hypseek_rk,L2,Q9H999,4127,lmdb
hypseek_rk,L2,Q9HAZ1,6878,lmdb
hypseek_rk,L2,Q9HBH9,5299,lmdb
hypseek_rk,L2,Q9NQS5,2346,lmdb
hypseek_rk,L2,Q9NR48,1784,lmdb
hypseek_rk,L2,Q9NR97,2955,lmdb
hypseek_rk,L2,Q9NSY1,3462,lmdb
hypseek_rk,L2,Q9NWZ3,74282,lmdb
hypseek_rk,L2,Q9NXS2,2088,lmdb
hypseek_rk,L2,Q9NYL2,612,lmdb
hypseek_rk,L2,Q9NYV4,14369,lmdb
hypseek_rk,L2,Q9NZQ7,44625,lmdb
hypseek_rk,L2,Q9P1W9,967,lmdb
hypseek_rk,L2,Q9UQB9,764,lmdb
hypseek_rk,L2,Q9UQD0,16404,lmdb
hypseek_rk,L2,Q9Y233,4126,lmdb
hypseek_rk,L2,Q9Y251,2691,FAIL
hypseek_rk,L2,Q9Y2K2,2242,lmdb
hypseek_rk,L2,Q9Y572,1528,lmdb
hypseek_rk,L2,Q9Y5N1,1427,lmdb
hypseek_rk,L2,Q9Y5Y6,1527,lmdb
hypseek_rk,L2,Q9Y5Y9,32199,lmdb
hypseek_rk,L2,Q9Y5Z0,16141,lmdb
hypseek_rk,L2,Q9Y657,561,lmdb
hypseek_rk,L2,Q9Z1M0,560,lmdb
hypseek_rk,L3,A0A1D8PKB4,610,FAIL
hypseek_rk,L3,C7FF05,4686,lmdb
hypseek_rk,L3,O14638,4636,lmdb
hypseek_rk,L3,O43526,1373,lmdb
hypseek_rk,L3,O94921,5096,lmdb
hypseek_rk,L3,P01111,23907,lmdb
hypseek_rk,L3,P05556,1371,FAIL
hypseek_rk,L3,P05622,19254,lmdb
hypseek_rk,L3,P06802,2087,lmdb
hypseek_rk,L3,P08515,1173,lmdb
hypseek_rk,L3,P08519,3819,lmdb
hypseek_rk,L3,P09487,560,lmdb
hypseek_rk,L3,P0DTC1,43566,FAIL
hypseek_rk,L3,P11498,1172,FAIL
hypseek_rk,L3,P11926,713,lmdb
hypseek_rk,L3,P17787,610,FAIL
hypseek_rk,L3,P18564,1835,lmdb
hypseek_rk,L3,P28347,12125,lmdb
hypseek_rk,L3,P30405,3973,FAIL
hypseek_rk,L3,P30518,1937,lmdb
hypseek_rk,L3,P36222,4435,FAIL
hypseek_rk,L3,P37288,5606,lmdb
hypseek_rk,L3,P40879,1019,lmdb
hypseek_rk,L3,P43220,6575,lmdb
hypseek_rk,L3,P43250,1121,lmdb
hypseek_rk,L3,P51684,561,lmdb
hypseek_rk,L3,P56450,662,lmdb
hypseek_rk,L3,P56528,5248,lmdb
hypseek_rk,L3,P97821,4230,lmdb
hypseek_rk,L3,Q00959,764,FAIL
hypseek_rk,L3,Q00961,1069,lmdb
hypseek_rk,L3,Q02779,815,lmdb
hypseek_rk,L3,Q14123,2039,lmdb
hypseek_rk,L3,Q15391,1424,lmdb
hypseek_rk,L3,Q15562,9173,lmdb
hypseek_rk,L3,Q15878,7697,lmdb
hypseek_rk,L3,Q16665,1427,lmdb
hypseek_rk,L3,Q62645,763,lmdb
hypseek_rk,L3,Q8R431,714,lmdb
hypseek_rk,L3,Q92830,8104,lmdb
hypseek_rk,L3,Q96LB1,3515,lmdb
hypseek_rk,L3,Q99594,5193,lmdb
hypseek_rk,L3,Q9HCR9,2037,lmdb
hypseek_rk,L3,Q9NP56,3618,FAIL
hypseek_rk,L3,Q9NPC1,867,lmdb
hypseek_rk,L3,Q9NR22,559,lmdb
hypseek_rk,L3,Q9Y4K4,510,lmdb
hypseek_rk,L3,Q9Y6M4,1732,lmdb
hypseek_rk,L4,B4RNM9,2958,lmdb
hypseek_rk,L4,C9J9Y7,30670,lmdb
hypseek_rk,L4,I6WXK4,1173,lmdb
hypseek_rk,L4,J9SQF3,33108,lmdb
hypseek_rk,L4,O00187,17213,FAIL
hypseek_rk,L4,O00411,11568,lmdb
hypseek_rk,L4,O00443,5042,lmdb
hypseek_rk,L4,O00748,969,lmdb
hypseek_rk,L4,O00750,866,lmdb
hypseek_rk,L4,O00767,1886,lmdb
hypseek_rk,L4,O14578,7743,lmdb
hypseek_rk,L4,O14874,5400,lmdb
hypseek_rk,L4,O14929,1731,lmdb
hypseek_rk,L4,O14980,2495,lmdb
hypseek_rk,L4,O15393,2036,FAIL
hypseek_rk,L4,O42275,6011,lmdb
hypseek_rk,L4,O54890,510,lmdb
hypseek_rk,L4,O60285,1885,FAIL
hypseek_rk,L4,O60331,1683,lmdb
hypseek_rk,L4,O60427,12028,lmdb
hypseek_rk,L4,O60563,7949,FAIL
hypseek_rk,L4,O75106,3107,lmdb
hypseek_rk,L4,O75143,1833,lmdb
hypseek_rk,L4,O75365,1275,lmdb
hypseek_rk,L4,O75747,11664,FAIL
hypseek_rk,L4,O75909,8612,FAIL
hypseek_rk,L4,O77963,6980,lmdb
hypseek_rk,L4,O88634,3364,lmdb
hypseek_rk,L4,O94782,20685,lmdb
hypseek_rk,L4,O94956,509,lmdb
hypseek_rk,L4,O95069,917,lmdb
hypseek_rk,L4,O95278,917,lmdb
hypseek_rk,L4,O95835,3720,lmdb
hypseek_rk,L4,O95931,2088,lmdb
hypseek_rk,L4,P01127,10495,lmdb
hypseek_rk,L4,P01584,1579,lmdb
hypseek_rk,L4,P04296,9680,lmdb
hypseek_rk,L4,P05067,4378,FAIL
hypseek_rk,L4,P08546,4178,lmdb
hypseek_rk,L4,P08648,510,lmdb
hypseek_rk,L4,P09391,560,lmdb
hypseek_rk,L4,P09871,21444,lmdb
hypseek_rk,L4,P09936,714,lmdb
hypseek_rk,L4,P0AES4,6778,lmdb
hypseek_rk,L4,P10636,560,lmdb
hypseek_rk,L4,P11166,3515,FAIL
hypseek_rk,L4,P11169,663,lmdb
hypseek_rk,L4,P12955,663,lmdb
hypseek_rk,L4,P13612,47323,lmdb
hypseek_rk,L4,P14060,3768,lmdb
hypseek_rk,L4,P14416,16307,lmdb
hypseek_rk,L4,P14672,1985,lmdb
hypseek_rk,L4,P15692,3007,lmdb
hypseek_rk,L4,P15823,561,lmdb
hypseek_rk,L4,P16101,5904,lmdb
hypseek_rk,L4,P16406,1477,lmdb
hypseek_rk,L4,P16788,23125,lmdb
hypseek_rk,L4,P17927,3513,lmdb
hypseek_rk,L4,P17948,4791,lmdb
hypseek_rk,L4,P18510,612,lmdb
hypseek_rk,L4,P18848,2038,lmdb
hypseek_rk,L4,P19525,9223,lmdb
hypseek_rk,L4,P20648,5708,lmdb
hypseek_rk,L4,P21842,2497,FAIL
hypseek_rk,L4,P21917,3312,lmdb
hypseek_rk,L4,P22001,17880,lmdb
hypseek_rk,L4,P22629,1172,lmdb
hypseek_rk,L4,P22681,814,lmdb
hypseek_rk,L4,P22830,867,lmdb
hypseek_rk,L4,P23743,27713,lmdb
hypseek_rk,L4,P24385,10854,FAIL
hypseek_rk,L4,P24530,510,lmdb
hypseek_rk,L4,P24863,918,lmdb
hypseek_rk,L4,P24864,3466,FAIL
hypseek_rk,L4,P25101,815,lmdb
hypseek_rk,L4,P25322,1579,lmdb
hypseek_rk,L4,P25929,5198,lmdb
hypseek_rk,L4,P26012,1273,lmdb
hypseek_rk,L4,P27986,3364,lmdb
hypseek_rk,L4,P28223,61144,lmdb
hypseek_rk,L4,P29371,1326,lmdb
hypseek_rk,L4,P30550,662,FAIL
hypseek_rk,L4,P30990,3874,lmdb
hypseek_rk,L4,P31350,816,lmdb
hypseek_rk,L4,P34969,5145,lmdb
hypseek_rk,L4,P35348,764,lmdb
hypseek_rk,L4,P35462,5553,lmdb
hypseek_rk,L4,P35869,1833,lmdb
hypseek_rk,L4,P37059,2396,lmdb
hypseek_rk,L4,P37840,5857,lmdb
hypseek_rk,L4,P38158,560,lmdb
hypseek_rk,L4,P41235,916,lmdb
hypseek_rk,L4,P42226,2193,lmdb
hypseek_rk,L4,P43251,1428,lmdb
hypseek_rk,L4,P43341,7795,lmdb
hypseek_rk,L4,P43354,1780,lmdb
hypseek_rk,L4,P46976,1121,lmdb
hypseek_rk,L4,P48025,663,lmdb
hypseek_rk,L4,P48048,1528,lmdb
hypseek_rk,L4,P48549,1121,lmdb
hypseek_rk,L4,P49238,968,lmdb
hypseek_rk,L4,P49721,765,lmdb
hypseek_rk,L4,P49959,612,lmdb
hypseek_rk,L4,P50052,10903,lmdb
hypseek_rk,L4,P51946,5300,FAIL
hypseek_rk,L4,P52429,4124,lmdb
hypseek_rk,L4,P54278,4331,lmdb
hypseek_rk,L4,P57059,4281,lmdb
hypseek_rk,L4,P62837,1986,lmdb
hypseek_rk,L4,P95160,1172,lmdb
hypseek_rk,L4,P97639,1223,lmdb
hypseek_rk,L4,Q01538,66335,FAIL
hypseek_rk,L4,Q01973,1120,lmdb
hypseek_rk,L4,Q02974,1325,lmdb
hypseek_rk,L4,Q03164,13648,FAIL
hypseek_rk,L4,Q04912,561,lmdb
hypseek_rk,L4,Q06830,1528,lmdb
hypseek_rk,L4,Q08211,36023,lmdb
hypseek_rk,L4,Q08828,3464,lmdb
hypseek_rk,L4,Q10469,8712,lmdb
hypseek_rk,L4,Q12809,1986,FAIL
hypseek_rk,L4,Q13094,1529,FAIL
hypseek_rk,L4,Q13191,62765,lmdb
hypseek_rk,L4,Q13233,2957,lmdb
hypseek_rk,L4,Q13535,24306,FAIL
hypseek_rk,L4,Q13541,18038,lmdb
hypseek_rk,L4,Q13564,1171,lmdb
hypseek_rk,L4,Q13574,29346,lmdb
hypseek_rk,L4,Q13639,2496,lmdb
hypseek_rk,L4,Q13686,2038,lmdb
hypseek_rk,L4,Q13724,26950,FAIL
hypseek_rk,L4,Q14191,76779,lmdb
hypseek_rk,L4,Q14721,1528,lmdb
hypseek_rk,L4,Q15040,1221,lmdb
hypseek_rk,L4,Q15078,2649,FAIL
hypseek_rk,L4,Q15116,5454,FAIL
hypseek_rk,L4,Q15369,560,lmdb
hypseek_rk,L4,Q15726,1377,lmdb
hypseek_rk,L4,Q16204,1530,lmdb
hypseek_rk,L4,Q16236,4381,FAIL
hypseek_rk,L4,Q16531,25010,FAIL
hypseek_rk,L4,Q16548,663,lmdb
hypseek_rk,L4,Q16739,15737,lmdb
hypseek_rk,L4,Q16832,16614,lmdb
hypseek_rk,L4,Q16853,4282,FAIL
hypseek_rk,L4,Q29550,765,lmdb
hypseek_rk,L4,Q2FYS5,1478,lmdb
hypseek_rk,L4,Q3SYC2,765,lmdb
hypseek_rk,L4,Q5JRX3,2905,lmdb
hypseek_rk,L4,Q5M868,4025,lmdb
hypseek_rk,L4,Q60795,1373,lmdb
hypseek_rk,L4,Q695T7,10237,lmdb
hypseek_rk,L4,Q6NS38,713,lmdb
hypseek_rk,L4,Q6SZW1,12377,lmdb
hypseek_rk,L4,Q70CQ3,11771,lmdb
hypseek_rk,L4,Q7Z3E1,29244,lmdb
hypseek_rk,L4,Q7Z5P4,45534,FAIL
hypseek_rk,L4,Q86SK9,2745,lmdb
hypseek_rk,L4,Q86UE8,3463,lmdb
hypseek_rk,L4,Q86YV6,714,lmdb
hypseek_rk,L4,Q8BHB0,1425,lmdb
hypseek_rk,L4,Q8IU80,765,lmdb
hypseek_rk,L4,Q8IVG9,714,lmdb
hypseek_rk,L4,Q8IWV7,510,lmdb
hypseek_rk,L4,Q8N1C3,10239,lmdb
hypseek_rk,L4,Q8NEV1,560,FAIL
hypseek_rk,L4,Q8NFR9,1171,lmdb
hypseek_rk,L4,Q8NHG7,4582,lmdb
hypseek_rk,L4,Q8TAF3,2191,lmdb
hypseek_rk,L4,Q8TD08,561,lmdb
hypseek_rk,L4,Q8TDU9,510,lmdb
hypseek_rk,L4,Q8VCR2,1172,lmdb
hypseek_rk,L4,Q8WXE1,5505,lmdb
hypseek_rk,L4,Q8WYB5,9783,lmdb
hypseek_rk,L4,Q91WP0,8867,FAIL
hypseek_rk,L4,Q92551,9779,lmdb
hypseek_rk,L4,Q92743,611,lmdb
hypseek_rk,L4,Q92794,43768,FAIL
hypseek_rk,L4,Q92905,1172,lmdb
hypseek_rk,L4,Q92932,26032,lmdb
hypseek_rk,L4,Q96DB2,3617,lmdb
hypseek_rk,L4,Q96GX5,13140,lmdb
hypseek_rk,L4,Q96KP4,5603,FAIL
hypseek_rk,L4,Q96PC2,2244,lmdb
hypseek_rk,L4,Q96PD7,3413,lmdb
hypseek_rk,L4,Q96QP1,22674,lmdb
hypseek_rk,L4,Q96RU2,2443,lmdb
hypseek_rk,L4,Q99705,1683,lmdb
hypseek_rk,L4,Q99788,2243,lmdb
hypseek_rk,L4,Q99986,1934,lmdb
hypseek_rk,L4,Q9BQ50,5911,lmdb
hypseek_rk,L4,Q9BVC4,509,lmdb
hypseek_rk,L4,Q9BW19,9930,lmdb
hypseek_rk,L4,Q9BY08,1987,lmdb
hypseek_rk,L4,Q9BZ95,559,lmdb
hypseek_rk,L4,Q9CVD2,816,lmdb
hypseek_rk,L4,Q9DGD3,3768,lmdb
hypseek_rk,L4,Q9GZQ6,1273,lmdb
hypseek_rk,L4,Q9GZZ6,560,lmdb
hypseek_rk,L4,Q9H093,560,FAIL
hypseek_rk,L4,Q9H0K1,5552,lmdb
hypseek_rk,L4,Q9H299,764,lmdb
hypseek_rk,L4,Q9H300,816,lmdb
hypseek_rk,L4,Q9H7M9,1224,lmdb
hypseek_rk,L4,Q9H7Z6,1936,lmdb
hypseek_rk,L4,Q9HB14,765,lmdb
hypseek_rk,L4,Q9HC35,764,FAIL
hypseek_rk,L4,Q9HC84,9429,lmdb
hypseek_rk,L4,Q9HCE5,9834,lmdb
hypseek_rk,L4,Q9IWW8,917,lmdb
hypseek_rk,L4,Q9NPF7,2550,lmdb
hypseek_rk,L4,Q9NPH5,4892,lmdb
hypseek_rk,L4,Q9NR19,7233,lmdb
hypseek_rk,L4,Q9NR96,1936,lmdb
hypseek_rk,L4,Q9NSD7,765,lmdb
hypseek_rk,L4,Q9NSU2,5910,lmdb
hypseek_rk,L4,Q9NVM4,510,lmdb
hypseek_rk,L4,Q9NY59,1015,lmdb
hypseek_rk,L4,Q9WHN8,10245,lmdb
hypseek_rk,L4,Q9Y239,2955,lmdb
hypseek_rk,L4,Q9Y2I1,510,lmdb
hypseek_rk,L4,Q9Y2I7,20075,lmdb
hypseek_rk,L4,Q9Y4K0,2396,lmdb
hypseek_rk,L4,Q9Y5X5,867,lmdb
ligunity_pocket_ranking,L1,C7C422,1784,FAIL
ligunity_pocket_ranking,L1,O00141,1581,lmdb
ligunity_pocket_ranking,L1,O00329,9273,FAIL
ligunity_pocket_ranking,L1,O00444,662,lmdb
ligunity_pocket_ranking,L1,O00763,663,lmdb
ligunity_pocket_ranking,L1,O14744,1222,lmdb
ligunity_pocket_ranking,L1,O14757,662,lmdb
ligunity_pocket_ranking,L1,O14965,1172,lmdb
ligunity_pocket_ranking,L1,O15379,7189,lmdb
ligunity_pocket_ranking,L1,O43353,12518,lmdb
ligunity_pocket_ranking,L1,O43570,12736,FAIL
ligunity_pocket_ranking,L1,O60218,1682,lmdb
ligunity_pocket_ranking,L1,O60341,5301,lmdb
ligunity_pocket_ranking,L1,O60674,11614,lmdb
ligunity_pocket_ranking,L1,O60885,2954,lmdb
ligunity_pocket_ranking,L1,O75116,1733,lmdb
ligunity_pocket_ranking,L1,O75385,510,lmdb
ligunity_pocket_ranking,L1,O75417,509,lmdb
ligunity_pocket_ranking,L1,O75460,1732,lmdb
ligunity_pocket_ranking,L1,O75469,4179,lmdb
ligunity_pocket_ranking,L1,O75762,763,lmdb
ligunity_pocket_ranking,L1,O75874,1476,lmdb
ligunity_pocket_ranking,L1,O76074,2753,lmdb
ligunity_pocket_ranking,L1,O76083,764,lmdb
ligunity_pocket_ranking,L1,O95271,965,lmdb
ligunity_pocket_ranking,L1,O95819,816,lmdb
ligunity_pocket_ranking,L1,O96013,1071,lmdb
ligunity_pocket_ranking,L1,O96028,1121,lmdb
ligunity_pocket_ranking,L1,P00338,560,lmdb
ligunity_pocket_ranking,L1,P00352,510,lmdb
ligunity_pocket_ranking,L1,P00491,1325,lmdb
ligunity_pocket_ranking,L1,P00519,2393,lmdb
ligunity_pocket_ranking,L1,P00533,23791,lmdb
ligunity_pocket_ranking,L1,P00734,7595,lmdb
ligunity_pocket_ranking,L1,P00742,1019,lmdb
ligunity_pocket_ranking,L1,P00915,8612,FAIL
ligunity_pocket_ranking,L1,P00918,12485,FAIL
ligunity_pocket_ranking,L1,P01116,2593,lmdb
ligunity_pocket_ranking,L1,P03372,2038,lmdb
ligunity_pocket_ranking,L1,P04049,867,lmdb
ligunity_pocket_ranking,L1,P04626,4890,lmdb
ligunity_pocket_ranking,L1,P04629,3262,lmdb
ligunity_pocket_ranking,L1,P04798,3210,FAIL
ligunity_pocket_ranking,L1,P05089,2906,lmdb
ligunity_pocket_ranking,L1,P05177,2139,FAIL
ligunity_pocket_ranking,L1,P05771,561,lmdb
ligunity_pocket_ranking,L1,P05979,1530,lmdb
ligunity_pocket_ranking,L1,P06213,662,lmdb
ligunity_pocket_ranking,L1,P06239,3463,lmdb
ligunity_pocket_ranking,L1,P06276,2498,lmdb
ligunity_pocket_ranking,L1,P06493,1884,FAIL
ligunity_pocket_ranking,L1,P07333,5251,FAIL
ligunity_pocket_ranking,L1,P07550,612,lmdb
ligunity_pocket_ranking,L1,P07711,2091,lmdb
ligunity_pocket_ranking,L1,P07900,1479,FAIL
ligunity_pocket_ranking,L1,P07948,663,lmdb
ligunity_pocket_ranking,L1,P07949,2090,lmdb
ligunity_pocket_ranking,L1,P08069,2038,lmdb
ligunity_pocket_ranking,L1,P08173,662,FAIL
ligunity_pocket_ranking,L1,P08238,1377,lmdb
ligunity_pocket_ranking,L1,P08246,1476,lmdb
ligunity_pocket_ranking,L1,P08253,712,lmdb
ligunity_pocket_ranking,L1,P08581,3365,lmdb
ligunity_pocket_ranking,L1,P08908,2394,lmdb
ligunity_pocket_ranking,L1,P08913,1121,lmdb
ligunity_pocket_ranking,L1,P08922,1019,lmdb
ligunity_pocket_ranking,L1,P09874,8149,lmdb
ligunity_pocket_ranking,L1,P0C6U8,612,FAIL
ligunity_pocket_ranking,L1,P0DMS8,3507,FAIL
ligunity_pocket_ranking,L1,P0DTD1,21395,FAIL
ligunity_pocket_ranking,L1,P10275,765,FAIL
ligunity_pocket_ranking,L1,P10415,712,lmdb
ligunity_pocket_ranking,L1,P10721,1987,FAIL
ligunity_pocket_ranking,L1,P11309,2804,lmdb
ligunity_pocket_ranking,L1,P11362,2854,lmdb
ligunity_pocket_ranking,L1,P11511,712,lmdb
ligunity_pocket_ranking,L1,P11802,3620,FAIL
ligunity_pocket_ranking,L1,P12931,4634,lmdb
ligunity_pocket_ranking,L1,P13569,1019,lmdb
ligunity_pocket_ranking,L1,P14324,509,lmdb
ligunity_pocket_ranking,L1,P14618,612,lmdb
ligunity_pocket_ranking,L1,P14867,2295,lmdb
ligunity_pocket_ranking,L1,P14902,2548,lmdb
ligunity_pocket_ranking,L1,P14920,714,lmdb
ligunity_pocket_ranking,L1,P15056,2955,lmdb
ligunity_pocket_ranking,L1,P15121,916,lmdb
ligunity_pocket_ranking,L1,P15538,765,lmdb
ligunity_pocket_ranking,L1,P16083,815,lmdb
ligunity_pocket_ranking,L1,P16110,663,lmdb
ligunity_pocket_ranking,L1,P16234,1987,lmdb
ligunity_pocket_ranking,L1,P17252,1121,lmdb
ligunity_pocket_ranking,L1,P17706,867,lmdb
ligunity_pocket_ranking,L1,P17931,712,lmdb
ligunity_pocket_ranking,L1,P18031,5902,lmdb
ligunity_pocket_ranking,L1,P18089,815,lmdb
ligunity_pocket_ranking,L1,P18825,1020,lmdb
ligunity_pocket_ranking,L1,P19099,867,lmdb
ligunity_pocket_ranking,L1,P19634,1171,lmdb
ligunity_pocket_ranking,L1,P19793,813,FAIL
ligunity_pocket_ranking,L1,P21397,1071,lmdb
ligunity_pocket_ranking,L1,P21554,5096,lmdb
ligunity_pocket_ranking,L1,P21589,1222,lmdb
ligunity_pocket_ranking,L1,P21728,1223,lmdb
ligunity_pocket_ranking,L1,P21802,917,lmdb
ligunity_pocket_ranking,L1,P21918,610,lmdb
ligunity_pocket_ranking,L1,P21964,1527,lmdb
ligunity_pocket_ranking,L1,P22303,4536,lmdb
ligunity_pocket_ranking,L1,P22413,9628,lmdb
ligunity_pocket_ranking,L1,P22455,2803,lmdb
ligunity_pocket_ranking,L1,P22607,1019,lmdb
ligunity_pocket_ranking,L1,P22748,5699,lmdb
ligunity_pocket_ranking,L1,P23458,10037,FAIL
ligunity_pocket_ranking,L1,P23467,867,lmdb
ligunity_pocket_ranking,L1,P24941,2804,FAIL
ligunity_pocket_ranking,L1,P25440,660,lmdb
ligunity_pocket_ranking,L1,P25774,663,lmdb
ligunity_pocket_ranking,L1,P25779,559,lmdb
ligunity_pocket_ranking,L1,P27338,7900,lmdb
ligunity_pocket_ranking,L1,P27487,1681,lmdb
ligunity_pocket_ranking,L1,P28062,714,lmdb
ligunity_pocket_ranking,L1,P28074,1885,lmdb
ligunity_pocket_ranking,L1,P28221,815,lmdb
ligunity_pocket_ranking,L1,P28222,765,lmdb
ligunity_pocket_ranking,L1,P28335,4078,lmdb
ligunity_pocket_ranking,L1,P28482,763,lmdb
ligunity_pocket_ranking,L1,P28566,510,lmdb
ligunity_pocket_ranking,L1,P29274,714,FAIL
ligunity_pocket_ranking,L1,P29466,867,lmdb
ligunity_pocket_ranking,L1,P29597,9519,FAIL
ligunity_pocket_ranking,L1,P30291,1529,FAIL
ligunity_pocket_ranking,L1,P30530,2548,lmdb
ligunity_pocket_ranking,L1,P30542,1017,FAIL
ligunity_pocket_ranking,L1,P31153,3213,lmdb
ligunity_pocket_ranking,L1,P31639,561,lmdb
ligunity_pocket_ranking,L1,P31645,561,lmdb
ligunity_pocket_ranking,L1,P31749,6317,lmdb
ligunity_pocket_ranking,L1,P31751,1783,lmdb
ligunity_pocket_ranking,L1,P33981,1477,lmdb
ligunity_pocket_ranking,L1,P34913,6317,lmdb
ligunity_pocket_ranking,L1,P34914,5044,lmdb
ligunity_pocket_ranking,L1,P34972,3414,FAIL
ligunity_pocket_ranking,L1,P35354,2243,lmdb
ligunity_pocket_ranking,L1,P35367,510,lmdb
ligunity_pocket_ranking,L1,P35372,1427,lmdb
ligunity_pocket_ranking,L1,P35968,6924,lmdb
ligunity_pocket_ranking,L1,P36776,1020,lmdb
ligunity_pocket_ranking,L1,P36888,4282,lmdb
ligunity_pocket_ranking,L1,P36897,916,lmdb
ligunity_pocket_ranking,L1,P37231,867,lmdb
ligunity_pocket_ranking,L1,P41143,713,FAIL
ligunity_pocket_ranking,L1,P41145,9834,FAIL
ligunity_pocket_ranking,L1,P41182,3208,lmdb
ligunity_pocket_ranking,L1,P41240,915,lmdb
ligunity_pocket_ranking,L1,P41595,4634,FAIL
ligunity_pocket_ranking,L1,P42330,1682,lmdb
ligunity_pocket_ranking,L1,P42336,4536,lmdb
ligunity_pocket_ranking,L1,P42345,1683,FAIL
ligunity_pocket_ranking,L1,P43166,4126,lmdb
ligunity_pocket_ranking,L1,P43405,559,lmdb
ligunity_pocket_ranking,L1,P43490,867,lmdb
ligunity_pocket_ranking,L1,P45983,1733,FAIL
ligunity_pocket_ranking,L1,P45984,1631,FAIL
ligunity_pocket_ranking,L1,P47989,2804,lmdb
ligunity_pocket_ranking,L1,P48039,662,lmdb
ligunity_pocket_ranking,L1,P48735,560,lmdb
ligunity_pocket_ranking,L1,P48736,6319,FAIL
ligunity_pocket_ranking,L1,P49137,509,lmdb
ligunity_pocket_ranking,L1,P49286,914,lmdb
ligunity_pocket_ranking,L1,P49327,33880,lmdb
ligunity_pocket_ranking,L1,P49759,561,lmdb
ligunity_pocket_ranking,L1,P49760,662,FAIL
ligunity_pocket_ranking,L1,P49840,510,lmdb
ligunity_pocket_ranking,L1,P49841,1223,lmdb
ligunity_pocket_ranking,L1,P50053,1275,lmdb
ligunity_pocket_ranking,L1,P50406,3415,lmdb
ligunity_pocket_ranking,L1,P50613,1120,FAIL
ligunity_pocket_ranking,L1,P50750,3416,FAIL
ligunity_pocket_ranking,L1,P51449,2038,lmdb
ligunity_pocket_ranking,L1,P51531,867,lmdb
ligunity_pocket_ranking,L1,P51532,507,lmdb
ligunity_pocket_ranking,L1,P51617,765,lmdb
ligunity_pocket_ranking,L1,P51812,815,lmdb
ligunity_pocket_ranking,L1,P51813,764,lmdb
ligunity_pocket_ranking,L1,P51955,866,lmdb
ligunity_pocket_ranking,L1,P52333,13042,lmdb
ligunity_pocket_ranking,L1,P53350,1223,lmdb
ligunity_pocket_ranking,L1,P53634,2953,lmdb
ligunity_pocket_ranking,L1,P53779,1631,FAIL
ligunity_pocket_ranking,L1,P54646,1171,lmdb
ligunity_pocket_ranking,L1,P55055,661,FAIL
ligunity_pocket_ranking,L1,P56524,1428,lmdb
ligunity_pocket_ranking,L1,P56817,13247,lmdb
ligunity_pocket_ranking,L1,P61964,867,lmdb
ligunity_pocket_ranking,L1,P62937,917,lmdb
ligunity_pocket_ranking,L1,P68400,714,FAIL
ligunity_pocket_ranking,L1,P78527,509,lmdb
ligunity_pocket_ranking,L1,P78540,815,lmdb
ligunity_pocket_ranking,L1,P80457,1631,lmdb
ligunity_pocket_ranking,L1,Q00534,561,lmdb
ligunity_pocket_ranking,L1,Q00535,968,FAIL
ligunity_pocket_ranking,L1,Q01650,918,lmdb
ligunity_pocket_ranking,L1,Q02127,3766,lmdb
ligunity_pocket_ranking,L1,Q02750,713,lmdb
ligunity_pocket_ranking,L1,Q03181,764,lmdb
ligunity_pocket_ranking,L1,Q04609,1836,lmdb
ligunity_pocket_ranking,L1,Q04759,968,lmdb
ligunity_pocket_ranking,L1,Q05397,4588,lmdb
ligunity_pocket_ranking,L1,Q05586,2240,FAIL
ligunity_pocket_ranking,L1,Q06124,1424,lmdb
ligunity_pocket_ranking,L1,Q06187,18092,lmdb
ligunity_pocket_ranking,L1,Q07343,2396,lmdb
ligunity_pocket_ranking,L1,Q07422,612,lmdb
ligunity_pocket_ranking,L1,Q07817,709,lmdb
ligunity_pocket_ranking,L1,Q07820,2647,lmdb
ligunity_pocket_ranking,L1,Q07869,764,lmdb
ligunity_pocket_ranking,L1,Q07889,1070,FAIL
ligunity_pocket_ranking,L1,Q07912,510,lmdb
ligunity_pocket_ranking,L1,Q08345,968,lmdb
ligunity_pocket_ranking,L1,Q08499,917,lmdb
ligunity_pocket_ranking,L1,Q08881,815,lmdb
ligunity_pocket_ranking,L1,Q12866,2292,lmdb
ligunity_pocket_ranking,L1,Q12879,865,lmdb
ligunity_pocket_ranking,L1,Q12884,2446,lmdb
ligunity_pocket_ranking,L1,Q13043,2549,lmdb
ligunity_pocket_ranking,L1,Q13085,612,lmdb
ligunity_pocket_ranking,L1,Q13131,1326,lmdb
ligunity_pocket_ranking,L1,Q13133,815,FAIL
ligunity_pocket_ranking,L1,Q13164,815,lmdb
ligunity_pocket_ranking,L1,Q13188,2548,lmdb
ligunity_pocket_ranking,L1,Q13224,1731,lmdb
ligunity_pocket_ranking,L1,Q13315,712,lmdb
ligunity_pocket_ranking,L1,Q13464,1119,lmdb
ligunity_pocket_ranking,L1,Q13526,1018,lmdb
ligunity_pocket_ranking,L1,Q13546,2753,lmdb
ligunity_pocket_ranking,L1,Q13547,18393,lmdb
ligunity_pocket_ranking,L1,Q13627,5653,lmdb
ligunity_pocket_ranking,L1,Q13822,1426,lmdb
ligunity_pocket_ranking,L1,Q13946,610,lmdb
ligunity_pocket_ranking,L1,Q14145,663,lmdb
ligunity_pocket_ranking,L1,Q14289,1018,lmdb
ligunity_pocket_ranking,L1,Q15059,2193,lmdb
ligunity_pocket_ranking,L1,Q15118,662,lmdb
ligunity_pocket_ranking,L1,Q15303,712,lmdb
ligunity_pocket_ranking,L1,Q15561,2905,lmdb
ligunity_pocket_ranking,L1,Q15910,1581,lmdb
ligunity_pocket_ranking,L1,Q16288,1020,lmdb
ligunity_pocket_ranking,L1,Q16512,816,lmdb
ligunity_pocket_ranking,L1,Q16539,713,FAIL
ligunity_pocket_ranking,L1,Q16620,967,lmdb
ligunity_pocket_ranking,L1,Q16678,5450,lmdb
ligunity_pocket_ranking,L1,Q16769,1375,lmdb
ligunity_pocket_ranking,L1,Q16790,10448,FAIL
ligunity_pocket_ranking,L1,Q2M2I8,1479,lmdb
ligunity_pocket_ranking,L1,Q5S007,1478,lmdb
ligunity_pocket_ranking,L1,Q5TCY1,816,lmdb
ligunity_pocket_ranking,L1,Q6GI75,816,lmdb
ligunity_pocket_ranking,L1,Q6P179,611,lmdb
ligunity_pocket_ranking,L1,Q72547,1785,lmdb
ligunity_pocket_ranking,L1,Q86W56,2139,lmdb
ligunity_pocket_ranking,L1,Q86WV6,1275,lmdb
ligunity_pocket_ranking,L1,Q86X55,2446,lmdb
ligunity_pocket_ranking,L1,Q86YT5,816,lmdb
ligunity_pocket_ranking,L1,Q8IXJ6,1222,lmdb
ligunity_pocket_ranking,L1,Q8N1Q1,510,lmdb
ligunity_pocket_ranking,L1,Q8N884,713,lmdb
ligunity_pocket_ranking,L1,Q8NEB9,663,lmdb
ligunity_pocket_ranking,L1,Q8NER1,510,lmdb
ligunity_pocket_ranking,L1,Q8R4B8,1018,lmdb
ligunity_pocket_ranking,L1,Q8TF76,663,lmdb
ligunity_pocket_ranking,L1,Q8WUI4,865,lmdb
ligunity_pocket_ranking,L1,Q92769,6469,lmdb
ligunity_pocket_ranking,L1,Q92793,612,lmdb
ligunity_pocket_ranking,L1,Q92918,8204,lmdb
ligunity_pocket_ranking,L1,Q93009,813,lmdb
ligunity_pocket_ranking,L1,Q96EB6,561,lmdb
ligunity_pocket_ranking,L1,Q96GD4,1224,lmdb
ligunity_pocket_ranking,L1,Q96KQ7,1527,lmdb
ligunity_pocket_ranking,L1,Q96LA8,611,lmdb
ligunity_pocket_ranking,L1,Q96MU7,560,lmdb
ligunity_pocket_ranking,L1,Q96P20,1224,lmdb
ligunity_pocket_ranking,L1,Q96RI1,660,FAIL
ligunity_pocket_ranking,L1,Q96S37,1223,lmdb
ligunity_pocket_ranking,L1,Q99640,2291,lmdb
ligunity_pocket_ranking,L1,Q99683,815,lmdb
ligunity_pocket_ranking,L1,Q99685,560,lmdb
ligunity_pocket_ranking,L1,Q99720,3208,lmdb
ligunity_pocket_ranking,L1,Q99873,1730,lmdb
ligunity_pocket_ranking,L1,Q9BUB5,662,lmdb
ligunity_pocket_ranking,L1,Q9BV86,714,lmdb
ligunity_pocket_ranking,L1,Q9BY41,5301,lmdb
ligunity_pocket_ranking,L1,Q9C0B1,4130,lmdb
ligunity_pocket_ranking,L1,Q9GZQ8,916,lmdb
ligunity_pocket_ranking,L1,Q9H2K2,1734,lmdb
ligunity_pocket_ranking,L1,Q9H999,1428,lmdb
ligunity_pocket_ranking,L1,Q9H9B1,916,FAIL
ligunity_pocket_ranking,L1,Q9HBH9,612,lmdb
ligunity_pocket_ranking,L1,Q9NQS5,663,lmdb
ligunity_pocket_ranking,L1,Q9NWZ3,4633,lmdb
ligunity_pocket_ranking,L1,Q9NXA8,662,lmdb
ligunity_pocket_ranking,L1,Q9NYV4,714,lmdb
ligunity_pocket_ranking,L1,Q9NZQ7,4333,lmdb
ligunity_pocket_ranking,L1,Q9P1W9,1172,lmdb
ligunity_pocket_ranking,L1,Q9UQB9,510,lmdb
ligunity_pocket_ranking,L1,Q9UQD0,765,lmdb
ligunity_pocket_ranking,L1,Q9Y233,2140,lmdb
ligunity_pocket_ranking,L1,Q9Y2K2,1935,lmdb
ligunity_pocket_ranking,L1,Q9Y2R2,611,lmdb
ligunity_pocket_ranking,L1,Q9Y463,1224,lmdb
ligunity_pocket_ranking,L1,Q9Y5Y9,2088,lmdb
ligunity_pocket_ranking,L1,Q9Y5Z0,11569,lmdb
ligunity_pocket_ranking,L2,C7C422,3720,FAIL
ligunity_pocket_ranking,L2,I6YFP0,559,lmdb
ligunity_pocket_ranking,L2,O00141,1733,lmdb
ligunity_pocket_ranking,L2,O00255,20330,lmdb
ligunity_pocket_ranking,L2,O00329,41723,FAIL
ligunity_pocket_ranking,L2,O00444,1835,lmdb
ligunity_pocket_ranking,L2,O00763,2345,lmdb
ligunity_pocket_ranking,L2,O14684,6371,lmdb
ligunity_pocket_ranking,L2,O14733,815,lmdb
ligunity_pocket_ranking,L2,O14744,41468,lmdb
ligunity_pocket_ranking,L2,O14757,9683,lmdb
ligunity_pocket_ranking,L2,O14842,918,lmdb
ligunity_pocket_ranking,L2,O14965,2597,lmdb
ligunity_pocket_ranking,L2,O14976,1680,lmdb
ligunity_pocket_ranking,L2,O15151,561,lmdb
ligunity_pocket_ranking,L2,O15379,21046,lmdb
ligunity_pocket_ranking,L2,O43318,765,lmdb
ligunity_pocket_ranking,L2,O43353,15132,lmdb
ligunity_pocket_ranking,L2,O43497,7896,lmdb
ligunity_pocket_ranking,L2,O43570,12175,lmdb
ligunity_pocket_ranking,L2,O43613,5042,lmdb
ligunity_pocket_ranking,L2,O43614,7392,lmdb
ligunity_pocket_ranking,L2,O43924,713,lmdb
ligunity_pocket_ranking,L2,O60341,41115,lmdb
ligunity_pocket_ranking,L2,O60502,15337,lmdb
ligunity_pocket_ranking,L2,O60674,38669,lmdb
ligunity_pocket_ranking,L2,O60760,1581,lmdb
ligunity_pocket_ranking,L2,O60885,29355,lmdb
ligunity_pocket_ranking,L2,O75116,15337,lmdb
ligunity_pocket_ranking,L2,O75173,4228,lmdb
ligunity_pocket_ranking,L2,O75385,20778,lmdb
ligunity_pocket_ranking,L2,O75417,96122,lmdb
ligunity_pocket_ranking,L2,O75460,14163,lmdb
ligunity_pocket_ranking,L2,O75762,12266,lmdb
ligunity_pocket_ranking,L2,O75874,3059,lmdb
ligunity_pocket_ranking,L2,O75936,1171,lmdb
ligunity_pocket_ranking,L2,O76074,1427,lmdb
ligunity_pocket_ranking,L2,O76083,8151,lmdb
ligunity_pocket_ranking,L2,O95271,2804,lmdb
ligunity_pocket_ranking,L2,O95497,6012,lmdb
ligunity_pocket_ranking,L2,O95819,3364,lmdb
ligunity_pocket_ranking,L2,O96013,1782,lmdb
ligunity_pocket_ranking,L2,O96017,3312,lmdb
ligunity_pocket_ranking,L2,O96028,3923,lmdb
ligunity_pocket_ranking,L2,P00338,5148,lmdb
ligunity_pocket_ranking,L2,P00519,14973,lmdb
ligunity_pocket_ranking,L2,P00533,104283,lmdb
ligunity_pocket_ranking,L2,P00734,3669,lmdb
ligunity_pocket_ranking,L2,P00742,3362,lmdb
ligunity_pocket_ranking,L2,P00746,18546,lmdb
ligunity_pocket_ranking,L2,P00748,1578,lmdb
ligunity_pocket_ranking,L2,P00751,7433,FAIL
ligunity_pocket_ranking,L2,P00797,1884,lmdb
ligunity_pocket_ranking,L2,P00915,11360,lmdb
ligunity_pocket_ranking,L2,P00918,17323,lmdb
ligunity_pocket_ranking,L2,P01116,145493,FAIL
ligunity_pocket_ranking,L2,P01375,1071,lmdb
ligunity_pocket_ranking,L2,P02753,1172,lmdb
ligunity_pocket_ranking,L2,P03372,11108,lmdb
ligunity_pocket_ranking,L2,P03951,5146,lmdb
ligunity_pocket_ranking,L2,P03952,6621,lmdb
ligunity_pocket_ranking,L2,P04049,33417,FAIL
ligunity_pocket_ranking,L2,P04150,14570,lmdb
ligunity_pocket_ranking,L2,P04293,18090,lmdb
ligunity_pocket_ranking,L2,P04585,712,lmdb
ligunity_pocket_ranking,L2,P04626,51136,lmdb
ligunity_pocket_ranking,L2,P04629,30457,lmdb
ligunity_pocket_ranking,L2,P04798,1734,lmdb
ligunity_pocket_ranking,L2,P04818,1326,lmdb
ligunity_pocket_ranking,L2,P05089,663,lmdb
ligunity_pocket_ranking,L2,P05177,1833,lmdb
ligunity_pocket_ranking,L2,P05981,714,lmdb
ligunity_pocket_ranking,L2,P06239,36427,lmdb
ligunity_pocket_ranking,L2,P06241,2753,lmdb
ligunity_pocket_ranking,L2,P06276,7078,lmdb
ligunity_pocket_ranking,L2,P06401,1018,lmdb
ligunity_pocket_ranking,L2,P06493,9483,FAIL
ligunity_pocket_ranking,L2,P06730,1171,lmdb
ligunity_pocket_ranking,L2,P06935,4587,lmdb
ligunity_pocket_ranking,L2,P07333,39376,lmdb
ligunity_pocket_ranking,L2,P07711,5750,lmdb
ligunity_pocket_ranking,L2,P07858,1477,lmdb
ligunity_pocket_ranking,L2,P07900,1783,lmdb
ligunity_pocket_ranking,L2,P07948,510,lmdb
ligunity_pocket_ranking,L2,P07949,13407,lmdb
ligunity_pocket_ranking,L2,P08069,18295,lmdb
ligunity_pocket_ranking,L2,P08172,2446,lmdb
ligunity_pocket_ranking,L2,P08173,3974,lmdb
ligunity_pocket_ranking,L2,P08183,1326,lmdb
ligunity_pocket_ranking,L2,P08238,2495,lmdb
ligunity_pocket_ranking,L2,P08246,509,lmdb
ligunity_pocket_ranking,L2,P08253,1274,lmdb
ligunity_pocket_ranking,L2,P08254,816,lmdb
ligunity_pocket_ranking,L2,P08581,42337,lmdb
ligunity_pocket_ranking,L2,P08684,1376,lmdb
ligunity_pocket_ranking,L2,P08908,10550,lmdb
ligunity_pocket_ranking,L2,P08912,1325,lmdb
ligunity_pocket_ranking,L2,P08922,2598,lmdb
ligunity_pocket_ranking,L2,P09237,1070,lmdb
ligunity_pocket_ranking,L2,P09238,866,lmdb
ligunity_pocket_ranking,L2,P09382,25723,lmdb
ligunity_pocket_ranking,L2,P09874,46976,lmdb
ligunity_pocket_ranking,L2,P09917,712,lmdb
ligunity_pocket_ranking,L2,P09960,764,lmdb
ligunity_pocket_ranking,L2,P0A017,1019,lmdb
ligunity_pocket_ranking,L2,P0A0K8,1326,lmdb
ligunity_pocket_ranking,L2,P0A725,1120,lmdb
ligunity_pocket_ranking,L2,P0AES6,1274,lmdb
ligunity_pocket_ranking,L2,P0DMS8,2549,lmdb
ligunity_pocket_ranking,L2,P0DTD1,97973,lmdb
ligunity_pocket_ranking,L2,P0DUB6,1989,lmdb
ligunity_pocket_ranking,L2,P10275,7384,FAIL
ligunity_pocket_ranking,L2,P10398,5246,lmdb
ligunity_pocket_ranking,L2,P10415,51307,FAIL
ligunity_pocket_ranking,L2,P10721,57170,lmdb
ligunity_pocket_ranking,L2,P11229,1221,lmdb
ligunity_pocket_ranking,L2,P11309,3363,lmdb
ligunity_pocket_ranking,L2,P11362,25524,lmdb
ligunity_pocket_ranking,L2,P11474,10140,lmdb
ligunity_pocket_ranking,L2,P11511,867,lmdb
ligunity_pocket_ranking,L2,P11802,71420,lmdb
ligunity_pocket_ranking,L2,P12931,3512,lmdb
ligunity_pocket_ranking,L2,P13569,2446,lmdb
ligunity_pocket_ranking,L2,P13866,560,lmdb
ligunity_pocket_ranking,L2,P13995,560,lmdb
ligunity_pocket_ranking,L2,P14207,1120,lmdb
ligunity_pocket_ranking,L2,P14555,763,FAIL
ligunity_pocket_ranking,L2,P14618,2038,lmdb
ligunity_pocket_ranking,L2,P14756,3620,lmdb
ligunity_pocket_ranking,L2,P14780,1629,lmdb
ligunity_pocket_ranking,L2,P14867,6316,lmdb
ligunity_pocket_ranking,L2,P14902,1782,lmdb
ligunity_pocket_ranking,L2,P15056,39182,lmdb
ligunity_pocket_ranking,L2,P15428,18398,lmdb
ligunity_pocket_ranking,L2,P15559,4274,lmdb
ligunity_pocket_ranking,L2,P16234,20178,lmdb
ligunity_pocket_ranking,L2,P17252,1529,lmdb
ligunity_pocket_ranking,L2,P17516,969,lmdb
ligunity_pocket_ranking,L2,P17612,764,lmdb
ligunity_pocket_ranking,L2,P17706,4585,lmdb
ligunity_pocket_ranking,L2,P17812,13850,FAIL
ligunity_pocket_ranking,L2,P17931,45798,lmdb
ligunity_pocket_ranking,L2,P18031,13142,lmdb
ligunity_pocket_ranking,L2,P18054,1784,lmdb
ligunity_pocket_ranking,L2,P18825,6367,lmdb
ligunity_pocket_ranking,L2,P19099,764,lmdb
ligunity_pocket_ranking,L2,P20309,1270,lmdb
ligunity_pocket_ranking,L2,P20618,3717,lmdb
ligunity_pocket_ranking,L2,P20831,1577,lmdb
ligunity_pocket_ranking,L2,P21397,1835,lmdb
ligunity_pocket_ranking,L2,P21554,2699,lmdb
ligunity_pocket_ranking,L2,P21589,8710,lmdb
ligunity_pocket_ranking,L2,P21728,1019,lmdb
ligunity_pocket_ranking,L2,P21802,24657,lmdb
ligunity_pocket_ranking,L2,P22303,10246,FAIL
ligunity_pocket_ranking,L2,P22413,26696,lmdb
ligunity_pocket_ranking,L2,P22455,5910,lmdb
ligunity_pocket_ranking,L2,P22607,19564,lmdb
ligunity_pocket_ranking,L2,P22748,867,lmdb
ligunity_pocket_ranking,L2,P22894,764,lmdb
ligunity_pocket_ranking,L2,P23458,31688,lmdb
ligunity_pocket_ranking,L2,P23467,3924,lmdb
ligunity_pocket_ranking,L2,P23921,510,lmdb
ligunity_pocket_ranking,L2,P23946,3616,lmdb
ligunity_pocket_ranking,L2,P23975,917,lmdb
ligunity_pocket_ranking,L2,P24941,82991,lmdb
ligunity_pocket_ranking,L2,P25440,1629,lmdb
ligunity_pocket_ranking,L2,P25774,1679,lmdb
ligunity_pocket_ranking,L2,P27338,6319,lmdb
ligunity_pocket_ranking,L2,P27487,5907,lmdb
ligunity_pocket_ranking,L2,P28062,1223,lmdb
ligunity_pocket_ranking,L2,P28065,1377,lmdb
ligunity_pocket_ranking,L2,P28074,16559,lmdb
ligunity_pocket_ranking,L2,P28335,15080,lmdb
ligunity_pocket_ranking,L2,P28482,33886,lmdb
ligunity_pocket_ranking,L2,P28845,765,lmdb
ligunity_pocket_ranking,L2,P28907,8453,lmdb
ligunity_pocket_ranking,L2,P29274,39590,lmdb
ligunity_pocket_ranking,L2,P29275,18241,lmdb
ligunity_pocket_ranking,L2,P29375,2394,lmdb
ligunity_pocket_ranking,L2,P29466,1070,lmdb
ligunity_pocket_ranking,L2,P29597,69898,FAIL
ligunity_pocket_ranking,L2,P30291,6062,lmdb
ligunity_pocket_ranking,L2,P30530,47280,lmdb
ligunity_pocket_ranking,L2,P30542,5806,lmdb
ligunity_pocket_ranking,L2,P30559,561,lmdb
ligunity_pocket_ranking,L2,P31153,27616,lmdb
ligunity_pocket_ranking,L2,P31391,5094,lmdb
ligunity_pocket_ranking,L2,P31639,611,lmdb
ligunity_pocket_ranking,L2,P31644,18297,lmdb
ligunity_pocket_ranking,L2,P31645,5556,lmdb
ligunity_pocket_ranking,L2,P31749,10852,lmdb
ligunity_pocket_ranking,L2,P31751,6010,lmdb
ligunity_pocket_ranking,L2,P32245,10596,lmdb
ligunity_pocket_ranking,L2,P32297,612,lmdb
ligunity_pocket_ranking,L2,P33981,2496,lmdb
ligunity_pocket_ranking,L2,P34913,3152,FAIL
ligunity_pocket_ranking,L2,P34914,10091,lmdb
ligunity_pocket_ranking,L2,P34947,2241,lmdb
ligunity_pocket_ranking,L2,P34972,3207,lmdb
ligunity_pocket_ranking,L2,P35354,5044,lmdb
ligunity_pocket_ranking,L2,P35367,1733,lmdb
ligunity_pocket_ranking,L2,P35372,10037,FAIL
ligunity_pocket_ranking,L2,P35408,2447,lmdb
ligunity_pocket_ranking,L2,P35968,47227,lmdb
ligunity_pocket_ranking,L2,P36544,1070,lmdb
ligunity_pocket_ranking,L2,P36776,4486,lmdb
ligunity_pocket_ranking,L2,P36888,25776,lmdb
ligunity_pocket_ranking,L2,P36897,14113,lmdb
ligunity_pocket_ranking,L2,P37023,816,lmdb
ligunity_pocket_ranking,L2,P39900,4225,lmdb
ligunity_pocket_ranking,L2,P40261,663,lmdb
ligunity_pocket_ranking,L2,P40337,1119,lmdb
ligunity_pocket_ranking,L2,P40763,2548,lmdb
ligunity_pocket_ranking,L2,P41143,4686,FAIL
ligunity_pocket_ranking,L2,P41145,26801,FAIL
ligunity_pocket_ranking,L2,P41146,2753,lmdb
ligunity_pocket_ranking,L2,P41182,20687,lmdb
ligunity_pocket_ranking,L2,P41240,8869,lmdb
ligunity_pocket_ranking,L2,P41594,1325,lmdb
ligunity_pocket_ranking,L2,P41595,2494,lmdb
ligunity_pocket_ranking,L2,P42330,3922,lmdb
ligunity_pocket_ranking,L2,P42336,43501,lmdb
ligunity_pocket_ranking,L2,P42345,4076,lmdb
ligunity_pocket_ranking,L2,P43116,1629,FAIL
ligunity_pocket_ranking,L2,P43166,1987,lmdb
ligunity_pocket_ranking,L2,P43235,561,lmdb
ligunity_pocket_ranking,L2,P43405,5299,lmdb
ligunity_pocket_ranking,L2,P43490,24555,lmdb
ligunity_pocket_ranking,L2,P43681,561,FAIL
ligunity_pocket_ranking,L2,P45452,1782,lmdb
ligunity_pocket_ranking,L2,P45983,1426,lmdb
ligunity_pocket_ranking,L2,P45984,2752,lmdb
ligunity_pocket_ranking,L2,P47205,7491,lmdb
ligunity_pocket_ranking,L2,P47989,714,lmdb
ligunity_pocket_ranking,L2,P48039,612,lmdb
ligunity_pocket_ranking,L2,P48729,6825,lmdb
ligunity_pocket_ranking,L2,P48730,7335,lmdb
ligunity_pocket_ranking,L2,P48735,1474,lmdb
ligunity_pocket_ranking,L2,P48736,11356,lmdb
ligunity_pocket_ranking,L2,P49137,662,lmdb
ligunity_pocket_ranking,L2,P49286,663,lmdb
ligunity_pocket_ranking,L2,P49327,559,lmdb
ligunity_pocket_ranking,L2,P49336,1783,lmdb
ligunity_pocket_ranking,L2,P49674,663,lmdb
ligunity_pocket_ranking,L2,P49759,6828,lmdb
ligunity_pocket_ranking,L2,P49760,13097,lmdb
ligunity_pocket_ranking,L2,P49761,7026,lmdb
ligunity_pocket_ranking,L2,P49840,80490,FAIL
ligunity_pocket_ranking,L2,P49841,71681,lmdb
ligunity_pocket_ranking,L2,P50053,48095,lmdb
ligunity_pocket_ranking,L2,P50406,2851,lmdb
ligunity_pocket_ranking,L2,P50613,8912,lmdb
ligunity_pocket_ranking,L2,P50750,9773,FAIL
ligunity_pocket_ranking,L2,P51449,2444,lmdb
ligunity_pocket_ranking,L2,P51531,4686,lmdb
ligunity_pocket_ranking,L2,P51532,4181,lmdb
ligunity_pocket_ranking,L2,P51617,2191,lmdb
ligunity_pocket_ranking,L2,P51813,2139,lmdb
ligunity_pocket_ranking,L2,P52333,36948,lmdb
ligunity_pocket_ranking,L2,P52895,612,lmdb
ligunity_pocket_ranking,L2,P53350,5449,lmdb
ligunity_pocket_ranking,L2,P53396,3008,lmdb
ligunity_pocket_ranking,L2,P53634,21144,lmdb
ligunity_pocket_ranking,L2,P53667,3159,lmdb
ligunity_pocket_ranking,L2,P53671,3363,lmdb
ligunity_pocket_ranking,L2,P53779,3310,lmdb
ligunity_pocket_ranking,L2,P54646,712,lmdb
ligunity_pocket_ranking,L2,P55055,611,lmdb
ligunity_pocket_ranking,L2,P56373,1377,lmdb
ligunity_pocket_ranking,L2,P56524,866,lmdb
ligunity_pocket_ranking,L2,P56817,17932,lmdb
ligunity_pocket_ranking,L2,P61073,2651,lmdb
ligunity_pocket_ranking,L2,P61964,2599,lmdb
ligunity_pocket_ranking,L2,P62937,5143,FAIL
ligunity_pocket_ranking,L2,P68400,11258,lmdb
ligunity_pocket_ranking,L2,P69996,560,lmdb
ligunity_pocket_ranking,L2,P78527,32194,lmdb
ligunity_pocket_ranking,L2,P80192,2956,lmdb
ligunity_pocket_ranking,L2,P80457,1581,lmdb
ligunity_pocket_ranking,L2,P97612,611,lmdb
ligunity_pocket_ranking,L2,P98170,10684,FAIL
ligunity_pocket_ranking,L2,P9WGR1,608,lmdb
ligunity_pocket_ranking,L2,Q00534,55593,FAIL
ligunity_pocket_ranking,L2,Q00535,2037,lmdb
ligunity_pocket_ranking,L2,Q00536,1731,lmdb
ligunity_pocket_ranking,L2,Q00960,3516,lmdb
ligunity_pocket_ranking,L2,Q00987,3311,lmdb
ligunity_pocket_ranking,L2,Q01064,35350,lmdb
ligunity_pocket_ranking,L2,Q01959,1274,lmdb
ligunity_pocket_ranking,L2,Q02127,5506,lmdb
ligunity_pocket_ranking,L2,Q02750,662,lmdb
ligunity_pocket_ranking,L2,Q03111,5092,lmdb
ligunity_pocket_ranking,L2,Q04609,5146,FAIL
ligunity_pocket_ranking,L2,Q04759,1887,lmdb
ligunity_pocket_ranking,L2,Q04771,2038,lmdb
ligunity_pocket_ranking,L2,Q04828,916,lmdb
ligunity_pocket_ranking,L2,Q05397,18797,lmdb
ligunity_pocket_ranking,L2,Q06124,24805,lmdb
ligunity_pocket_ranking,L2,Q06187,49767,lmdb
ligunity_pocket_ranking,L2,Q07343,9576,lmdb
ligunity_pocket_ranking,L2,Q07817,19209,lmdb
ligunity_pocket_ranking,L2,Q07820,5455,lmdb
ligunity_pocket_ranking,L2,Q07889,30112,FAIL
ligunity_pocket_ranking,L2,Q08210,3364,lmdb
ligunity_pocket_ranking,L2,Q08345,17215,lmdb
ligunity_pocket_ranking,L2,Q08499,10902,lmdb
ligunity_pocket_ranking,L2,Q09472,5707,lmdb
ligunity_pocket_ranking,L2,Q12866,44573,lmdb
ligunity_pocket_ranking,L2,Q12879,611,lmdb
ligunity_pocket_ranking,L2,Q12884,6214,FAIL
ligunity_pocket_ranking,L2,Q12931,561,lmdb
ligunity_pocket_ranking,L2,Q13043,765,lmdb
ligunity_pocket_ranking,L2,Q13085,1172,lmdb
ligunity_pocket_ranking,L2,Q13133,560,lmdb
ligunity_pocket_ranking,L2,Q13153,813,lmdb
ligunity_pocket_ranking,L2,Q13164,764,lmdb
ligunity_pocket_ranking,L2,Q13224,2138,lmdb
ligunity_pocket_ranking,L2,Q13315,10998,lmdb
ligunity_pocket_ranking,L2,Q13451,1425,lmdb
ligunity_pocket_ranking,L2,Q13464,9325,lmdb
ligunity_pocket_ranking,L2,Q13490,10738,FAIL
ligunity_pocket_ranking,L2,Q13526,714,lmdb
ligunity_pocket_ranking,L2,Q13546,29958,lmdb
ligunity_pocket_ranking,L2,Q13547,53195,lmdb
ligunity_pocket_ranking,L2,Q13627,23539,lmdb
ligunity_pocket_ranking,L2,Q13822,10035,lmdb
ligunity_pocket_ranking,L2,Q13946,4740,lmdb
ligunity_pocket_ranking,L2,Q14004,2138,lmdb
ligunity_pocket_ranking,L2,Q14145,6319,lmdb
ligunity_pocket_ranking,L2,Q14432,2393,lmdb
ligunity_pocket_ranking,L2,Q14524,1834,lmdb
ligunity_pocket_ranking,L2,Q14833,8712,lmdb
ligunity_pocket_ranking,L2,Q14994,1122,lmdb
ligunity_pocket_ranking,L2,Q15059,1886,lmdb
ligunity_pocket_ranking,L2,Q15118,866,lmdb
ligunity_pocket_ranking,L2,Q15119,5659,FAIL
ligunity_pocket_ranking,L2,Q15125,9017,lmdb
ligunity_pocket_ranking,L2,Q15561,19666,lmdb
ligunity_pocket_ranking,L2,Q15858,33625,lmdb
ligunity_pocket_ranking,L2,Q15910,37453,lmdb
ligunity_pocket_ranking,L2,Q16288,8460,lmdb
ligunity_pocket_ranking,L2,Q16539,1886,lmdb
ligunity_pocket_ranking,L2,Q16552,13346,lmdb
ligunity_pocket_ranking,L2,Q16602,1222,lmdb
ligunity_pocket_ranking,L2,Q16620,9586,lmdb
ligunity_pocket_ranking,L2,Q16678,1578,lmdb
ligunity_pocket_ranking,L2,Q16740,1631,lmdb
ligunity_pocket_ranking,L2,Q16769,3416,lmdb
ligunity_pocket_ranking,L2,Q16790,12738,lmdb
ligunity_pocket_ranking,L2,Q16873,560,lmdb
ligunity_pocket_ranking,L2,Q2M2I8,3212,lmdb
ligunity_pocket_ranking,L2,Q32ZE1,7646,lmdb
ligunity_pocket_ranking,L2,Q3TBT3,713,lmdb
ligunity_pocket_ranking,L2,Q460N5,1224,lmdb
ligunity_pocket_ranking,L2,Q58F21,1988,lmdb
ligunity_pocket_ranking,L2,Q5S007,38710,FAIL
ligunity_pocket_ranking,L2,Q64610,2800,lmdb
ligunity_pocket_ranking,L2,Q6P179,866,lmdb
ligunity_pocket_ranking,L2,Q6V1X1,3513,lmdb
ligunity_pocket_ranking,L2,Q72547,3259,lmdb
ligunity_pocket_ranking,L2,Q86TI2,2851,lmdb
ligunity_pocket_ranking,L2,Q86U44,2952,lmdb
ligunity_pocket_ranking,L2,Q86W56,17373,lmdb
ligunity_pocket_ranking,L2,Q86WV6,8664,lmdb
ligunity_pocket_ranking,L2,Q86X55,2392,lmdb
ligunity_pocket_ranking,L2,Q8IVH8,16916,lmdb
ligunity_pocket_ranking,L2,Q8IXJ6,866,lmdb
ligunity_pocket_ranking,L2,Q8IYT8,561,lmdb
ligunity_pocket_ranking,L2,Q8N884,15690,lmdb
ligunity_pocket_ranking,L2,Q8NEB9,2906,lmdb
ligunity_pocket_ranking,L2,Q8NER1,2241,lmdb
ligunity_pocket_ranking,L2,Q8NET8,15076,lmdb
ligunity_pocket_ranking,L2,Q8NFU5,3361,lmdb
ligunity_pocket_ranking,L2,Q8NI77,55528,lmdb
ligunity_pocket_ranking,L2,Q8R4B8,2954,lmdb
ligunity_pocket_ranking,L2,Q8TDV5,1527,lmdb
ligunity_pocket_ranking,L2,Q8TF76,1886,lmdb
ligunity_pocket_ranking,L2,Q92633,28537,lmdb
ligunity_pocket_ranking,L2,Q92769,17222,lmdb
ligunity_pocket_ranking,L2,Q92793,22264,lmdb
ligunity_pocket_ranking,L2,Q92831,2091,lmdb
ligunity_pocket_ranking,L2,Q92918,115706,lmdb
ligunity_pocket_ranking,L2,Q92993,4737,lmdb
ligunity_pocket_ranking,L2,Q93009,14926,lmdb
ligunity_pocket_ranking,L2,Q96GG9,25985,lmdb
ligunity_pocket_ranking,L2,Q96KQ7,1733,lmdb
ligunity_pocket_ranking,L2,Q96P20,22618,lmdb
ligunity_pocket_ranking,L2,Q96RI1,3107,lmdb
ligunity_pocket_ranking,L2,Q96S37,1529,lmdb
ligunity_pocket_ranking,L2,Q96SW2,34286,lmdb
ligunity_pocket_ranking,L2,Q99558,2802,lmdb
ligunity_pocket_ranking,L2,Q99571,2498,lmdb
ligunity_pocket_ranking,L2,Q99572,1377,lmdb
ligunity_pocket_ranking,L2,Q99640,14564,lmdb
ligunity_pocket_ranking,L2,Q99683,3871,lmdb
ligunity_pocket_ranking,L2,Q99685,19364,lmdb
ligunity_pocket_ranking,L2,Q99720,2141,lmdb
ligunity_pocket_ranking,L2,Q99814,5810,lmdb
ligunity_pocket_ranking,L2,Q99873,1527,lmdb
ligunity_pocket_ranking,L2,Q9BUB5,5908,lmdb
ligunity_pocket_ranking,L2,Q9BY41,20024,lmdb
ligunity_pocket_ranking,L2,Q9BZP6,662,lmdb
ligunity_pocket_ranking,L2,Q9C0B1,1528,lmdb
ligunity_pocket_ranking,L2,Q9GZT9,3973,lmdb
ligunity_pocket_ranking,L2,Q9H2K2,4073,lmdb
ligunity_pocket_ranking,L2,Q9H3N8,2802,lmdb
ligunity_pocket_ranking,L2,Q9H7B4,1274,lmdb
ligunity_pocket_ranking,L2,Q9H8M2,19914,lmdb
ligunity_pocket_ranking,L2,Q9H999,4127,lmdb
ligunity_pocket_ranking,L2,Q9HAZ1,6878,lmdb
ligunity_pocket_ranking,L2,Q9HBH9,5299,lmdb
ligunity_pocket_ranking,L2,Q9NQS5,2346,lmdb
ligunity_pocket_ranking,L2,Q9NR48,1784,lmdb
ligunity_pocket_ranking,L2,Q9NR97,2955,lmdb
ligunity_pocket_ranking,L2,Q9NSY1,3462,lmdb
ligunity_pocket_ranking,L2,Q9NWZ3,74282,lmdb
ligunity_pocket_ranking,L2,Q9NXS2,2088,lmdb
ligunity_pocket_ranking,L2,Q9NYL2,612,lmdb
ligunity_pocket_ranking,L2,Q9NYV4,14369,lmdb
ligunity_pocket_ranking,L2,Q9NZQ7,44625,lmdb
ligunity_pocket_ranking,L2,Q9P1W9,967,lmdb
ligunity_pocket_ranking,L2,Q9UQB9,764,lmdb
ligunity_pocket_ranking,L2,Q9UQD0,16404,lmdb
ligunity_pocket_ranking,L2,Q9Y233,4126,lmdb
ligunity_pocket_ranking,L2,Q9Y251,2691,FAIL
ligunity_pocket_ranking,L2,Q9Y2K2,2242,lmdb
ligunity_pocket_ranking,L2,Q9Y572,1528,lmdb
ligunity_pocket_ranking,L2,Q9Y5N1,1427,lmdb
ligunity_pocket_ranking,L2,Q9Y5Y6,1527,lmdb
ligunity_pocket_ranking,L2,Q9Y5Y9,32199,lmdb
ligunity_pocket_ranking,L2,Q9Y5Z0,16141,lmdb
ligunity_pocket_ranking,L2,Q9Y657,561,lmdb
ligunity_pocket_ranking,L2,Q9Z1M0,560,lmdb
ligunity_pocket_ranking,L3,A0A1D8PKB4,610,FAIL
ligunity_pocket_ranking,L3,C7FF05,4686,lmdb
ligunity_pocket_ranking,L3,O14638,4636,lmdb
ligunity_pocket_ranking,L3,O43526,1373,lmdb
ligunity_pocket_ranking,L3,O94921,5096,lmdb
ligunity_pocket_ranking,L3,P01111,23907,lmdb
ligunity_pocket_ranking,L3,P05556,1371,FAIL
ligunity_pocket_ranking,L3,P05622,19254,lmdb
ligunity_pocket_ranking,L3,P06802,2087,lmdb
ligunity_pocket_ranking,L3,P08515,1173,lmdb
ligunity_pocket_ranking,L3,P08519,3819,lmdb
ligunity_pocket_ranking,L3,P09487,560,lmdb
ligunity_pocket_ranking,L3,P0DTC1,43566,FAIL
ligunity_pocket_ranking,L3,P11498,1172,FAIL
ligunity_pocket_ranking,L3,P11926,713,lmdb
ligunity_pocket_ranking,L3,P17787,610,FAIL
ligunity_pocket_ranking,L3,P18564,1835,lmdb
ligunity_pocket_ranking,L3,P28347,12125,lmdb
ligunity_pocket_ranking,L3,P30405,3973,FAIL
ligunity_pocket_ranking,L3,P30518,1937,lmdb
ligunity_pocket_ranking,L3,P36222,4435,FAIL
ligunity_pocket_ranking,L3,P37288,5606,lmdb
ligunity_pocket_ranking,L3,P40879,1019,lmdb
ligunity_pocket_ranking,L3,P43220,6575,lmdb
ligunity_pocket_ranking,L3,P43250,1121,lmdb
ligunity_pocket_ranking,L3,P51684,561,lmdb
ligunity_pocket_ranking,L3,P56450,662,lmdb
ligunity_pocket_ranking,L3,P56528,5248,lmdb
ligunity_pocket_ranking,L3,P97821,4230,lmdb
ligunity_pocket_ranking,L3,Q00959,764,FAIL
ligunity_pocket_ranking,L3,Q00961,1069,lmdb
ligunity_pocket_ranking,L3,Q02779,815,lmdb
ligunity_pocket_ranking,L3,Q14123,2039,lmdb
ligunity_pocket_ranking,L3,Q15391,1424,lmdb
ligunity_pocket_ranking,L3,Q15562,9173,lmdb
ligunity_pocket_ranking,L3,Q15878,7697,lmdb
ligunity_pocket_ranking,L3,Q16665,1427,lmdb
ligunity_pocket_ranking,L3,Q62645,763,lmdb
ligunity_pocket_ranking,L3,Q8R431,714,lmdb
ligunity_pocket_ranking,L3,Q92830,8104,lmdb
ligunity_pocket_ranking,L3,Q96LB1,3515,lmdb
ligunity_pocket_ranking,L3,Q99594,5193,lmdb
ligunity_pocket_ranking,L3,Q9HCR9,2037,lmdb
ligunity_pocket_ranking,L3,Q9NP56,3618,FAIL
ligunity_pocket_ranking,L3,Q9NPC1,867,lmdb
ligunity_pocket_ranking,L3,Q9NR22,559,lmdb
ligunity_pocket_ranking,L3,Q9Y4K4,510,lmdb
ligunity_pocket_ranking,L3,Q9Y6M4,1732,lmdb
ligunity_pocket_ranking,L4,B4RNM9,2958,lmdb
ligunity_pocket_ranking,L4,C9J9Y7,30670,lmdb
ligunity_pocket_ranking,L4,I6WXK4,1173,lmdb
ligunity_pocket_ranking,L4,J9SQF3,33108,lmdb
ligunity_pocket_ranking,L4,O00187,17213,FAIL
ligunity_pocket_ranking,L4,O00411,11568,lmdb
ligunity_pocket_ranking,L4,O00443,5042,lmdb
ligunity_pocket_ranking,L4,O00748,969,lmdb
ligunity_pocket_ranking,L4,O00750,866,lmdb
ligunity_pocket_ranking,L4,O00767,1886,lmdb
ligunity_pocket_ranking,L4,O14578,7743,lmdb
ligunity_pocket_ranking,L4,O14874,5400,lmdb
ligunity_pocket_ranking,L4,O14929,1731,lmdb
ligunity_pocket_ranking,L4,O14980,2495,lmdb
ligunity_pocket_ranking,L4,O15393,2036,FAIL
ligunity_pocket_ranking,L4,O42275,6011,lmdb
ligunity_pocket_ranking,L4,O54890,510,lmdb
ligunity_pocket_ranking,L4,O60285,1885,FAIL
ligunity_pocket_ranking,L4,O60331,1683,lmdb
ligunity_pocket_ranking,L4,O60427,12028,lmdb
ligunity_pocket_ranking,L4,O60563,7949,FAIL
ligunity_pocket_ranking,L4,O75106,3107,lmdb
ligunity_pocket_ranking,L4,O75143,1833,lmdb
ligunity_pocket_ranking,L4,O75365,1275,lmdb
ligunity_pocket_ranking,L4,O75747,11664,FAIL
ligunity_pocket_ranking,L4,O75909,8612,FAIL
ligunity_pocket_ranking,L4,O77963,6980,lmdb
ligunity_pocket_ranking,L4,O88634,3364,lmdb
ligunity_pocket_ranking,L4,O94782,20685,lmdb
ligunity_pocket_ranking,L4,O94956,509,lmdb
ligunity_pocket_ranking,L4,O95069,917,lmdb
ligunity_pocket_ranking,L4,O95278,917,lmdb
ligunity_pocket_ranking,L4,O95835,3720,lmdb
ligunity_pocket_ranking,L4,O95931,2088,lmdb
ligunity_pocket_ranking,L4,P01127,10495,lmdb
ligunity_pocket_ranking,L4,P01584,1579,lmdb
ligunity_pocket_ranking,L4,P04296,9680,lmdb
ligunity_pocket_ranking,L4,P05067,4378,FAIL
ligunity_pocket_ranking,L4,P08546,4178,lmdb
ligunity_pocket_ranking,L4,P08648,510,lmdb
ligunity_pocket_ranking,L4,P09391,560,lmdb
ligunity_pocket_ranking,L4,P09871,21444,lmdb
ligunity_pocket_ranking,L4,P09936,714,lmdb
ligunity_pocket_ranking,L4,P0AES4,6778,lmdb
ligunity_pocket_ranking,L4,P10636,560,lmdb
ligunity_pocket_ranking,L4,P11166,3515,FAIL
ligunity_pocket_ranking,L4,P11169,663,lmdb
ligunity_pocket_ranking,L4,P12955,663,lmdb
ligunity_pocket_ranking,L4,P13612,47323,lmdb
ligunity_pocket_ranking,L4,P14060,3768,lmdb
ligunity_pocket_ranking,L4,P14416,16307,lmdb
ligunity_pocket_ranking,L4,P14672,1985,lmdb
ligunity_pocket_ranking,L4,P15692,3007,lmdb
ligunity_pocket_ranking,L4,P15823,561,lmdb
ligunity_pocket_ranking,L4,P16101,5904,lmdb
ligunity_pocket_ranking,L4,P16406,1477,lmdb
ligunity_pocket_ranking,L4,P16788,23125,lmdb
ligunity_pocket_ranking,L4,P17927,3513,lmdb
ligunity_pocket_ranking,L4,P17948,4791,lmdb
ligunity_pocket_ranking,L4,P18510,612,lmdb
ligunity_pocket_ranking,L4,P18848,2038,lmdb
ligunity_pocket_ranking,L4,P19525,9223,lmdb
ligunity_pocket_ranking,L4,P20648,5708,lmdb
ligunity_pocket_ranking,L4,P21842,2497,FAIL
ligunity_pocket_ranking,L4,P21917,3312,lmdb
ligunity_pocket_ranking,L4,P22001,17880,lmdb
ligunity_pocket_ranking,L4,P22629,1172,lmdb
ligunity_pocket_ranking,L4,P22681,814,lmdb
ligunity_pocket_ranking,L4,P22830,867,lmdb
ligunity_pocket_ranking,L4,P23743,27713,lmdb
ligunity_pocket_ranking,L4,P24385,10854,FAIL
ligunity_pocket_ranking,L4,P24530,510,lmdb
ligunity_pocket_ranking,L4,P24863,918,lmdb
ligunity_pocket_ranking,L4,P24864,3466,FAIL
ligunity_pocket_ranking,L4,P25101,815,lmdb
ligunity_pocket_ranking,L4,P25322,1579,lmdb
ligunity_pocket_ranking,L4,P25929,5198,lmdb
ligunity_pocket_ranking,L4,P26012,1273,lmdb
ligunity_pocket_ranking,L4,P27986,3364,lmdb
ligunity_pocket_ranking,L4,P28223,61144,lmdb
ligunity_pocket_ranking,L4,P29371,1326,lmdb
ligunity_pocket_ranking,L4,P30550,662,FAIL
ligunity_pocket_ranking,L4,P30990,3874,lmdb
ligunity_pocket_ranking,L4,P31350,816,lmdb
ligunity_pocket_ranking,L4,P34969,5145,lmdb
ligunity_pocket_ranking,L4,P35348,764,lmdb
ligunity_pocket_ranking,L4,P35462,5553,lmdb
ligunity_pocket_ranking,L4,P35869,1833,lmdb
ligunity_pocket_ranking,L4,P37059,2396,lmdb
ligunity_pocket_ranking,L4,P37840,5857,lmdb
ligunity_pocket_ranking,L4,P38158,560,lmdb
ligunity_pocket_ranking,L4,P41235,916,lmdb
ligunity_pocket_ranking,L4,P42226,2193,lmdb
ligunity_pocket_ranking,L4,P43251,1428,lmdb
ligunity_pocket_ranking,L4,P43341,7795,lmdb
ligunity_pocket_ranking,L4,P43354,1780,lmdb
ligunity_pocket_ranking,L4,P46976,1121,lmdb
ligunity_pocket_ranking,L4,P48025,663,lmdb
ligunity_pocket_ranking,L4,P48048,1528,lmdb
ligunity_pocket_ranking,L4,P48549,1121,lmdb
ligunity_pocket_ranking,L4,P49238,968,lmdb
ligunity_pocket_ranking,L4,P49721,765,lmdb
ligunity_pocket_ranking,L4,P49959,612,lmdb
ligunity_pocket_ranking,L4,P50052,10903,lmdb
ligunity_pocket_ranking,L4,P51946,5300,FAIL
ligunity_pocket_ranking,L4,P52429,4124,lmdb
ligunity_pocket_ranking,L4,P54278,4331,lmdb
ligunity_pocket_ranking,L4,P57059,4281,lmdb
ligunity_pocket_ranking,L4,P62837,1986,lmdb
ligunity_pocket_ranking,L4,P95160,1172,lmdb
ligunity_pocket_ranking,L4,P97639,1223,lmdb
ligunity_pocket_ranking,L4,Q01538,66335,FAIL
ligunity_pocket_ranking,L4,Q01973,1120,lmdb
ligunity_pocket_ranking,L4,Q02974,1325,lmdb
ligunity_pocket_ranking,L4,Q03164,13648,FAIL
ligunity_pocket_ranking,L4,Q04912,561,lmdb
ligunity_pocket_ranking,L4,Q06830,1528,lmdb
ligunity_pocket_ranking,L4,Q08211,36023,lmdb
ligunity_pocket_ranking,L4,Q08828,3464,lmdb
ligunity_pocket_ranking,L4,Q10469,8712,lmdb
ligunity_pocket_ranking,L4,Q12809,1986,FAIL
ligunity_pocket_ranking,L4,Q13094,1529,FAIL
ligunity_pocket_ranking,L4,Q13191,62765,lmdb
ligunity_pocket_ranking,L4,Q13233,2957,lmdb
ligunity_pocket_ranking,L4,Q13535,24306,FAIL
ligunity_pocket_ranking,L4,Q13541,18038,lmdb
ligunity_pocket_ranking,L4,Q13564,1171,lmdb
ligunity_pocket_ranking,L4,Q13574,29346,lmdb
ligunity_pocket_ranking,L4,Q13639,2496,lmdb
ligunity_pocket_ranking,L4,Q13686,2038,lmdb
ligunity_pocket_ranking,L4,Q13724,26950,FAIL
ligunity_pocket_ranking,L4,Q14191,76779,lmdb
ligunity_pocket_ranking,L4,Q14721,1528,lmdb
ligunity_pocket_ranking,L4,Q15040,1221,lmdb
ligunity_pocket_ranking,L4,Q15078,2649,FAIL
ligunity_pocket_ranking,L4,Q15116,5454,FAIL
ligunity_pocket_ranking,L4,Q15369,560,lmdb
ligunity_pocket_ranking,L4,Q15726,1377,lmdb
ligunity_pocket_ranking,L4,Q16204,1530,lmdb
ligunity_pocket_ranking,L4,Q16236,4381,FAIL
ligunity_pocket_ranking,L4,Q16531,25010,FAIL
ligunity_pocket_ranking,L4,Q16548,663,lmdb
ligunity_pocket_ranking,L4,Q16739,15737,lmdb
ligunity_pocket_ranking,L4,Q16832,16614,lmdb
ligunity_pocket_ranking,L4,Q16853,4282,FAIL
ligunity_pocket_ranking,L4,Q29550,765,lmdb
ligunity_pocket_ranking,L4,Q2FYS5,1478,lmdb
ligunity_pocket_ranking,L4,Q3SYC2,765,lmdb
ligunity_pocket_ranking,L4,Q5JRX3,2905,lmdb
ligunity_pocket_ranking,L4,Q5M868,4025,lmdb
ligunity_pocket_ranking,L4,Q60795,1373,lmdb
ligunity_pocket_ranking,L4,Q695T7,10237,lmdb
ligunity_pocket_ranking,L4,Q6NS38,713,lmdb
ligunity_pocket_ranking,L4,Q6SZW1,12377,lmdb
ligunity_pocket_ranking,L4,Q70CQ3,11771,lmdb
ligunity_pocket_ranking,L4,Q7Z3E1,29244,lmdb
ligunity_pocket_ranking,L4,Q7Z5P4,45534,FAIL
ligunity_pocket_ranking,L4,Q86SK9,2745,lmdb
ligunity_pocket_ranking,L4,Q86UE8,3463,lmdb
ligunity_pocket_ranking,L4,Q86YV6,714,lmdb
ligunity_pocket_ranking,L4,Q8BHB0,1425,lmdb
ligunity_pocket_ranking,L4,Q8IU80,765,lmdb
ligunity_pocket_ranking,L4,Q8IVG9,714,lmdb
ligunity_pocket_ranking,L4,Q8IWV7,510,lmdb
ligunity_pocket_ranking,L4,Q8N1C3,10239,lmdb
ligunity_pocket_ranking,L4,Q8NEV1,560,FAIL
ligunity_pocket_ranking,L4,Q8NFR9,1171,lmdb
ligunity_pocket_ranking,L4,Q8NHG7,4582,lmdb
ligunity_pocket_ranking,L4,Q8TAF3,2191,lmdb
ligunity_pocket_ranking,L4,Q8TD08,561,lmdb
ligunity_pocket_ranking,L4,Q8TDU9,510,lmdb
ligunity_pocket_ranking,L4,Q8VCR2,1172,lmdb
ligunity_pocket_ranking,L4,Q8WXE1,5505,lmdb
ligunity_pocket_ranking,L4,Q8WYB5,9783,lmdb
ligunity_pocket_ranking,L4,Q91WP0,8867,FAIL
ligunity_pocket_ranking,L4,Q92551,9779,lmdb
ligunity_pocket_ranking,L4,Q92743,611,lmdb
ligunity_pocket_ranking,L4,Q92794,43768,FAIL
ligunity_pocket_ranking,L4,Q92905,1172,lmdb
ligunity_pocket_ranking,L4,Q92932,26032,lmdb
ligunity_pocket_ranking,L4,Q96DB2,3617,lmdb
ligunity_pocket_ranking,L4,Q96GX5,13140,lmdb
ligunity_pocket_ranking,L4,Q96KP4,5603,FAIL
ligunity_pocket_ranking,L4,Q96PC2,2244,lmdb
ligunity_pocket_ranking,L4,Q96PD7,3413,lmdb
ligunity_pocket_ranking,L4,Q96QP1,22674,lmdb
ligunity_pocket_ranking,L4,Q96RU2,2443,lmdb
ligunity_pocket_ranking,L4,Q99705,1683,lmdb
ligunity_pocket_ranking,L4,Q99788,2243,lmdb
ligunity_pocket_ranking,L4,Q99986,1934,lmdb
ligunity_pocket_ranking,L4,Q9BQ50,5911,lmdb
ligunity_pocket_ranking,L4,Q9BVC4,509,lmdb
ligunity_pocket_ranking,L4,Q9BW19,9930,lmdb
ligunity_pocket_ranking,L4,Q9BY08,1987,lmdb
ligunity_pocket_ranking,L4,Q9BZ95,559,lmdb
ligunity_pocket_ranking,L4,Q9CVD2,816,lmdb
ligunity_pocket_ranking,L4,Q9DGD3,3768,lmdb
ligunity_pocket_ranking,L4,Q9GZQ6,1273,lmdb
ligunity_pocket_ranking,L4,Q9GZZ6,560,lmdb
ligunity_pocket_ranking,L4,Q9H093,560,FAIL
ligunity_pocket_ranking,L4,Q9H0K1,5552,lmdb
ligunity_pocket_ranking,L4,Q9H299,764,lmdb
ligunity_pocket_ranking,L4,Q9H300,816,lmdb
ligunity_pocket_ranking,L4,Q9H7M9,1224,lmdb
ligunity_pocket_ranking,L4,Q9H7Z6,1936,lmdb
ligunity_pocket_ranking,L4,Q9HB14,765,lmdb
ligunity_pocket_ranking,L4,Q9HC35,764,FAIL
ligunity_pocket_ranking,L4,Q9HC84,9429,lmdb
ligunity_pocket_ranking,L4,Q9HCE5,9834,lmdb
ligunity_pocket_ranking,L4,Q9IWW8,917,lmdb
ligunity_pocket_ranking,L4,Q9NPF7,2550,lmdb
ligunity_pocket_ranking,L4,Q9NPH5,4892,lmdb
ligunity_pocket_ranking,L4,Q9NR19,7233,lmdb
ligunity_pocket_ranking,L4,Q9NR96,1936,lmdb
ligunity_pocket_ranking,L4,Q9NSD7,765,lmdb
ligunity_pocket_ranking,L4,Q9NSU2,5910,lmdb
ligunity_pocket_ranking,L4,Q9NVM4,510,lmdb
ligunity_pocket_ranking,L4,Q9NY59,1015,lmdb
ligunity_pocket_ranking,L4,Q9WHN8,10245,lmdb
ligunity_pocket_ranking,L4,Q9Y239,2955,lmdb
ligunity_pocket_ranking,L4,Q9Y2I1,510,lmdb
ligunity_pocket_ranking,L4,Q9Y2I7,20075,lmdb
ligunity_pocket_ranking,L4,Q9Y4K0,2396,lmdb
ligunity_pocket_ranking,L4,Q9Y5X5,867,lmdb
ligunity_protein_ranking,L1,C7C422,1784,FAIL
ligunity_protein_ranking,L1,O00141,1581,lmdb
ligunity_protein_ranking,L1,O00329,9273,FAIL
ligunity_protein_ranking,L1,O00444,662,lmdb
ligunity_protein_ranking,L1,O00763,663,lmdb
ligunity_protein_ranking,L1,O14744,1222,lmdb
ligunity_protein_ranking,L1,O14757,662,lmdb
ligunity_protein_ranking,L1,O14965,1172,lmdb
ligunity_protein_ranking,L1,O15379,7189,lmdb
ligunity_protein_ranking,L1,O43353,12518,lmdb
ligunity_protein_ranking,L1,O43570,12736,FAIL
ligunity_protein_ranking,L1,O60218,1682,lmdb
ligunity_protein_ranking,L1,O60341,5301,lmdb
ligunity_protein_ranking,L1,O60674,11614,lmdb
ligunity_protein_ranking,L1,O60885,2954,lmdb
ligunity_protein_ranking,L1,O75116,1733,lmdb
ligunity_protein_ranking,L1,O75385,510,lmdb
ligunity_protein_ranking,L1,O75417,509,lmdb
ligunity_protein_ranking,L1,O75460,1732,lmdb
ligunity_protein_ranking,L1,O75469,4179,lmdb
ligunity_protein_ranking,L1,O75762,763,lmdb
ligunity_protein_ranking,L1,O75874,1476,lmdb
ligunity_protein_ranking,L1,O76074,2753,lmdb
ligunity_protein_ranking,L1,O76083,764,lmdb
ligunity_protein_ranking,L1,O95271,965,lmdb
ligunity_protein_ranking,L1,O95819,816,lmdb
ligunity_protein_ranking,L1,O96013,1071,lmdb
ligunity_protein_ranking,L1,O96028,1121,lmdb
ligunity_protein_ranking,L1,P00338,560,lmdb
ligunity_protein_ranking,L1,P00352,510,lmdb
ligunity_protein_ranking,L1,P00491,1325,lmdb
ligunity_protein_ranking,L1,P00519,2393,lmdb
ligunity_protein_ranking,L1,P00533,23791,lmdb
ligunity_protein_ranking,L1,P00734,7595,lmdb
ligunity_protein_ranking,L1,P00742,1019,lmdb
ligunity_protein_ranking,L1,P00915,8612,FAIL
ligunity_protein_ranking,L1,P00918,12485,FAIL
ligunity_protein_ranking,L1,P01116,2593,lmdb
ligunity_protein_ranking,L1,P03372,2038,lmdb
ligunity_protein_ranking,L1,P04049,867,lmdb
ligunity_protein_ranking,L1,P04626,4890,lmdb
ligunity_protein_ranking,L1,P04629,3262,lmdb
ligunity_protein_ranking,L1,P04798,3210,FAIL
ligunity_protein_ranking,L1,P05089,2906,lmdb
ligunity_protein_ranking,L1,P05177,2139,FAIL
ligunity_protein_ranking,L1,P05771,561,lmdb
ligunity_protein_ranking,L1,P05979,1530,lmdb
ligunity_protein_ranking,L1,P06213,662,lmdb
ligunity_protein_ranking,L1,P06239,3463,lmdb
ligunity_protein_ranking,L1,P06276,2498,lmdb
ligunity_protein_ranking,L1,P06493,1884,FAIL
ligunity_protein_ranking,L1,P07333,5251,FAIL
ligunity_protein_ranking,L1,P07550,612,lmdb
ligunity_protein_ranking,L1,P07711,2091,lmdb
ligunity_protein_ranking,L1,P07900,1479,FAIL
ligunity_protein_ranking,L1,P07948,663,lmdb
ligunity_protein_ranking,L1,P07949,2090,lmdb
ligunity_protein_ranking,L1,P08069,2038,lmdb
ligunity_protein_ranking,L1,P08173,662,FAIL
ligunity_protein_ranking,L1,P08238,1377,lmdb
ligunity_protein_ranking,L1,P08246,1476,lmdb
ligunity_protein_ranking,L1,P08253,712,lmdb
ligunity_protein_ranking,L1,P08581,3365,lmdb
ligunity_protein_ranking,L1,P08908,2394,lmdb
ligunity_protein_ranking,L1,P08913,1121,lmdb
ligunity_protein_ranking,L1,P08922,1019,lmdb
ligunity_protein_ranking,L1,P09874,8149,lmdb
ligunity_protein_ranking,L1,P0C6U8,612,FAIL
ligunity_protein_ranking,L1,P0DMS8,3507,FAIL
ligunity_protein_ranking,L1,P0DTD1,21395,FAIL
ligunity_protein_ranking,L1,P10275,765,FAIL
ligunity_protein_ranking,L1,P10415,712,lmdb
ligunity_protein_ranking,L1,P10721,1987,FAIL
ligunity_protein_ranking,L1,P11309,2804,lmdb
ligunity_protein_ranking,L1,P11362,2854,lmdb
ligunity_protein_ranking,L1,P11511,712,lmdb
ligunity_protein_ranking,L1,P11802,3620,FAIL
ligunity_protein_ranking,L1,P12931,4634,lmdb
ligunity_protein_ranking,L1,P13569,1019,lmdb
ligunity_protein_ranking,L1,P14324,509,lmdb
ligunity_protein_ranking,L1,P14618,612,lmdb
ligunity_protein_ranking,L1,P14867,2295,lmdb
ligunity_protein_ranking,L1,P14902,2548,lmdb
ligunity_protein_ranking,L1,P14920,714,lmdb
ligunity_protein_ranking,L1,P15056,2955,lmdb
ligunity_protein_ranking,L1,P15121,916,lmdb
ligunity_protein_ranking,L1,P15538,765,lmdb
ligunity_protein_ranking,L1,P16083,815,lmdb
ligunity_protein_ranking,L1,P16110,663,lmdb
ligunity_protein_ranking,L1,P16234,1987,lmdb
ligunity_protein_ranking,L1,P17252,1121,lmdb
ligunity_protein_ranking,L1,P17706,867,lmdb
ligunity_protein_ranking,L1,P17931,712,lmdb
ligunity_protein_ranking,L1,P18031,5902,lmdb
ligunity_protein_ranking,L1,P18089,815,lmdb
ligunity_protein_ranking,L1,P18825,1020,lmdb
ligunity_protein_ranking,L1,P19099,867,lmdb
ligunity_protein_ranking,L1,P19634,1171,lmdb
ligunity_protein_ranking,L1,P19793,813,FAIL
ligunity_protein_ranking,L1,P21397,1071,lmdb
ligunity_protein_ranking,L1,P21554,5096,lmdb
ligunity_protein_ranking,L1,P21589,1222,lmdb
ligunity_protein_ranking,L1,P21728,1223,lmdb
ligunity_protein_ranking,L1,P21802,917,lmdb
ligunity_protein_ranking,L1,P21918,610,lmdb
ligunity_protein_ranking,L1,P21964,1527,lmdb
ligunity_protein_ranking,L1,P22303,4536,lmdb
ligunity_protein_ranking,L1,P22413,9628,lmdb
ligunity_protein_ranking,L1,P22455,2803,lmdb
ligunity_protein_ranking,L1,P22607,1019,lmdb
ligunity_protein_ranking,L1,P22748,5699,lmdb
ligunity_protein_ranking,L1,P23458,10037,FAIL
ligunity_protein_ranking,L1,P23467,867,lmdb
ligunity_protein_ranking,L1,P24941,2804,FAIL
ligunity_protein_ranking,L1,P25440,660,lmdb
ligunity_protein_ranking,L1,P25774,663,lmdb
ligunity_protein_ranking,L1,P25779,559,lmdb
ligunity_protein_ranking,L1,P27338,7900,lmdb
ligunity_protein_ranking,L1,P27487,1681,lmdb
ligunity_protein_ranking,L1,P28062,714,lmdb
ligunity_protein_ranking,L1,P28074,1885,lmdb
ligunity_protein_ranking,L1,P28221,815,lmdb
ligunity_protein_ranking,L1,P28222,765,lmdb
ligunity_protein_ranking,L1,P28335,4078,lmdb
ligunity_protein_ranking,L1,P28482,763,lmdb
ligunity_protein_ranking,L1,P28566,510,lmdb
ligunity_protein_ranking,L1,P29274,714,FAIL
ligunity_protein_ranking,L1,P29466,867,lmdb
ligunity_protein_ranking,L1,P29597,9519,FAIL
ligunity_protein_ranking,L1,P30291,1529,FAIL
ligunity_protein_ranking,L1,P30530,2548,lmdb
ligunity_protein_ranking,L1,P30542,1017,FAIL
ligunity_protein_ranking,L1,P31153,3213,lmdb
ligunity_protein_ranking,L1,P31639,561,lmdb
ligunity_protein_ranking,L1,P31645,561,lmdb
ligunity_protein_ranking,L1,P31749,6317,lmdb
ligunity_protein_ranking,L1,P31751,1783,lmdb
ligunity_protein_ranking,L1,P33981,1477,lmdb
ligunity_protein_ranking,L1,P34913,6317,lmdb
ligunity_protein_ranking,L1,P34914,5044,lmdb
ligunity_protein_ranking,L1,P34972,3414,FAIL
ligunity_protein_ranking,L1,P35354,2243,lmdb
ligunity_protein_ranking,L1,P35367,510,lmdb
ligunity_protein_ranking,L1,P35372,1427,lmdb
ligunity_protein_ranking,L1,P35968,6924,lmdb
ligunity_protein_ranking,L1,P36776,1020,lmdb
ligunity_protein_ranking,L1,P36888,4282,lmdb
ligunity_protein_ranking,L1,P36897,916,lmdb
ligunity_protein_ranking,L1,P37231,867,lmdb
ligunity_protein_ranking,L1,P41143,713,FAIL
ligunity_protein_ranking,L1,P41145,9834,FAIL
ligunity_protein_ranking,L1,P41182,3208,lmdb
ligunity_protein_ranking,L1,P41240,915,lmdb
ligunity_protein_ranking,L1,P41595,4634,FAIL
ligunity_protein_ranking,L1,P42330,1682,lmdb
ligunity_protein_ranking,L1,P42336,4536,lmdb
ligunity_protein_ranking,L1,P42345,1683,FAIL
ligunity_protein_ranking,L1,P43166,4126,lmdb
ligunity_protein_ranking,L1,P43405,559,lmdb
ligunity_protein_ranking,L1,P43490,867,lmdb
ligunity_protein_ranking,L1,P45983,1733,FAIL
ligunity_protein_ranking,L1,P45984,1631,FAIL
ligunity_protein_ranking,L1,P47989,2804,lmdb
ligunity_protein_ranking,L1,P48039,662,lmdb
ligunity_protein_ranking,L1,P48735,560,lmdb
ligunity_protein_ranking,L1,P48736,6319,FAIL
ligunity_protein_ranking,L1,P49137,509,lmdb
ligunity_protein_ranking,L1,P49286,914,lmdb
ligunity_protein_ranking,L1,P49327,33880,lmdb
ligunity_protein_ranking,L1,P49759,561,lmdb
ligunity_protein_ranking,L1,P49760,662,FAIL
ligunity_protein_ranking,L1,P49840,510,lmdb
ligunity_protein_ranking,L1,P49841,1223,lmdb
ligunity_protein_ranking,L1,P50053,1275,lmdb
ligunity_protein_ranking,L1,P50406,3415,lmdb
ligunity_protein_ranking,L1,P50613,1120,FAIL
ligunity_protein_ranking,L1,P50750,3416,FAIL
ligunity_protein_ranking,L1,P51449,2038,lmdb
ligunity_protein_ranking,L1,P51531,867,lmdb
ligunity_protein_ranking,L1,P51532,507,lmdb
ligunity_protein_ranking,L1,P51617,765,lmdb
ligunity_protein_ranking,L1,P51812,815,lmdb
ligunity_protein_ranking,L1,P51813,764,lmdb
ligunity_protein_ranking,L1,P51955,866,lmdb
ligunity_protein_ranking,L1,P52333,13042,lmdb
ligunity_protein_ranking,L1,P53350,1223,lmdb
ligunity_protein_ranking,L1,P53634,2953,lmdb
ligunity_protein_ranking,L1,P53779,1631,FAIL
ligunity_protein_ranking,L1,P54646,1171,lmdb
ligunity_protein_ranking,L1,P55055,661,FAIL
ligunity_protein_ranking,L1,P56524,1428,lmdb
ligunity_protein_ranking,L1,P56817,13247,lmdb
ligunity_protein_ranking,L1,P61964,867,lmdb
ligunity_protein_ranking,L1,P62937,917,lmdb
ligunity_protein_ranking,L1,P68400,714,FAIL
ligunity_protein_ranking,L1,P78527,509,lmdb
ligunity_protein_ranking,L1,P78540,815,lmdb
ligunity_protein_ranking,L1,P80457,1631,lmdb
ligunity_protein_ranking,L1,Q00534,561,lmdb
ligunity_protein_ranking,L1,Q00535,968,FAIL
ligunity_protein_ranking,L1,Q01650,918,lmdb
ligunity_protein_ranking,L1,Q02127,3766,lmdb
ligunity_protein_ranking,L1,Q02750,713,lmdb
ligunity_protein_ranking,L1,Q03181,764,lmdb
ligunity_protein_ranking,L1,Q04609,1836,lmdb
ligunity_protein_ranking,L1,Q04759,968,lmdb
ligunity_protein_ranking,L1,Q05397,4588,lmdb
ligunity_protein_ranking,L1,Q05586,2240,FAIL
ligunity_protein_ranking,L1,Q06124,1424,lmdb
ligunity_protein_ranking,L1,Q06187,18092,lmdb
ligunity_protein_ranking,L1,Q07343,2396,lmdb
ligunity_protein_ranking,L1,Q07422,612,lmdb
ligunity_protein_ranking,L1,Q07817,709,lmdb
ligunity_protein_ranking,L1,Q07820,2647,lmdb
ligunity_protein_ranking,L1,Q07869,764,lmdb
ligunity_protein_ranking,L1,Q07889,1070,FAIL
ligunity_protein_ranking,L1,Q07912,510,lmdb
ligunity_protein_ranking,L1,Q08345,968,lmdb
ligunity_protein_ranking,L1,Q08499,917,lmdb
ligunity_protein_ranking,L1,Q08881,815,lmdb
ligunity_protein_ranking,L1,Q12866,2292,lmdb
ligunity_protein_ranking,L1,Q12879,865,lmdb
ligunity_protein_ranking,L1,Q12884,2446,lmdb
ligunity_protein_ranking,L1,Q13043,2549,lmdb
ligunity_protein_ranking,L1,Q13085,612,lmdb
ligunity_protein_ranking,L1,Q13131,1326,lmdb
ligunity_protein_ranking,L1,Q13133,815,FAIL
ligunity_protein_ranking,L1,Q13164,815,lmdb
ligunity_protein_ranking,L1,Q13188,2548,lmdb
ligunity_protein_ranking,L1,Q13224,1731,lmdb
ligunity_protein_ranking,L1,Q13315,712,lmdb
ligunity_protein_ranking,L1,Q13464,1119,lmdb
ligunity_protein_ranking,L1,Q13526,1018,lmdb
ligunity_protein_ranking,L1,Q13546,2753,lmdb
ligunity_protein_ranking,L1,Q13547,18393,lmdb
ligunity_protein_ranking,L1,Q13627,5653,lmdb
ligunity_protein_ranking,L1,Q13822,1426,lmdb
ligunity_protein_ranking,L1,Q13946,610,lmdb
ligunity_protein_ranking,L1,Q14145,663,lmdb
ligunity_protein_ranking,L1,Q14289,1018,lmdb
ligunity_protein_ranking,L1,Q15059,2193,lmdb
ligunity_protein_ranking,L1,Q15118,662,lmdb
ligunity_protein_ranking,L1,Q15303,712,lmdb
ligunity_protein_ranking,L1,Q15561,2905,lmdb
ligunity_protein_ranking,L1,Q15910,1581,lmdb
ligunity_protein_ranking,L1,Q16288,1020,lmdb
ligunity_protein_ranking,L1,Q16512,816,lmdb
ligunity_protein_ranking,L1,Q16539,713,FAIL
ligunity_protein_ranking,L1,Q16620,967,lmdb
ligunity_protein_ranking,L1,Q16678,5450,lmdb
ligunity_protein_ranking,L1,Q16769,1375,lmdb
ligunity_protein_ranking,L1,Q16790,10448,FAIL
ligunity_protein_ranking,L1,Q2M2I8,1479,lmdb
ligunity_protein_ranking,L1,Q5S007,1478,lmdb
ligunity_protein_ranking,L1,Q5TCY1,816,lmdb
ligunity_protein_ranking,L1,Q6GI75,816,lmdb
ligunity_protein_ranking,L1,Q6P179,611,lmdb
ligunity_protein_ranking,L1,Q72547,1785,lmdb
ligunity_protein_ranking,L1,Q86W56,2139,lmdb
ligunity_protein_ranking,L1,Q86WV6,1275,lmdb
ligunity_protein_ranking,L1,Q86X55,2446,lmdb
ligunity_protein_ranking,L1,Q86YT5,816,lmdb
ligunity_protein_ranking,L1,Q8IXJ6,1222,lmdb
ligunity_protein_ranking,L1,Q8N1Q1,510,lmdb
ligunity_protein_ranking,L1,Q8N884,713,lmdb
ligunity_protein_ranking,L1,Q8NEB9,663,lmdb
ligunity_protein_ranking,L1,Q8NER1,510,lmdb
ligunity_protein_ranking,L1,Q8R4B8,1018,lmdb
ligunity_protein_ranking,L1,Q8TF76,663,lmdb
ligunity_protein_ranking,L1,Q8WUI4,865,lmdb
ligunity_protein_ranking,L1,Q92769,6469,lmdb
ligunity_protein_ranking,L1,Q92793,612,lmdb
ligunity_protein_ranking,L1,Q92918,8204,lmdb
ligunity_protein_ranking,L1,Q93009,813,lmdb
ligunity_protein_ranking,L1,Q96EB6,561,lmdb
ligunity_protein_ranking,L1,Q96GD4,1224,lmdb
ligunity_protein_ranking,L1,Q96KQ7,1527,lmdb
ligunity_protein_ranking,L1,Q96LA8,611,lmdb
ligunity_protein_ranking,L1,Q96MU7,560,lmdb
ligunity_protein_ranking,L1,Q96P20,1224,lmdb
ligunity_protein_ranking,L1,Q96RI1,660,FAIL
ligunity_protein_ranking,L1,Q96S37,1223,lmdb
ligunity_protein_ranking,L1,Q99640,2291,lmdb
ligunity_protein_ranking,L1,Q99683,815,lmdb
ligunity_protein_ranking,L1,Q99685,560,lmdb
ligunity_protein_ranking,L1,Q99720,3208,lmdb
ligunity_protein_ranking,L1,Q99873,1730,lmdb
ligunity_protein_ranking,L1,Q9BUB5,662,lmdb
ligunity_protein_ranking,L1,Q9BV86,714,lmdb
ligunity_protein_ranking,L1,Q9BY41,5301,lmdb
ligunity_protein_ranking,L1,Q9C0B1,4130,lmdb
ligunity_protein_ranking,L1,Q9GZQ8,916,lmdb
ligunity_protein_ranking,L1,Q9H2K2,1734,lmdb
ligunity_protein_ranking,L1,Q9H999,1428,lmdb
ligunity_protein_ranking,L1,Q9H9B1,916,FAIL
ligunity_protein_ranking,L1,Q9HBH9,612,lmdb
ligunity_protein_ranking,L1,Q9NQS5,663,lmdb
ligunity_protein_ranking,L1,Q9NWZ3,4633,lmdb
ligunity_protein_ranking,L1,Q9NXA8,662,lmdb
ligunity_protein_ranking,L1,Q9NYV4,714,lmdb
ligunity_protein_ranking,L1,Q9NZQ7,4333,lmdb
ligunity_protein_ranking,L1,Q9P1W9,1172,lmdb
ligunity_protein_ranking,L1,Q9UQB9,510,lmdb
ligunity_protein_ranking,L1,Q9UQD0,765,lmdb
ligunity_protein_ranking,L1,Q9Y233,2140,lmdb
ligunity_protein_ranking,L1,Q9Y2K2,1935,lmdb
ligunity_protein_ranking,L1,Q9Y2R2,611,lmdb
ligunity_protein_ranking,L1,Q9Y463,1224,lmdb
ligunity_protein_ranking,L1,Q9Y5Y9,2088,lmdb
ligunity_protein_ranking,L1,Q9Y5Z0,11569,lmdb
ligunity_protein_ranking,L2,C7C422,3720,FAIL
ligunity_protein_ranking,L2,I6YFP0,559,lmdb
ligunity_protein_ranking,L2,O00141,1733,lmdb
ligunity_protein_ranking,L2,O00255,20330,lmdb
ligunity_protein_ranking,L2,O00329,41723,FAIL
ligunity_protein_ranking,L2,O00444,1835,lmdb
ligunity_protein_ranking,L2,O00763,2345,lmdb
ligunity_protein_ranking,L2,O14684,6371,lmdb
ligunity_protein_ranking,L2,O14733,815,lmdb
ligunity_protein_ranking,L2,O14744,41468,lmdb
ligunity_protein_ranking,L2,O14757,9683,lmdb
ligunity_protein_ranking,L2,O14842,918,lmdb
ligunity_protein_ranking,L2,O14965,2597,lmdb
ligunity_protein_ranking,L2,O14976,1680,lmdb
ligunity_protein_ranking,L2,O15151,561,lmdb
ligunity_protein_ranking,L2,O15379,21046,lmdb
ligunity_protein_ranking,L2,O43318,765,lmdb
ligunity_protein_ranking,L2,O43353,15132,lmdb
ligunity_protein_ranking,L2,O43497,7896,lmdb
ligunity_protein_ranking,L2,O43570,12175,lmdb
ligunity_protein_ranking,L2,O43613,5042,lmdb
ligunity_protein_ranking,L2,O43614,7392,lmdb
ligunity_protein_ranking,L2,O43924,713,lmdb
ligunity_protein_ranking,L2,O60341,41115,lmdb
ligunity_protein_ranking,L2,O60502,15337,lmdb
ligunity_protein_ranking,L2,O60674,38669,lmdb
ligunity_protein_ranking,L2,O60760,1581,lmdb
ligunity_protein_ranking,L2,O60885,29355,lmdb
ligunity_protein_ranking,L2,O75116,15337,lmdb
ligunity_protein_ranking,L2,O75173,4228,lmdb
ligunity_protein_ranking,L2,O75385,20778,lmdb
ligunity_protein_ranking,L2,O75417,96122,lmdb
ligunity_protein_ranking,L2,O75460,14163,lmdb
ligunity_protein_ranking,L2,O75762,12266,lmdb
ligunity_protein_ranking,L2,O75874,3059,lmdb
ligunity_protein_ranking,L2,O75936,1171,lmdb
ligunity_protein_ranking,L2,O76074,1427,lmdb
ligunity_protein_ranking,L2,O76083,8151,lmdb
ligunity_protein_ranking,L2,O95271,2804,lmdb
ligunity_protein_ranking,L2,O95497,6012,lmdb
ligunity_protein_ranking,L2,O95819,3364,lmdb
ligunity_protein_ranking,L2,O96013,1782,lmdb
ligunity_protein_ranking,L2,O96017,3312,lmdb
ligunity_protein_ranking,L2,O96028,3923,lmdb
ligunity_protein_ranking,L2,P00338,5148,lmdb
ligunity_protein_ranking,L2,P00519,14973,lmdb
ligunity_protein_ranking,L2,P00533,104283,lmdb
ligunity_protein_ranking,L2,P00734,3669,lmdb
ligunity_protein_ranking,L2,P00742,3362,lmdb
ligunity_protein_ranking,L2,P00746,18546,lmdb
ligunity_protein_ranking,L2,P00748,1578,lmdb
ligunity_protein_ranking,L2,P00751,7433,FAIL
ligunity_protein_ranking,L2,P00797,1884,lmdb
ligunity_protein_ranking,L2,P00915,11360,lmdb
ligunity_protein_ranking,L2,P00918,17323,lmdb
ligunity_protein_ranking,L2,P01116,145493,FAIL
ligunity_protein_ranking,L2,P01375,1071,lmdb
ligunity_protein_ranking,L2,P02753,1172,lmdb
ligunity_protein_ranking,L2,P03372,11108,lmdb
ligunity_protein_ranking,L2,P03951,5146,lmdb
ligunity_protein_ranking,L2,P03952,6621,lmdb
ligunity_protein_ranking,L2,P04049,33417,FAIL
ligunity_protein_ranking,L2,P04150,14570,lmdb
ligunity_protein_ranking,L2,P04293,18090,lmdb
ligunity_protein_ranking,L2,P04585,712,lmdb
ligunity_protein_ranking,L2,P04626,51136,lmdb
ligunity_protein_ranking,L2,P04629,30457,lmdb
ligunity_protein_ranking,L2,P04798,1734,lmdb
ligunity_protein_ranking,L2,P04818,1326,lmdb
ligunity_protein_ranking,L2,P05089,663,lmdb
ligunity_protein_ranking,L2,P05177,1833,lmdb
ligunity_protein_ranking,L2,P05981,714,lmdb
ligunity_protein_ranking,L2,P06239,36427,lmdb
ligunity_protein_ranking,L2,P06241,2753,lmdb
ligunity_protein_ranking,L2,P06276,7078,lmdb
ligunity_protein_ranking,L2,P06401,1018,lmdb
ligunity_protein_ranking,L2,P06493,9483,FAIL
ligunity_protein_ranking,L2,P06730,1171,lmdb
ligunity_protein_ranking,L2,P06935,4587,lmdb
ligunity_protein_ranking,L2,P07333,39376,lmdb
ligunity_protein_ranking,L2,P07711,5750,lmdb
ligunity_protein_ranking,L2,P07858,1477,lmdb
ligunity_protein_ranking,L2,P07900,1783,lmdb
ligunity_protein_ranking,L2,P07948,510,lmdb
ligunity_protein_ranking,L2,P07949,13407,lmdb
ligunity_protein_ranking,L2,P08069,18295,lmdb
ligunity_protein_ranking,L2,P08172,2446,lmdb
ligunity_protein_ranking,L2,P08173,3974,lmdb
ligunity_protein_ranking,L2,P08183,1326,lmdb
ligunity_protein_ranking,L2,P08238,2495,lmdb
ligunity_protein_ranking,L2,P08246,509,lmdb
ligunity_protein_ranking,L2,P08253,1274,lmdb
ligunity_protein_ranking,L2,P08254,816,lmdb
ligunity_protein_ranking,L2,P08581,42337,lmdb
ligunity_protein_ranking,L2,P08684,1376,lmdb
ligunity_protein_ranking,L2,P08908,10550,lmdb
ligunity_protein_ranking,L2,P08912,1325,lmdb
ligunity_protein_ranking,L2,P08922,2598,lmdb
ligunity_protein_ranking,L2,P09237,1070,lmdb
ligunity_protein_ranking,L2,P09238,866,lmdb
ligunity_protein_ranking,L2,P09382,25723,lmdb
ligunity_protein_ranking,L2,P09874,46976,lmdb
ligunity_protein_ranking,L2,P09917,712,lmdb
ligunity_protein_ranking,L2,P09960,764,lmdb
ligunity_protein_ranking,L2,P0A017,1019,lmdb
ligunity_protein_ranking,L2,P0A0K8,1326,lmdb
ligunity_protein_ranking,L2,P0A725,1120,lmdb
ligunity_protein_ranking,L2,P0AES6,1274,lmdb
ligunity_protein_ranking,L2,P0DMS8,2549,lmdb
ligunity_protein_ranking,L2,P0DTD1,97973,lmdb
ligunity_protein_ranking,L2,P0DUB6,1989,lmdb
ligunity_protein_ranking,L2,P10275,7384,FAIL
ligunity_protein_ranking,L2,P10398,5246,lmdb
ligunity_protein_ranking,L2,P10415,51307,FAIL
ligunity_protein_ranking,L2,P10721,57170,lmdb
ligunity_protein_ranking,L2,P11229,1221,lmdb
ligunity_protein_ranking,L2,P11309,3363,lmdb
ligunity_protein_ranking,L2,P11362,25524,lmdb
ligunity_protein_ranking,L2,P11474,10140,lmdb
ligunity_protein_ranking,L2,P11511,867,lmdb
ligunity_protein_ranking,L2,P11802,71420,lmdb
ligunity_protein_ranking,L2,P12931,3512,lmdb
ligunity_protein_ranking,L2,P13569,2446,lmdb
ligunity_protein_ranking,L2,P13866,560,lmdb
ligunity_protein_ranking,L2,P13995,560,lmdb
ligunity_protein_ranking,L2,P14207,1120,lmdb
ligunity_protein_ranking,L2,P14555,763,FAIL
ligunity_protein_ranking,L2,P14618,2038,lmdb
ligunity_protein_ranking,L2,P14756,3620,lmdb
ligunity_protein_ranking,L2,P14780,1629,lmdb
ligunity_protein_ranking,L2,P14867,6316,lmdb
ligunity_protein_ranking,L2,P14902,1782,lmdb
ligunity_protein_ranking,L2,P15056,39182,lmdb
ligunity_protein_ranking,L2,P15428,18398,lmdb
ligunity_protein_ranking,L2,P15559,4274,lmdb
ligunity_protein_ranking,L2,P16234,20178,lmdb
ligunity_protein_ranking,L2,P17252,1529,lmdb
ligunity_protein_ranking,L2,P17516,969,lmdb
ligunity_protein_ranking,L2,P17612,764,lmdb
ligunity_protein_ranking,L2,P17706,4585,lmdb
ligunity_protein_ranking,L2,P17812,13850,FAIL
ligunity_protein_ranking,L2,P17931,45798,lmdb
ligunity_protein_ranking,L2,P18031,13142,lmdb
ligunity_protein_ranking,L2,P18054,1784,lmdb
ligunity_protein_ranking,L2,P18825,6367,lmdb
ligunity_protein_ranking,L2,P19099,764,lmdb
ligunity_protein_ranking,L2,P20309,1270,lmdb
ligunity_protein_ranking,L2,P20618,3717,lmdb
ligunity_protein_ranking,L2,P20831,1577,lmdb
ligunity_protein_ranking,L2,P21397,1835,lmdb
ligunity_protein_ranking,L2,P21554,2699,lmdb
ligunity_protein_ranking,L2,P21589,8710,lmdb
ligunity_protein_ranking,L2,P21728,1019,lmdb
ligunity_protein_ranking,L2,P21802,24657,lmdb
ligunity_protein_ranking,L2,P22303,10246,FAIL
ligunity_protein_ranking,L2,P22413,26696,lmdb
ligunity_protein_ranking,L2,P22455,5910,lmdb
ligunity_protein_ranking,L2,P22607,19564,lmdb
ligunity_protein_ranking,L2,P22748,867,lmdb
ligunity_protein_ranking,L2,P22894,764,lmdb
ligunity_protein_ranking,L2,P23458,31688,lmdb
ligunity_protein_ranking,L2,P23467,3924,lmdb
ligunity_protein_ranking,L2,P23921,510,lmdb
ligunity_protein_ranking,L2,P23946,3616,lmdb
ligunity_protein_ranking,L2,P23975,917,lmdb
ligunity_protein_ranking,L2,P24941,82991,lmdb
ligunity_protein_ranking,L2,P25440,1629,lmdb
ligunity_protein_ranking,L2,P25774,1679,lmdb
ligunity_protein_ranking,L2,P27338,6319,lmdb
ligunity_protein_ranking,L2,P27487,5907,lmdb
ligunity_protein_ranking,L2,P28062,1223,lmdb
ligunity_protein_ranking,L2,P28065,1377,lmdb
ligunity_protein_ranking,L2,P28074,16559,lmdb
ligunity_protein_ranking,L2,P28335,15080,lmdb
ligunity_protein_ranking,L2,P28482,33886,lmdb
ligunity_protein_ranking,L2,P28845,765,lmdb
ligunity_protein_ranking,L2,P28907,8453,lmdb
ligunity_protein_ranking,L2,P29274,39590,lmdb
ligunity_protein_ranking,L2,P29275,18241,lmdb
ligunity_protein_ranking,L2,P29375,2394,lmdb
ligunity_protein_ranking,L2,P29466,1070,lmdb
ligunity_protein_ranking,L2,P29597,69898,FAIL
ligunity_protein_ranking,L2,P30291,6062,lmdb
ligunity_protein_ranking,L2,P30530,47280,lmdb
ligunity_protein_ranking,L2,P30542,5806,lmdb
ligunity_protein_ranking,L2,P30559,561,lmdb
ligunity_protein_ranking,L2,P31153,27616,lmdb
ligunity_protein_ranking,L2,P31391,5094,lmdb
ligunity_protein_ranking,L2,P31639,611,lmdb
ligunity_protein_ranking,L2,P31644,18297,lmdb
ligunity_protein_ranking,L2,P31645,5556,lmdb
ligunity_protein_ranking,L2,P31749,10852,lmdb
ligunity_protein_ranking,L2,P31751,6010,lmdb
ligunity_protein_ranking,L2,P32245,10596,lmdb
ligunity_protein_ranking,L2,P32297,612,lmdb
ligunity_protein_ranking,L2,P33981,2496,lmdb
ligunity_protein_ranking,L2,P34913,3152,FAIL
ligunity_protein_ranking,L2,P34914,10091,lmdb
ligunity_protein_ranking,L2,P34947,2241,lmdb
ligunity_protein_ranking,L2,P34972,3207,lmdb
ligunity_protein_ranking,L2,P35354,5044,lmdb
ligunity_protein_ranking,L2,P35367,1733,lmdb
ligunity_protein_ranking,L2,P35372,10037,FAIL
ligunity_protein_ranking,L2,P35408,2447,lmdb
ligunity_protein_ranking,L2,P35968,47227,lmdb
ligunity_protein_ranking,L2,P36544,1070,lmdb
ligunity_protein_ranking,L2,P36776,4486,lmdb
ligunity_protein_ranking,L2,P36888,25776,lmdb
ligunity_protein_ranking,L2,P36897,14113,lmdb
ligunity_protein_ranking,L2,P37023,816,lmdb
ligunity_protein_ranking,L2,P39900,4225,lmdb
ligunity_protein_ranking,L2,P40261,663,lmdb
ligunity_protein_ranking,L2,P40337,1119,lmdb
ligunity_protein_ranking,L2,P40763,2548,lmdb
ligunity_protein_ranking,L2,P41143,4686,FAIL
ligunity_protein_ranking,L2,P41145,26801,FAIL
ligunity_protein_ranking,L2,P41146,2753,lmdb
ligunity_protein_ranking,L2,P41182,20687,lmdb
ligunity_protein_ranking,L2,P41240,8869,lmdb
ligunity_protein_ranking,L2,P41594,1325,lmdb
ligunity_protein_ranking,L2,P41595,2494,lmdb
ligunity_protein_ranking,L2,P42330,3922,lmdb
ligunity_protein_ranking,L2,P42336,43501,lmdb
ligunity_protein_ranking,L2,P42345,4076,lmdb
ligunity_protein_ranking,L2,P43116,1629,FAIL
ligunity_protein_ranking,L2,P43166,1987,lmdb
ligunity_protein_ranking,L2,P43235,561,lmdb
ligunity_protein_ranking,L2,P43405,5299,lmdb
ligunity_protein_ranking,L2,P43490,24555,lmdb
ligunity_protein_ranking,L2,P43681,561,FAIL
ligunity_protein_ranking,L2,P45452,1782,lmdb
ligunity_protein_ranking,L2,P45983,1426,lmdb
ligunity_protein_ranking,L2,P45984,2752,lmdb
ligunity_protein_ranking,L2,P47205,7491,lmdb
ligunity_protein_ranking,L2,P47989,714,lmdb
ligunity_protein_ranking,L2,P48039,612,lmdb
ligunity_protein_ranking,L2,P48729,6825,lmdb
ligunity_protein_ranking,L2,P48730,7335,lmdb
ligunity_protein_ranking,L2,P48735,1474,lmdb
ligunity_protein_ranking,L2,P48736,11356,lmdb
ligunity_protein_ranking,L2,P49137,662,lmdb
ligunity_protein_ranking,L2,P49286,663,lmdb
ligunity_protein_ranking,L2,P49327,559,lmdb
ligunity_protein_ranking,L2,P49336,1783,lmdb
ligunity_protein_ranking,L2,P49674,663,lmdb
ligunity_protein_ranking,L2,P49759,6828,lmdb
ligunity_protein_ranking,L2,P49760,13097,lmdb
ligunity_protein_ranking,L2,P49761,7026,lmdb
ligunity_protein_ranking,L2,P49840,80490,FAIL
ligunity_protein_ranking,L2,P49841,71681,lmdb
ligunity_protein_ranking,L2,P50053,48095,lmdb
ligunity_protein_ranking,L2,P50406,2851,lmdb
ligunity_protein_ranking,L2,P50613,8912,lmdb
ligunity_protein_ranking,L2,P50750,9773,FAIL
ligunity_protein_ranking,L2,P51449,2444,lmdb
ligunity_protein_ranking,L2,P51531,4686,lmdb
ligunity_protein_ranking,L2,P51532,4181,lmdb
ligunity_protein_ranking,L2,P51617,2191,lmdb
ligunity_protein_ranking,L2,P51813,2139,lmdb
ligunity_protein_ranking,L2,P52333,36948,lmdb
ligunity_protein_ranking,L2,P52895,612,lmdb
ligunity_protein_ranking,L2,P53350,5449,lmdb
ligunity_protein_ranking,L2,P53396,3008,lmdb
ligunity_protein_ranking,L2,P53634,21144,lmdb
ligunity_protein_ranking,L2,P53667,3159,lmdb
ligunity_protein_ranking,L2,P53671,3363,lmdb
ligunity_protein_ranking,L2,P53779,3310,lmdb
ligunity_protein_ranking,L2,P54646,712,lmdb
ligunity_protein_ranking,L2,P55055,611,lmdb
ligunity_protein_ranking,L2,P56373,1377,lmdb
ligunity_protein_ranking,L2,P56524,866,lmdb
ligunity_protein_ranking,L2,P56817,17932,lmdb
ligunity_protein_ranking,L2,P61073,2651,lmdb
ligunity_protein_ranking,L2,P61964,2599,lmdb
ligunity_protein_ranking,L2,P62937,5143,FAIL
ligunity_protein_ranking,L2,P68400,11258,lmdb
ligunity_protein_ranking,L2,P69996,560,lmdb
ligunity_protein_ranking,L2,P78527,32194,lmdb
ligunity_protein_ranking,L2,P80192,2956,lmdb
ligunity_protein_ranking,L2,P80457,1581,lmdb
ligunity_protein_ranking,L2,P97612,611,lmdb
ligunity_protein_ranking,L2,P98170,10684,FAIL
ligunity_protein_ranking,L2,P9WGR1,608,lmdb
ligunity_protein_ranking,L2,Q00534,55593,FAIL
ligunity_protein_ranking,L2,Q00535,2037,lmdb
ligunity_protein_ranking,L2,Q00536,1731,lmdb
ligunity_protein_ranking,L2,Q00960,3516,lmdb
ligunity_protein_ranking,L2,Q00987,3311,lmdb
ligunity_protein_ranking,L2,Q01064,35350,lmdb
ligunity_protein_ranking,L2,Q01959,1274,lmdb
ligunity_protein_ranking,L2,Q02127,5506,lmdb
ligunity_protein_ranking,L2,Q02750,662,lmdb
ligunity_protein_ranking,L2,Q03111,5092,lmdb
ligunity_protein_ranking,L2,Q04609,5146,FAIL
ligunity_protein_ranking,L2,Q04759,1887,lmdb
ligunity_protein_ranking,L2,Q04771,2038,lmdb
ligunity_protein_ranking,L2,Q04828,916,lmdb
ligunity_protein_ranking,L2,Q05397,18797,lmdb
ligunity_protein_ranking,L2,Q06124,24805,lmdb
ligunity_protein_ranking,L2,Q06187,49767,lmdb
ligunity_protein_ranking,L2,Q07343,9576,lmdb
ligunity_protein_ranking,L2,Q07817,19209,lmdb
ligunity_protein_ranking,L2,Q07820,5455,lmdb
ligunity_protein_ranking,L2,Q07889,30112,FAIL
ligunity_protein_ranking,L2,Q08210,3364,lmdb
ligunity_protein_ranking,L2,Q08345,17215,lmdb
ligunity_protein_ranking,L2,Q08499,10902,lmdb
ligunity_protein_ranking,L2,Q09472,5707,lmdb
ligunity_protein_ranking,L2,Q12866,44573,lmdb
ligunity_protein_ranking,L2,Q12879,611,lmdb
ligunity_protein_ranking,L2,Q12884,6214,FAIL
ligunity_protein_ranking,L2,Q12931,561,lmdb
ligunity_protein_ranking,L2,Q13043,765,lmdb
ligunity_protein_ranking,L2,Q13085,1172,lmdb
ligunity_protein_ranking,L2,Q13133,560,lmdb
ligunity_protein_ranking,L2,Q13153,813,lmdb
ligunity_protein_ranking,L2,Q13164,764,lmdb
ligunity_protein_ranking,L2,Q13224,2138,lmdb
ligunity_protein_ranking,L2,Q13315,10998,lmdb
ligunity_protein_ranking,L2,Q13451,1425,lmdb
ligunity_protein_ranking,L2,Q13464,9325,lmdb
ligunity_protein_ranking,L2,Q13490,10738,FAIL
ligunity_protein_ranking,L2,Q13526,714,lmdb
ligunity_protein_ranking,L2,Q13546,29958,lmdb
ligunity_protein_ranking,L2,Q13547,53195,lmdb
ligunity_protein_ranking,L2,Q13627,23539,lmdb
ligunity_protein_ranking,L2,Q13822,10035,lmdb
ligunity_protein_ranking,L2,Q13946,4740,lmdb
ligunity_protein_ranking,L2,Q14004,2138,lmdb
ligunity_protein_ranking,L2,Q14145,6319,lmdb
ligunity_protein_ranking,L2,Q14432,2393,lmdb
ligunity_protein_ranking,L2,Q14524,1834,lmdb
ligunity_protein_ranking,L2,Q14833,8712,lmdb
ligunity_protein_ranking,L2,Q14994,1122,lmdb
ligunity_protein_ranking,L2,Q15059,1886,lmdb
ligunity_protein_ranking,L2,Q15118,866,lmdb
ligunity_protein_ranking,L2,Q15119,5659,FAIL
ligunity_protein_ranking,L2,Q15125,9017,lmdb
ligunity_protein_ranking,L2,Q15561,19666,lmdb
ligunity_protein_ranking,L2,Q15858,33625,lmdb
ligunity_protein_ranking,L2,Q15910,37453,lmdb
ligunity_protein_ranking,L2,Q16288,8460,lmdb
ligunity_protein_ranking,L2,Q16539,1886,lmdb
ligunity_protein_ranking,L2,Q16552,13346,lmdb
ligunity_protein_ranking,L2,Q16602,1222,lmdb
ligunity_protein_ranking,L2,Q16620,9586,lmdb
ligunity_protein_ranking,L2,Q16678,1578,lmdb
ligunity_protein_ranking,L2,Q16740,1631,lmdb
ligunity_protein_ranking,L2,Q16769,3416,lmdb
ligunity_protein_ranking,L2,Q16790,12738,lmdb
ligunity_protein_ranking,L2,Q16873,560,lmdb
ligunity_protein_ranking,L2,Q2M2I8,3212,lmdb
ligunity_protein_ranking,L2,Q32ZE1,7646,lmdb
ligunity_protein_ranking,L2,Q3TBT3,713,lmdb
ligunity_protein_ranking,L2,Q460N5,1224,lmdb
ligunity_protein_ranking,L2,Q58F21,1988,lmdb
ligunity_protein_ranking,L2,Q5S007,38710,FAIL
ligunity_protein_ranking,L2,Q64610,2800,lmdb
ligunity_protein_ranking,L2,Q6P179,866,lmdb
ligunity_protein_ranking,L2,Q6V1X1,3513,lmdb
ligunity_protein_ranking,L2,Q72547,3259,lmdb
ligunity_protein_ranking,L2,Q86TI2,2851,lmdb
ligunity_protein_ranking,L2,Q86U44,2952,lmdb
ligunity_protein_ranking,L2,Q86W56,17373,lmdb
ligunity_protein_ranking,L2,Q86WV6,8664,lmdb
ligunity_protein_ranking,L2,Q86X55,2392,lmdb
ligunity_protein_ranking,L2,Q8IVH8,16916,lmdb
ligunity_protein_ranking,L2,Q8IXJ6,866,lmdb
ligunity_protein_ranking,L2,Q8IYT8,561,lmdb
ligunity_protein_ranking,L2,Q8N884,15690,lmdb
ligunity_protein_ranking,L2,Q8NEB9,2906,lmdb
ligunity_protein_ranking,L2,Q8NER1,2241,lmdb
ligunity_protein_ranking,L2,Q8NET8,15076,lmdb
ligunity_protein_ranking,L2,Q8NFU5,3361,lmdb
ligunity_protein_ranking,L2,Q8NI77,55528,lmdb
ligunity_protein_ranking,L2,Q8R4B8,2954,lmdb
ligunity_protein_ranking,L2,Q8TDV5,1527,lmdb
ligunity_protein_ranking,L2,Q8TF76,1886,lmdb
ligunity_protein_ranking,L2,Q92633,28537,lmdb
ligunity_protein_ranking,L2,Q92769,17222,lmdb
ligunity_protein_ranking,L2,Q92793,22264,lmdb
ligunity_protein_ranking,L2,Q92831,2091,lmdb
ligunity_protein_ranking,L2,Q92918,115706,lmdb
ligunity_protein_ranking,L2,Q92993,4737,lmdb
ligunity_protein_ranking,L2,Q93009,14926,lmdb
ligunity_protein_ranking,L2,Q96GG9,25985,lmdb
ligunity_protein_ranking,L2,Q96KQ7,1733,lmdb
ligunity_protein_ranking,L2,Q96P20,22618,lmdb
ligunity_protein_ranking,L2,Q96RI1,3107,lmdb
ligunity_protein_ranking,L2,Q96S37,1529,lmdb
ligunity_protein_ranking,L2,Q96SW2,34286,lmdb
ligunity_protein_ranking,L2,Q99558,2802,lmdb
ligunity_protein_ranking,L2,Q99571,2498,lmdb
ligunity_protein_ranking,L2,Q99572,1377,lmdb
ligunity_protein_ranking,L2,Q99640,14564,lmdb
ligunity_protein_ranking,L2,Q99683,3871,lmdb
ligunity_protein_ranking,L2,Q99685,19364,lmdb
ligunity_protein_ranking,L2,Q99720,2141,lmdb
ligunity_protein_ranking,L2,Q99814,5810,lmdb
ligunity_protein_ranking,L2,Q99873,1527,lmdb
ligunity_protein_ranking,L2,Q9BUB5,5908,lmdb
ligunity_protein_ranking,L2,Q9BY41,20024,lmdb
ligunity_protein_ranking,L2,Q9BZP6,662,lmdb
ligunity_protein_ranking,L2,Q9C0B1,1528,lmdb
ligunity_protein_ranking,L2,Q9GZT9,3973,lmdb
ligunity_protein_ranking,L2,Q9H2K2,4073,lmdb
ligunity_protein_ranking,L2,Q9H3N8,2802,lmdb
ligunity_protein_ranking,L2,Q9H7B4,1274,lmdb
ligunity_protein_ranking,L2,Q9H8M2,19914,lmdb
ligunity_protein_ranking,L2,Q9H999,4127,lmdb
ligunity_protein_ranking,L2,Q9HAZ1,6878,lmdb
ligunity_protein_ranking,L2,Q9HBH9,5299,lmdb
ligunity_protein_ranking,L2,Q9NQS5,2346,lmdb
ligunity_protein_ranking,L2,Q9NR48,1784,lmdb
ligunity_protein_ranking,L2,Q9NR97,2955,lmdb
ligunity_protein_ranking,L2,Q9NSY1,3462,lmdb
ligunity_protein_ranking,L2,Q9NWZ3,74282,lmdb
ligunity_protein_ranking,L2,Q9NXS2,2088,lmdb
ligunity_protein_ranking,L2,Q9NYL2,612,lmdb
ligunity_protein_ranking,L2,Q9NYV4,14369,lmdb
ligunity_protein_ranking,L2,Q9NZQ7,44625,lmdb
ligunity_protein_ranking,L2,Q9P1W9,967,lmdb
ligunity_protein_ranking,L2,Q9UQB9,764,lmdb
ligunity_protein_ranking,L2,Q9UQD0,16404,lmdb
ligunity_protein_ranking,L2,Q9Y233,4126,lmdb
ligunity_protein_ranking,L2,Q9Y251,2691,FAIL
ligunity_protein_ranking,L2,Q9Y2K2,2242,lmdb
ligunity_protein_ranking,L2,Q9Y572,1528,lmdb
ligunity_protein_ranking,L2,Q9Y5N1,1427,lmdb
ligunity_protein_ranking,L2,Q9Y5Y6,1527,lmdb
ligunity_protein_ranking,L2,Q9Y5Y9,32199,lmdb
ligunity_protein_ranking,L2,Q9Y5Z0,16141,lmdb
ligunity_protein_ranking,L2,Q9Y657,561,lmdb
ligunity_protein_ranking,L2,Q9Z1M0,560,lmdb
ligunity_protein_ranking,L3,A0A1D8PKB4,610,FAIL
ligunity_protein_ranking,L3,C7FF05,4686,lmdb
ligunity_protein_ranking,L3,O14638,4636,lmdb
ligunity_protein_ranking,L3,O43526,1373,lmdb
ligunity_protein_ranking,L3,O94921,5096,lmdb
ligunity_protein_ranking,L3,P01111,23907,lmdb
ligunity_protein_ranking,L3,P05556,1371,FAIL
ligunity_protein_ranking,L3,P05622,19254,lmdb
ligunity_protein_ranking,L3,P06802,2087,lmdb
ligunity_protein_ranking,L3,P08515,1173,lmdb
ligunity_protein_ranking,L3,P08519,3819,lmdb
ligunity_protein_ranking,L3,P09487,560,lmdb
ligunity_protein_ranking,L3,P0DTC1,43566,FAIL
ligunity_protein_ranking,L3,P11498,1172,FAIL
ligunity_protein_ranking,L3,P11926,713,lmdb
ligunity_protein_ranking,L3,P17787,610,FAIL
ligunity_protein_ranking,L3,P18564,1835,lmdb
ligunity_protein_ranking,L3,P28347,12125,lmdb
ligunity_protein_ranking,L3,P30405,3973,FAIL
ligunity_protein_ranking,L3,P30518,1937,lmdb
ligunity_protein_ranking,L3,P36222,4435,FAIL
ligunity_protein_ranking,L3,P37288,5606,lmdb
ligunity_protein_ranking,L3,P40879,1019,lmdb
ligunity_protein_ranking,L3,P43220,6575,lmdb
ligunity_protein_ranking,L3,P43250,1121,lmdb
ligunity_protein_ranking,L3,P51684,561,lmdb
ligunity_protein_ranking,L3,P56450,662,lmdb
ligunity_protein_ranking,L3,P56528,5248,lmdb
ligunity_protein_ranking,L3,P97821,4230,lmdb
ligunity_protein_ranking,L3,Q00959,764,FAIL
ligunity_protein_ranking,L3,Q00961,1069,lmdb
ligunity_protein_ranking,L3,Q02779,815,lmdb
ligunity_protein_ranking,L3,Q14123,2039,lmdb
ligunity_protein_ranking,L3,Q15391,1424,lmdb
ligunity_protein_ranking,L3,Q15562,9173,lmdb
ligunity_protein_ranking,L3,Q15878,7697,lmdb
ligunity_protein_ranking,L3,Q16665,1427,lmdb
ligunity_protein_ranking,L3,Q62645,763,lmdb
ligunity_protein_ranking,L3,Q8R431,714,lmdb
ligunity_protein_ranking,L3,Q92830,8104,lmdb
ligunity_protein_ranking,L3,Q96LB1,3515,lmdb
ligunity_protein_ranking,L3,Q99594,5193,lmdb
ligunity_protein_ranking,L3,Q9HCR9,2037,lmdb
ligunity_protein_ranking,L3,Q9NP56,3618,FAIL
ligunity_protein_ranking,L3,Q9NPC1,867,lmdb
ligunity_protein_ranking,L3,Q9NR22,559,lmdb
ligunity_protein_ranking,L3,Q9Y4K4,510,lmdb
ligunity_protein_ranking,L3,Q9Y6M4,1732,lmdb
ligunity_protein_ranking,L4,B4RNM9,2958,lmdb
ligunity_protein_ranking,L4,C9J9Y7,30670,lmdb
ligunity_protein_ranking,L4,I6WXK4,1173,lmdb
ligunity_protein_ranking,L4,J9SQF3,33108,lmdb
ligunity_protein_ranking,L4,O00187,17213,FAIL
ligunity_protein_ranking,L4,O00411,11568,lmdb
ligunity_protein_ranking,L4,O00443,5042,lmdb
ligunity_protein_ranking,L4,O00748,969,lmdb
ligunity_protein_ranking,L4,O00750,866,lmdb
ligunity_protein_ranking,L4,O00767,1886,lmdb
ligunity_protein_ranking,L4,O14578,7743,lmdb
ligunity_protein_ranking,L4,O14874,5400,lmdb
ligunity_protein_ranking,L4,O14929,1731,lmdb
ligunity_protein_ranking,L4,O14980,2495,lmdb
ligunity_protein_ranking,L4,O15393,2036,FAIL
ligunity_protein_ranking,L4,O42275,6011,lmdb
ligunity_protein_ranking,L4,O54890,510,lmdb
ligunity_protein_ranking,L4,O60285,1885,FAIL
ligunity_protein_ranking,L4,O60331,1683,lmdb
ligunity_protein_ranking,L4,O60427,12028,lmdb
ligunity_protein_ranking,L4,O60563,7949,FAIL
ligunity_protein_ranking,L4,O75106,3107,lmdb
ligunity_protein_ranking,L4,O75143,1833,lmdb
ligunity_protein_ranking,L4,O75365,1275,lmdb
ligunity_protein_ranking,L4,O75747,11664,FAIL
ligunity_protein_ranking,L4,O75909,8612,FAIL
ligunity_protein_ranking,L4,O77963,6980,lmdb
ligunity_protein_ranking,L4,O88634,3364,lmdb
ligunity_protein_ranking,L4,O94782,20685,lmdb
ligunity_protein_ranking,L4,O94956,509,lmdb
ligunity_protein_ranking,L4,O95069,917,lmdb
ligunity_protein_ranking,L4,O95278,917,lmdb
ligunity_protein_ranking,L4,O95835,3720,lmdb
ligunity_protein_ranking,L4,O95931,2088,lmdb
ligunity_protein_ranking,L4,P01127,10495,lmdb
ligunity_protein_ranking,L4,P01584,1579,lmdb
ligunity_protein_ranking,L4,P04296,9680,lmdb
ligunity_protein_ranking,L4,P05067,4378,FAIL
ligunity_protein_ranking,L4,P08546,4178,lmdb
ligunity_protein_ranking,L4,P08648,510,lmdb
ligunity_protein_ranking,L4,P09391,560,lmdb
ligunity_protein_ranking,L4,P09871,21444,lmdb
ligunity_protein_ranking,L4,P09936,714,lmdb
ligunity_protein_ranking,L4,P0AES4,6778,lmdb
ligunity_protein_ranking,L4,P10636,560,lmdb
ligunity_protein_ranking,L4,P11166,3515,FAIL
ligunity_protein_ranking,L4,P11169,663,lmdb
ligunity_protein_ranking,L4,P12955,663,lmdb
ligunity_protein_ranking,L4,P13612,47323,lmdb
ligunity_protein_ranking,L4,P14060,3768,lmdb
ligunity_protein_ranking,L4,P14416,16307,lmdb
ligunity_protein_ranking,L4,P14672,1985,lmdb
ligunity_protein_ranking,L4,P15692,3007,lmdb
ligunity_protein_ranking,L4,P15823,561,lmdb
ligunity_protein_ranking,L4,P16101,5904,lmdb
ligunity_protein_ranking,L4,P16406,1477,lmdb
ligunity_protein_ranking,L4,P16788,23125,lmdb
ligunity_protein_ranking,L4,P17927,3513,lmdb
ligunity_protein_ranking,L4,P17948,4791,lmdb
ligunity_protein_ranking,L4,P18510,612,lmdb
ligunity_protein_ranking,L4,P18848,2038,lmdb
ligunity_protein_ranking,L4,P19525,9223,lmdb
ligunity_protein_ranking,L4,P20648,5708,lmdb
ligunity_protein_ranking,L4,P21842,2497,FAIL
ligunity_protein_ranking,L4,P21917,3312,lmdb
ligunity_protein_ranking,L4,P22001,17880,lmdb
ligunity_protein_ranking,L4,P22629,1172,lmdb
ligunity_protein_ranking,L4,P22681,814,lmdb
ligunity_protein_ranking,L4,P22830,867,lmdb
ligunity_protein_ranking,L4,P23743,27713,lmdb
ligunity_protein_ranking,L4,P24385,10854,FAIL
ligunity_protein_ranking,L4,P24530,510,lmdb
ligunity_protein_ranking,L4,P24863,918,lmdb
ligunity_protein_ranking,L4,P24864,3466,FAIL
ligunity_protein_ranking,L4,P25101,815,lmdb
ligunity_protein_ranking,L4,P25322,1579,lmdb
ligunity_protein_ranking,L4,P25929,5198,lmdb
ligunity_protein_ranking,L4,P26012,1273,lmdb
ligunity_protein_ranking,L4,P27986,3364,lmdb
ligunity_protein_ranking,L4,P28223,61144,lmdb
ligunity_protein_ranking,L4,P29371,1326,lmdb
ligunity_protein_ranking,L4,P30550,662,FAIL
ligunity_protein_ranking,L4,P30990,3874,lmdb
ligunity_protein_ranking,L4,P31350,816,lmdb
ligunity_protein_ranking,L4,P34969,5145,lmdb
ligunity_protein_ranking,L4,P35348,764,lmdb
ligunity_protein_ranking,L4,P35462,5553,lmdb
ligunity_protein_ranking,L4,P35869,1833,lmdb
ligunity_protein_ranking,L4,P37059,2396,lmdb
ligunity_protein_ranking,L4,P37840,5857,lmdb
ligunity_protein_ranking,L4,P38158,560,lmdb
ligunity_protein_ranking,L4,P41235,916,lmdb
ligunity_protein_ranking,L4,P42226,2193,lmdb
ligunity_protein_ranking,L4,P43251,1428,lmdb
ligunity_protein_ranking,L4,P43341,7795,lmdb
ligunity_protein_ranking,L4,P43354,1780,lmdb
ligunity_protein_ranking,L4,P46976,1121,lmdb
ligunity_protein_ranking,L4,P48025,663,lmdb
ligunity_protein_ranking,L4,P48048,1528,lmdb
ligunity_protein_ranking,L4,P48549,1121,lmdb
ligunity_protein_ranking,L4,P49238,968,lmdb
ligunity_protein_ranking,L4,P49721,765,lmdb
ligunity_protein_ranking,L4,P49959,612,lmdb
ligunity_protein_ranking,L4,P50052,10903,lmdb
ligunity_protein_ranking,L4,P51946,5300,FAIL
ligunity_protein_ranking,L4,P52429,4124,lmdb
ligunity_protein_ranking,L4,P54278,4331,lmdb
ligunity_protein_ranking,L4,P57059,4281,lmdb
ligunity_protein_ranking,L4,P62837,1986,lmdb
ligunity_protein_ranking,L4,P95160,1172,lmdb
ligunity_protein_ranking,L4,P97639,1223,lmdb
ligunity_protein_ranking,L4,Q01538,66335,FAIL
ligunity_protein_ranking,L4,Q01973,1120,lmdb
ligunity_protein_ranking,L4,Q02974,1325,lmdb
ligunity_protein_ranking,L4,Q03164,13648,FAIL
ligunity_protein_ranking,L4,Q04912,561,lmdb
ligunity_protein_ranking,L4,Q06830,1528,lmdb
ligunity_protein_ranking,L4,Q08211,36023,lmdb
ligunity_protein_ranking,L4,Q08828,3464,lmdb
ligunity_protein_ranking,L4,Q10469,8712,lmdb
ligunity_protein_ranking,L4,Q12809,1986,FAIL
ligunity_protein_ranking,L4,Q13094,1529,FAIL
ligunity_protein_ranking,L4,Q13191,62765,lmdb
ligunity_protein_ranking,L4,Q13233,2957,lmdb
ligunity_protein_ranking,L4,Q13535,24306,FAIL
ligunity_protein_ranking,L4,Q13541,18038,lmdb
ligunity_protein_ranking,L4,Q13564,1171,lmdb
ligunity_protein_ranking,L4,Q13574,29346,lmdb
ligunity_protein_ranking,L4,Q13639,2496,lmdb
ligunity_protein_ranking,L4,Q13686,2038,lmdb
ligunity_protein_ranking,L4,Q13724,26950,FAIL
ligunity_protein_ranking,L4,Q14191,76779,lmdb
ligunity_protein_ranking,L4,Q14721,1528,lmdb
ligunity_protein_ranking,L4,Q15040,1221,lmdb
ligunity_protein_ranking,L4,Q15078,2649,FAIL
ligunity_protein_ranking,L4,Q15116,5454,FAIL
ligunity_protein_ranking,L4,Q15369,560,lmdb
ligunity_protein_ranking,L4,Q15726,1377,lmdb
ligunity_protein_ranking,L4,Q16204,1530,lmdb
ligunity_protein_ranking,L4,Q16236,4381,FAIL
ligunity_protein_ranking,L4,Q16531,25010,FAIL
ligunity_protein_ranking,L4,Q16548,663,lmdb
ligunity_protein_ranking,L4,Q16739,15737,lmdb
ligunity_protein_ranking,L4,Q16832,16614,lmdb
ligunity_protein_ranking,L4,Q16853,4282,FAIL
ligunity_protein_ranking,L4,Q29550,765,lmdb
ligunity_protein_ranking,L4,Q2FYS5,1478,lmdb
ligunity_protein_ranking,L4,Q3SYC2,765,lmdb
ligunity_protein_ranking,L4,Q5JRX3,2905,lmdb
ligunity_protein_ranking,L4,Q5M868,4025,lmdb
ligunity_protein_ranking,L4,Q60795,1373,lmdb
ligunity_protein_ranking,L4,Q695T7,10237,lmdb
ligunity_protein_ranking,L4,Q6NS38,713,lmdb
ligunity_protein_ranking,L4,Q6SZW1,12377,lmdb
ligunity_protein_ranking,L4,Q70CQ3,11771,lmdb
ligunity_protein_ranking,L4,Q7Z3E1,29244,lmdb
ligunity_protein_ranking,L4,Q7Z5P4,45534,FAIL
ligunity_protein_ranking,L4,Q86SK9,2745,lmdb
ligunity_protein_ranking,L4,Q86UE8,3463,lmdb
ligunity_protein_ranking,L4,Q86YV6,714,lmdb
ligunity_protein_ranking,L4,Q8BHB0,1425,lmdb
ligunity_protein_ranking,L4,Q8IU80,765,lmdb
ligunity_protein_ranking,L4,Q8IVG9,714,lmdb
ligunity_protein_ranking,L4,Q8IWV7,510,lmdb
ligunity_protein_ranking,L4,Q8N1C3,10239,lmdb
ligunity_protein_ranking,L4,Q8NEV1,560,FAIL
ligunity_protein_ranking,L4,Q8NFR9,1171,lmdb
ligunity_protein_ranking,L4,Q8NHG7,4582,lmdb
ligunity_protein_ranking,L4,Q8TAF3,2191,lmdb
ligunity_protein_ranking,L4,Q8TD08,561,lmdb
ligunity_protein_ranking,L4,Q8TDU9,510,lmdb
ligunity_protein_ranking,L4,Q8VCR2,1172,lmdb
ligunity_protein_ranking,L4,Q8WXE1,5505,lmdb
ligunity_protein_ranking,L4,Q8WYB5,9783,lmdb
ligunity_protein_ranking,L4,Q91WP0,8867,FAIL
ligunity_protein_ranking,L4,Q92551,9779,lmdb
ligunity_protein_ranking,L4,Q92743,611,lmdb
ligunity_protein_ranking,L4,Q92794,43768,FAIL
ligunity_protein_ranking,L4,Q92905,1172,lmdb
ligunity_protein_ranking,L4,Q92932,26032,lmdb
ligunity_protein_ranking,L4,Q96DB2,3617,lmdb
ligunity_protein_ranking,L4,Q96GX5,13140,lmdb
ligunity_protein_ranking,L4,Q96KP4,5603,FAIL
ligunity_protein_ranking,L4,Q96PC2,2244,lmdb
ligunity_protein_ranking,L4,Q96PD7,3413,lmdb
ligunity_protein_ranking,L4,Q96QP1,22674,lmdb
ligunity_protein_ranking,L4,Q96RU2,2443,lmdb
ligunity_protein_ranking,L4,Q99705,1683,lmdb
ligunity_protein_ranking,L4,Q99788,2243,lmdb
ligunity_protein_ranking,L4,Q99986,1934,lmdb
ligunity_protein_ranking,L4,Q9BQ50,5911,lmdb
ligunity_protein_ranking,L4,Q9BVC4,509,lmdb
ligunity_protein_ranking,L4,Q9BW19,9930,lmdb
ligunity_protein_ranking,L4,Q9BY08,1987,lmdb
ligunity_protein_ranking,L4,Q9BZ95,559,lmdb
ligunity_protein_ranking,L4,Q9CVD2,816,lmdb
ligunity_protein_ranking,L4,Q9DGD3,3768,lmdb
ligunity_protein_ranking,L4,Q9GZQ6,1273,lmdb
ligunity_protein_ranking,L4,Q9GZZ6,560,lmdb
ligunity_protein_ranking,L4,Q9H093,560,FAIL
ligunity_protein_ranking,L4,Q9H0K1,5552,lmdb
ligunity_protein_ranking,L4,Q9H299,764,lmdb
ligunity_protein_ranking,L4,Q9H300,816,lmdb
ligunity_protein_ranking,L4,Q9H7M9,1224,lmdb
ligunity_protein_ranking,L4,Q9H7Z6,1936,lmdb
ligunity_protein_ranking,L4,Q9HB14,765,lmdb
ligunity_protein_ranking,L4,Q9HC35,764,FAIL
ligunity_protein_ranking,L4,Q9HC84,9429,lmdb
ligunity_protein_ranking,L4,Q9HCE5,9834,lmdb
ligunity_protein_ranking,L4,Q9IWW8,917,lmdb
ligunity_protein_ranking,L4,Q9NPF7,2550,lmdb
ligunity_protein_ranking,L4,Q9NPH5,4892,lmdb
ligunity_protein_ranking,L4,Q9NR19,7233,lmdb
ligunity_protein_ranking,L4,Q9NR96,1936,lmdb
ligunity_protein_ranking,L4,Q9NSD7,765,lmdb
ligunity_protein_ranking,L4,Q9NSU2,5910,lmdb
ligunity_protein_ranking,L4,Q9NVM4,510,lmdb
ligunity_protein_ranking,L4,Q9NY59,1015,lmdb
ligunity_protein_ranking,L4,Q9WHN8,10245,lmdb
ligunity_protein_ranking,L4,Q9Y239,2955,lmdb
ligunity_protein_ranking,L4,Q9Y2I1,510,lmdb
ligunity_protein_ranking,L4,Q9Y2I7,20075,lmdb
ligunity_protein_ranking,L4,Q9Y4K0,2396,lmdb
ligunity_protein_ranking,L4,Q9Y5X5,867,lmdb
litenclip,L1,C7C422,1784,FAIL
litenclip,L1,O00141,1581,lmdb
litenclip,L1,O00329,9273,FAIL
litenclip,L1,O00444,662,lmdb
litenclip,L1,O00763,663,lmdb
litenclip,L1,O14744,1222,lmdb
litenclip,L1,O14757,662,lmdb
litenclip,L1,O14965,1172,lmdb
litenclip,L1,O15379,7189,lmdb
litenclip,L1,O43353,12518,lmdb
litenclip,L1,O43570,12736,FAIL
litenclip,L1,O60218,1682,lmdb
litenclip,L1,O60341,5301,lmdb
litenclip,L1,O60674,11614,lmdb
litenclip,L1,O60885,2954,lmdb
litenclip,L1,O75116,1733,lmdb
litenclip,L1,O75385,510,lmdb
litenclip,L1,O75417,509,lmdb
litenclip,L1,O75460,1732,lmdb
litenclip,L1,O75469,4179,lmdb
litenclip,L1,O75762,763,lmdb
litenclip,L1,O75874,1476,lmdb
litenclip,L1,O76074,2753,lmdb
litenclip,L1,O76083,764,lmdb
litenclip,L1,O95271,965,lmdb
litenclip,L1,O95819,816,lmdb
litenclip,L1,O96013,1071,lmdb
litenclip,L1,O96028,1121,lmdb
litenclip,L1,P00338,560,lmdb
litenclip,L1,P00352,510,lmdb
litenclip,L1,P00491,1325,lmdb
litenclip,L1,P00519,2393,lmdb
litenclip,L1,P00533,23791,lmdb
litenclip,L1,P00734,7595,lmdb
litenclip,L1,P00742,1019,lmdb
litenclip,L1,P00915,8612,FAIL
litenclip,L1,P00918,12485,FAIL
litenclip,L1,P01116,2593,lmdb
litenclip,L1,P03372,2038,lmdb
litenclip,L1,P04049,867,lmdb
litenclip,L1,P04626,4890,lmdb
litenclip,L1,P04629,3262,lmdb
litenclip,L1,P04798,3210,FAIL
litenclip,L1,P05089,2906,lmdb
litenclip,L1,P05177,2139,FAIL
litenclip,L1,P05771,561,lmdb
litenclip,L1,P05979,1530,lmdb
litenclip,L1,P06213,662,lmdb
litenclip,L1,P06239,3463,lmdb
litenclip,L1,P06276,2498,lmdb
litenclip,L1,P06493,1884,FAIL
litenclip,L1,P07333,5251,FAIL
litenclip,L1,P07550,612,lmdb
litenclip,L1,P07711,2091,lmdb
litenclip,L1,P07900,1479,FAIL
litenclip,L1,P07948,663,lmdb
litenclip,L1,P07949,2090,lmdb
litenclip,L1,P08069,2038,lmdb
litenclip,L1,P08173,662,FAIL
litenclip,L1,P08238,1377,lmdb
litenclip,L1,P08246,1476,lmdb
litenclip,L1,P08253,712,lmdb
litenclip,L1,P08581,3365,lmdb
litenclip,L1,P08908,2394,lmdb
litenclip,L1,P08913,1121,lmdb
litenclip,L1,P08922,1019,lmdb
litenclip,L1,P09874,8149,lmdb
litenclip,L1,P0C6U8,612,FAIL
litenclip,L1,P0DMS8,3507,FAIL
litenclip,L1,P0DTD1,21395,FAIL
litenclip,L1,P10275,765,FAIL
litenclip,L1,P10415,712,lmdb
litenclip,L1,P10721,1987,FAIL
litenclip,L1,P11309,2804,lmdb
litenclip,L1,P11362,2854,lmdb
litenclip,L1,P11511,712,lmdb
litenclip,L1,P11802,3620,FAIL
litenclip,L1,P12931,4634,lmdb
litenclip,L1,P13569,1019,lmdb
litenclip,L1,P14324,509,lmdb
litenclip,L1,P14618,612,lmdb
litenclip,L1,P14867,2295,lmdb
litenclip,L1,P14902,2548,lmdb
litenclip,L1,P14920,714,lmdb
litenclip,L1,P15056,2955,lmdb
litenclip,L1,P15121,916,lmdb
litenclip,L1,P15538,765,lmdb
litenclip,L1,P16083,815,lmdb
litenclip,L1,P16110,663,lmdb
litenclip,L1,P16234,1987,lmdb
litenclip,L1,P17252,1121,lmdb
litenclip,L1,P17706,867,lmdb
litenclip,L1,P17931,712,lmdb
litenclip,L1,P18031,5902,lmdb
litenclip,L1,P18089,815,lmdb
litenclip,L1,P18825,1020,lmdb
litenclip,L1,P19099,867,lmdb
litenclip,L1,P19634,1171,lmdb
litenclip,L1,P19793,813,FAIL
litenclip,L1,P21397,1071,lmdb
litenclip,L1,P21554,5096,lmdb
litenclip,L1,P21589,1222,lmdb
litenclip,L1,P21728,1223,lmdb
litenclip,L1,P21802,917,lmdb
litenclip,L1,P21918,610,lmdb
litenclip,L1,P21964,1527,lmdb
litenclip,L1,P22303,4536,lmdb
litenclip,L1,P22413,9628,lmdb
litenclip,L1,P22455,2803,lmdb
litenclip,L1,P22607,1019,lmdb
litenclip,L1,P22748,5699,lmdb
litenclip,L1,P23458,10037,FAIL
litenclip,L1,P23467,867,lmdb
litenclip,L1,P24941,2804,FAIL
litenclip,L1,P25440,660,lmdb
litenclip,L1,P25774,663,lmdb
litenclip,L1,P25779,559,lmdb
litenclip,L1,P27338,7900,lmdb
litenclip,L1,P27487,1681,lmdb
litenclip,L1,P28062,714,lmdb
litenclip,L1,P28074,1885,lmdb
litenclip,L1,P28221,815,lmdb
litenclip,L1,P28222,765,lmdb
litenclip,L1,P28335,4078,lmdb
litenclip,L1,P28482,763,lmdb
litenclip,L1,P28566,510,lmdb
litenclip,L1,P29274,714,FAIL
litenclip,L1,P29466,867,lmdb
litenclip,L1,P29597,9519,FAIL
litenclip,L1,P30291,1529,FAIL
litenclip,L1,P30530,2548,lmdb
litenclip,L1,P30542,1017,FAIL
litenclip,L1,P31153,3213,lmdb
litenclip,L1,P31639,561,lmdb
litenclip,L1,P31645,561,lmdb
litenclip,L1,P31749,6317,lmdb
litenclip,L1,P31751,1783,lmdb
litenclip,L1,P33981,1477,lmdb
litenclip,L1,P34913,6317,lmdb
litenclip,L1,P34914,5044,lmdb
litenclip,L1,P34972,3414,FAIL
litenclip,L1,P35354,2243,lmdb
litenclip,L1,P35367,510,lmdb
litenclip,L1,P35372,1427,lmdb
litenclip,L1,P35968,6924,lmdb
litenclip,L1,P36776,1020,lmdb
litenclip,L1,P36888,4282,lmdb
litenclip,L1,P36897,916,lmdb
litenclip,L1,P37231,867,lmdb
litenclip,L1,P41143,713,FAIL
litenclip,L1,P41145,9834,FAIL
litenclip,L1,P41182,3208,lmdb
litenclip,L1,P41240,915,lmdb
litenclip,L1,P41595,4634,FAIL
litenclip,L1,P42330,1682,lmdb
litenclip,L1,P42336,4536,lmdb
litenclip,L1,P42345,1683,FAIL
litenclip,L1,P43166,4126,lmdb
litenclip,L1,P43405,559,lmdb
litenclip,L1,P43490,867,lmdb
litenclip,L1,P45983,1733,FAIL
litenclip,L1,P45984,1631,FAIL
litenclip,L1,P47989,2804,lmdb
litenclip,L1,P48039,662,lmdb
litenclip,L1,P48735,560,lmdb
litenclip,L1,P48736,6319,FAIL
litenclip,L1,P49137,509,lmdb
litenclip,L1,P49286,914,lmdb
litenclip,L1,P49327,33880,lmdb
litenclip,L1,P49759,561,lmdb
litenclip,L1,P49760,662,FAIL
litenclip,L1,P49840,510,lmdb
litenclip,L1,P49841,1223,lmdb
litenclip,L1,P50053,1275,lmdb
litenclip,L1,P50406,3415,lmdb
litenclip,L1,P50613,1120,FAIL
litenclip,L1,P50750,3416,FAIL
litenclip,L1,P51449,2038,lmdb
litenclip,L1,P51531,867,lmdb
litenclip,L1,P51532,507,lmdb
litenclip,L1,P51617,765,lmdb
litenclip,L1,P51812,815,lmdb
litenclip,L1,P51813,764,lmdb
litenclip,L1,P51955,866,lmdb
litenclip,L1,P52333,13042,lmdb
litenclip,L1,P53350,1223,lmdb
litenclip,L1,P53634,2953,lmdb
litenclip,L1,P53779,1631,FAIL
litenclip,L1,P54646,1171,lmdb
litenclip,L1,P55055,661,FAIL
litenclip,L1,P56524,1428,lmdb
litenclip,L1,P56817,13247,lmdb
litenclip,L1,P61964,867,lmdb
litenclip,L1,P62937,917,lmdb
litenclip,L1,P68400,714,FAIL
litenclip,L1,P78527,509,lmdb
litenclip,L1,P78540,815,lmdb
litenclip,L1,P80457,1631,lmdb
litenclip,L1,Q00534,561,lmdb
litenclip,L1,Q00535,968,FAIL
litenclip,L1,Q01650,918,lmdb
litenclip,L1,Q02127,3766,lmdb
litenclip,L1,Q02750,713,lmdb
litenclip,L1,Q03181,764,lmdb
litenclip,L1,Q04609,1836,lmdb
litenclip,L1,Q04759,968,lmdb
litenclip,L1,Q05397,4588,lmdb
litenclip,L1,Q05586,2240,FAIL
litenclip,L1,Q06124,1424,lmdb
litenclip,L1,Q06187,18092,lmdb
litenclip,L1,Q07343,2396,lmdb
litenclip,L1,Q07422,612,lmdb
litenclip,L1,Q07817,709,lmdb
litenclip,L1,Q07820,2647,lmdb
litenclip,L1,Q07869,764,lmdb
litenclip,L1,Q07889,1070,FAIL
litenclip,L1,Q07912,510,lmdb
litenclip,L1,Q08345,968,lmdb
litenclip,L1,Q08499,917,lmdb
litenclip,L1,Q08881,815,lmdb
litenclip,L1,Q12866,2292,lmdb
litenclip,L1,Q12879,865,lmdb
litenclip,L1,Q12884,2446,lmdb
litenclip,L1,Q13043,2549,lmdb
litenclip,L1,Q13085,612,lmdb
litenclip,L1,Q13131,1326,lmdb
litenclip,L1,Q13133,815,FAIL
litenclip,L1,Q13164,815,lmdb
litenclip,L1,Q13188,2548,lmdb
litenclip,L1,Q13224,1731,lmdb
litenclip,L1,Q13315,712,lmdb
litenclip,L1,Q13464,1119,lmdb
litenclip,L1,Q13526,1018,lmdb
litenclip,L1,Q13546,2753,lmdb
litenclip,L1,Q13547,18393,lmdb
litenclip,L1,Q13627,5653,lmdb
litenclip,L1,Q13822,1426,lmdb
litenclip,L1,Q13946,610,lmdb
litenclip,L1,Q14145,663,lmdb
litenclip,L1,Q14289,1018,lmdb
litenclip,L1,Q15059,2193,lmdb
litenclip,L1,Q15118,662,lmdb
litenclip,L1,Q15303,712,lmdb
litenclip,L1,Q15561,2905,lmdb
litenclip,L1,Q15910,1581,lmdb
litenclip,L1,Q16288,1020,lmdb
litenclip,L1,Q16512,816,lmdb
litenclip,L1,Q16539,713,FAIL
litenclip,L1,Q16620,967,lmdb
litenclip,L1,Q16678,5450,lmdb
litenclip,L1,Q16769,1375,lmdb
litenclip,L1,Q16790,10448,FAIL
litenclip,L1,Q2M2I8,1479,lmdb
litenclip,L1,Q5S007,1478,lmdb
litenclip,L1,Q5TCY1,816,lmdb
litenclip,L1,Q6GI75,816,lmdb
litenclip,L1,Q6P179,611,lmdb
litenclip,L1,Q72547,1785,lmdb
litenclip,L1,Q86W56,2139,lmdb
litenclip,L1,Q86WV6,1275,lmdb
litenclip,L1,Q86X55,2446,lmdb
litenclip,L1,Q86YT5,816,lmdb
litenclip,L1,Q8IXJ6,1222,lmdb
litenclip,L1,Q8N1Q1,510,lmdb
litenclip,L1,Q8N884,713,lmdb
litenclip,L1,Q8NEB9,663,lmdb
litenclip,L1,Q8NER1,510,lmdb
litenclip,L1,Q8R4B8,1018,lmdb
litenclip,L1,Q8TF76,663,lmdb
litenclip,L1,Q8WUI4,865,lmdb
litenclip,L1,Q92769,6469,lmdb
litenclip,L1,Q92793,612,lmdb
litenclip,L1,Q92918,8204,lmdb
litenclip,L1,Q93009,813,lmdb
litenclip,L1,Q96EB6,561,lmdb
litenclip,L1,Q96GD4,1224,lmdb
litenclip,L1,Q96KQ7,1527,lmdb
litenclip,L1,Q96LA8,611,lmdb
litenclip,L1,Q96MU7,560,lmdb
litenclip,L1,Q96P20,1224,lmdb
litenclip,L1,Q96RI1,660,FAIL
litenclip,L1,Q96S37,1223,lmdb
litenclip,L1,Q99640,2291,lmdb
litenclip,L1,Q99683,815,lmdb
litenclip,L1,Q99685,560,lmdb
litenclip,L1,Q99720,3208,lmdb
litenclip,L1,Q99873,1730,lmdb
litenclip,L1,Q9BUB5,662,lmdb
litenclip,L1,Q9BV86,714,lmdb
litenclip,L1,Q9BY41,5301,lmdb
litenclip,L1,Q9C0B1,4130,lmdb
litenclip,L1,Q9GZQ8,916,lmdb
litenclip,L1,Q9H2K2,1734,lmdb
litenclip,L1,Q9H999,1428,lmdb
litenclip,L1,Q9H9B1,916,FAIL
litenclip,L1,Q9HBH9,612,lmdb
litenclip,L1,Q9NQS5,663,lmdb
litenclip,L1,Q9NWZ3,4633,lmdb
litenclip,L1,Q9NXA8,662,lmdb
litenclip,L1,Q9NYV4,714,lmdb
litenclip,L1,Q9NZQ7,4333,lmdb
litenclip,L1,Q9P1W9,1172,lmdb
litenclip,L1,Q9UQB9,510,lmdb
litenclip,L1,Q9UQD0,765,lmdb
litenclip,L1,Q9Y233,2140,lmdb
litenclip,L1,Q9Y2K2,1935,lmdb
litenclip,L1,Q9Y2R2,611,lmdb
litenclip,L1,Q9Y463,1224,lmdb
litenclip,L1,Q9Y5Y9,2088,lmdb
litenclip,L1,Q9Y5Z0,11569,lmdb
litenclip,L2,C7C422,3720,FAIL
litenclip,L2,I6YFP0,559,lmdb
litenclip,L2,O00141,1733,lmdb
litenclip,L2,O00255,20330,lmdb
litenclip,L2,O00329,41723,FAIL
litenclip,L2,O00444,1835,lmdb
litenclip,L2,O00763,2345,lmdb
litenclip,L2,O14684,6371,lmdb
litenclip,L2,O14733,815,lmdb
litenclip,L2,O14744,41468,lmdb
litenclip,L2,O14757,9683,lmdb
litenclip,L2,O14842,918,lmdb
litenclip,L2,O14965,2597,lmdb
litenclip,L2,O14976,1680,lmdb
litenclip,L2,O15151,561,lmdb
litenclip,L2,O15379,21046,lmdb
litenclip,L2,O43318,765,lmdb
litenclip,L2,O43353,15132,lmdb
litenclip,L2,O43497,7896,lmdb
litenclip,L2,O43570,12175,lmdb
litenclip,L2,O43613,5042,lmdb
litenclip,L2,O43614,7392,lmdb
litenclip,L2,O43924,713,lmdb
litenclip,L2,O60341,41115,lmdb
litenclip,L2,O60502,15337,lmdb
litenclip,L2,O60674,38669,lmdb
litenclip,L2,O60760,1581,lmdb
litenclip,L2,O60885,29355,lmdb
litenclip,L2,O75116,15337,lmdb
litenclip,L2,O75173,4228,lmdb
litenclip,L2,O75385,20778,lmdb
litenclip,L2,O75417,96122,lmdb
litenclip,L2,O75460,14163,lmdb
litenclip,L2,O75762,12266,lmdb
litenclip,L2,O75874,3059,lmdb
litenclip,L2,O75936,1171,lmdb
litenclip,L2,O76074,1427,lmdb
litenclip,L2,O76083,8151,lmdb
litenclip,L2,O95271,2804,lmdb
litenclip,L2,O95497,6012,lmdb
litenclip,L2,O95819,3364,lmdb
litenclip,L2,O96013,1782,lmdb
litenclip,L2,O96017,3312,lmdb
litenclip,L2,O96028,3923,lmdb
litenclip,L2,P00338,5148,lmdb
litenclip,L2,P00519,14973,lmdb
litenclip,L2,P00533,104283,lmdb
litenclip,L2,P00734,3669,lmdb
litenclip,L2,P00742,3362,lmdb
litenclip,L2,P00746,18546,lmdb
litenclip,L2,P00748,1578,lmdb
litenclip,L2,P00751,7433,FAIL
litenclip,L2,P00797,1884,lmdb
litenclip,L2,P00915,11360,lmdb
litenclip,L2,P00918,17323,lmdb
litenclip,L2,P01116,145493,FAIL
litenclip,L2,P01375,1071,lmdb
litenclip,L2,P02753,1172,lmdb
litenclip,L2,P03372,11108,lmdb
litenclip,L2,P03951,5146,lmdb
litenclip,L2,P03952,6621,lmdb
litenclip,L2,P04049,33417,FAIL
litenclip,L2,P04150,14570,lmdb
litenclip,L2,P04293,18090,lmdb
litenclip,L2,P04585,712,lmdb
litenclip,L2,P04626,51136,lmdb
litenclip,L2,P04629,30457,lmdb
litenclip,L2,P04798,1734,lmdb
litenclip,L2,P04818,1326,lmdb
litenclip,L2,P05089,663,lmdb
litenclip,L2,P05177,1833,lmdb
litenclip,L2,P05981,714,lmdb
litenclip,L2,P06239,36427,lmdb
litenclip,L2,P06241,2753,lmdb
litenclip,L2,P06276,7078,lmdb
litenclip,L2,P06401,1018,lmdb
litenclip,L2,P06493,9483,FAIL
litenclip,L2,P06730,1171,lmdb
litenclip,L2,P06935,4587,lmdb
litenclip,L2,P07333,39376,lmdb
litenclip,L2,P07711,5750,lmdb
litenclip,L2,P07858,1477,lmdb
litenclip,L2,P07900,1783,lmdb
litenclip,L2,P07948,510,lmdb
litenclip,L2,P07949,13407,lmdb
litenclip,L2,P08069,18295,lmdb
litenclip,L2,P08172,2446,lmdb
litenclip,L2,P08173,3974,lmdb
litenclip,L2,P08183,1326,lmdb
litenclip,L2,P08238,2495,lmdb
litenclip,L2,P08246,509,lmdb
litenclip,L2,P08253,1274,lmdb
litenclip,L2,P08254,816,lmdb
litenclip,L2,P08581,42337,lmdb
litenclip,L2,P08684,1376,lmdb
litenclip,L2,P08908,10550,lmdb
litenclip,L2,P08912,1325,lmdb
litenclip,L2,P08922,2598,lmdb
litenclip,L2,P09237,1070,lmdb
litenclip,L2,P09238,866,lmdb
litenclip,L2,P09382,25723,lmdb
litenclip,L2,P09874,46976,lmdb
litenclip,L2,P09917,712,lmdb
litenclip,L2,P09960,764,lmdb
litenclip,L2,P0A017,1019,lmdb
litenclip,L2,P0A0K8,1326,lmdb
litenclip,L2,P0A725,1120,lmdb
litenclip,L2,P0AES6,1274,lmdb
litenclip,L2,P0DMS8,2549,lmdb
litenclip,L2,P0DTD1,97973,lmdb
litenclip,L2,P0DUB6,1989,lmdb
litenclip,L2,P10275,7384,FAIL
litenclip,L2,P10398,5246,lmdb
litenclip,L2,P10415,51307,FAIL
litenclip,L2,P10721,57170,lmdb
litenclip,L2,P11229,1221,lmdb
litenclip,L2,P11309,3363,lmdb
litenclip,L2,P11362,25524,lmdb
litenclip,L2,P11474,10140,lmdb
litenclip,L2,P11511,867,lmdb
litenclip,L2,P11802,71420,lmdb
litenclip,L2,P12931,3512,lmdb
litenclip,L2,P13569,2446,lmdb
litenclip,L2,P13866,560,lmdb
litenclip,L2,P13995,560,lmdb
litenclip,L2,P14207,1120,lmdb
litenclip,L2,P14555,763,FAIL
litenclip,L2,P14618,2038,lmdb
litenclip,L2,P14756,3620,lmdb
litenclip,L2,P14780,1629,lmdb
litenclip,L2,P14867,6316,lmdb
litenclip,L2,P14902,1782,lmdb
litenclip,L2,P15056,39182,lmdb
litenclip,L2,P15428,18398,lmdb
litenclip,L2,P15559,4274,lmdb
litenclip,L2,P16234,20178,lmdb
litenclip,L2,P17252,1529,lmdb
litenclip,L2,P17516,969,lmdb
litenclip,L2,P17612,764,lmdb
litenclip,L2,P17706,4585,lmdb
litenclip,L2,P17812,13850,FAIL
litenclip,L2,P17931,45798,lmdb
litenclip,L2,P18031,13142,lmdb
litenclip,L2,P18054,1784,lmdb
litenclip,L2,P18825,6367,lmdb
litenclip,L2,P19099,764,lmdb
litenclip,L2,P20309,1270,lmdb
litenclip,L2,P20618,3717,lmdb
litenclip,L2,P20831,1577,lmdb
litenclip,L2,P21397,1835,lmdb
litenclip,L2,P21554,2699,lmdb
litenclip,L2,P21589,8710,lmdb
litenclip,L2,P21728,1019,lmdb
litenclip,L2,P21802,24657,lmdb
litenclip,L2,P22303,10246,FAIL
litenclip,L2,P22413,26696,lmdb
litenclip,L2,P22455,5910,lmdb
litenclip,L2,P22607,19564,lmdb
litenclip,L2,P22748,867,lmdb
litenclip,L2,P22894,764,lmdb
litenclip,L2,P23458,31688,lmdb
litenclip,L2,P23467,3924,lmdb
litenclip,L2,P23921,510,lmdb
litenclip,L2,P23946,3616,lmdb
litenclip,L2,P23975,917,lmdb
litenclip,L2,P24941,82991,lmdb
litenclip,L2,P25440,1629,lmdb
litenclip,L2,P25774,1679,lmdb
litenclip,L2,P27338,6319,lmdb
litenclip,L2,P27487,5907,lmdb
litenclip,L2,P28062,1223,lmdb
litenclip,L2,P28065,1377,lmdb
litenclip,L2,P28074,16559,lmdb
litenclip,L2,P28335,15080,lmdb
litenclip,L2,P28482,33886,lmdb
litenclip,L2,P28845,765,lmdb
litenclip,L2,P28907,8453,lmdb
litenclip,L2,P29274,39590,lmdb
litenclip,L2,P29275,18241,lmdb
litenclip,L2,P29375,2394,lmdb
litenclip,L2,P29466,1070,lmdb
litenclip,L2,P29597,69898,FAIL
litenclip,L2,P30291,6062,lmdb
litenclip,L2,P30530,47280,lmdb
litenclip,L2,P30542,5806,lmdb
litenclip,L2,P30559,561,lmdb
litenclip,L2,P31153,27616,lmdb
litenclip,L2,P31391,5094,lmdb
litenclip,L2,P31639,611,lmdb
litenclip,L2,P31644,18297,lmdb
litenclip,L2,P31645,5556,lmdb
litenclip,L2,P31749,10852,lmdb
litenclip,L2,P31751,6010,lmdb
litenclip,L2,P32245,10596,lmdb
litenclip,L2,P32297,612,lmdb
litenclip,L2,P33981,2496,lmdb
litenclip,L2,P34913,3152,FAIL
litenclip,L2,P34914,10091,lmdb
litenclip,L2,P34947,2241,lmdb
litenclip,L2,P34972,3207,lmdb
litenclip,L2,P35354,5044,lmdb
litenclip,L2,P35367,1733,lmdb
litenclip,L2,P35372,10037,FAIL
litenclip,L2,P35408,2447,lmdb
litenclip,L2,P35968,47227,lmdb
litenclip,L2,P36544,1070,lmdb
litenclip,L2,P36776,4486,lmdb
litenclip,L2,P36888,25776,lmdb
litenclip,L2,P36897,14113,lmdb
litenclip,L2,P37023,816,lmdb
litenclip,L2,P39900,4225,lmdb
litenclip,L2,P40261,663,lmdb
litenclip,L2,P40337,1119,lmdb
litenclip,L2,P40763,2548,lmdb
litenclip,L2,P41143,4686,FAIL
litenclip,L2,P41145,26801,FAIL
litenclip,L2,P41146,2753,lmdb
litenclip,L2,P41182,20687,lmdb
litenclip,L2,P41240,8869,lmdb
litenclip,L2,P41594,1325,lmdb
litenclip,L2,P41595,2494,lmdb
litenclip,L2,P42330,3922,lmdb
litenclip,L2,P42336,43501,lmdb
litenclip,L2,P42345,4076,lmdb
litenclip,L2,P43116,1629,FAIL
litenclip,L2,P43166,1987,lmdb
litenclip,L2,P43235,561,lmdb
litenclip,L2,P43405,5299,lmdb
litenclip,L2,P43490,24555,lmdb
litenclip,L2,P43681,561,FAIL
litenclip,L2,P45452,1782,lmdb
litenclip,L2,P45983,1426,lmdb
litenclip,L2,P45984,2752,lmdb
litenclip,L2,P47205,7491,lmdb
litenclip,L2,P47989,714,lmdb
litenclip,L2,P48039,612,lmdb
litenclip,L2,P48729,6825,lmdb
litenclip,L2,P48730,7335,lmdb
litenclip,L2,P48735,1474,lmdb
litenclip,L2,P48736,11356,lmdb
litenclip,L2,P49137,662,lmdb
litenclip,L2,P49286,663,lmdb
litenclip,L2,P49327,559,lmdb
litenclip,L2,P49336,1783,lmdb
litenclip,L2,P49674,663,lmdb
litenclip,L2,P49759,6828,lmdb
litenclip,L2,P49760,13097,lmdb
litenclip,L2,P49761,7026,lmdb
litenclip,L2,P49840,80490,FAIL
litenclip,L2,P49841,71681,lmdb
litenclip,L2,P50053,48095,lmdb
litenclip,L2,P50406,2851,lmdb
litenclip,L2,P50613,8912,lmdb
litenclip,L2,P50750,9773,FAIL
litenclip,L2,P51449,2444,lmdb
litenclip,L2,P51531,4686,lmdb
litenclip,L2,P51532,4181,lmdb
litenclip,L2,P51617,2191,lmdb
litenclip,L2,P51813,2139,lmdb
litenclip,L2,P52333,36948,lmdb
litenclip,L2,P52895,612,lmdb
litenclip,L2,P53350,5449,lmdb
litenclip,L2,P53396,3008,lmdb
litenclip,L2,P53634,21144,lmdb
litenclip,L2,P53667,3159,lmdb
litenclip,L2,P53671,3363,lmdb
litenclip,L2,P53779,3310,lmdb
litenclip,L2,P54646,712,lmdb
litenclip,L2,P55055,611,lmdb
litenclip,L2,P56373,1377,lmdb
litenclip,L2,P56524,866,lmdb
litenclip,L2,P56817,17932,lmdb
litenclip,L2,P61073,2651,lmdb
litenclip,L2,P61964,2599,lmdb
litenclip,L2,P62937,5143,FAIL
litenclip,L2,P68400,11258,lmdb
litenclip,L2,P69996,560,lmdb
litenclip,L2,P78527,32194,lmdb
litenclip,L2,P80192,2956,lmdb
litenclip,L2,P80457,1581,lmdb
litenclip,L2,P97612,611,lmdb
litenclip,L2,P98170,10684,FAIL
litenclip,L2,P9WGR1,608,lmdb
litenclip,L2,Q00534,55593,FAIL
litenclip,L2,Q00535,2037,lmdb
litenclip,L2,Q00536,1731,lmdb
litenclip,L2,Q00960,3516,lmdb
litenclip,L2,Q00987,3311,lmdb
litenclip,L2,Q01064,35350,lmdb
litenclip,L2,Q01959,1274,lmdb
litenclip,L2,Q02127,5506,lmdb
litenclip,L2,Q02750,662,lmdb
litenclip,L2,Q03111,5092,lmdb
litenclip,L2,Q04609,5146,FAIL
litenclip,L2,Q04759,1887,lmdb
litenclip,L2,Q04771,2038,lmdb
litenclip,L2,Q04828,916,lmdb
litenclip,L2,Q05397,18797,lmdb
litenclip,L2,Q06124,24805,lmdb
litenclip,L2,Q06187,49767,lmdb
litenclip,L2,Q07343,9576,lmdb
litenclip,L2,Q07817,19209,lmdb
litenclip,L2,Q07820,5455,lmdb
litenclip,L2,Q07889,30112,FAIL
litenclip,L2,Q08210,3364,lmdb
litenclip,L2,Q08345,17215,lmdb
litenclip,L2,Q08499,10902,lmdb
litenclip,L2,Q09472,5707,lmdb
litenclip,L2,Q12866,44573,lmdb
litenclip,L2,Q12879,611,lmdb
litenclip,L2,Q12884,6214,FAIL
litenclip,L2,Q12931,561,lmdb
litenclip,L2,Q13043,765,lmdb
litenclip,L2,Q13085,1172,lmdb
litenclip,L2,Q13133,560,lmdb
litenclip,L2,Q13153,813,lmdb
litenclip,L2,Q13164,764,lmdb
litenclip,L2,Q13224,2138,lmdb
litenclip,L2,Q13315,10998,lmdb
litenclip,L2,Q13451,1425,lmdb
litenclip,L2,Q13464,9325,lmdb
litenclip,L2,Q13490,10738,FAIL
litenclip,L2,Q13526,714,lmdb
litenclip,L2,Q13546,29958,lmdb
litenclip,L2,Q13547,53195,lmdb
litenclip,L2,Q13627,23539,lmdb
litenclip,L2,Q13822,10035,lmdb
litenclip,L2,Q13946,4740,lmdb
litenclip,L2,Q14004,2138,lmdb
litenclip,L2,Q14145,6319,lmdb
litenclip,L2,Q14432,2393,lmdb
litenclip,L2,Q14524,1834,lmdb
litenclip,L2,Q14833,8712,lmdb
litenclip,L2,Q14994,1122,lmdb
litenclip,L2,Q15059,1886,lmdb
litenclip,L2,Q15118,866,lmdb
litenclip,L2,Q15119,5659,FAIL
litenclip,L2,Q15125,9017,lmdb
litenclip,L2,Q15561,19666,lmdb
litenclip,L2,Q15858,33625,lmdb
litenclip,L2,Q15910,37453,lmdb
litenclip,L2,Q16288,8460,lmdb
litenclip,L2,Q16539,1886,lmdb
litenclip,L2,Q16552,13346,lmdb
litenclip,L2,Q16602,1222,lmdb
litenclip,L2,Q16620,9586,lmdb
litenclip,L2,Q16678,1578,lmdb
litenclip,L2,Q16740,1631,lmdb
litenclip,L2,Q16769,3416,lmdb
litenclip,L2,Q16790,12738,lmdb
litenclip,L2,Q16873,560,lmdb
litenclip,L2,Q2M2I8,3212,lmdb
litenclip,L2,Q32ZE1,7646,lmdb
litenclip,L2,Q3TBT3,713,lmdb
litenclip,L2,Q460N5,1224,lmdb
litenclip,L2,Q58F21,1988,lmdb
litenclip,L2,Q5S007,38710,FAIL
litenclip,L2,Q64610,2800,lmdb
litenclip,L2,Q6P179,866,lmdb
litenclip,L2,Q6V1X1,3513,lmdb
litenclip,L2,Q72547,3259,lmdb
litenclip,L2,Q86TI2,2851,lmdb
litenclip,L2,Q86U44,2952,lmdb
litenclip,L2,Q86W56,17373,lmdb
litenclip,L2,Q86WV6,8664,lmdb
litenclip,L2,Q86X55,2392,lmdb
litenclip,L2,Q8IVH8,16916,lmdb
litenclip,L2,Q8IXJ6,866,lmdb
litenclip,L2,Q8IYT8,561,lmdb
litenclip,L2,Q8N884,15690,lmdb
litenclip,L2,Q8NEB9,2906,lmdb
litenclip,L2,Q8NER1,2241,lmdb
litenclip,L2,Q8NET8,15076,lmdb
litenclip,L2,Q8NFU5,3361,lmdb
litenclip,L2,Q8NI77,55528,lmdb
litenclip,L2,Q8R4B8,2954,lmdb
litenclip,L2,Q8TDV5,1527,lmdb
litenclip,L2,Q8TF76,1886,lmdb
litenclip,L2,Q92633,28537,lmdb
litenclip,L2,Q92769,17222,lmdb
litenclip,L2,Q92793,22264,lmdb
litenclip,L2,Q92831,2091,lmdb
litenclip,L2,Q92918,115706,lmdb
litenclip,L2,Q92993,4737,lmdb
litenclip,L2,Q93009,14926,lmdb
litenclip,L2,Q96GG9,25985,lmdb
litenclip,L2,Q96KQ7,1733,lmdb
litenclip,L2,Q96P20,22618,lmdb
litenclip,L2,Q96RI1,3107,lmdb
litenclip,L2,Q96S37,1529,lmdb
litenclip,L2,Q96SW2,34286,lmdb
litenclip,L2,Q99558,2802,lmdb
litenclip,L2,Q99571,2498,lmdb
litenclip,L2,Q99572,1377,lmdb
litenclip,L2,Q99640,14564,lmdb
litenclip,L2,Q99683,3871,lmdb
litenclip,L2,Q99685,19364,lmdb
litenclip,L2,Q99720,2141,lmdb
litenclip,L2,Q99814,5810,lmdb
litenclip,L2,Q99873,1527,lmdb
litenclip,L2,Q9BUB5,5908,lmdb
litenclip,L2,Q9BY41,20024,lmdb
litenclip,L2,Q9BZP6,662,lmdb
litenclip,L2,Q9C0B1,1528,lmdb
litenclip,L2,Q9GZT9,3973,lmdb
litenclip,L2,Q9H2K2,4073,lmdb
litenclip,L2,Q9H3N8,2802,lmdb
litenclip,L2,Q9H7B4,1274,lmdb
litenclip,L2,Q9H8M2,19914,lmdb
litenclip,L2,Q9H999,4127,lmdb
litenclip,L2,Q9HAZ1,6878,lmdb
litenclip,L2,Q9HBH9,5299,lmdb
litenclip,L2,Q9NQS5,2346,lmdb
litenclip,L2,Q9NR48,1784,lmdb
litenclip,L2,Q9NR97,2955,lmdb
litenclip,L2,Q9NSY1,3462,lmdb
litenclip,L2,Q9NWZ3,74282,lmdb
litenclip,L2,Q9NXS2,2088,lmdb
litenclip,L2,Q9NYL2,612,lmdb
litenclip,L2,Q9NYV4,14369,lmdb
litenclip,L2,Q9NZQ7,44625,lmdb
litenclip,L2,Q9P1W9,967,lmdb
litenclip,L2,Q9UQB9,764,lmdb
litenclip,L2,Q9UQD0,16404,lmdb
litenclip,L2,Q9Y233,4126,lmdb
litenclip,L2,Q9Y251,2691,FAIL
litenclip,L2,Q9Y2K2,2242,lmdb
litenclip,L2,Q9Y572,1528,lmdb
litenclip,L2,Q9Y5N1,1427,lmdb
litenclip,L2,Q9Y5Y6,1527,lmdb
litenclip,L2,Q9Y5Y9,32199,lmdb
litenclip,L2,Q9Y5Z0,16141,lmdb
litenclip,L2,Q9Y657,561,lmdb
litenclip,L2,Q9Z1M0,560,lmdb
litenclip,L3,A0A1D8PKB4,610,FAIL
litenclip,L3,C7FF05,4686,lmdb
litenclip,L3,O14638,4636,lmdb
litenclip,L3,O43526,1373,lmdb
litenclip,L3,O94921,5096,lmdb
litenclip,L3,P01111,23907,lmdb
litenclip,L3,P05556,1371,FAIL
litenclip,L3,P05622,19254,lmdb
litenclip,L3,P06802,2087,lmdb
litenclip,L3,P08515,1173,lmdb
litenclip,L3,P08519,3819,lmdb
litenclip,L3,P09487,560,lmdb
litenclip,L3,P0DTC1,43566,FAIL
litenclip,L3,P11498,1172,FAIL
litenclip,L3,P11926,713,lmdb
litenclip,L3,P17787,610,FAIL
litenclip,L3,P18564,1835,lmdb
litenclip,L3,P28347,12125,lmdb
litenclip,L3,P30405,3973,FAIL
litenclip,L3,P30518,1937,lmdb
litenclip,L3,P36222,4435,FAIL
litenclip,L3,P37288,5606,lmdb
litenclip,L3,P40879,1019,lmdb
litenclip,L3,P43220,6575,lmdb
litenclip,L3,P43250,1121,lmdb
litenclip,L3,P51684,561,lmdb
litenclip,L3,P56450,662,lmdb
litenclip,L3,P56528,5248,lmdb
litenclip,L3,P97821,4230,lmdb
litenclip,L3,Q00959,764,FAIL
litenclip,L3,Q00961,1069,lmdb
litenclip,L3,Q02779,815,lmdb
litenclip,L3,Q14123,2039,lmdb
litenclip,L3,Q15391,1424,lmdb
litenclip,L3,Q15562,9173,lmdb
litenclip,L3,Q15878,7697,lmdb
litenclip,L3,Q16665,1427,lmdb
litenclip,L3,Q62645,763,lmdb
litenclip,L3,Q8R431,714,lmdb
litenclip,L3,Q92830,8104,lmdb
litenclip,L3,Q96LB1,3515,lmdb
litenclip,L3,Q99594,5193,lmdb
litenclip,L3,Q9HCR9,2037,lmdb
litenclip,L3,Q9NP56,3618,FAIL
litenclip,L3,Q9NPC1,867,lmdb
litenclip,L3,Q9NR22,559,lmdb
litenclip,L3,Q9Y4K4,510,lmdb
litenclip,L3,Q9Y6M4,1732,lmdb
litenclip,L4,B4RNM9,2958,lmdb
litenclip,L4,C9J9Y7,30670,lmdb
litenclip,L4,I6WXK4,1173,lmdb
litenclip,L4,J9SQF3,33108,lmdb
litenclip,L4,O00187,17213,FAIL
litenclip,L4,O00411,11568,lmdb
litenclip,L4,O00443,5042,lmdb
litenclip,L4,O00748,969,lmdb
litenclip,L4,O00750,866,lmdb
litenclip,L4,O00767,1886,lmdb
litenclip,L4,O14578,7743,lmdb
litenclip,L4,O14874,5400,lmdb
litenclip,L4,O14929,1731,lmdb
litenclip,L4,O14980,2495,lmdb
litenclip,L4,O15393,2036,FAIL
litenclip,L4,O42275,6011,lmdb
litenclip,L4,O54890,510,lmdb
litenclip,L4,O60285,1885,FAIL
litenclip,L4,O60331,1683,lmdb
litenclip,L4,O60427,12028,lmdb
litenclip,L4,O60563,7949,FAIL
litenclip,L4,O75106,3107,lmdb
litenclip,L4,O75143,1833,lmdb
litenclip,L4,O75365,1275,lmdb
litenclip,L4,O75747,11664,FAIL
litenclip,L4,O75909,8612,FAIL
litenclip,L4,O77963,6980,lmdb
litenclip,L4,O88634,3364,lmdb
litenclip,L4,O94782,20685,lmdb
litenclip,L4,O94956,509,lmdb
litenclip,L4,O95069,917,lmdb
litenclip,L4,O95278,917,lmdb
litenclip,L4,O95835,3720,lmdb
litenclip,L4,O95931,2088,lmdb
litenclip,L4,P01127,10495,lmdb
litenclip,L4,P01584,1579,lmdb
litenclip,L4,P04296,9680,lmdb
litenclip,L4,P05067,4378,FAIL
litenclip,L4,P08546,4178,lmdb
litenclip,L4,P08648,510,lmdb
litenclip,L4,P09391,560,lmdb
litenclip,L4,P09871,21444,lmdb
litenclip,L4,P09936,714,lmdb
litenclip,L4,P0AES4,6778,lmdb
litenclip,L4,P10636,560,lmdb
litenclip,L4,P11166,3515,FAIL
litenclip,L4,P11169,663,lmdb
litenclip,L4,P12955,663,lmdb
litenclip,L4,P13612,47323,lmdb
litenclip,L4,P14060,3768,lmdb
litenclip,L4,P14416,16307,lmdb
litenclip,L4,P14672,1985,lmdb
litenclip,L4,P15692,3007,lmdb
litenclip,L4,P15823,561,lmdb
litenclip,L4,P16101,5904,lmdb
litenclip,L4,P16406,1477,lmdb
litenclip,L4,P16788,23125,lmdb
litenclip,L4,P17927,3513,lmdb
litenclip,L4,P17948,4791,lmdb
litenclip,L4,P18510,612,lmdb
litenclip,L4,P18848,2038,lmdb
litenclip,L4,P19525,9223,lmdb
litenclip,L4,P20648,5708,lmdb
litenclip,L4,P21842,2497,FAIL
litenclip,L4,P21917,3312,lmdb
litenclip,L4,P22001,17880,lmdb
litenclip,L4,P22629,1172,lmdb
litenclip,L4,P22681,814,lmdb
litenclip,L4,P22830,867,lmdb
litenclip,L4,P23743,27713,lmdb
litenclip,L4,P24385,10854,FAIL
litenclip,L4,P24530,510,lmdb
litenclip,L4,P24863,918,lmdb
litenclip,L4,P24864,3466,FAIL
litenclip,L4,P25101,815,lmdb
litenclip,L4,P25322,1579,lmdb
litenclip,L4,P25929,5198,lmdb
litenclip,L4,P26012,1273,lmdb
litenclip,L4,P27986,3364,lmdb
litenclip,L4,P28223,61144,lmdb
litenclip,L4,P29371,1326,lmdb
litenclip,L4,P30550,662,FAIL
litenclip,L4,P30990,3874,lmdb
litenclip,L4,P31350,816,lmdb
litenclip,L4,P34969,5145,lmdb
litenclip,L4,P35348,764,lmdb
litenclip,L4,P35462,5553,lmdb
litenclip,L4,P35869,1833,lmdb
litenclip,L4,P37059,2396,lmdb
litenclip,L4,P37840,5857,lmdb
litenclip,L4,P38158,560,lmdb
litenclip,L4,P41235,916,lmdb
litenclip,L4,P42226,2193,lmdb
litenclip,L4,P43251,1428,lmdb
litenclip,L4,P43341,7795,lmdb
litenclip,L4,P43354,1780,lmdb
litenclip,L4,P46976,1121,lmdb
litenclip,L4,P48025,663,lmdb
litenclip,L4,P48048,1528,lmdb
litenclip,L4,P48549,1121,lmdb
litenclip,L4,P49238,968,lmdb
litenclip,L4,P49721,765,lmdb
litenclip,L4,P49959,612,lmdb
litenclip,L4,P50052,10903,lmdb
litenclip,L4,P51946,5300,FAIL
litenclip,L4,P52429,4124,lmdb
litenclip,L4,P54278,4331,lmdb
litenclip,L4,P57059,4281,lmdb
litenclip,L4,P62837,1986,lmdb
litenclip,L4,P95160,1172,lmdb
litenclip,L4,P97639,1223,lmdb
litenclip,L4,Q01538,66335,FAIL
litenclip,L4,Q01973,1120,lmdb
litenclip,L4,Q02974,1325,lmdb
litenclip,L4,Q03164,13648,FAIL
litenclip,L4,Q04912,561,lmdb
litenclip,L4,Q06830,1528,lmdb
litenclip,L4,Q08211,36023,lmdb
litenclip,L4,Q08828,3464,lmdb
litenclip,L4,Q10469,8712,lmdb
litenclip,L4,Q12809,1986,FAIL
litenclip,L4,Q13094,1529,FAIL
litenclip,L4,Q13191,62765,lmdb
litenclip,L4,Q13233,2957,lmdb
litenclip,L4,Q13535,24306,FAIL
litenclip,L4,Q13541,18038,lmdb
litenclip,L4,Q13564,1171,lmdb
litenclip,L4,Q13574,29346,lmdb
litenclip,L4,Q13639,2496,lmdb
litenclip,L4,Q13686,2038,lmdb
litenclip,L4,Q13724,26950,FAIL
litenclip,L4,Q14191,76779,lmdb
litenclip,L4,Q14721,1528,lmdb
litenclip,L4,Q15040,1221,lmdb
litenclip,L4,Q15078,2649,FAIL
litenclip,L4,Q15116,5454,FAIL
litenclip,L4,Q15369,560,lmdb
litenclip,L4,Q15726,1377,lmdb
litenclip,L4,Q16204,1530,lmdb
litenclip,L4,Q16236,4381,FAIL
litenclip,L4,Q16531,25010,FAIL
litenclip,L4,Q16548,663,lmdb
litenclip,L4,Q16739,15737,lmdb
litenclip,L4,Q16832,16614,lmdb
litenclip,L4,Q16853,4282,FAIL
litenclip,L4,Q29550,765,lmdb
litenclip,L4,Q2FYS5,1478,lmdb
litenclip,L4,Q3SYC2,765,lmdb
litenclip,L4,Q5JRX3,2905,lmdb
litenclip,L4,Q5M868,4025,lmdb
litenclip,L4,Q60795,1373,lmdb
litenclip,L4,Q695T7,10237,lmdb
litenclip,L4,Q6NS38,713,lmdb
litenclip,L4,Q6SZW1,12377,lmdb
litenclip,L4,Q70CQ3,11771,lmdb
litenclip,L4,Q7Z3E1,29244,lmdb
litenclip,L4,Q7Z5P4,45534,FAIL
litenclip,L4,Q86SK9,2745,lmdb
litenclip,L4,Q86UE8,3463,lmdb
litenclip,L4,Q86YV6,714,lmdb
litenclip,L4,Q8BHB0,1425,lmdb
litenclip,L4,Q8IU80,765,lmdb
litenclip,L4,Q8IVG9,714,lmdb
litenclip,L4,Q8IWV7,510,lmdb
litenclip,L4,Q8N1C3,10239,lmdb
litenclip,L4,Q8NEV1,560,FAIL
litenclip,L4,Q8NFR9,1171,lmdb
litenclip,L4,Q8NHG7,4582,lmdb
litenclip,L4,Q8TAF3,2191,lmdb
litenclip,L4,Q8TD08,561,lmdb
litenclip,L4,Q8TDU9,510,lmdb
litenclip,L4,Q8VCR2,1172,lmdb
litenclip,L4,Q8WXE1,5505,lmdb
litenclip,L4,Q8WYB5,9783,lmdb
litenclip,L4,Q91WP0,8867,FAIL
litenclip,L4,Q92551,9779,lmdb
litenclip,L4,Q92743,611,lmdb
litenclip,L4,Q92794,43768,FAIL
litenclip,L4,Q92905,1172,lmdb
litenclip,L4,Q92932,26032,lmdb
litenclip,L4,Q96DB2,3617,lmdb
litenclip,L4,Q96GX5,13140,lmdb
litenclip,L4,Q96KP4,5603,FAIL
litenclip,L4,Q96PC2,2244,lmdb
litenclip,L4,Q96PD7,3413,lmdb
litenclip,L4,Q96QP1,22674,lmdb
litenclip,L4,Q96RU2,2443,lmdb
litenclip,L4,Q99705,1683,lmdb
litenclip,L4,Q99788,2243,lmdb
litenclip,L4,Q99986,1934,lmdb
litenclip,L4,Q9BQ50,5911,lmdb
litenclip,L4,Q9BVC4,509,lmdb
litenclip,L4,Q9BW19,9930,lmdb
litenclip,L4,Q9BY08,1987,lmdb
litenclip,L4,Q9BZ95,559,lmdb
litenclip,L4,Q9CVD2,816,lmdb
litenclip,L4,Q9DGD3,3768,lmdb
litenclip,L4,Q9GZQ6,1273,lmdb
litenclip,L4,Q9GZZ6,560,lmdb
litenclip,L4,Q9H093,560,FAIL
litenclip,L4,Q9H0K1,5552,lmdb
litenclip,L4,Q9H299,764,lmdb
litenclip,L4,Q9H300,816,lmdb
litenclip,L4,Q9H7M9,1224,lmdb
litenclip,L4,Q9H7Z6,1936,lmdb
litenclip,L4,Q9HB14,765,lmdb
litenclip,L4,Q9HC35,764,FAIL
litenclip,L4,Q9HC84,9429,lmdb
litenclip,L4,Q9HCE5,9834,lmdb
litenclip,L4,Q9IWW8,917,lmdb
litenclip,L4,Q9NPF7,2550,lmdb
litenclip,L4,Q9NPH5,4892,lmdb
litenclip,L4,Q9NR19,7233,lmdb
litenclip,L4,Q9NR96,1936,lmdb
litenclip,L4,Q9NSD7,765,lmdb
litenclip,L4,Q9NSU2,5910,lmdb
litenclip,L4,Q9NVM4,510,lmdb
litenclip,L4,Q9NY59,1015,lmdb
litenclip,L4,Q9WHN8,10245,lmdb
litenclip,L4,Q9Y239,2955,lmdb
litenclip,L4,Q9Y2I1,510,lmdb
litenclip,L4,Q9Y2I7,20075,lmdb
litenclip,L4,Q9Y4K0,2396,lmdb
litenclip,L4,Q9Y5X5,867,lmdb
drugclip,L1,C7C422,1784,FAIL
drugclip,L1,O00141,1581,lmdb
drugclip,L1,O00329,9273,FAIL
drugclip,L1,O00444,662,lmdb
drugclip,L1,O00763,663,lmdb
drugclip,L1,O14744,1222,lmdb
drugclip,L1,O14757,662,lmdb
drugclip,L1,O14965,1172,lmdb
drugclip,L1,O15379,7189,lmdb
drugclip,L1,O43353,12518,lmdb
drugclip,L1,O43570,12736,FAIL
drugclip,L1,O60218,1682,lmdb
drugclip,L1,O60341,5301,lmdb
drugclip,L1,O60674,11614,lmdb
drugclip,L1,O60885,2954,lmdb
drugclip,L1,O75116,1733,lmdb
drugclip,L1,O75385,510,lmdb
drugclip,L1,O75417,509,lmdb
drugclip,L1,O75460,1732,lmdb
drugclip,L1,O75469,4179,lmdb
drugclip,L1,O75762,763,lmdb
drugclip,L1,O75874,1476,lmdb
drugclip,L1,O76074,2753,lmdb
drugclip,L1,O76083,764,lmdb
drugclip,L1,O95271,965,lmdb
drugclip,L1,O95819,816,lmdb
drugclip,L1,O96013,1071,lmdb
drugclip,L1,O96028,1121,lmdb
drugclip,L1,P00338,560,lmdb
drugclip,L1,P00352,510,lmdb
drugclip,L1,P00491,1325,lmdb
drugclip,L1,P00519,2393,lmdb
drugclip,L1,P00533,23791,lmdb
drugclip,L1,P00734,7595,lmdb
drugclip,L1,P00742,1019,lmdb
drugclip,L1,P00915,8612,FAIL
drugclip,L1,P00918,12485,FAIL
drugclip,L1,P01116,2593,lmdb
drugclip,L1,P03372,2038,lmdb
drugclip,L1,P04049,867,lmdb
drugclip,L1,P04626,4890,lmdb
drugclip,L1,P04629,3262,lmdb
drugclip,L1,P04798,3210,FAIL
drugclip,L1,P05089,2906,lmdb
drugclip,L1,P05177,2139,FAIL
drugclip,L1,P05771,561,lmdb
drugclip,L1,P05979,1530,lmdb
drugclip,L1,P06213,662,lmdb
drugclip,L1,P06239,3463,lmdb
drugclip,L1,P06276,2498,lmdb
drugclip,L1,P06493,1884,FAIL
drugclip,L1,P07333,5251,FAIL
drugclip,L1,P07550,612,lmdb
drugclip,L1,P07711,2091,lmdb
drugclip,L1,P07900,1479,FAIL
drugclip,L1,P07948,663,lmdb
drugclip,L1,P07949,2090,lmdb
drugclip,L1,P08069,2038,lmdb
drugclip,L1,P08173,662,FAIL
drugclip,L1,P08238,1377,lmdb
drugclip,L1,P08246,1476,lmdb
drugclip,L1,P08253,712,lmdb
drugclip,L1,P08581,3365,lmdb
drugclip,L1,P08908,2394,lmdb
drugclip,L1,P08913,1121,lmdb
drugclip,L1,P08922,1019,lmdb
drugclip,L1,P09874,8149,lmdb
drugclip,L1,P0C6U8,612,FAIL
drugclip,L1,P0DMS8,3507,FAIL
drugclip,L1,P0DTD1,21395,FAIL
drugclip,L1,P10275,765,FAIL
drugclip,L1,P10415,712,lmdb
drugclip,L1,P10721,1987,FAIL
drugclip,L1,P11309,2804,lmdb
drugclip,L1,P11362,2854,lmdb
drugclip,L1,P11511,712,lmdb
drugclip,L1,P11802,3620,FAIL
drugclip,L1,P12931,4634,lmdb
drugclip,L1,P13569,1019,lmdb
drugclip,L1,P14324,509,lmdb
drugclip,L1,P14618,612,lmdb
drugclip,L1,P14867,2295,lmdb
drugclip,L1,P14902,2548,lmdb
drugclip,L1,P14920,714,lmdb
drugclip,L1,P15056,2955,lmdb
drugclip,L1,P15121,916,lmdb
drugclip,L1,P15538,765,lmdb
drugclip,L1,P16083,815,lmdb
drugclip,L1,P16110,663,lmdb
drugclip,L1,P16234,1987,lmdb
drugclip,L1,P17252,1121,lmdb
drugclip,L1,P17706,867,lmdb
drugclip,L1,P17931,712,lmdb
drugclip,L1,P18031,5902,lmdb
drugclip,L1,P18089,815,lmdb
drugclip,L1,P18825,1020,lmdb
drugclip,L1,P19099,867,lmdb
drugclip,L1,P19634,1171,lmdb
drugclip,L1,P19793,813,FAIL
drugclip,L1,P21397,1071,lmdb
drugclip,L1,P21554,5096,lmdb
drugclip,L1,P21589,1222,lmdb
drugclip,L1,P21728,1223,lmdb
drugclip,L1,P21802,917,lmdb
drugclip,L1,P21918,610,lmdb
drugclip,L1,P21964,1527,lmdb
drugclip,L1,P22303,4536,lmdb
drugclip,L1,P22413,9628,lmdb
drugclip,L1,P22455,2803,lmdb
drugclip,L1,P22607,1019,lmdb
drugclip,L1,P22748,5699,lmdb
drugclip,L1,P23458,10037,FAIL
drugclip,L1,P23467,867,lmdb
drugclip,L1,P24941,2804,FAIL
drugclip,L1,P25440,660,lmdb
drugclip,L1,P25774,663,lmdb
drugclip,L1,P25779,559,lmdb
drugclip,L1,P27338,7900,lmdb
drugclip,L1,P27487,1681,lmdb
drugclip,L1,P28062,714,lmdb
drugclip,L1,P28074,1885,lmdb
drugclip,L1,P28221,815,lmdb
drugclip,L1,P28222,765,lmdb
drugclip,L1,P28335,4078,lmdb
drugclip,L1,P28482,763,lmdb
drugclip,L1,P28566,510,lmdb
drugclip,L1,P29274,714,FAIL
drugclip,L1,P29466,867,lmdb
drugclip,L1,P29597,9519,FAIL
drugclip,L1,P30291,1529,FAIL
drugclip,L1,P30530,2548,lmdb
drugclip,L1,P30542,1017,FAIL
drugclip,L1,P31153,3213,lmdb
drugclip,L1,P31639,561,lmdb
drugclip,L1,P31645,561,lmdb
drugclip,L1,P31749,6317,lmdb
drugclip,L1,P31751,1783,lmdb
drugclip,L1,P33981,1477,lmdb
drugclip,L1,P34913,6317,lmdb
drugclip,L1,P34914,5044,lmdb
drugclip,L1,P34972,3414,FAIL
drugclip,L1,P35354,2243,lmdb
drugclip,L1,P35367,510,lmdb
drugclip,L1,P35372,1427,lmdb
drugclip,L1,P35968,6924,lmdb
drugclip,L1,P36776,1020,lmdb
drugclip,L1,P36888,4282,lmdb
drugclip,L1,P36897,916,lmdb
drugclip,L1,P37231,867,lmdb
drugclip,L1,P41143,713,FAIL
drugclip,L1,P41145,9834,FAIL
drugclip,L1,P41182,3208,lmdb
drugclip,L1,P41240,915,lmdb
drugclip,L1,P41595,4634,FAIL
drugclip,L1,P42330,1682,lmdb
drugclip,L1,P42336,4536,lmdb
drugclip,L1,P42345,1683,FAIL
drugclip,L1,P43166,4126,lmdb
drugclip,L1,P43405,559,lmdb
drugclip,L1,P43490,867,lmdb
drugclip,L1,P45983,1733,FAIL
drugclip,L1,P45984,1631,FAIL
drugclip,L1,P47989,2804,lmdb
drugclip,L1,P48039,662,lmdb
drugclip,L1,P48735,560,lmdb
drugclip,L1,P48736,6319,FAIL
drugclip,L1,P49137,509,lmdb
drugclip,L1,P49286,914,lmdb
drugclip,L1,P49327,33880,lmdb
drugclip,L1,P49759,561,lmdb
drugclip,L1,P49760,662,FAIL
drugclip,L1,P49840,510,lmdb
drugclip,L1,P49841,1223,lmdb
drugclip,L1,P50053,1275,lmdb
drugclip,L1,P50406,3415,lmdb
drugclip,L1,P50613,1120,FAIL
drugclip,L1,P50750,3416,FAIL
drugclip,L1,P51449,2038,lmdb
drugclip,L1,P51531,867,lmdb
drugclip,L1,P51532,507,lmdb
drugclip,L1,P51617,765,lmdb
drugclip,L1,P51812,815,lmdb
drugclip,L1,P51813,764,lmdb
drugclip,L1,P51955,866,lmdb
drugclip,L1,P52333,13042,lmdb
drugclip,L1,P53350,1223,lmdb
drugclip,L1,P53634,2953,lmdb
drugclip,L1,P53779,1631,FAIL
drugclip,L1,P54646,1171,lmdb
drugclip,L1,P55055,661,FAIL
drugclip,L1,P56524,1428,lmdb
drugclip,L1,P56817,13247,lmdb
drugclip,L1,P61964,867,lmdb
drugclip,L1,P62937,917,lmdb
drugclip,L1,P68400,714,FAIL
drugclip,L1,P78527,509,lmdb
drugclip,L1,P78540,815,lmdb
drugclip,L1,P80457,1631,lmdb
drugclip,L1,Q00534,561,lmdb
drugclip,L1,Q00535,968,FAIL
drugclip,L1,Q01650,918,lmdb
drugclip,L1,Q02127,3766,lmdb
drugclip,L1,Q02750,713,lmdb
drugclip,L1,Q03181,764,lmdb
drugclip,L1,Q04609,1836,lmdb
drugclip,L1,Q04759,968,lmdb
drugclip,L1,Q05397,4588,lmdb
drugclip,L1,Q05586,2240,FAIL
drugclip,L1,Q06124,1424,lmdb
drugclip,L1,Q06187,18092,lmdb
drugclip,L1,Q07343,2396,lmdb
drugclip,L1,Q07422,612,lmdb
drugclip,L1,Q07817,709,lmdb
drugclip,L1,Q07820,2647,lmdb
drugclip,L1,Q07869,764,lmdb
drugclip,L1,Q07889,1070,FAIL
drugclip,L1,Q07912,510,lmdb
drugclip,L1,Q08345,968,lmdb
drugclip,L1,Q08499,917,lmdb
drugclip,L1,Q08881,815,lmdb
drugclip,L1,Q12866,2292,lmdb
drugclip,L1,Q12879,865,lmdb
drugclip,L1,Q12884,2446,lmdb
drugclip,L1,Q13043,2549,lmdb
drugclip,L1,Q13085,612,lmdb
drugclip,L1,Q13131,1326,lmdb
drugclip,L1,Q13133,815,FAIL
drugclip,L1,Q13164,815,lmdb
drugclip,L1,Q13188,2548,lmdb
drugclip,L1,Q13224,1731,lmdb
drugclip,L1,Q13315,712,lmdb
drugclip,L1,Q13464,1119,lmdb
drugclip,L1,Q13526,1018,lmdb
drugclip,L1,Q13546,2753,lmdb
drugclip,L1,Q13547,18393,lmdb
drugclip,L1,Q13627,5653,lmdb
drugclip,L1,Q13822,1426,lmdb
drugclip,L1,Q13946,610,lmdb
drugclip,L1,Q14145,663,lmdb
drugclip,L1,Q14289,1018,lmdb
drugclip,L1,Q15059,2193,lmdb
drugclip,L1,Q15118,662,lmdb
drugclip,L1,Q15303,712,lmdb
drugclip,L1,Q15561,2905,lmdb
drugclip,L1,Q15910,1581,lmdb
drugclip,L1,Q16288,1020,lmdb
drugclip,L1,Q16512,816,lmdb
drugclip,L1,Q16539,713,FAIL
drugclip,L1,Q16620,967,lmdb
drugclip,L1,Q16678,5450,lmdb
drugclip,L1,Q16769,1375,lmdb
drugclip,L1,Q16790,10448,FAIL
drugclip,L1,Q2M2I8,1479,lmdb
drugclip,L1,Q5S007,1478,lmdb
drugclip,L1,Q5TCY1,816,lmdb
drugclip,L1,Q6GI75,816,lmdb
drugclip,L1,Q6P179,611,lmdb
drugclip,L1,Q72547,1785,lmdb
drugclip,L1,Q86W56,2139,lmdb
drugclip,L1,Q86WV6,1275,lmdb
drugclip,L1,Q86X55,2446,lmdb
drugclip,L1,Q86YT5,816,lmdb
drugclip,L1,Q8IXJ6,1222,lmdb
drugclip,L1,Q8N1Q1,510,lmdb
drugclip,L1,Q8N884,713,lmdb
drugclip,L1,Q8NEB9,663,lmdb
drugclip,L1,Q8NER1,510,lmdb
drugclip,L1,Q8R4B8,1018,lmdb
drugclip,L1,Q8TF76,663,lmdb
drugclip,L1,Q8WUI4,865,lmdb
drugclip,L1,Q92769,6469,lmdb
drugclip,L1,Q92793,612,lmdb
drugclip,L1,Q92918,8204,lmdb
drugclip,L1,Q93009,813,lmdb
drugclip,L1,Q96EB6,561,lmdb
drugclip,L1,Q96GD4,1224,lmdb
drugclip,L1,Q96KQ7,1527,lmdb
drugclip,L1,Q96LA8,611,lmdb
drugclip,L1,Q96MU7,560,lmdb
drugclip,L1,Q96P20,1224,lmdb
drugclip,L1,Q96RI1,660,FAIL
drugclip,L1,Q96S37,1223,lmdb
drugclip,L1,Q99640,2291,lmdb
drugclip,L1,Q99683,815,lmdb
drugclip,L1,Q99685,560,lmdb
drugclip,L1,Q99720,3208,lmdb
drugclip,L1,Q99873,1730,lmdb
drugclip,L1,Q9BUB5,662,lmdb
drugclip,L1,Q9BV86,714,lmdb
drugclip,L1,Q9BY41,5301,lmdb
drugclip,L1,Q9C0B1,4130,lmdb
drugclip,L1,Q9GZQ8,916,lmdb
drugclip,L1,Q9H2K2,1734,lmdb
drugclip,L1,Q9H999,1428,lmdb
drugclip,L1,Q9H9B1,916,FAIL
drugclip,L1,Q9HBH9,612,lmdb
drugclip,L1,Q9NQS5,663,lmdb
drugclip,L1,Q9NWZ3,4633,lmdb
drugclip,L1,Q9NXA8,662,lmdb
drugclip,L1,Q9NYV4,714,lmdb
drugclip,L1,Q9NZQ7,4333,lmdb
drugclip,L1,Q9P1W9,1172,lmdb
drugclip,L1,Q9P2K8,865,lmdb
drugclip,L1,Q9UBF8,2191,FAIL
drugclip,L1,Q9UBN7,21712,lmdb
drugclip,L1,Q9UDY8,663,lmdb
drugclip,L1,Q9UGL1,510,lmdb
drugclip,L1,Q9UGN5,2037,lmdb
drugclip,L1,Q9UIQ6,1173,lmdb
drugclip,L1,Q9UKE5,663,lmdb
drugclip,L1,Q9ULX7,1224,lmdb
drugclip,L1,Q9UM73,2141,lmdb
drugclip,L1,Q9UQB9,510,lmdb
drugclip,L1,Q9UQD0,765,lmdb
drugclip,L1,Q9Y233,2140,lmdb
drugclip,L1,Q9Y2K2,1935,lmdb
drugclip,L1,Q9Y2R2,611,lmdb
drugclip,L1,Q9Y463,1224,lmdb
drugclip,L1,Q9Y5Y9,2088,lmdb
drugclip,L1,Q9Y5Z0,11569,lmdb
drugclip,L2,C7C422,3720,FAIL
drugclip,L2,I6YFP0,559,lmdb
drugclip,L2,O00141,1733,lmdb
drugclip,L2,O00255,20330,lmdb
drugclip,L2,O00329,41723,FAIL
drugclip,L2,O00444,1835,lmdb
drugclip,L2,O00763,2345,lmdb
drugclip,L2,O14684,6371,lmdb
drugclip,L2,O14733,815,lmdb
drugclip,L2,O14744,41468,lmdb
drugclip,L2,O14757,9683,lmdb
drugclip,L2,O14842,918,lmdb
drugclip,L2,O14965,2597,lmdb
drugclip,L2,O14976,1680,lmdb
drugclip,L2,O15151,561,lmdb
drugclip,L2,O15379,21046,lmdb
drugclip,L2,O43318,765,lmdb
drugclip,L2,O43353,15132,lmdb
drugclip,L2,O43497,7896,lmdb
drugclip,L2,O43570,12175,lmdb
drugclip,L2,O43613,5042,lmdb
drugclip,L2,O43614,7392,lmdb
drugclip,L2,O43924,713,lmdb
drugclip,L2,O60341,41115,lmdb
drugclip,L2,O60502,15337,lmdb
drugclip,L2,O60674,38669,lmdb
drugclip,L2,O60760,1581,lmdb
drugclip,L2,O60885,29355,lmdb
drugclip,L2,O75116,15337,lmdb
drugclip,L2,O75173,4228,lmdb
drugclip,L2,O75385,20778,lmdb
drugclip,L2,O75417,96122,lmdb
drugclip,L2,O75460,14163,lmdb
drugclip,L2,O75762,12266,lmdb
drugclip,L2,O75874,3059,lmdb
drugclip,L2,O75936,1171,lmdb
drugclip,L2,O76074,1427,lmdb
drugclip,L2,O76083,8151,lmdb
drugclip,L2,O95271,2804,lmdb
drugclip,L2,O95497,6012,lmdb
drugclip,L2,O95819,3364,lmdb
drugclip,L2,O96013,1782,lmdb
drugclip,L2,O96017,3312,lmdb
drugclip,L2,O96028,3923,lmdb
drugclip,L2,P00338,5148,lmdb
drugclip,L2,P00519,14973,lmdb
drugclip,L2,P00533,104283,lmdb
drugclip,L2,P00734,3669,lmdb
drugclip,L2,P00742,3362,lmdb
drugclip,L2,P00746,18546,lmdb
drugclip,L2,P00748,1578,lmdb
drugclip,L2,P00751,7433,FAIL
drugclip,L2,P00797,1884,lmdb
drugclip,L2,P00915,11360,lmdb
drugclip,L2,P00918,17323,lmdb
drugclip,L2,P01116,145493,FAIL
drugclip,L2,P01375,1071,lmdb
drugclip,L2,P02753,1172,lmdb
drugclip,L2,P03372,11108,lmdb
drugclip,L2,P03951,5146,lmdb
drugclip,L2,P03952,6621,lmdb
drugclip,L2,P04049,33417,FAIL
drugclip,L2,P04150,14570,lmdb
drugclip,L2,P04293,18090,lmdb
drugclip,L2,P04585,712,lmdb
drugclip,L2,P04626,51136,lmdb
drugclip,L2,P04629,30457,lmdb
drugclip,L2,P04798,1734,lmdb
drugclip,L2,P04818,1326,lmdb
drugclip,L2,P05089,663,lmdb
drugclip,L2,P05177,1833,lmdb
drugclip,L2,P05981,714,lmdb
drugclip,L2,P06239,36427,lmdb
drugclip,L2,P06241,2753,lmdb
drugclip,L2,P06276,7078,lmdb
drugclip,L2,P06401,1018,lmdb
drugclip,L2,P06493,9483,FAIL
drugclip,L2,P06730,1171,lmdb
drugclip,L2,P06935,4587,lmdb
drugclip,L2,P07333,39376,lmdb
drugclip,L2,P07711,5750,lmdb
drugclip,L2,P07858,1477,lmdb
drugclip,L2,P07900,1783,lmdb
drugclip,L2,P07948,510,lmdb
drugclip,L2,P07949,13407,lmdb
drugclip,L2,P08069,18295,lmdb
drugclip,L2,P08172,2446,lmdb
drugclip,L2,P08173,3974,lmdb
drugclip,L2,P08183,1326,lmdb
drugclip,L2,P08238,2495,lmdb
drugclip,L2,P08246,509,lmdb
drugclip,L2,P08253,1274,lmdb
drugclip,L2,P08254,816,lmdb
drugclip,L2,P08581,42337,lmdb
drugclip,L2,P08684,1376,lmdb
drugclip,L2,P08908,10550,lmdb
drugclip,L2,P08912,1325,lmdb
drugclip,L2,P08922,2598,lmdb
drugclip,L2,P09237,1070,lmdb
drugclip,L2,P09238,866,lmdb
drugclip,L2,P09382,25723,lmdb
drugclip,L2,P09874,46976,lmdb
drugclip,L2,P09917,712,lmdb
drugclip,L2,P09960,764,lmdb
drugclip,L2,P0A017,1019,lmdb
drugclip,L2,P0A0K8,1326,lmdb
drugclip,L2,P0A725,1120,lmdb
drugclip,L2,P0AES6,1274,lmdb
drugclip,L2,P0DMS8,2549,lmdb
drugclip,L2,P0DTD1,97973,lmdb
drugclip,L2,P0DUB6,1989,lmdb
drugclip,L2,P10275,7384,FAIL
drugclip,L2,P10398,5246,lmdb
drugclip,L2,P10415,51307,FAIL
drugclip,L2,P10721,57170,lmdb
drugclip,L2,P11229,1221,lmdb
drugclip,L2,P11309,3363,lmdb
drugclip,L2,P11362,25524,lmdb
drugclip,L2,P11474,10140,lmdb
drugclip,L2,P11511,867,lmdb
drugclip,L2,P11802,71420,lmdb
drugclip,L2,P12931,3512,lmdb
drugclip,L2,P13569,2446,lmdb
drugclip,L2,P13866,560,lmdb
drugclip,L2,P13995,560,lmdb
drugclip,L2,P14207,1120,lmdb
drugclip,L2,P14555,763,FAIL
drugclip,L2,P14618,2038,lmdb
drugclip,L2,P14756,3620,lmdb
drugclip,L2,P14780,1629,lmdb
drugclip,L2,P14867,6316,lmdb
drugclip,L2,P14902,1782,lmdb
drugclip,L2,P15056,39182,lmdb
drugclip,L2,P15428,18398,lmdb
drugclip,L2,P15559,4274,lmdb
drugclip,L2,P16234,20178,lmdb
drugclip,L2,P17252,1529,lmdb
drugclip,L2,P17516,969,lmdb
drugclip,L2,P17612,764,lmdb
drugclip,L2,P17706,4585,lmdb
drugclip,L2,P17812,13850,FAIL
drugclip,L2,P17931,45798,lmdb
drugclip,L2,P18031,13142,lmdb
drugclip,L2,P18054,1784,lmdb
drugclip,L2,P18825,6367,lmdb
drugclip,L2,P19099,764,lmdb
drugclip,L2,P20309,1270,lmdb
drugclip,L2,P20618,3717,lmdb
drugclip,L2,P20831,1577,lmdb
drugclip,L2,P21397,1835,lmdb
drugclip,L2,P21554,2699,lmdb
drugclip,L2,P21589,8710,lmdb
drugclip,L2,P21728,1019,lmdb
drugclip,L2,P21802,24657,lmdb
drugclip,L2,P22303,10246,FAIL
drugclip,L2,P22413,26696,lmdb
drugclip,L2,P22455,5910,lmdb
drugclip,L2,P22607,19564,lmdb
drugclip,L2,P22748,867,lmdb
drugclip,L2,P22894,764,lmdb
drugclip,L2,P23458,31688,lmdb
drugclip,L2,P23467,3924,lmdb
drugclip,L2,P23921,510,lmdb
drugclip,L2,P23946,3616,lmdb
drugclip,L2,P23975,917,lmdb
drugclip,L2,P24941,82991,lmdb
drugclip,L2,P25440,1629,lmdb
drugclip,L2,P25774,1679,lmdb
drugclip,L2,P27338,6319,lmdb
drugclip,L2,P27487,5907,lmdb
drugclip,L2,P28062,1223,lmdb
drugclip,L2,P28065,1377,lmdb
drugclip,L2,P28074,16559,lmdb
drugclip,L2,P28335,15080,lmdb
drugclip,L2,P28482,33886,lmdb
drugclip,L2,P28845,765,lmdb
drugclip,L2,P28907,8453,lmdb
drugclip,L2,P29274,39590,lmdb
drugclip,L2,P29275,18241,lmdb
drugclip,L2,P29375,2394,lmdb
drugclip,L2,P29466,1070,lmdb
drugclip,L2,P29597,69898,FAIL
drugclip,L2,P30291,6062,lmdb
drugclip,L2,P30530,47280,lmdb
drugclip,L2,P30542,5806,lmdb
drugclip,L2,P30559,561,lmdb
drugclip,L2,P31153,27616,lmdb
drugclip,L2,P31391,5094,lmdb
drugclip,L2,P31639,611,lmdb
drugclip,L2,P31644,18297,lmdb
drugclip,L2,P31645,5556,lmdb
drugclip,L2,P31749,10852,lmdb
drugclip,L2,P31751,6010,lmdb
drugclip,L2,P32245,10596,lmdb
drugclip,L2,P32297,612,lmdb
drugclip,L2,P33981,2496,lmdb
drugclip,L2,P34913,3152,FAIL
drugclip,L2,P34914,10091,lmdb
drugclip,L2,P34947,2241,lmdb
drugclip,L2,P34972,3207,lmdb
drugclip,L2,P35354,5044,lmdb
drugclip,L2,P35367,1733,lmdb
drugclip,L2,P35372,10037,FAIL
drugclip,L2,P35408,2447,lmdb
drugclip,L2,P35968,47227,lmdb
drugclip,L2,P36544,1070,lmdb
drugclip,L2,P36776,4486,lmdb
drugclip,L2,P36888,25776,lmdb
drugclip,L2,P36897,14113,lmdb
drugclip,L2,P37023,816,lmdb
drugclip,L2,P39900,4225,lmdb
drugclip,L2,P40261,663,lmdb
drugclip,L2,P40337,1119,lmdb
drugclip,L2,P40763,2548,lmdb
drugclip,L2,P41143,4686,FAIL
drugclip,L2,P41145,26801,FAIL
drugclip,L2,P41146,2753,lmdb
drugclip,L2,P41182,20687,lmdb
drugclip,L2,P41240,8869,lmdb
drugclip,L2,P41594,1325,lmdb
drugclip,L2,P41595,2494,lmdb
drugclip,L2,P42330,3922,lmdb
drugclip,L2,P42336,43501,lmdb
drugclip,L2,P42345,4076,lmdb
drugclip,L2,P43116,1629,FAIL
drugclip,L2,P43166,1987,lmdb
drugclip,L2,P43235,561,lmdb
drugclip,L2,P43405,5299,lmdb
drugclip,L2,P43490,24555,lmdb
drugclip,L2,P43681,561,FAIL
drugclip,L2,P45452,1782,lmdb
drugclip,L2,P45983,1426,lmdb
drugclip,L2,P45984,2752,lmdb
drugclip,L2,P47205,7491,lmdb
drugclip,L2,P47989,714,lmdb
drugclip,L2,P48039,612,lmdb
drugclip,L2,P48729,6825,lmdb
drugclip,L2,P48730,7335,lmdb
drugclip,L2,P48735,1474,lmdb
drugclip,L2,P48736,11356,lmdb
drugclip,L2,P49137,662,lmdb
drugclip,L2,P49286,663,lmdb
drugclip,L2,P49327,559,lmdb
drugclip,L2,P49336,1783,lmdb
drugclip,L2,P49674,663,lmdb
drugclip,L2,P49759,6828,lmdb
drugclip,L2,P49760,13097,lmdb
drugclip,L2,P49761,7026,lmdb
drugclip,L2,P49840,80490,FAIL
drugclip,L2,P49841,71681,lmdb
drugclip,L2,P50053,48095,lmdb
drugclip,L2,P50406,2851,lmdb
drugclip,L2,P50613,8912,lmdb
drugclip,L2,P50750,9773,FAIL
drugclip,L2,P51449,2444,lmdb
drugclip,L2,P51531,4686,lmdb
drugclip,L2,P51532,4181,lmdb
drugclip,L2,P51617,2191,lmdb
drugclip,L2,P51813,2139,lmdb
drugclip,L2,P52333,36948,lmdb
drugclip,L2,P52895,612,lmdb
drugclip,L2,P53350,5449,lmdb
drugclip,L2,P53396,3008,lmdb
drugclip,L2,P53634,21144,lmdb
drugclip,L2,P53667,3159,lmdb
drugclip,L2,P53671,3363,lmdb
drugclip,L2,P53779,3310,lmdb
drugclip,L2,P54646,712,lmdb
drugclip,L2,P55055,611,lmdb
drugclip,L2,P56373,1377,lmdb
drugclip,L2,P56524,866,lmdb
drugclip,L2,P56817,17932,lmdb
drugclip,L2,P61073,2651,lmdb
drugclip,L2,P61964,2599,lmdb
drugclip,L2,P62937,5143,FAIL
drugclip,L2,P68400,11258,lmdb
drugclip,L2,P69996,560,lmdb
drugclip,L2,P78527,32194,lmdb
drugclip,L2,P80192,2956,lmdb
drugclip,L2,P80457,1581,lmdb
drugclip,L2,P97612,611,lmdb
drugclip,L2,P98170,10684,FAIL
drugclip,L2,P9WGR1,608,lmdb
drugclip,L2,Q00534,55593,FAIL
drugclip,L2,Q00535,2037,lmdb
drugclip,L2,Q00536,1731,lmdb
drugclip,L2,Q00960,3516,lmdb
drugclip,L2,Q00987,3311,lmdb
drugclip,L2,Q01064,35350,lmdb
drugclip,L2,Q01959,1274,lmdb
drugclip,L2,Q02127,5506,lmdb
drugclip,L2,Q02750,662,lmdb
drugclip,L2,Q03111,5092,lmdb
drugclip,L2,Q04609,5146,FAIL
drugclip,L2,Q04759,1887,lmdb
drugclip,L2,Q04771,2038,lmdb
drugclip,L2,Q04828,916,lmdb
drugclip,L2,Q05397,18797,lmdb
drugclip,L2,Q06124,24805,lmdb
drugclip,L2,Q06187,49767,lmdb
drugclip,L2,Q07343,9576,lmdb
drugclip,L2,Q07817,19209,lmdb
drugclip,L2,Q07820,5455,lmdb
drugclip,L2,Q07889,30112,FAIL
drugclip,L2,Q08210,3364,lmdb
drugclip,L2,Q08345,17215,lmdb
drugclip,L2,Q08499,10902,lmdb
drugclip,L2,Q09472,5707,lmdb
drugclip,L2,Q12866,44573,lmdb
drugclip,L2,Q12879,611,lmdb
drugclip,L2,Q12884,6214,FAIL
drugclip,L2,Q12931,561,lmdb
drugclip,L2,Q13043,765,lmdb
drugclip,L2,Q13085,1172,lmdb
drugclip,L2,Q13133,560,lmdb
drugclip,L2,Q13153,813,lmdb
drugclip,L2,Q13164,764,lmdb
drugclip,L2,Q13224,2138,lmdb
drugclip,L2,Q13315,10998,lmdb
drugclip,L2,Q13451,1425,lmdb
drugclip,L2,Q13464,9325,lmdb
drugclip,L2,Q13490,10738,FAIL
drugclip,L2,Q13526,714,lmdb
drugclip,L2,Q13546,29958,lmdb
drugclip,L2,Q13547,53195,lmdb
drugclip,L2,Q13627,23539,lmdb
drugclip,L2,Q13822,10035,lmdb
drugclip,L2,Q13946,4740,lmdb
drugclip,L2,Q14004,2138,lmdb
drugclip,L2,Q14145,6319,lmdb
drugclip,L2,Q14432,2393,lmdb
drugclip,L2,Q14524,1834,lmdb
drugclip,L2,Q14833,8712,lmdb
drugclip,L2,Q14994,1122,lmdb
drugclip,L2,Q15059,1886,lmdb
drugclip,L2,Q15118,866,lmdb
drugclip,L2,Q15119,5659,FAIL
drugclip,L2,Q15125,9017,lmdb
drugclip,L2,Q15561,19666,lmdb
drugclip,L2,Q15858,33625,lmdb
drugclip,L2,Q15910,37453,lmdb
drugclip,L2,Q16288,8460,lmdb
drugclip,L2,Q16539,1886,lmdb
drugclip,L2,Q16552,13346,lmdb
drugclip,L2,Q16602,1222,lmdb
drugclip,L2,Q16620,9586,lmdb
drugclip,L2,Q16678,1578,lmdb
drugclip,L2,Q16740,1631,lmdb
drugclip,L2,Q16769,3416,lmdb
drugclip,L2,Q16790,12738,lmdb
drugclip,L2,Q16873,560,lmdb
drugclip,L2,Q2M2I8,3212,lmdb
drugclip,L2,Q32ZE1,7646,lmdb
drugclip,L2,Q3TBT3,713,lmdb
drugclip,L2,Q460N5,1224,lmdb
drugclip,L2,Q58F21,1988,lmdb
drugclip,L2,Q5S007,38710,FAIL
drugclip,L2,Q64610,2800,lmdb
drugclip,L2,Q6P179,866,lmdb
drugclip,L2,Q6V1X1,3513,lmdb
drugclip,L2,Q72547,3259,lmdb
drugclip,L2,Q86TI2,2851,lmdb
drugclip,L2,Q86U44,2952,lmdb
drugclip,L2,Q86W56,17373,lmdb
drugclip,L2,Q86WV6,8664,lmdb
drugclip,L2,Q86X55,2392,lmdb
drugclip,L2,Q8IVH8,16916,lmdb
drugclip,L2,Q8IXJ6,866,lmdb
drugclip,L2,Q8IYT8,561,lmdb
drugclip,L2,Q8N884,15690,lmdb
drugclip,L2,Q8NEB9,2906,lmdb
drugclip,L2,Q8NER1,2241,lmdb
drugclip,L2,Q8NET8,15076,lmdb
drugclip,L2,Q8NFU5,3361,lmdb
drugclip,L2,Q8NI77,55528,lmdb
drugclip,L2,Q8R4B8,2954,lmdb
drugclip,L2,Q8TDV5,1527,lmdb
drugclip,L2,Q8TF76,1886,lmdb
drugclip,L2,Q92633,28537,lmdb
drugclip,L2,Q92769,17222,lmdb
drugclip,L2,Q92793,22264,lmdb
drugclip,L2,Q92831,2091,lmdb
drugclip,L2,Q92918,115706,lmdb
drugclip,L2,Q92993,4737,lmdb
drugclip,L2,Q93009,14926,lmdb
drugclip,L2,Q96GG9,25985,lmdb
drugclip,L2,Q96KQ7,1733,lmdb
drugclip,L2,Q96P20,22618,lmdb
drugclip,L2,Q96RI1,3107,lmdb
drugclip,L2,Q96S37,1529,lmdb
drugclip,L2,Q96SW2,34286,lmdb
drugclip,L2,Q99558,2802,lmdb
drugclip,L2,Q99571,2498,lmdb
drugclip,L2,Q99572,1377,lmdb
drugclip,L2,Q99640,14564,lmdb
drugclip,L2,Q99683,3871,lmdb
drugclip,L2,Q99685,19364,lmdb
drugclip,L2,Q99720,2141,lmdb
drugclip,L2,Q99814,5810,lmdb
drugclip,L2,Q99873,1527,lmdb
drugclip,L2,Q9BUB5,5908,lmdb
drugclip,L2,Q9BY41,20024,lmdb
drugclip,L2,Q9BZP6,662,lmdb
drugclip,L2,Q9C0B1,1528,lmdb
drugclip,L2,Q9GZT9,3973,lmdb
drugclip,L2,Q9H2K2,4073,lmdb
drugclip,L2,Q9H3N8,2802,lmdb
drugclip,L2,Q9H7B4,1274,lmdb
drugclip,L2,Q9H8M2,19914,lmdb
drugclip,L2,Q9H999,4127,lmdb
drugclip,L2,Q9HAZ1,6878,lmdb
drugclip,L2,Q9HBH9,5299,lmdb
drugclip,L2,Q9NQS5,2346,lmdb
drugclip,L2,Q9NR48,1784,lmdb
drugclip,L2,Q9NR97,2955,lmdb
drugclip,L2,Q9NSY1,3462,lmdb
drugclip,L2,Q9NWZ3,74282,lmdb
drugclip,L2,Q9NXS2,2088,lmdb
drugclip,L2,Q9NYL2,612,lmdb
drugclip,L2,Q9NYV4,14369,lmdb
drugclip,L2,Q9NZQ7,44625,lmdb
drugclip,L2,Q9P1W9,967,lmdb
drugclip,L2,Q9P2K8,4377,lmdb
drugclip,L2,Q9UBF8,1326,lmdb
drugclip,L2,Q9UBN7,71377,FAIL
drugclip,L2,Q9UDY8,21251,lmdb
drugclip,L2,Q9UEE5,1018,lmdb
drugclip,L2,Q9UGN5,8355,lmdb
drugclip,L2,Q9UIQ6,866,lmdb
drugclip,L2,Q9UK32,1121,lmdb
drugclip,L2,Q9UKE5,2546,lmdb
drugclip,L2,Q9UL62,2903,lmdb
drugclip,L2,Q9ULX7,612,lmdb
drugclip,L2,Q9UM07,41979,lmdb
drugclip,L2,Q9UM73,5904,lmdb
drugclip,L2,Q9UNA0,4075,lmdb
drugclip,L2,Q9UNQ0,612,lmdb
drugclip,L2,Q9UQB9,764,lmdb
drugclip,L2,Q9UQD0,16404,lmdb
drugclip,L2,Q9Y233,4126,lmdb
drugclip,L2,Q9Y251,2691,FAIL
drugclip,L2,Q9Y2K2,2242,lmdb
drugclip,L2,Q9Y572,1528,lmdb
drugclip,L2,Q9Y5N1,1427,lmdb
drugclip,L2,Q9Y5Y6,1527,lmdb
drugclip,L2,Q9Y5Y9,32199,lmdb
drugclip,L2,Q9Y5Z0,16141,lmdb
drugclip,L2,Q9Y657,561,lmdb
drugclip,L2,Q9Z1M0,560,lmdb
drugclip,L3,A0A1D8PKB4,610,FAIL
drugclip,L3,C7FF05,4686,lmdb
drugclip,L3,O14638,4636,lmdb
drugclip,L3,O43526,1373,lmdb
drugclip,L3,O94921,5096,lmdb
drugclip,L3,P01111,23907,lmdb
drugclip,L3,P05556,1371,FAIL
drugclip,L3,P05622,19254,lmdb
drugclip,L3,P06802,2087,lmdb
drugclip,L3,P08515,1173,lmdb
drugclip,L3,P08519,3819,lmdb
drugclip,L3,P09487,560,lmdb
drugclip,L3,P0DTC1,43566,FAIL
drugclip,L3,P11498,1172,FAIL
drugclip,L3,P11926,713,lmdb
drugclip,L3,P17787,610,FAIL
drugclip,L3,P18564,1835,lmdb
drugclip,L3,P28347,12125,lmdb
drugclip,L3,P30405,3973,FAIL
drugclip,L3,P30518,1937,lmdb
drugclip,L3,P36222,4435,FAIL
drugclip,L3,P37288,5606,lmdb
drugclip,L3,P40879,1019,lmdb
drugclip,L3,P43220,6575,lmdb
drugclip,L3,P43250,1121,lmdb
drugclip,L3,P51684,561,lmdb
drugclip,L3,P56450,662,lmdb
drugclip,L3,P56528,5248,lmdb
drugclip,L3,P97821,4230,lmdb
drugclip,L3,Q00959,764,FAIL
drugclip,L3,Q00961,1069,lmdb
drugclip,L3,Q02779,815,lmdb
drugclip,L3,Q14123,2039,lmdb
drugclip,L3,Q15391,1424,lmdb
drugclip,L3,Q15562,9173,lmdb
drugclip,L3,Q15878,7697,lmdb
drugclip,L3,Q16665,1427,lmdb
drugclip,L3,Q62645,763,lmdb
drugclip,L3,Q8R431,714,lmdb
drugclip,L3,Q92830,8104,lmdb
drugclip,L3,Q96LB1,3515,lmdb
drugclip,L3,Q99594,5193,lmdb
drugclip,L3,Q9HCR9,2037,lmdb
drugclip,L3,Q9NP56,3618,FAIL
drugclip,L3,Q9NPC1,867,lmdb
drugclip,L3,Q9NR22,559,lmdb
drugclip,L3,Q9UKS7,1987,lmdb
drugclip,L3,Q9Y4K4,510,lmdb
drugclip,L3,Q9Y6M4,1732,lmdb
drugclip,L4,B4RNM9,2958,lmdb
drugclip,L4,C9J9Y7,30670,lmdb
drugclip,L4,I6WXK4,1173,lmdb
drugclip,L4,J9SQF3,33108,lmdb
drugclip,L4,O00187,17213,FAIL
drugclip,L4,O00411,11568,lmdb
drugclip,L4,O00443,5042,lmdb
drugclip,L4,O00748,969,lmdb
drugclip,L4,O00750,866,lmdb
drugclip,L4,O00767,1886,lmdb
drugclip,L4,O14578,7743,lmdb
drugclip,L4,O14874,5400,lmdb
drugclip,L4,O14929,1731,lmdb
drugclip,L4,O14980,2495,lmdb
drugclip,L4,O15393,2036,FAIL
drugclip,L4,O42275,6011,lmdb
drugclip,L4,O54890,510,lmdb
drugclip,L4,O60285,1885,FAIL
drugclip,L4,O60331,1683,lmdb
drugclip,L4,O60427,12028,lmdb
drugclip,L4,O60563,7949,FAIL
drugclip,L4,O75106,3107,lmdb
drugclip,L4,O75143,1833,lmdb
drugclip,L4,O75365,1275,lmdb
drugclip,L4,O75747,11664,FAIL
drugclip,L4,O75909,8612,FAIL
drugclip,L4,O77963,6980,lmdb
drugclip,L4,O88634,3364,lmdb
drugclip,L4,O94782,20685,lmdb
drugclip,L4,O94956,509,lmdb
drugclip,L4,O95069,917,lmdb
drugclip,L4,O95278,917,lmdb
drugclip,L4,O95835,3720,lmdb
drugclip,L4,O95931,2088,lmdb
drugclip,L4,P01127,10495,lmdb
drugclip,L4,P01584,1579,lmdb
drugclip,L4,P04296,9680,lmdb
drugclip,L4,P05067,4378,FAIL
drugclip,L4,P08546,4178,lmdb
drugclip,L4,P08648,510,lmdb
drugclip,L4,P09391,560,lmdb
drugclip,L4,P09871,21444,lmdb
drugclip,L4,P09936,714,lmdb
drugclip,L4,P0AES4,6778,lmdb
drugclip,L4,P10636,560,lmdb
drugclip,L4,P11166,3515,FAIL
drugclip,L4,P11169,663,lmdb
drugclip,L4,P12955,663,lmdb
drugclip,L4,P13612,47323,lmdb
drugclip,L4,P14060,3768,lmdb
drugclip,L4,P14416,16307,lmdb
drugclip,L4,P14672,1985,lmdb
drugclip,L4,P15692,3007,lmdb
drugclip,L4,P15823,561,lmdb
drugclip,L4,P16101,5904,lmdb
drugclip,L4,P16406,1477,lmdb
drugclip,L4,P16788,23125,lmdb
drugclip,L4,P17927,3513,lmdb
drugclip,L4,P17948,4791,lmdb
drugclip,L4,P18510,612,lmdb
drugclip,L4,P18848,2038,lmdb
drugclip,L4,P19525,9223,lmdb
drugclip,L4,P20648,5708,lmdb
drugclip,L4,P21842,2497,FAIL
drugclip,L4,P21917,3312,lmdb
drugclip,L4,P22001,17880,lmdb
drugclip,L4,P22629,1172,lmdb
drugclip,L4,P22681,814,lmdb
drugclip,L4,P22830,867,lmdb
drugclip,L4,P23743,27713,lmdb
drugclip,L4,P24385,10854,FAIL
drugclip,L4,P24530,510,lmdb
drugclip,L4,P24863,918,lmdb
drugclip,L4,P24864,3466,FAIL
drugclip,L4,P25101,815,lmdb
drugclip,L4,P25322,1579,lmdb
drugclip,L4,P25929,5198,lmdb
drugclip,L4,P26012,1273,lmdb
drugclip,L4,P27986,3364,lmdb
drugclip,L4,P28223,61144,lmdb
drugclip,L4,P29371,1326,lmdb
drugclip,L4,P30550,662,FAIL
drugclip,L4,P30990,3874,lmdb
drugclip,L4,P31350,816,lmdb
drugclip,L4,P34969,5145,lmdb
drugclip,L4,P35348,764,lmdb
drugclip,L4,P35462,5553,lmdb
drugclip,L4,P35869,1833,lmdb
drugclip,L4,P37059,2396,lmdb
drugclip,L4,P37840,5857,lmdb
drugclip,L4,P38158,560,lmdb
drugclip,L4,P41235,916,lmdb
drugclip,L4,P42226,2193,lmdb
drugclip,L4,P43251,1428,lmdb
drugclip,L4,P43341,7795,lmdb
drugclip,L4,P43354,1780,lmdb
drugclip,L4,P46976,1121,lmdb
drugclip,L4,P48025,663,lmdb
drugclip,L4,P48048,1528,lmdb
drugclip,L4,P48549,1121,lmdb
drugclip,L4,P49238,968,lmdb
drugclip,L4,P49721,765,lmdb
drugclip,L4,P49959,612,lmdb
drugclip,L4,P50052,10903,lmdb
drugclip,L4,P51946,5300,FAIL
drugclip,L4,P52429,4124,lmdb
drugclip,L4,P54278,4331,lmdb
drugclip,L4,P57059,4281,lmdb
drugclip,L4,P62837,1986,lmdb
drugclip,L4,P95160,1172,lmdb
drugclip,L4,P97639,1223,lmdb
drugclip,L4,Q01538,66335,FAIL
drugclip,L4,Q01973,1120,lmdb
drugclip,L4,Q02974,1325,lmdb
drugclip,L4,Q03164,13648,FAIL
drugclip,L4,Q04912,561,lmdb
drugclip,L4,Q06830,1528,lmdb
drugclip,L4,Q08211,36023,lmdb
drugclip,L4,Q08828,3464,lmdb
drugclip,L4,Q10469,8712,lmdb
drugclip,L4,Q12809,1986,FAIL
drugclip,L4,Q13094,1529,FAIL
drugclip,L4,Q13191,62765,lmdb
drugclip,L4,Q13233,2957,lmdb
drugclip,L4,Q13535,24306,FAIL
drugclip,L4,Q13541,18038,lmdb
drugclip,L4,Q13564,1171,lmdb
drugclip,L4,Q13574,29346,lmdb
drugclip,L4,Q13639,2496,lmdb
drugclip,L4,Q13686,2038,lmdb
drugclip,L4,Q13724,26950,FAIL
drugclip,L4,Q14191,76779,lmdb
drugclip,L4,Q14721,1528,lmdb
drugclip,L4,Q15040,1221,lmdb
drugclip,L4,Q15078,2649,FAIL
drugclip,L4,Q15116,5454,FAIL
drugclip,L4,Q15369,560,lmdb
drugclip,L4,Q15726,1377,lmdb
drugclip,L4,Q16204,1530,lmdb
drugclip,L4,Q16236,4381,FAIL
drugclip,L4,Q16531,25010,FAIL
drugclip,L4,Q16548,663,lmdb
drugclip,L4,Q16739,15737,lmdb
drugclip,L4,Q16832,16614,lmdb
drugclip,L4,Q16853,4282,FAIL
drugclip,L4,Q29550,765,lmdb
drugclip,L4,Q2FYS5,1478,lmdb
drugclip,L4,Q3SYC2,765,lmdb
drugclip,L4,Q5JRX3,2905,lmdb
drugclip,L4,Q5M868,4025,lmdb
drugclip,L4,Q60795,1373,lmdb
drugclip,L4,Q695T7,10237,lmdb
drugclip,L4,Q6NS38,713,lmdb
drugclip,L4,Q6SZW1,12377,lmdb
drugclip,L4,Q70CQ3,11771,lmdb
drugclip,L4,Q7Z3E1,29244,lmdb
drugclip,L4,Q7Z5P4,45534,FAIL
drugclip,L4,Q86SK9,2745,lmdb
drugclip,L4,Q86UE8,3463,lmdb
drugclip,L4,Q86YV6,714,lmdb
drugclip,L4,Q8BHB0,1425,lmdb
drugclip,L4,Q8IU80,765,lmdb
drugclip,L4,Q8IVG9,714,lmdb
drugclip,L4,Q8IWV7,510,lmdb
drugclip,L4,Q8N1C3,10239,lmdb
drugclip,L4,Q8NEV1,560,FAIL
drugclip,L4,Q8NFR9,1171,lmdb
drugclip,L4,Q8NHG7,4582,lmdb
drugclip,L4,Q8TAF3,2191,lmdb
drugclip,L4,Q8TD08,561,lmdb
drugclip,L4,Q8TDU9,510,lmdb
drugclip,L4,Q8VCR2,1172,lmdb
drugclip,L4,Q8WXE1,5505,lmdb
drugclip,L4,Q8WYB5,9783,lmdb
drugclip,L4,Q91WP0,8867,FAIL
drugclip,L4,Q92551,9779,lmdb
drugclip,L4,Q92743,611,lmdb
drugclip,L4,Q92794,43768,FAIL
drugclip,L4,Q92905,1172,lmdb
drugclip,L4,Q92932,26032,lmdb
drugclip,L4,Q96DB2,3617,lmdb
drugclip,L4,Q96GX5,13140,lmdb
drugclip,L4,Q96KP4,5603,FAIL
drugclip,L4,Q96PC2,2244,lmdb
drugclip,L4,Q96PD7,3413,lmdb
drugclip,L4,Q96QP1,22674,lmdb
drugclip,L4,Q96RU2,2443,lmdb
drugclip,L4,Q99705,1683,lmdb
drugclip,L4,Q99788,2243,lmdb
drugclip,L4,Q99986,1934,lmdb
drugclip,L4,Q9BQ50,5911,lmdb
drugclip,L4,Q9BVC4,509,lmdb
drugclip,L4,Q9BW19,9930,lmdb
drugclip,L4,Q9BY08,1987,lmdb
drugclip,L4,Q9BZ95,559,lmdb
drugclip,L4,Q9CVD2,816,lmdb
drugclip,L4,Q9DGD3,3768,lmdb
drugclip,L4,Q9GZQ6,1273,lmdb
drugclip,L4,Q9GZZ6,560,lmdb
drugclip,L4,Q9H093,560,FAIL
drugclip,L4,Q9H0K1,5552,lmdb
drugclip,L4,Q9H299,764,lmdb
drugclip,L4,Q9H300,816,lmdb
drugclip,L4,Q9H7M9,1224,lmdb
drugclip,L4,Q9H7Z6,1936,lmdb
drugclip,L4,Q9HB14,765,lmdb
drugclip,L4,Q9HC35,764,FAIL
drugclip,L4,Q9HC84,9429,lmdb
drugclip,L4,Q9HCE5,9834,lmdb
drugclip,L4,Q9IWW8,917,lmdb
drugclip,L4,Q9NPF7,2550,lmdb
drugclip,L4,Q9NPH5,4892,lmdb
drugclip,L4,Q9NR19,7233,lmdb
drugclip,L4,Q9NR96,1936,lmdb
drugclip,L4,Q9NSD7,765,lmdb
drugclip,L4,Q9NSU2,5910,lmdb
drugclip,L4,Q9NVM4,510,lmdb
drugclip,L4,Q9NY59,1015,lmdb
drugclip,L4,Q9UJ71,3718,FAIL
drugclip,L4,Q9ULV8,28987,lmdb
drugclip,L4,Q9WHN8,10245,lmdb
drugclip,L4,Q9Y239,2955,lmdb
drugclip,L4,Q9Y2I1,510,lmdb
drugclip,L4,Q9Y2I7,20075,lmdb
drugclip,L4,Q9Y4K0,2396,lmdb
drugclip,L4,Q9Y5X5,867,lmdb
bindclip_randneg,L1,C7C422,1784,FAIL
bindclip_randneg,L1,O00141,1581,lmdb
bindclip_randneg,L1,O00329,9273,FAIL
bindclip_randneg,L1,O00444,662,lmdb
bindclip_randneg,L1,O00763,663,lmdb
bindclip_randneg,L1,O14744,1222,lmdb
bindclip_randneg,L1,O14757,662,lmdb
bindclip_randneg,L1,O14965,1172,lmdb
bindclip_randneg,L1,O15379,7189,lmdb
bindclip_randneg,L1,O43353,12518,lmdb
bindclip_randneg,L1,O43570,12736,FAIL
bindclip_randneg,L1,O60218,1682,lmdb
bindclip_randneg,L1,O60341,5301,lmdb
bindclip_randneg,L1,O60674,11614,lmdb
bindclip_randneg,L1,O60885,2954,lmdb
bindclip_randneg,L1,O75116,1733,lmdb
bindclip_randneg,L1,O75385,510,lmdb
bindclip_randneg,L1,O75417,509,lmdb
bindclip_randneg,L1,O75460,1732,lmdb
bindclip_randneg,L1,O75469,4179,lmdb
bindclip_randneg,L1,O75762,763,lmdb
bindclip_randneg,L1,O75874,1476,lmdb
bindclip_randneg,L1,O76074,2753,lmdb
bindclip_randneg,L1,O76083,764,lmdb
bindclip_randneg,L1,O95271,965,lmdb
bindclip_randneg,L1,O95819,816,lmdb
bindclip_randneg,L1,O96013,1071,lmdb
bindclip_randneg,L1,O96028,1121,lmdb
bindclip_randneg,L1,P00338,560,lmdb
bindclip_randneg,L1,P00352,510,lmdb
bindclip_randneg,L1,P00491,1325,lmdb
bindclip_randneg,L1,P00519,2393,lmdb
bindclip_randneg,L1,P00533,23791,lmdb
bindclip_randneg,L1,P00734,7595,lmdb
bindclip_randneg,L1,P00742,1019,lmdb
bindclip_randneg,L1,P00915,8612,FAIL
bindclip_randneg,L1,P00918,12485,FAIL
bindclip_randneg,L1,P01116,2593,lmdb
bindclip_randneg,L1,P03372,2038,lmdb
bindclip_randneg,L1,P04049,867,lmdb
bindclip_randneg,L1,P04626,4890,lmdb
bindclip_randneg,L1,P04629,3262,lmdb
bindclip_randneg,L1,P04798,3210,FAIL
bindclip_randneg,L1,P05089,2906,lmdb
bindclip_randneg,L1,P05177,2139,FAIL
bindclip_randneg,L1,P05771,561,lmdb
bindclip_randneg,L1,P05979,1530,lmdb
bindclip_randneg,L1,P06213,662,lmdb
bindclip_randneg,L1,P06239,3463,lmdb
bindclip_randneg,L1,P06276,2498,lmdb
bindclip_randneg,L1,P06493,1884,FAIL
bindclip_randneg,L1,P07333,5251,FAIL
bindclip_randneg,L1,P07550,612,lmdb
bindclip_randneg,L1,P07711,2091,lmdb
bindclip_randneg,L1,P07900,1479,FAIL
bindclip_randneg,L1,P07948,663,lmdb
bindclip_randneg,L1,P07949,2090,lmdb
bindclip_randneg,L1,P08069,2038,lmdb
bindclip_randneg,L1,P08173,662,FAIL
bindclip_randneg,L1,P08238,1377,lmdb
bindclip_randneg,L1,P08246,1476,lmdb
bindclip_randneg,L1,P08253,712,lmdb
bindclip_randneg,L1,P08581,3365,lmdb
bindclip_randneg,L1,P08908,2394,lmdb
bindclip_randneg,L1,P08913,1121,lmdb
bindclip_randneg,L1,P08922,1019,lmdb
bindclip_randneg,L1,P09874,8149,lmdb
bindclip_randneg,L1,P0C6U8,612,FAIL
bindclip_randneg,L1,P0DMS8,3507,FAIL
bindclip_randneg,L1,P0DTD1,21395,FAIL
bindclip_randneg,L1,P10275,765,FAIL
bindclip_randneg,L1,P10415,712,lmdb
bindclip_randneg,L1,P10721,1987,FAIL
bindclip_randneg,L1,P11309,2804,lmdb
bindclip_randneg,L1,P11362,2854,lmdb
bindclip_randneg,L1,P11511,712,lmdb
bindclip_randneg,L1,P11802,3620,FAIL
bindclip_randneg,L1,P12931,4634,lmdb
bindclip_randneg,L1,P13569,1019,lmdb
bindclip_randneg,L1,P14324,509,lmdb
bindclip_randneg,L1,P14618,612,lmdb
bindclip_randneg,L1,P14867,2295,lmdb
bindclip_randneg,L1,P14902,2548,lmdb
bindclip_randneg,L1,P14920,714,lmdb
bindclip_randneg,L1,P15056,2955,lmdb
bindclip_randneg,L1,P15121,916,lmdb
bindclip_randneg,L1,P15538,765,lmdb
bindclip_randneg,L1,P16083,815,lmdb
bindclip_randneg,L1,P16110,663,lmdb
bindclip_randneg,L1,P16234,1987,lmdb
bindclip_randneg,L1,P17252,1121,lmdb
bindclip_randneg,L1,P17706,867,lmdb
bindclip_randneg,L1,P17931,712,lmdb
bindclip_randneg,L1,P18031,5902,lmdb
bindclip_randneg,L1,P18089,815,lmdb
bindclip_randneg,L1,P18825,1020,lmdb
bindclip_randneg,L1,P19099,867,lmdb
bindclip_randneg,L1,P19634,1171,lmdb
bindclip_randneg,L1,P19793,813,FAIL
bindclip_randneg,L1,P21397,1071,lmdb
bindclip_randneg,L1,P21554,5096,lmdb
bindclip_randneg,L1,P21589,1222,lmdb
bindclip_randneg,L1,P21728,1223,lmdb
bindclip_randneg,L1,P21802,917,lmdb
bindclip_randneg,L1,P21918,610,lmdb
bindclip_randneg,L1,P21964,1527,lmdb
bindclip_randneg,L1,P22303,4536,lmdb
bindclip_randneg,L1,P22413,9628,lmdb
bindclip_randneg,L1,P22455,2803,lmdb
bindclip_randneg,L1,P22607,1019,lmdb
bindclip_randneg,L1,P22748,5699,lmdb
bindclip_randneg,L1,P23458,10037,FAIL
bindclip_randneg,L1,P23467,867,lmdb
bindclip_randneg,L1,P24941,2804,FAIL
bindclip_randneg,L1,P25440,660,lmdb
bindclip_randneg,L1,P25774,663,lmdb
bindclip_randneg,L1,P25779,559,lmdb
bindclip_randneg,L1,P27338,7900,lmdb
bindclip_randneg,L1,P27487,1681,lmdb
bindclip_randneg,L1,P28062,714,lmdb
bindclip_randneg,L1,P28074,1885,lmdb
bindclip_randneg,L1,P28221,815,lmdb
bindclip_randneg,L1,P28222,765,lmdb
bindclip_randneg,L1,P28335,4078,lmdb
bindclip_randneg,L1,P28482,763,lmdb
bindclip_randneg,L1,P28566,510,lmdb
bindclip_randneg,L1,P29274,714,FAIL
bindclip_randneg,L1,P29466,867,lmdb
bindclip_randneg,L1,P29597,9519,FAIL
bindclip_randneg,L1,P30291,1529,FAIL
bindclip_randneg,L1,P30530,2548,lmdb
bindclip_randneg,L1,P30542,1017,FAIL
bindclip_randneg,L1,P31153,3213,lmdb
bindclip_randneg,L1,P31639,561,lmdb
bindclip_randneg,L1,P31645,561,lmdb
bindclip_randneg,L1,P31749,6317,lmdb
bindclip_randneg,L1,P31751,1783,lmdb
bindclip_randneg,L1,P33981,1477,lmdb
bindclip_randneg,L1,P34913,6317,lmdb
bindclip_randneg,L1,P34914,5044,lmdb
bindclip_randneg,L1,P34972,3414,FAIL
bindclip_randneg,L1,P35354,2243,lmdb
bindclip_randneg,L1,P35367,510,lmdb
bindclip_randneg,L1,P35372,1427,lmdb
bindclip_randneg,L1,P35968,6924,lmdb
bindclip_randneg,L1,P36776,1020,lmdb
bindclip_randneg,L1,P36888,4282,lmdb
bindclip_randneg,L1,P36897,916,lmdb
bindclip_randneg,L1,P37231,867,lmdb
bindclip_randneg,L1,P41143,713,FAIL
bindclip_randneg,L1,P41145,9834,FAIL
bindclip_randneg,L1,P41182,3208,lmdb
bindclip_randneg,L1,P41240,915,lmdb
bindclip_randneg,L1,P41595,4634,FAIL
bindclip_randneg,L1,P42330,1682,lmdb
bindclip_randneg,L1,P42336,4536,lmdb
bindclip_randneg,L1,P42345,1683,FAIL
bindclip_randneg,L1,P43166,4126,lmdb
bindclip_randneg,L1,P43405,559,lmdb
bindclip_randneg,L1,P43490,867,lmdb
bindclip_randneg,L1,P45983,1733,FAIL
bindclip_randneg,L1,P45984,1631,FAIL
bindclip_randneg,L1,P47989,2804,lmdb
bindclip_randneg,L1,P48039,662,lmdb
bindclip_randneg,L1,P48735,560,lmdb
bindclip_randneg,L1,P48736,6319,FAIL
bindclip_randneg,L1,P49137,509,lmdb
bindclip_randneg,L1,P49286,914,lmdb
bindclip_randneg,L1,P49327,33880,lmdb
bindclip_randneg,L1,P49759,561,lmdb
bindclip_randneg,L1,P49760,662,FAIL
bindclip_randneg,L1,P49840,510,lmdb
bindclip_randneg,L1,P49841,1223,lmdb
bindclip_randneg,L1,P50053,1275,lmdb
bindclip_randneg,L1,P50406,3415,lmdb
bindclip_randneg,L1,P50613,1120,FAIL
bindclip_randneg,L1,P50750,3416,FAIL
bindclip_randneg,L1,P51449,2038,lmdb
bindclip_randneg,L1,P51531,867,lmdb
bindclip_randneg,L1,P51532,507,lmdb
bindclip_randneg,L1,P51617,765,lmdb
bindclip_randneg,L1,P51812,815,lmdb
bindclip_randneg,L1,P51813,764,lmdb
bindclip_randneg,L1,P51955,866,lmdb
bindclip_randneg,L1,P52333,13042,lmdb
bindclip_randneg,L1,P53350,1223,lmdb
bindclip_randneg,L1,P53634,2953,lmdb
bindclip_randneg,L1,P53779,1631,FAIL
bindclip_randneg,L1,P54646,1171,lmdb
bindclip_randneg,L1,P55055,661,FAIL
bindclip_randneg,L1,P56524,1428,lmdb
bindclip_randneg,L1,P56817,13247,lmdb
bindclip_randneg,L1,P61964,867,lmdb
bindclip_randneg,L1,P62937,917,lmdb
bindclip_randneg,L1,P68400,714,FAIL
bindclip_randneg,L1,P78527,509,lmdb
bindclip_randneg,L1,P78540,815,lmdb
bindclip_randneg,L1,P80457,1631,lmdb
bindclip_randneg,L1,Q00534,561,lmdb
bindclip_randneg,L1,Q00535,968,FAIL
bindclip_randneg,L1,Q01650,918,lmdb
bindclip_randneg,L1,Q02127,3766,lmdb
bindclip_randneg,L1,Q02750,713,lmdb
bindclip_randneg,L1,Q03181,764,lmdb
bindclip_randneg,L1,Q04609,1836,lmdb
bindclip_randneg,L1,Q04759,968,lmdb
bindclip_randneg,L1,Q05397,4588,lmdb
bindclip_randneg,L1,Q05586,2240,FAIL
bindclip_randneg,L1,Q06124,1424,lmdb
bindclip_randneg,L1,Q06187,18092,lmdb
bindclip_randneg,L1,Q07343,2396,lmdb
bindclip_randneg,L1,Q07422,612,lmdb
bindclip_randneg,L1,Q07817,709,lmdb
bindclip_randneg,L1,Q07820,2647,lmdb
bindclip_randneg,L1,Q07869,764,lmdb
bindclip_randneg,L1,Q07889,1070,FAIL
bindclip_randneg,L1,Q07912,510,lmdb
bindclip_randneg,L1,Q08345,968,lmdb
bindclip_randneg,L1,Q08499,917,lmdb
bindclip_randneg,L1,Q08881,815,lmdb
bindclip_randneg,L1,Q12866,2292,lmdb
bindclip_randneg,L1,Q12879,865,lmdb
bindclip_randneg,L1,Q12884,2446,lmdb
bindclip_randneg,L1,Q13043,2549,lmdb
bindclip_randneg,L1,Q13085,612,lmdb
bindclip_randneg,L1,Q13131,1326,lmdb
bindclip_randneg,L1,Q13133,815,FAIL
bindclip_randneg,L1,Q13164,815,lmdb
bindclip_randneg,L1,Q13188,2548,lmdb
bindclip_randneg,L1,Q13224,1731,lmdb
bindclip_randneg,L1,Q13315,712,lmdb
bindclip_randneg,L1,Q13464,1119,lmdb
bindclip_randneg,L1,Q13526,1018,lmdb
bindclip_randneg,L1,Q13546,2753,lmdb
bindclip_randneg,L1,Q13547,18393,lmdb
bindclip_randneg,L1,Q13627,5653,lmdb
bindclip_randneg,L1,Q13822,1426,lmdb
bindclip_randneg,L1,Q13946,610,lmdb
bindclip_randneg,L1,Q14145,663,lmdb
bindclip_randneg,L1,Q14289,1018,lmdb
bindclip_randneg,L1,Q15059,2193,lmdb
bindclip_randneg,L1,Q15118,662,lmdb
bindclip_randneg,L1,Q15303,712,lmdb
bindclip_randneg,L1,Q15561,2905,lmdb
bindclip_randneg,L1,Q15910,1581,lmdb
bindclip_randneg,L1,Q16288,1020,lmdb
bindclip_randneg,L1,Q16512,816,lmdb
bindclip_randneg,L1,Q16539,713,FAIL
bindclip_randneg,L1,Q16620,967,lmdb
bindclip_randneg,L1,Q16678,5450,lmdb
bindclip_randneg,L1,Q16769,1375,lmdb
bindclip_randneg,L1,Q16790,10448,FAIL
bindclip_randneg,L1,Q2M2I8,1479,lmdb
bindclip_randneg,L1,Q5S007,1478,lmdb
bindclip_randneg,L1,Q5TCY1,816,lmdb
bindclip_randneg,L1,Q6GI75,816,lmdb
bindclip_randneg,L1,Q6P179,611,lmdb
bindclip_randneg,L1,Q72547,1785,lmdb
bindclip_randneg,L1,Q86W56,2139,lmdb
bindclip_randneg,L1,Q86WV6,1275,lmdb
bindclip_randneg,L1,Q86X55,2446,lmdb
bindclip_randneg,L1,Q86YT5,816,lmdb
bindclip_randneg,L1,Q8IXJ6,1222,lmdb
bindclip_randneg,L1,Q8N1Q1,510,lmdb
bindclip_randneg,L1,Q8N884,713,lmdb
bindclip_randneg,L1,Q8NEB9,663,lmdb
bindclip_randneg,L1,Q8NER1,510,lmdb
bindclip_randneg,L1,Q8R4B8,1018,lmdb
bindclip_randneg,L1,Q8TF76,663,lmdb
bindclip_randneg,L1,Q8WUI4,865,lmdb
bindclip_randneg,L1,Q92769,6469,lmdb
bindclip_randneg,L1,Q92793,612,lmdb
bindclip_randneg,L1,Q92918,8204,lmdb
bindclip_randneg,L1,Q93009,813,lmdb
bindclip_randneg,L1,Q96EB6,561,lmdb
bindclip_randneg,L1,Q96GD4,1224,lmdb
bindclip_randneg,L1,Q96KQ7,1527,lmdb
bindclip_randneg,L1,Q96LA8,611,lmdb
bindclip_randneg,L1,Q96MU7,560,lmdb
bindclip_randneg,L1,Q96P20,1224,lmdb
bindclip_randneg,L1,Q96RI1,660,FAIL
bindclip_randneg,L1,Q96S37,1223,lmdb
bindclip_randneg,L1,Q99640,2291,lmdb
bindclip_randneg,L1,Q99683,815,lmdb
bindclip_randneg,L1,Q99685,560,lmdb
bindclip_randneg,L1,Q99720,3208,lmdb
bindclip_randneg,L1,Q99873,1730,lmdb
bindclip_randneg,L1,Q9BUB5,662,lmdb
bindclip_randneg,L1,Q9BV86,714,lmdb
bindclip_randneg,L1,Q9BY41,5301,lmdb
bindclip_randneg,L1,Q9C0B1,4130,lmdb
bindclip_randneg,L1,Q9GZQ8,916,lmdb
bindclip_randneg,L1,Q9H2K2,1734,lmdb
bindclip_randneg,L1,Q9H999,1428,lmdb
bindclip_randneg,L1,Q9H9B1,916,FAIL
bindclip_randneg,L1,Q9HBH9,612,lmdb
bindclip_randneg,L1,Q9NQS5,663,lmdb
bindclip_randneg,L1,Q9NWZ3,4633,lmdb
bindclip_randneg,L1,Q9NXA8,662,lmdb
bindclip_randneg,L1,Q9NYV4,714,lmdb
bindclip_randneg,L1,Q9NZQ7,4333,lmdb
bindclip_randneg,L1,Q9P1W9,1172,lmdb
bindclip_randneg,L1,Q9P2K8,865,lmdb
bindclip_randneg,L1,Q9UBF8,2191,FAIL
bindclip_randneg,L1,Q9UBN7,21712,lmdb
bindclip_randneg,L1,Q9UDY8,663,lmdb
bindclip_randneg,L1,Q9UGL1,510,lmdb
bindclip_randneg,L1,Q9UGN5,2037,lmdb
bindclip_randneg,L1,Q9UIQ6,1173,lmdb
bindclip_randneg,L1,Q9UKE5,663,lmdb
bindclip_randneg,L1,Q9ULX7,1224,lmdb
bindclip_randneg,L1,Q9UM73,2141,lmdb
bindclip_randneg,L1,Q9UQB9,510,lmdb
bindclip_randneg,L1,Q9UQD0,765,lmdb
bindclip_randneg,L1,Q9Y233,2140,lmdb
bindclip_randneg,L1,Q9Y2K2,1935,lmdb
bindclip_randneg,L1,Q9Y2R2,611,lmdb
bindclip_randneg,L1,Q9Y463,1224,lmdb
bindclip_randneg,L1,Q9Y5Y9,2088,lmdb
bindclip_randneg,L1,Q9Y5Z0,11569,lmdb
bindclip_randneg,L2,C7C422,3720,FAIL
bindclip_randneg,L2,I6YFP0,559,lmdb
bindclip_randneg,L2,O00141,1733,lmdb
bindclip_randneg,L2,O00255,20330,lmdb
bindclip_randneg,L2,O00329,41723,FAIL
bindclip_randneg,L2,O00444,1835,lmdb
bindclip_randneg,L2,O00763,2345,lmdb
bindclip_randneg,L2,O14684,6371,lmdb
bindclip_randneg,L2,O14733,815,lmdb
bindclip_randneg,L2,O14744,41468,lmdb
bindclip_randneg,L2,O14757,9683,lmdb
bindclip_randneg,L2,O14842,918,lmdb
bindclip_randneg,L2,O14965,2597,lmdb
bindclip_randneg,L2,O14976,1680,lmdb
bindclip_randneg,L2,O15151,561,lmdb
bindclip_randneg,L2,O15379,21046,lmdb
bindclip_randneg,L2,O43318,765,lmdb
bindclip_randneg,L2,O43353,15132,lmdb
bindclip_randneg,L2,O43497,7896,lmdb
bindclip_randneg,L2,O43570,12175,lmdb
bindclip_randneg,L2,O43613,5042,lmdb
bindclip_randneg,L2,O43614,7392,lmdb
bindclip_randneg,L2,O43924,713,lmdb
bindclip_randneg,L2,O60341,41115,lmdb
bindclip_randneg,L2,O60502,15337,lmdb
bindclip_randneg,L2,O60674,38669,lmdb
bindclip_randneg,L2,O60760,1581,lmdb
bindclip_randneg,L2,O60885,29355,lmdb
bindclip_randneg,L2,O75116,15337,lmdb
bindclip_randneg,L2,O75173,4228,lmdb
bindclip_randneg,L2,O75385,20778,lmdb
bindclip_randneg,L2,O75417,96122,lmdb
bindclip_randneg,L2,O75460,14163,lmdb
bindclip_randneg,L2,O75762,12266,lmdb
bindclip_randneg,L2,O75874,3059,lmdb
bindclip_randneg,L2,O75936,1171,lmdb
bindclip_randneg,L2,O76074,1427,lmdb
bindclip_randneg,L2,O76083,8151,lmdb
bindclip_randneg,L2,O95271,2804,lmdb
bindclip_randneg,L2,O95497,6012,lmdb
bindclip_randneg,L2,O95819,3364,lmdb
bindclip_randneg,L2,O96013,1782,lmdb
bindclip_randneg,L2,O96017,3312,lmdb
bindclip_randneg,L2,O96028,3923,lmdb
bindclip_randneg,L2,P00338,5148,lmdb
bindclip_randneg,L2,P00519,14973,lmdb
bindclip_randneg,L2,P00533,104283,lmdb
bindclip_randneg,L2,P00734,3669,lmdb
bindclip_randneg,L2,P00742,3362,lmdb
bindclip_randneg,L2,P00746,18546,lmdb
bindclip_randneg,L2,P00748,1578,lmdb
bindclip_randneg,L2,P00751,7433,FAIL
bindclip_randneg,L2,P00797,1884,lmdb
bindclip_randneg,L2,P00915,11360,lmdb
bindclip_randneg,L2,P00918,17323,lmdb
bindclip_randneg,L2,P01116,145493,FAIL
bindclip_randneg,L2,P01375,1071,lmdb
bindclip_randneg,L2,P02753,1172,lmdb
bindclip_randneg,L2,P03372,11108,lmdb
bindclip_randneg,L2,P03951,5146,lmdb
bindclip_randneg,L2,P03952,6621,lmdb
bindclip_randneg,L2,P04049,33417,FAIL
bindclip_randneg,L2,P04150,14570,lmdb
bindclip_randneg,L2,P04293,18090,lmdb
bindclip_randneg,L2,P04585,712,lmdb
bindclip_randneg,L2,P04626,51136,lmdb
bindclip_randneg,L2,P04629,30457,lmdb
bindclip_randneg,L2,P04798,1734,lmdb
bindclip_randneg,L2,P04818,1326,lmdb
bindclip_randneg,L2,P05089,663,lmdb
bindclip_randneg,L2,P05177,1833,lmdb
bindclip_randneg,L2,P05981,714,lmdb
bindclip_randneg,L2,P06239,36427,lmdb
bindclip_randneg,L2,P06241,2753,lmdb
bindclip_randneg,L2,P06276,7078,lmdb
bindclip_randneg,L2,P06401,1018,lmdb
bindclip_randneg,L2,P06493,9483,FAIL
bindclip_randneg,L2,P06730,1171,lmdb
bindclip_randneg,L2,P06935,4587,lmdb
bindclip_randneg,L2,P07333,39376,lmdb
bindclip_randneg,L2,P07711,5750,lmdb
bindclip_randneg,L2,P07858,1477,lmdb
bindclip_randneg,L2,P07900,1783,lmdb
bindclip_randneg,L2,P07948,510,lmdb
bindclip_randneg,L2,P07949,13407,lmdb
bindclip_randneg,L2,P08069,18295,lmdb
bindclip_randneg,L2,P08172,2446,lmdb
bindclip_randneg,L2,P08173,3974,lmdb
bindclip_randneg,L2,P08183,1326,lmdb
bindclip_randneg,L2,P08238,2495,lmdb
bindclip_randneg,L2,P08246,509,lmdb
bindclip_randneg,L2,P08253,1274,lmdb
bindclip_randneg,L2,P08254,816,lmdb
bindclip_randneg,L2,P08581,42337,lmdb
bindclip_randneg,L2,P08684,1376,lmdb
bindclip_randneg,L2,P08908,10550,lmdb
bindclip_randneg,L2,P08912,1325,lmdb
bindclip_randneg,L2,P08922,2598,lmdb
bindclip_randneg,L2,P09237,1070,lmdb
bindclip_randneg,L2,P09238,866,lmdb
bindclip_randneg,L2,P09382,25723,lmdb
bindclip_randneg,L2,P09874,46976,lmdb
bindclip_randneg,L2,P09917,712,lmdb
bindclip_randneg,L2,P09960,764,lmdb
bindclip_randneg,L2,P0A017,1019,lmdb
bindclip_randneg,L2,P0A0K8,1326,lmdb
bindclip_randneg,L2,P0A725,1120,lmdb
bindclip_randneg,L2,P0AES6,1274,lmdb
bindclip_randneg,L2,P0DMS8,2549,lmdb
bindclip_randneg,L2,P0DTD1,97973,lmdb
bindclip_randneg,L2,P0DUB6,1989,lmdb
bindclip_randneg,L2,P10275,7384,FAIL
bindclip_randneg,L2,P10398,5246,lmdb
bindclip_randneg,L2,P10415,51307,FAIL
bindclip_randneg,L2,P10721,57170,lmdb
bindclip_randneg,L2,P11229,1221,lmdb
bindclip_randneg,L2,P11309,3363,lmdb
bindclip_randneg,L2,P11362,25524,lmdb
bindclip_randneg,L2,P11474,10140,lmdb
bindclip_randneg,L2,P11511,867,lmdb
bindclip_randneg,L2,P11802,71420,lmdb
bindclip_randneg,L2,P12931,3512,lmdb
bindclip_randneg,L2,P13569,2446,lmdb
bindclip_randneg,L2,P13866,560,lmdb
bindclip_randneg,L2,P13995,560,lmdb
bindclip_randneg,L2,P14207,1120,lmdb
bindclip_randneg,L2,P14555,763,FAIL
bindclip_randneg,L2,P14618,2038,lmdb
bindclip_randneg,L2,P14756,3620,lmdb
bindclip_randneg,L2,P14780,1629,lmdb
bindclip_randneg,L2,P14867,6316,lmdb
bindclip_randneg,L2,P14902,1782,lmdb
bindclip_randneg,L2,P15056,39182,lmdb
bindclip_randneg,L2,P15428,18398,lmdb
bindclip_randneg,L2,P15559,4274,lmdb
bindclip_randneg,L2,P16234,20178,lmdb
bindclip_randneg,L2,P17252,1529,lmdb
bindclip_randneg,L2,P17516,969,lmdb
bindclip_randneg,L2,P17612,764,lmdb
bindclip_randneg,L2,P17706,4585,lmdb
bindclip_randneg,L2,P17812,13850,FAIL
bindclip_randneg,L2,P17931,45798,lmdb
bindclip_randneg,L2,P18031,13142,lmdb
bindclip_randneg,L2,P18054,1784,lmdb
bindclip_randneg,L2,P18825,6367,lmdb
bindclip_randneg,L2,P19099,764,lmdb
bindclip_randneg,L2,P20309,1270,lmdb
bindclip_randneg,L2,P20618,3717,lmdb
bindclip_randneg,L2,P20831,1577,lmdb
bindclip_randneg,L2,P21397,1835,lmdb
bindclip_randneg,L2,P21554,2699,lmdb
bindclip_randneg,L2,P21589,8710,lmdb
bindclip_randneg,L2,P21728,1019,lmdb
bindclip_randneg,L2,P21802,24657,lmdb
bindclip_randneg,L2,P22303,10246,FAIL
bindclip_randneg,L2,P22413,26696,lmdb
bindclip_randneg,L2,P22455,5910,lmdb
bindclip_randneg,L2,P22607,19564,lmdb
bindclip_randneg,L2,P22748,867,lmdb
bindclip_randneg,L2,P22894,764,lmdb
bindclip_randneg,L2,P23458,31688,lmdb
bindclip_randneg,L2,P23467,3924,lmdb
bindclip_randneg,L2,P23921,510,lmdb
bindclip_randneg,L2,P23946,3616,lmdb
bindclip_randneg,L2,P23975,917,lmdb
bindclip_randneg,L2,P24941,82991,lmdb
bindclip_randneg,L2,P25440,1629,lmdb
bindclip_randneg,L2,P25774,1679,lmdb
bindclip_randneg,L2,P27338,6319,lmdb
bindclip_randneg,L2,P27487,5907,lmdb
bindclip_randneg,L2,P28062,1223,lmdb
bindclip_randneg,L2,P28065,1377,lmdb
bindclip_randneg,L2,P28074,16559,lmdb
bindclip_randneg,L2,P28335,15080,lmdb
bindclip_randneg,L2,P28482,33886,lmdb
bindclip_randneg,L2,P28845,765,lmdb
bindclip_randneg,L2,P28907,8453,lmdb
bindclip_randneg,L2,P29274,39590,lmdb
bindclip_randneg,L2,P29275,18241,lmdb
bindclip_randneg,L2,P29375,2394,lmdb
bindclip_randneg,L2,P29466,1070,lmdb
bindclip_randneg,L2,P29597,69898,FAIL
bindclip_randneg,L2,P30291,6062,lmdb
bindclip_randneg,L2,P30530,47280,lmdb
bindclip_randneg,L2,P30542,5806,lmdb
bindclip_randneg,L2,P30559,561,lmdb
bindclip_randneg,L2,P31153,27616,lmdb
bindclip_randneg,L2,P31391,5094,lmdb
bindclip_randneg,L2,P31639,611,lmdb
bindclip_randneg,L2,P31644,18297,lmdb
bindclip_randneg,L2,P31645,5556,lmdb
bindclip_randneg,L2,P31749,10852,lmdb
bindclip_randneg,L2,P31751,6010,lmdb
bindclip_randneg,L2,P32245,10596,lmdb
bindclip_randneg,L2,P32297,612,lmdb
bindclip_randneg,L2,P33981,2496,lmdb
bindclip_randneg,L2,P34913,3152,FAIL
bindclip_randneg,L2,P34914,10091,lmdb
bindclip_randneg,L2,P34947,2241,lmdb
bindclip_randneg,L2,P34972,3207,lmdb
bindclip_randneg,L2,P35354,5044,lmdb
bindclip_randneg,L2,P35367,1733,lmdb
bindclip_randneg,L2,P35372,10037,FAIL
bindclip_randneg,L2,P35408,2447,lmdb
bindclip_randneg,L2,P35968,47227,lmdb
bindclip_randneg,L2,P36544,1070,lmdb
bindclip_randneg,L2,P36776,4486,lmdb
bindclip_randneg,L2,P36888,25776,lmdb
bindclip_randneg,L2,P36897,14113,lmdb
bindclip_randneg,L2,P37023,816,lmdb
bindclip_randneg,L2,P39900,4225,lmdb
bindclip_randneg,L2,P40261,663,lmdb
bindclip_randneg,L2,P40337,1119,lmdb
bindclip_randneg,L2,P40763,2548,lmdb
bindclip_randneg,L2,P41143,4686,FAIL
bindclip_randneg,L2,P41145,26801,FAIL
bindclip_randneg,L2,P41146,2753,lmdb
bindclip_randneg,L2,P41182,20687,lmdb
bindclip_randneg,L2,P41240,8869,lmdb
bindclip_randneg,L2,P41594,1325,lmdb
bindclip_randneg,L2,P41595,2494,lmdb
bindclip_randneg,L2,P42330,3922,lmdb
bindclip_randneg,L2,P42336,43501,lmdb
bindclip_randneg,L2,P42345,4076,lmdb
bindclip_randneg,L2,P43116,1629,FAIL
bindclip_randneg,L2,P43166,1987,lmdb
bindclip_randneg,L2,P43235,561,lmdb
bindclip_randneg,L2,P43405,5299,lmdb
bindclip_randneg,L2,P43490,24555,lmdb
bindclip_randneg,L2,P43681,561,FAIL
bindclip_randneg,L2,P45452,1782,lmdb
bindclip_randneg,L2,P45983,1426,lmdb
bindclip_randneg,L2,P45984,2752,lmdb
bindclip_randneg,L2,P47205,7491,lmdb
bindclip_randneg,L2,P47989,714,lmdb
bindclip_randneg,L2,P48039,612,lmdb
bindclip_randneg,L2,P48729,6825,lmdb
bindclip_randneg,L2,P48730,7335,lmdb
bindclip_randneg,L2,P48735,1474,lmdb
bindclip_randneg,L2,P48736,11356,lmdb
bindclip_randneg,L2,P49137,662,lmdb
bindclip_randneg,L2,P49286,663,lmdb
bindclip_randneg,L2,P49327,559,lmdb
bindclip_randneg,L2,P49336,1783,lmdb
bindclip_randneg,L2,P49674,663,lmdb
bindclip_randneg,L2,P49759,6828,lmdb
bindclip_randneg,L2,P49760,13097,lmdb
bindclip_randneg,L2,P49761,7026,lmdb
bindclip_randneg,L2,P49840,80490,FAIL
bindclip_randneg,L2,P49841,71681,lmdb
bindclip_randneg,L2,P50053,48095,lmdb
bindclip_randneg,L2,P50406,2851,lmdb
bindclip_randneg,L2,P50613,8912,lmdb
bindclip_randneg,L2,P50750,9773,FAIL
bindclip_randneg,L2,P51449,2444,lmdb
bindclip_randneg,L2,P51531,4686,lmdb
bindclip_randneg,L2,P51532,4181,lmdb
bindclip_randneg,L2,P51617,2191,lmdb
bindclip_randneg,L2,P51813,2139,lmdb
bindclip_randneg,L2,P52333,36948,lmdb
bindclip_randneg,L2,P52895,612,lmdb
bindclip_randneg,L2,P53350,5449,lmdb
bindclip_randneg,L2,P53396,3008,lmdb
bindclip_randneg,L2,P53634,21144,lmdb
bindclip_randneg,L2,P53667,3159,lmdb
bindclip_randneg,L2,P53671,3363,lmdb
bindclip_randneg,L2,P53779,3310,lmdb
bindclip_randneg,L2,P54646,712,lmdb
bindclip_randneg,L2,P55055,611,lmdb
bindclip_randneg,L2,P56373,1377,lmdb
bindclip_randneg,L2,P56524,866,lmdb
bindclip_randneg,L2,P56817,17932,lmdb
bindclip_randneg,L2,P61073,2651,lmdb
bindclip_randneg,L2,P61964,2599,lmdb
bindclip_randneg,L2,P62937,5143,FAIL
bindclip_randneg,L2,P68400,11258,lmdb
bindclip_randneg,L2,P69996,560,lmdb
bindclip_randneg,L2,P78527,32194,lmdb
bindclip_randneg,L2,P80192,2956,lmdb
bindclip_randneg,L2,P80457,1581,lmdb
bindclip_randneg,L2,P97612,611,lmdb
bindclip_randneg,L2,P98170,10684,FAIL
bindclip_randneg,L2,P9WGR1,608,lmdb
bindclip_randneg,L2,Q00534,55593,FAIL
bindclip_randneg,L2,Q00535,2037,lmdb
bindclip_randneg,L2,Q00536,1731,lmdb
bindclip_randneg,L2,Q00960,3516,lmdb
bindclip_randneg,L2,Q00987,3311,lmdb
bindclip_randneg,L2,Q01064,35350,lmdb
bindclip_randneg,L2,Q01959,1274,lmdb
bindclip_randneg,L2,Q02127,5506,lmdb
bindclip_randneg,L2,Q02750,662,lmdb
bindclip_randneg,L2,Q03111,5092,lmdb
bindclip_randneg,L2,Q04609,5146,FAIL
bindclip_randneg,L2,Q04759,1887,lmdb
bindclip_randneg,L2,Q04771,2038,lmdb
bindclip_randneg,L2,Q04828,916,lmdb
bindclip_randneg,L2,Q05397,18797,lmdb
bindclip_randneg,L2,Q06124,24805,lmdb
bindclip_randneg,L2,Q06187,49767,lmdb
bindclip_randneg,L2,Q07343,9576,lmdb
bindclip_randneg,L2,Q07817,19209,lmdb
bindclip_randneg,L2,Q07820,5455,lmdb
bindclip_randneg,L2,Q07889,30112,FAIL
bindclip_randneg,L2,Q08210,3364,lmdb
bindclip_randneg,L2,Q08345,17215,lmdb
bindclip_randneg,L2,Q08499,10902,lmdb
bindclip_randneg,L2,Q09472,5707,lmdb
bindclip_randneg,L2,Q12866,44573,lmdb
bindclip_randneg,L2,Q12879,611,lmdb
bindclip_randneg,L2,Q12884,6214,FAIL
bindclip_randneg,L2,Q12931,561,lmdb
bindclip_randneg,L2,Q13043,765,lmdb
bindclip_randneg,L2,Q13085,1172,lmdb
bindclip_randneg,L2,Q13133,560,lmdb
bindclip_randneg,L2,Q13153,813,lmdb
bindclip_randneg,L2,Q13164,764,lmdb
bindclip_randneg,L2,Q13224,2138,lmdb
bindclip_randneg,L2,Q13315,10998,lmdb
bindclip_randneg,L2,Q13451,1425,lmdb
bindclip_randneg,L2,Q13464,9325,lmdb
bindclip_randneg,L2,Q13490,10738,FAIL
bindclip_randneg,L2,Q13526,714,lmdb
bindclip_randneg,L2,Q13546,29958,lmdb
bindclip_randneg,L2,Q13547,53195,lmdb
bindclip_randneg,L2,Q13627,23539,lmdb
bindclip_randneg,L2,Q13822,10035,lmdb
bindclip_randneg,L2,Q13946,4740,lmdb
bindclip_randneg,L2,Q14004,2138,lmdb
bindclip_randneg,L2,Q14145,6319,lmdb
bindclip_randneg,L2,Q14432,2393,lmdb
bindclip_randneg,L2,Q14524,1834,lmdb
bindclip_randneg,L2,Q14833,8712,lmdb
bindclip_randneg,L2,Q14994,1122,lmdb
bindclip_randneg,L2,Q15059,1886,lmdb
bindclip_randneg,L2,Q15118,866,lmdb
bindclip_randneg,L2,Q15119,5659,FAIL
bindclip_randneg,L2,Q15125,9017,lmdb
bindclip_randneg,L2,Q15561,19666,lmdb
bindclip_randneg,L2,Q15858,33625,lmdb
bindclip_randneg,L2,Q15910,37453,lmdb
bindclip_randneg,L2,Q16288,8460,lmdb
bindclip_randneg,L2,Q16539,1886,lmdb
bindclip_randneg,L2,Q16552,13346,lmdb
bindclip_randneg,L2,Q16602,1222,lmdb
bindclip_randneg,L2,Q16620,9586,lmdb
bindclip_randneg,L2,Q16678,1578,lmdb
bindclip_randneg,L2,Q16740,1631,lmdb
bindclip_randneg,L2,Q16769,3416,lmdb
bindclip_randneg,L2,Q16790,12738,lmdb
bindclip_randneg,L2,Q16873,560,lmdb
bindclip_randneg,L2,Q2M2I8,3212,lmdb
bindclip_randneg,L2,Q32ZE1,7646,lmdb
bindclip_randneg,L2,Q3TBT3,713,lmdb
bindclip_randneg,L2,Q460N5,1224,lmdb
bindclip_randneg,L2,Q58F21,1988,lmdb
bindclip_randneg,L2,Q5S007,38710,FAIL
bindclip_randneg,L2,Q64610,2800,lmdb
bindclip_randneg,L2,Q6P179,866,lmdb
bindclip_randneg,L2,Q6V1X1,3513,lmdb
bindclip_randneg,L2,Q72547,3259,lmdb
bindclip_randneg,L2,Q86TI2,2851,lmdb
bindclip_randneg,L2,Q86U44,2952,lmdb
bindclip_randneg,L2,Q86W56,17373,lmdb
bindclip_randneg,L2,Q86WV6,8664,lmdb
bindclip_randneg,L2,Q86X55,2392,lmdb
bindclip_randneg,L2,Q8IVH8,16916,lmdb
bindclip_randneg,L2,Q8IXJ6,866,lmdb
bindclip_randneg,L2,Q8IYT8,561,lmdb
bindclip_randneg,L2,Q8N884,15690,lmdb
bindclip_randneg,L2,Q8NEB9,2906,lmdb
bindclip_randneg,L2,Q8NER1,2241,lmdb
bindclip_randneg,L2,Q8NET8,15076,lmdb
bindclip_randneg,L2,Q8NFU5,3361,lmdb
bindclip_randneg,L2,Q8NI77,55528,lmdb
bindclip_randneg,L2,Q8R4B8,2954,lmdb
bindclip_randneg,L2,Q8TDV5,1527,lmdb
bindclip_randneg,L2,Q8TF76,1886,lmdb
bindclip_randneg,L2,Q92633,28537,lmdb
bindclip_randneg,L2,Q92769,17222,lmdb
bindclip_randneg,L2,Q92793,22264,lmdb
bindclip_randneg,L2,Q92831,2091,lmdb
bindclip_randneg,L2,Q92918,115706,lmdb
bindclip_randneg,L2,Q92993,4737,lmdb
bindclip_randneg,L2,Q93009,14926,lmdb
bindclip_randneg,L2,Q96GG9,25985,lmdb
bindclip_randneg,L2,Q96KQ7,1733,lmdb
bindclip_randneg,L2,Q96P20,22618,lmdb
bindclip_randneg,L2,Q96RI1,3107,lmdb
bindclip_randneg,L2,Q96S37,1529,lmdb
bindclip_randneg,L2,Q96SW2,34286,lmdb
bindclip_randneg,L2,Q99558,2802,lmdb
bindclip_randneg,L2,Q99571,2498,lmdb
bindclip_randneg,L2,Q99572,1377,lmdb
bindclip_randneg,L2,Q99640,14564,lmdb
bindclip_randneg,L2,Q99683,3871,lmdb
bindclip_randneg,L2,Q99685,19364,lmdb
bindclip_randneg,L2,Q99720,2141,lmdb
bindclip_randneg,L2,Q99814,5810,lmdb
bindclip_randneg,L2,Q99873,1527,lmdb
bindclip_randneg,L2,Q9BUB5,5908,lmdb
bindclip_randneg,L2,Q9BY41,20024,lmdb
bindclip_randneg,L2,Q9BZP6,662,lmdb
bindclip_randneg,L2,Q9C0B1,1528,lmdb
bindclip_randneg,L2,Q9GZT9,3973,lmdb
bindclip_randneg,L2,Q9H2K2,4073,lmdb
bindclip_randneg,L2,Q9H3N8,2802,lmdb
bindclip_randneg,L2,Q9H7B4,1274,lmdb
bindclip_randneg,L2,Q9H8M2,19914,lmdb
bindclip_randneg,L2,Q9H999,4127,lmdb
bindclip_randneg,L2,Q9HAZ1,6878,lmdb
bindclip_randneg,L2,Q9HBH9,5299,lmdb
bindclip_randneg,L2,Q9NQS5,2346,lmdb
bindclip_randneg,L2,Q9NR48,1784,lmdb
bindclip_randneg,L2,Q9NR97,2955,lmdb
bindclip_randneg,L2,Q9NSY1,3462,lmdb
bindclip_randneg,L2,Q9NWZ3,74282,lmdb
bindclip_randneg,L2,Q9NXS2,2088,lmdb
bindclip_randneg,L2,Q9NYL2,612,lmdb
bindclip_randneg,L2,Q9NYV4,14369,lmdb
bindclip_randneg,L2,Q9NZQ7,44625,lmdb
bindclip_randneg,L2,Q9P1W9,967,lmdb
bindclip_randneg,L2,Q9P2K8,4377,lmdb
bindclip_randneg,L2,Q9UBF8,1326,lmdb
bindclip_randneg,L2,Q9UBN7,71377,FAIL
bindclip_randneg,L2,Q9UDY8,21251,lmdb
bindclip_randneg,L2,Q9UEE5,1018,lmdb
bindclip_randneg,L2,Q9UGN5,8355,lmdb
bindclip_randneg,L2,Q9UIQ6,866,lmdb
bindclip_randneg,L2,Q9UK32,1121,lmdb
bindclip_randneg,L2,Q9UKE5,2546,lmdb
bindclip_randneg,L2,Q9UL62,2903,lmdb
bindclip_randneg,L2,Q9ULX7,612,lmdb
bindclip_randneg,L2,Q9UM07,41979,lmdb
bindclip_randneg,L2,Q9UM73,5904,lmdb
bindclip_randneg,L2,Q9UNA0,4075,lmdb
bindclip_randneg,L2,Q9UNQ0,612,lmdb
bindclip_randneg,L2,Q9UQB9,764,lmdb
bindclip_randneg,L2,Q9UQD0,16404,lmdb
bindclip_randneg,L2,Q9Y233,4126,lmdb
bindclip_randneg,L2,Q9Y251,2691,FAIL
bindclip_randneg,L2,Q9Y2K2,2242,lmdb
bindclip_randneg,L2,Q9Y572,1528,lmdb
bindclip_randneg,L2,Q9Y5N1,1427,lmdb
bindclip_randneg,L2,Q9Y5Y6,1527,lmdb
bindclip_randneg,L2,Q9Y5Y9,32199,lmdb
bindclip_randneg,L2,Q9Y5Z0,16141,lmdb
bindclip_randneg,L2,Q9Y657,561,lmdb
bindclip_randneg,L2,Q9Z1M0,560,lmdb
bindclip_randneg,L3,A0A1D8PKB4,610,FAIL
bindclip_randneg,L3,C7FF05,4686,lmdb
bindclip_randneg,L3,O14638,4636,lmdb
bindclip_randneg,L3,O43526,1373,lmdb
bindclip_randneg,L3,O94921,5096,lmdb
bindclip_randneg,L3,P01111,23907,lmdb
bindclip_randneg,L3,P05556,1371,FAIL
bindclip_randneg,L3,P05622,19254,lmdb
bindclip_randneg,L3,P06802,2087,lmdb
bindclip_randneg,L3,P08515,1173,lmdb
bindclip_randneg,L3,P08519,3819,lmdb
bindclip_randneg,L3,P09487,560,lmdb
bindclip_randneg,L3,P0DTC1,43566,FAIL
bindclip_randneg,L3,P11498,1172,FAIL
bindclip_randneg,L3,P11926,713,lmdb
bindclip_randneg,L3,P17787,610,FAIL
bindclip_randneg,L3,P18564,1835,lmdb
bindclip_randneg,L3,P28347,12125,lmdb
bindclip_randneg,L3,P30405,3973,FAIL
bindclip_randneg,L3,P30518,1937,lmdb
bindclip_randneg,L3,P36222,4435,FAIL
bindclip_randneg,L3,P37288,5606,lmdb
bindclip_randneg,L3,P40879,1019,lmdb
bindclip_randneg,L3,P43220,6575,lmdb
bindclip_randneg,L3,P43250,1121,lmdb
bindclip_randneg,L3,P51684,561,lmdb
bindclip_randneg,L3,P56450,662,lmdb
bindclip_randneg,L3,P56528,5248,lmdb
bindclip_randneg,L3,P97821,4230,lmdb
bindclip_randneg,L3,Q00959,764,FAIL
bindclip_randneg,L3,Q00961,1069,lmdb
bindclip_randneg,L3,Q02779,815,lmdb
bindclip_randneg,L3,Q14123,2039,lmdb
bindclip_randneg,L3,Q15391,1424,lmdb
bindclip_randneg,L3,Q15562,9173,lmdb
bindclip_randneg,L3,Q15878,7697,lmdb
bindclip_randneg,L3,Q16665,1427,lmdb
bindclip_randneg,L3,Q62645,763,lmdb
bindclip_randneg,L3,Q8R431,714,lmdb
bindclip_randneg,L3,Q92830,8104,lmdb
bindclip_randneg,L3,Q96LB1,3515,lmdb
bindclip_randneg,L3,Q99594,5193,lmdb
bindclip_randneg,L3,Q9HCR9,2037,lmdb
bindclip_randneg,L3,Q9NP56,3618,FAIL
bindclip_randneg,L3,Q9NPC1,867,lmdb
bindclip_randneg,L3,Q9NR22,559,lmdb
bindclip_randneg,L3,Q9UKS7,1987,lmdb
bindclip_randneg,L3,Q9Y4K4,510,lmdb
bindclip_randneg,L3,Q9Y6M4,1732,lmdb
bindclip_randneg,L4,B4RNM9,2958,lmdb
bindclip_randneg,L4,C9J9Y7,30670,lmdb
bindclip_randneg,L4,I6WXK4,1173,lmdb
bindclip_randneg,L4,J9SQF3,33108,lmdb
bindclip_randneg,L4,O00187,17213,FAIL
bindclip_randneg,L4,O00411,11568,lmdb
bindclip_randneg,L4,O00443,5042,lmdb
bindclip_randneg,L4,O00748,969,lmdb
bindclip_randneg,L4,O00750,866,lmdb
bindclip_randneg,L4,O00767,1886,lmdb
bindclip_randneg,L4,O14578,7743,lmdb
bindclip_randneg,L4,O14874,5400,lmdb
bindclip_randneg,L4,O14929,1731,lmdb
bindclip_randneg,L4,O14980,2495,lmdb
bindclip_randneg,L4,O15393,2036,FAIL
bindclip_randneg,L4,O42275,6011,lmdb
bindclip_randneg,L4,O54890,510,lmdb
bindclip_randneg,L4,O60285,1885,FAIL
bindclip_randneg,L4,O60331,1683,lmdb
bindclip_randneg,L4,O60427,12028,lmdb
bindclip_randneg,L4,O60563,7949,FAIL
bindclip_randneg,L4,O75106,3107,lmdb
bindclip_randneg,L4,O75143,1833,lmdb
bindclip_randneg,L4,O75365,1275,lmdb
bindclip_randneg,L4,O75747,11664,FAIL
bindclip_randneg,L4,O75909,8612,FAIL
bindclip_randneg,L4,O77963,6980,lmdb
bindclip_randneg,L4,O88634,3364,lmdb
bindclip_randneg,L4,O94782,20685,lmdb
bindclip_randneg,L4,O94956,509,lmdb
bindclip_randneg,L4,O95069,917,lmdb
bindclip_randneg,L4,O95278,917,lmdb
bindclip_randneg,L4,O95835,3720,lmdb
bindclip_randneg,L4,O95931,2088,lmdb
bindclip_randneg,L4,P01127,10495,lmdb
bindclip_randneg,L4,P01584,1579,lmdb
bindclip_randneg,L4,P04296,9680,lmdb
bindclip_randneg,L4,P05067,4378,FAIL
bindclip_randneg,L4,P08546,4178,lmdb
bindclip_randneg,L4,P08648,510,lmdb
bindclip_randneg,L4,P09391,560,lmdb
bindclip_randneg,L4,P09871,21444,lmdb
bindclip_randneg,L4,P09936,714,lmdb
bindclip_randneg,L4,P0AES4,6778,lmdb
bindclip_randneg,L4,P10636,560,lmdb
bindclip_randneg,L4,P11166,3515,FAIL
bindclip_randneg,L4,P11169,663,lmdb
bindclip_randneg,L4,P12955,663,lmdb
bindclip_randneg,L4,P13612,47323,lmdb
bindclip_randneg,L4,P14060,3768,lmdb
bindclip_randneg,L4,P14416,16307,lmdb
bindclip_randneg,L4,P14672,1985,lmdb
bindclip_randneg,L4,P15692,3007,lmdb
bindclip_randneg,L4,P15823,561,lmdb
bindclip_randneg,L4,P16101,5904,lmdb
bindclip_randneg,L4,P16406,1477,lmdb
bindclip_randneg,L4,P16788,23125,lmdb
bindclip_randneg,L4,P17927,3513,lmdb
bindclip_randneg,L4,P17948,4791,lmdb
bindclip_randneg,L4,P18510,612,lmdb
bindclip_randneg,L4,P18848,2038,lmdb
bindclip_randneg,L4,P19525,9223,lmdb
bindclip_randneg,L4,P20648,5708,lmdb
bindclip_randneg,L4,P21842,2497,FAIL
bindclip_randneg,L4,P21917,3312,lmdb
bindclip_randneg,L4,P22001,17880,lmdb
bindclip_randneg,L4,P22629,1172,lmdb
bindclip_randneg,L4,P22681,814,lmdb
bindclip_randneg,L4,P22830,867,lmdb
bindclip_randneg,L4,P23743,27713,lmdb
bindclip_randneg,L4,P24385,10854,FAIL
bindclip_randneg,L4,P24530,510,lmdb
bindclip_randneg,L4,P24863,918,lmdb
bindclip_randneg,L4,P24864,3466,FAIL
bindclip_randneg,L4,P25101,815,lmdb
bindclip_randneg,L4,P25322,1579,lmdb
bindclip_randneg,L4,P25929,5198,lmdb
bindclip_randneg,L4,P26012,1273,lmdb
bindclip_randneg,L4,P27986,3364,lmdb
bindclip_randneg,L4,P28223,61144,lmdb
bindclip_randneg,L4,P29371,1326,lmdb
bindclip_randneg,L4,P30550,662,FAIL
bindclip_randneg,L4,P30990,3874,lmdb
bindclip_randneg,L4,P31350,816,lmdb
bindclip_randneg,L4,P34969,5145,lmdb
bindclip_randneg,L4,P35348,764,lmdb
bindclip_randneg,L4,P35462,5553,lmdb
bindclip_randneg,L4,P35869,1833,lmdb
bindclip_randneg,L4,P37059,2396,lmdb
bindclip_randneg,L4,P37840,5857,lmdb
bindclip_randneg,L4,P38158,560,lmdb
bindclip_randneg,L4,P41235,916,lmdb
bindclip_randneg,L4,P42226,2193,lmdb
bindclip_randneg,L4,P43251,1428,lmdb
bindclip_randneg,L4,P43341,7795,lmdb
bindclip_randneg,L4,P43354,1780,lmdb
bindclip_randneg,L4,P46976,1121,lmdb
bindclip_randneg,L4,P48025,663,lmdb
bindclip_randneg,L4,P48048,1528,lmdb
bindclip_randneg,L4,P48549,1121,lmdb
bindclip_randneg,L4,P49238,968,lmdb
bindclip_randneg,L4,P49721,765,lmdb
bindclip_randneg,L4,P49959,612,lmdb
bindclip_randneg,L4,P50052,10903,lmdb
bindclip_randneg,L4,P51946,5300,FAIL
bindclip_randneg,L4,P52429,4124,lmdb
bindclip_randneg,L4,P54278,4331,lmdb
bindclip_randneg,L4,P57059,4281,lmdb
bindclip_randneg,L4,P62837,1986,lmdb
bindclip_randneg,L4,P95160,1172,lmdb
bindclip_randneg,L4,P97639,1223,lmdb
bindclip_randneg,L4,Q01538,66335,FAIL
bindclip_randneg,L4,Q01973,1120,lmdb
bindclip_randneg,L4,Q02974,1325,lmdb
bindclip_randneg,L4,Q03164,13648,FAIL
bindclip_randneg,L4,Q04912,561,lmdb
bindclip_randneg,L4,Q06830,1528,lmdb
bindclip_randneg,L4,Q08211,36023,lmdb
bindclip_randneg,L4,Q08828,3464,lmdb
bindclip_randneg,L4,Q10469,8712,lmdb
bindclip_randneg,L4,Q12809,1986,FAIL
bindclip_randneg,L4,Q13094,1529,FAIL
bindclip_randneg,L4,Q13191,62765,lmdb
bindclip_randneg,L4,Q13233,2957,lmdb
bindclip_randneg,L4,Q13535,24306,FAIL
bindclip_randneg,L4,Q13541,18038,lmdb
bindclip_randneg,L4,Q13564,1171,lmdb
bindclip_randneg,L4,Q13574,29346,lmdb
bindclip_randneg,L4,Q13639,2496,lmdb
bindclip_randneg,L4,Q13686,2038,lmdb
bindclip_randneg,L4,Q13724,26950,FAIL
bindclip_randneg,L4,Q14191,76779,lmdb
bindclip_randneg,L4,Q14721,1528,lmdb
bindclip_randneg,L4,Q15040,1221,lmdb
bindclip_randneg,L4,Q15078,2649,FAIL
bindclip_randneg,L4,Q15116,5454,FAIL
bindclip_randneg,L4,Q15369,560,lmdb
bindclip_randneg,L4,Q15726,1377,lmdb
bindclip_randneg,L4,Q16204,1530,lmdb
bindclip_randneg,L4,Q16236,4381,FAIL
bindclip_randneg,L4,Q16531,25010,FAIL
bindclip_randneg,L4,Q16548,663,lmdb
bindclip_randneg,L4,Q16739,15737,lmdb
bindclip_randneg,L4,Q16832,16614,lmdb
bindclip_randneg,L4,Q16853,4282,FAIL
bindclip_randneg,L4,Q29550,765,lmdb
bindclip_randneg,L4,Q2FYS5,1478,lmdb
bindclip_randneg,L4,Q3SYC2,765,lmdb
bindclip_randneg,L4,Q5JRX3,2905,lmdb
bindclip_randneg,L4,Q5M868,4025,lmdb
bindclip_randneg,L4,Q60795,1373,lmdb
bindclip_randneg,L4,Q695T7,10237,lmdb
bindclip_randneg,L4,Q6NS38,713,lmdb
bindclip_randneg,L4,Q6SZW1,12377,lmdb
bindclip_randneg,L4,Q70CQ3,11771,lmdb
bindclip_randneg,L4,Q7Z3E1,29244,lmdb
bindclip_randneg,L4,Q7Z5P4,45534,FAIL
bindclip_randneg,L4,Q86SK9,2745,lmdb
bindclip_randneg,L4,Q86UE8,3463,lmdb
bindclip_randneg,L4,Q86YV6,714,lmdb
bindclip_randneg,L4,Q8BHB0,1425,lmdb
bindclip_randneg,L4,Q8IU80,765,lmdb
bindclip_randneg,L4,Q8IVG9,714,lmdb
bindclip_randneg,L4,Q8IWV7,510,lmdb
bindclip_randneg,L4,Q8N1C3,10239,lmdb
bindclip_randneg,L4,Q8NEV1,560,FAIL
bindclip_randneg,L4,Q8NFR9,1171,lmdb
bindclip_randneg,L4,Q8NHG7,4582,lmdb
bindclip_randneg,L4,Q8TAF3,2191,lmdb
bindclip_randneg,L4,Q8TD08,561,lmdb
bindclip_randneg,L4,Q8TDU9,510,lmdb
bindclip_randneg,L4,Q8VCR2,1172,lmdb
bindclip_randneg,L4,Q8WXE1,5505,lmdb
bindclip_randneg,L4,Q8WYB5,9783,lmdb
bindclip_randneg,L4,Q91WP0,8867,FAIL
bindclip_randneg,L4,Q92551,9779,lmdb
bindclip_randneg,L4,Q92743,611,lmdb
bindclip_randneg,L4,Q92794,43768,FAIL
bindclip_randneg,L4,Q92905,1172,lmdb
bindclip_randneg,L4,Q92932,26032,lmdb
bindclip_randneg,L4,Q96DB2,3617,lmdb
bindclip_randneg,L4,Q96GX5,13140,lmdb
bindclip_randneg,L4,Q96KP4,5603,FAIL
bindclip_randneg,L4,Q96PC2,2244,lmdb
bindclip_randneg,L4,Q96PD7,3413,lmdb
bindclip_randneg,L4,Q96QP1,22674,lmdb
bindclip_randneg,L4,Q96RU2,2443,lmdb
bindclip_randneg,L4,Q99705,1683,lmdb
bindclip_randneg,L4,Q99788,2243,lmdb
bindclip_randneg,L4,Q99986,1934,lmdb
bindclip_randneg,L4,Q9BQ50,5911,lmdb
bindclip_randneg,L4,Q9BVC4,509,lmdb
bindclip_randneg,L4,Q9BW19,9930,lmdb
bindclip_randneg,L4,Q9BY08,1987,lmdb
bindclip_randneg,L4,Q9BZ95,559,lmdb
bindclip_randneg,L4,Q9CVD2,816,lmdb
bindclip_randneg,L4,Q9DGD3,3768,lmdb
bindclip_randneg,L4,Q9GZQ6,1273,lmdb
bindclip_randneg,L4,Q9GZZ6,560,lmdb
bindclip_randneg,L4,Q9H093,560,FAIL
bindclip_randneg,L4,Q9H0K1,5552,lmdb
bindclip_randneg,L4,Q9H299,764,lmdb
bindclip_randneg,L4,Q9H300,816,lmdb
bindclip_randneg,L4,Q9H7M9,1224,lmdb
bindclip_randneg,L4,Q9H7Z6,1936,lmdb
bindclip_randneg,L4,Q9HB14,765,lmdb
bindclip_randneg,L4,Q9HC35,764,FAIL
bindclip_randneg,L4,Q9HC84,9429,lmdb
bindclip_randneg,L4,Q9HCE5,9834,lmdb
bindclip_randneg,L4,Q9IWW8,917,lmdb
bindclip_randneg,L4,Q9NPF7,2550,lmdb
bindclip_randneg,L4,Q9NPH5,4892,lmdb
bindclip_randneg,L4,Q9NR19,7233,lmdb
bindclip_randneg,L4,Q9NR96,1936,lmdb
bindclip_randneg,L4,Q9NSD7,765,lmdb
bindclip_randneg,L4,Q9NSU2,5910,lmdb
bindclip_randneg,L4,Q9NVM4,510,lmdb
bindclip_randneg,L4,Q9NY59,1015,lmdb
bindclip_randneg,L4,Q9UJ71,3718,FAIL
bindclip_randneg,L4,Q9ULV8,28987,lmdb
bindclip_randneg,L4,Q9WHN8,10245,lmdb
bindclip_randneg,L4,Q9Y239,2955,lmdb
bindclip_randneg,L4,Q9Y2I1,510,lmdb
bindclip_randneg,L4,Q9Y2I7,20075,lmdb
bindclip_randneg,L4,Q9Y4K0,2396,lmdb
bindclip_randneg,L4,Q9Y5X5,867,lmdb
bindclip_hardneg,L1,C7C422,1784,FAIL
bindclip_hardneg,L1,O00141,1581,lmdb
bindclip_hardneg,L1,O00329,9273,FAIL
bindclip_hardneg,L1,O00444,662,lmdb
bindclip_hardneg,L1,O00763,663,lmdb
bindclip_hardneg,L1,O14744,1222,lmdb
bindclip_hardneg,L1,O14757,662,lmdb
bindclip_hardneg,L1,O14965,1172,lmdb
bindclip_hardneg,L1,O15379,7189,lmdb
bindclip_hardneg,L1,O43353,12518,lmdb
bindclip_hardneg,L1,O43570,12736,FAIL
bindclip_hardneg,L1,O60218,1682,lmdb
bindclip_hardneg,L1,O60341,5301,lmdb
bindclip_hardneg,L1,O60674,11614,lmdb
bindclip_hardneg,L1,O60885,2954,lmdb
bindclip_hardneg,L1,O75116,1733,lmdb
bindclip_hardneg,L1,O75385,510,lmdb
bindclip_hardneg,L1,O75417,509,lmdb
bindclip_hardneg,L1,O75460,1732,lmdb
bindclip_hardneg,L1,O75469,4179,lmdb
bindclip_hardneg,L1,O75762,763,lmdb
bindclip_hardneg,L1,O75874,1476,lmdb
bindclip_hardneg,L1,O76074,2753,lmdb
bindclip_hardneg,L1,O76083,764,lmdb
bindclip_hardneg,L1,O95271,965,lmdb
bindclip_hardneg,L1,O95819,816,lmdb
bindclip_hardneg,L1,O96013,1071,lmdb
bindclip_hardneg,L1,O96028,1121,lmdb
bindclip_hardneg,L1,P00338,560,lmdb
bindclip_hardneg,L1,P00352,510,lmdb
bindclip_hardneg,L1,P00491,1325,lmdb
bindclip_hardneg,L1,P00519,2393,lmdb
bindclip_hardneg,L1,P00533,23791,lmdb
bindclip_hardneg,L1,P00734,7595,lmdb
bindclip_hardneg,L1,P00742,1019,lmdb
bindclip_hardneg,L1,P00915,8612,FAIL
bindclip_hardneg,L1,P00918,12485,FAIL
bindclip_hardneg,L1,P01116,2593,lmdb
bindclip_hardneg,L1,P03372,2038,lmdb
bindclip_hardneg,L1,P04049,867,lmdb
bindclip_hardneg,L1,P04626,4890,lmdb
bindclip_hardneg,L1,P04629,3262,lmdb
bindclip_hardneg,L1,P04798,3210,FAIL
bindclip_hardneg,L1,P05089,2906,lmdb
bindclip_hardneg,L1,P05177,2139,FAIL
bindclip_hardneg,L1,P05771,561,lmdb
bindclip_hardneg,L1,P05979,1530,lmdb
bindclip_hardneg,L1,P06213,662,lmdb
bindclip_hardneg,L1,P06239,3463,lmdb
bindclip_hardneg,L1,P06276,2498,lmdb
bindclip_hardneg,L1,P06493,1884,FAIL
bindclip_hardneg,L1,P07333,5251,FAIL
bindclip_hardneg,L1,P07550,612,lmdb
bindclip_hardneg,L1,P07711,2091,lmdb
bindclip_hardneg,L1,P07900,1479,FAIL
bindclip_hardneg,L1,P07948,663,lmdb
bindclip_hardneg,L1,P07949,2090,lmdb
bindclip_hardneg,L1,P08069,2038,lmdb
bindclip_hardneg,L1,P08173,662,FAIL
bindclip_hardneg,L1,P08238,1377,lmdb
bindclip_hardneg,L1,P08246,1476,lmdb
bindclip_hardneg,L1,P08253,712,lmdb
bindclip_hardneg,L1,P08581,3365,lmdb
bindclip_hardneg,L1,P08908,2394,lmdb
bindclip_hardneg,L1,P08913,1121,lmdb
bindclip_hardneg,L1,P08922,1019,lmdb
bindclip_hardneg,L1,P09874,8149,lmdb
bindclip_hardneg,L1,P0C6U8,612,FAIL
bindclip_hardneg,L1,P0DMS8,3507,FAIL
bindclip_hardneg,L1,P0DTD1,21395,FAIL
bindclip_hardneg,L1,P10275,765,FAIL
bindclip_hardneg,L1,P10415,712,lmdb
bindclip_hardneg,L1,P10721,1987,FAIL
bindclip_hardneg,L1,P11309,2804,lmdb
bindclip_hardneg,L1,P11362,2854,lmdb
bindclip_hardneg,L1,P11511,712,lmdb
bindclip_hardneg,L1,P11802,3620,FAIL
bindclip_hardneg,L1,P12931,4634,lmdb
bindclip_hardneg,L1,P13569,1019,lmdb
bindclip_hardneg,L1,P14324,509,lmdb
bindclip_hardneg,L1,P14618,612,lmdb
bindclip_hardneg,L1,P14867,2295,lmdb
bindclip_hardneg,L1,P14902,2548,lmdb
bindclip_hardneg,L1,P14920,714,lmdb
bindclip_hardneg,L1,P15056,2955,lmdb
bindclip_hardneg,L1,P15121,916,lmdb
bindclip_hardneg,L1,P15538,765,lmdb
bindclip_hardneg,L1,P16083,815,lmdb
bindclip_hardneg,L1,P16110,663,lmdb
bindclip_hardneg,L1,P16234,1987,lmdb
bindclip_hardneg,L1,P17252,1121,lmdb
bindclip_hardneg,L1,P17706,867,lmdb
bindclip_hardneg,L1,P17931,712,lmdb
bindclip_hardneg,L1,P18031,5902,lmdb
bindclip_hardneg,L1,P18089,815,lmdb
bindclip_hardneg,L1,P18825,1020,lmdb
bindclip_hardneg,L1,P19099,867,lmdb
bindclip_hardneg,L1,P19634,1171,lmdb
bindclip_hardneg,L1,P19793,813,FAIL
bindclip_hardneg,L1,P21397,1071,lmdb
bindclip_hardneg,L1,P21554,5096,lmdb
bindclip_hardneg,L1,P21589,1222,lmdb
bindclip_hardneg,L1,P21728,1223,lmdb
bindclip_hardneg,L1,P21802,917,lmdb
bindclip_hardneg,L1,P21918,610,lmdb
bindclip_hardneg,L1,P21964,1527,lmdb
bindclip_hardneg,L1,P22303,4536,lmdb
bindclip_hardneg,L1,P22413,9628,lmdb
bindclip_hardneg,L1,P22455,2803,lmdb
bindclip_hardneg,L1,P22607,1019,lmdb
bindclip_hardneg,L1,P22748,5699,lmdb
bindclip_hardneg,L1,P23458,10037,FAIL
bindclip_hardneg,L1,P23467,867,lmdb
bindclip_hardneg,L1,P24941,2804,FAIL
bindclip_hardneg,L1,P25440,660,lmdb
bindclip_hardneg,L1,P25774,663,lmdb
bindclip_hardneg,L1,P25779,559,lmdb
bindclip_hardneg,L1,P27338,7900,lmdb
bindclip_hardneg,L1,P27487,1681,lmdb
bindclip_hardneg,L1,P28062,714,lmdb
bindclip_hardneg,L1,P28074,1885,lmdb
bindclip_hardneg,L1,P28221,815,lmdb
bindclip_hardneg,L1,P28222,765,lmdb
bindclip_hardneg,L1,P28335,4078,lmdb
bindclip_hardneg,L1,P28482,763,lmdb
bindclip_hardneg,L1,P28566,510,lmdb
bindclip_hardneg,L1,P29274,714,FAIL
bindclip_hardneg,L1,P29466,867,lmdb
bindclip_hardneg,L1,P29597,9519,FAIL
bindclip_hardneg,L1,P30291,1529,FAIL
bindclip_hardneg,L1,P30530,2548,lmdb
bindclip_hardneg,L1,P30542,1017,FAIL
bindclip_hardneg,L1,P31153,3213,lmdb
bindclip_hardneg,L1,P31639,561,lmdb
bindclip_hardneg,L1,P31645,561,lmdb
bindclip_hardneg,L1,P31749,6317,lmdb
bindclip_hardneg,L1,P31751,1783,lmdb
bindclip_hardneg,L1,P33981,1477,lmdb
bindclip_hardneg,L1,P34913,6317,lmdb
bindclip_hardneg,L1,P34914,5044,lmdb
bindclip_hardneg,L1,P34972,3414,FAIL
bindclip_hardneg,L1,P35354,2243,lmdb
bindclip_hardneg,L1,P35367,510,lmdb
bindclip_hardneg,L1,P35372,1427,lmdb
bindclip_hardneg,L1,P35968,6924,lmdb
bindclip_hardneg,L1,P36776,1020,lmdb
bindclip_hardneg,L1,P36888,4282,lmdb
bindclip_hardneg,L1,P36897,916,lmdb
bindclip_hardneg,L1,P37231,867,lmdb
bindclip_hardneg,L1,P41143,713,FAIL
bindclip_hardneg,L1,P41145,9834,FAIL
bindclip_hardneg,L1,P41182,3208,lmdb
bindclip_hardneg,L1,P41240,915,lmdb
bindclip_hardneg,L1,P41595,4634,FAIL
bindclip_hardneg,L1,P42330,1682,lmdb
bindclip_hardneg,L1,P42336,4536,lmdb
bindclip_hardneg,L1,P42345,1683,FAIL
bindclip_hardneg,L1,P43166,4126,lmdb
bindclip_hardneg,L1,P43405,559,lmdb
bindclip_hardneg,L1,P43490,867,lmdb
bindclip_hardneg,L1,P45983,1733,FAIL
bindclip_hardneg,L1,P45984,1631,FAIL
bindclip_hardneg,L1,P47989,2804,lmdb
bindclip_hardneg,L1,P48039,662,lmdb
bindclip_hardneg,L1,P48735,560,lmdb
bindclip_hardneg,L1,P48736,6319,FAIL
bindclip_hardneg,L1,P49137,509,lmdb
bindclip_hardneg,L1,P49286,914,lmdb
bindclip_hardneg,L1,P49327,33880,lmdb
bindclip_hardneg,L1,P49759,561,lmdb
bindclip_hardneg,L1,P49760,662,FAIL
bindclip_hardneg,L1,P49840,510,lmdb
bindclip_hardneg,L1,P49841,1223,lmdb
bindclip_hardneg,L1,P50053,1275,lmdb
bindclip_hardneg,L1,P50406,3415,lmdb
bindclip_hardneg,L1,P50613,1120,FAIL
bindclip_hardneg,L1,P50750,3416,FAIL
bindclip_hardneg,L1,P51449,2038,lmdb
bindclip_hardneg,L1,P51531,867,lmdb
bindclip_hardneg,L1,P51532,507,lmdb
bindclip_hardneg,L1,P51617,765,lmdb
bindclip_hardneg,L1,P51812,815,lmdb
bindclip_hardneg,L1,P51813,764,lmdb
bindclip_hardneg,L1,P51955,866,lmdb
bindclip_hardneg,L1,P52333,13042,lmdb
bindclip_hardneg,L1,P53350,1223,lmdb
bindclip_hardneg,L1,P53634,2953,lmdb
bindclip_hardneg,L1,P53779,1631,FAIL
bindclip_hardneg,L1,P54646,1171,lmdb
bindclip_hardneg,L1,P55055,661,FAIL
bindclip_hardneg,L1,P56524,1428,lmdb
bindclip_hardneg,L1,P56817,13247,lmdb
bindclip_hardneg,L1,P61964,867,lmdb
bindclip_hardneg,L1,P62937,917,lmdb
bindclip_hardneg,L1,P68400,714,FAIL
bindclip_hardneg,L1,P78527,509,lmdb
bindclip_hardneg,L1,P78540,815,lmdb
bindclip_hardneg,L1,P80457,1631,lmdb
bindclip_hardneg,L1,Q00534,561,lmdb
bindclip_hardneg,L1,Q00535,968,FAIL
bindclip_hardneg,L1,Q01650,918,lmdb
bindclip_hardneg,L1,Q02127,3766,lmdb
bindclip_hardneg,L1,Q02750,713,lmdb
bindclip_hardneg,L1,Q03181,764,lmdb
bindclip_hardneg,L1,Q04609,1836,lmdb
bindclip_hardneg,L1,Q04759,968,lmdb
bindclip_hardneg,L1,Q05397,4588,lmdb
bindclip_hardneg,L1,Q05586,2240,FAIL
bindclip_hardneg,L1,Q06124,1424,lmdb
bindclip_hardneg,L1,Q06187,18092,lmdb
bindclip_hardneg,L1,Q07343,2396,lmdb
bindclip_hardneg,L1,Q07422,612,lmdb
bindclip_hardneg,L1,Q07817,709,lmdb
bindclip_hardneg,L1,Q07820,2647,lmdb
bindclip_hardneg,L1,Q07869,764,lmdb
bindclip_hardneg,L1,Q07889,1070,FAIL
bindclip_hardneg,L1,Q07912,510,lmdb
bindclip_hardneg,L1,Q08345,968,lmdb
bindclip_hardneg,L1,Q08499,917,lmdb
bindclip_hardneg,L1,Q08881,815,lmdb
bindclip_hardneg,L1,Q12866,2292,lmdb
bindclip_hardneg,L1,Q12879,865,lmdb
bindclip_hardneg,L1,Q12884,2446,lmdb
bindclip_hardneg,L1,Q13043,2549,lmdb
bindclip_hardneg,L1,Q13085,612,lmdb
bindclip_hardneg,L1,Q13131,1326,lmdb
bindclip_hardneg,L1,Q13133,815,FAIL
bindclip_hardneg,L1,Q13164,815,lmdb
bindclip_hardneg,L1,Q13188,2548,lmdb
bindclip_hardneg,L1,Q13224,1731,lmdb
bindclip_hardneg,L1,Q13315,712,lmdb
bindclip_hardneg,L1,Q13464,1119,lmdb
bindclip_hardneg,L1,Q13526,1018,lmdb
bindclip_hardneg,L1,Q13546,2753,lmdb
bindclip_hardneg,L1,Q13547,18393,lmdb
bindclip_hardneg,L1,Q13627,5653,lmdb
bindclip_hardneg,L1,Q13822,1426,lmdb
bindclip_hardneg,L1,Q13946,610,lmdb
bindclip_hardneg,L1,Q14145,663,lmdb
bindclip_hardneg,L1,Q14289,1018,lmdb
bindclip_hardneg,L1,Q15059,2193,lmdb
bindclip_hardneg,L1,Q15118,662,lmdb
bindclip_hardneg,L1,Q15303,712,lmdb
bindclip_hardneg,L1,Q15561,2905,lmdb
bindclip_hardneg,L1,Q15910,1581,lmdb
bindclip_hardneg,L1,Q16288,1020,lmdb
bindclip_hardneg,L1,Q16512,816,lmdb
bindclip_hardneg,L1,Q16539,713,FAIL
bindclip_hardneg,L1,Q16620,967,lmdb
bindclip_hardneg,L1,Q16678,5450,lmdb
bindclip_hardneg,L1,Q16769,1375,lmdb
bindclip_hardneg,L1,Q16790,10448,FAIL
bindclip_hardneg,L1,Q2M2I8,1479,lmdb
bindclip_hardneg,L1,Q5S007,1478,lmdb
bindclip_hardneg,L1,Q5TCY1,816,lmdb
bindclip_hardneg,L1,Q6GI75,816,lmdb
bindclip_hardneg,L1,Q6P179,611,lmdb
bindclip_hardneg,L1,Q72547,1785,lmdb
bindclip_hardneg,L1,Q86W56,2139,lmdb
bindclip_hardneg,L1,Q86WV6,1275,lmdb
bindclip_hardneg,L1,Q86X55,2446,lmdb
bindclip_hardneg,L1,Q86YT5,816,lmdb
bindclip_hardneg,L1,Q8IXJ6,1222,lmdb
bindclip_hardneg,L1,Q8N1Q1,510,lmdb
bindclip_hardneg,L1,Q8N884,713,lmdb
bindclip_hardneg,L1,Q8NEB9,663,lmdb
bindclip_hardneg,L1,Q8NER1,510,lmdb
bindclip_hardneg,L1,Q8R4B8,1018,lmdb
bindclip_hardneg,L1,Q8TF76,663,lmdb
bindclip_hardneg,L1,Q8WUI4,865,lmdb
bindclip_hardneg,L1,Q92769,6469,lmdb
bindclip_hardneg,L1,Q92793,612,lmdb
bindclip_hardneg,L1,Q92918,8204,lmdb
bindclip_hardneg,L1,Q93009,813,lmdb
bindclip_hardneg,L1,Q96EB6,561,lmdb
bindclip_hardneg,L1,Q96GD4,1224,lmdb
bindclip_hardneg,L1,Q96KQ7,1527,lmdb
bindclip_hardneg,L1,Q96LA8,611,lmdb
bindclip_hardneg,L1,Q96MU7,560,lmdb
bindclip_hardneg,L1,Q96P20,1224,lmdb
bindclip_hardneg,L1,Q96RI1,660,FAIL
bindclip_hardneg,L1,Q96S37,1223,lmdb
bindclip_hardneg,L1,Q99640,2291,lmdb
bindclip_hardneg,L1,Q99683,815,lmdb
bindclip_hardneg,L1,Q99685,560,lmdb
bindclip_hardneg,L1,Q99720,3208,lmdb
bindclip_hardneg,L1,Q99873,1730,lmdb
bindclip_hardneg,L1,Q9BUB5,662,lmdb
bindclip_hardneg,L1,Q9BV86,714,lmdb
bindclip_hardneg,L1,Q9BY41,5301,lmdb
bindclip_hardneg,L1,Q9C0B1,4130,lmdb
bindclip_hardneg,L1,Q9GZQ8,916,lmdb
bindclip_hardneg,L1,Q9H2K2,1734,lmdb
bindclip_hardneg,L1,Q9H999,1428,lmdb
bindclip_hardneg,L1,Q9H9B1,916,FAIL
bindclip_hardneg,L1,Q9HBH9,612,lmdb
bindclip_hardneg,L1,Q9NQS5,663,lmdb
bindclip_hardneg,L1,Q9NWZ3,4633,lmdb
bindclip_hardneg,L1,Q9NXA8,662,lmdb
bindclip_hardneg,L1,Q9NYV4,714,lmdb
bindclip_hardneg,L1,Q9NZQ7,4333,lmdb
bindclip_hardneg,L1,Q9P1W9,1172,lmdb
bindclip_hardneg,L1,Q9P2K8,865,lmdb
bindclip_hardneg,L1,Q9UBF8,2191,FAIL
bindclip_hardneg,L1,Q9UBN7,21712,lmdb
bindclip_hardneg,L1,Q9UDY8,663,lmdb
bindclip_hardneg,L1,Q9UGL1,510,lmdb
bindclip_hardneg,L1,Q9UGN5,2037,lmdb
bindclip_hardneg,L1,Q9UIQ6,1173,lmdb
bindclip_hardneg,L1,Q9UKE5,663,lmdb
bindclip_hardneg,L1,Q9ULX7,1224,lmdb
bindclip_hardneg,L1,Q9UM73,2141,lmdb
bindclip_hardneg,L1,Q9UQB9,510,lmdb
bindclip_hardneg,L1,Q9UQD0,765,lmdb
bindclip_hardneg,L1,Q9Y233,2140,lmdb
bindclip_hardneg,L1,Q9Y2K2,1935,lmdb
bindclip_hardneg,L1,Q9Y2R2,611,lmdb
bindclip_hardneg,L1,Q9Y463,1224,lmdb
bindclip_hardneg,L1,Q9Y5Y9,2088,lmdb
bindclip_hardneg,L1,Q9Y5Z0,11569,lmdb
bindclip_hardneg,L2,C7C422,3720,FAIL
bindclip_hardneg,L2,I6YFP0,559,lmdb
bindclip_hardneg,L2,O00141,1733,lmdb
bindclip_hardneg,L2,O00255,20330,lmdb
bindclip_hardneg,L2,O00329,41723,FAIL
bindclip_hardneg,L2,O00444,1835,lmdb
bindclip_hardneg,L2,O00763,2345,lmdb
bindclip_hardneg,L2,O14684,6371,lmdb
bindclip_hardneg,L2,O14733,815,lmdb
bindclip_hardneg,L2,O14744,41468,lmdb
bindclip_hardneg,L2,O14757,9683,lmdb
bindclip_hardneg,L2,O14842,918,lmdb
bindclip_hardneg,L2,O14965,2597,lmdb
bindclip_hardneg,L2,O14976,1680,lmdb
bindclip_hardneg,L2,O15151,561,lmdb
bindclip_hardneg,L2,O15379,21046,lmdb
bindclip_hardneg,L2,O43318,765,lmdb
bindclip_hardneg,L2,O43353,15132,lmdb
bindclip_hardneg,L2,O43497,7896,lmdb
bindclip_hardneg,L2,O43570,12175,lmdb
bindclip_hardneg,L2,O43613,5042,lmdb
bindclip_hardneg,L2,O43614,7392,lmdb
bindclip_hardneg,L2,O43924,713,lmdb
bindclip_hardneg,L2,O60341,41115,lmdb
bindclip_hardneg,L2,O60502,15337,lmdb
bindclip_hardneg,L2,O60674,38669,lmdb
bindclip_hardneg,L2,O60760,1581,lmdb
bindclip_hardneg,L2,O60885,29355,lmdb
bindclip_hardneg,L2,O75116,15337,lmdb
bindclip_hardneg,L2,O75173,4228,lmdb
bindclip_hardneg,L2,O75385,20778,lmdb
bindclip_hardneg,L2,O75417,96122,lmdb
bindclip_hardneg,L2,O75460,14163,lmdb
bindclip_hardneg,L2,O75762,12266,lmdb
bindclip_hardneg,L2,O75874,3059,lmdb
bindclip_hardneg,L2,O75936,1171,lmdb
bindclip_hardneg,L2,O76074,1427,lmdb
bindclip_hardneg,L2,O76083,8151,lmdb
bindclip_hardneg,L2,O95271,2804,lmdb
bindclip_hardneg,L2,O95497,6012,lmdb
bindclip_hardneg,L2,O95819,3364,lmdb
bindclip_hardneg,L2,O96013,1782,lmdb
bindclip_hardneg,L2,O96017,3312,lmdb
bindclip_hardneg,L2,O96028,3923,lmdb
bindclip_hardneg,L2,P00338,5148,lmdb
bindclip_hardneg,L2,P00519,14973,lmdb
bindclip_hardneg,L2,P00533,104283,lmdb
bindclip_hardneg,L2,P00734,3669,lmdb
bindclip_hardneg,L2,P00742,3362,lmdb
bindclip_hardneg,L2,P00746,18546,lmdb
bindclip_hardneg,L2,P00748,1578,lmdb
bindclip_hardneg,L2,P00751,7433,FAIL
bindclip_hardneg,L2,P00797,1884,lmdb
bindclip_hardneg,L2,P00915,11360,lmdb
bindclip_hardneg,L2,P00918,17323,lmdb
bindclip_hardneg,L2,P01116,145493,FAIL
bindclip_hardneg,L2,P01375,1071,lmdb
bindclip_hardneg,L2,P02753,1172,lmdb
bindclip_hardneg,L2,P03372,11108,lmdb
bindclip_hardneg,L2,P03951,5146,lmdb
bindclip_hardneg,L2,P03952,6621,lmdb
bindclip_hardneg,L2,P04049,33417,FAIL
bindclip_hardneg,L2,P04150,14570,lmdb
bindclip_hardneg,L2,P04293,18090,lmdb
bindclip_hardneg,L2,P04585,712,lmdb
bindclip_hardneg,L2,P04626,51136,lmdb
bindclip_hardneg,L2,P04629,30457,lmdb
bindclip_hardneg,L2,P04798,1734,lmdb
bindclip_hardneg,L2,P04818,1326,lmdb
bindclip_hardneg,L2,P05089,663,lmdb
bindclip_hardneg,L2,P05177,1833,lmdb
bindclip_hardneg,L2,P05981,714,lmdb
bindclip_hardneg,L2,P06239,36427,lmdb
bindclip_hardneg,L2,P06241,2753,lmdb
bindclip_hardneg,L2,P06276,7078,lmdb
bindclip_hardneg,L2,P06401,1018,lmdb
bindclip_hardneg,L2,P06493,9483,FAIL
bindclip_hardneg,L2,P06730,1171,lmdb
bindclip_hardneg,L2,P06935,4587,lmdb
bindclip_hardneg,L2,P07333,39376,lmdb
bindclip_hardneg,L2,P07711,5750,lmdb
bindclip_hardneg,L2,P07858,1477,lmdb
bindclip_hardneg,L2,P07900,1783,lmdb
bindclip_hardneg,L2,P07948,510,lmdb
bindclip_hardneg,L2,P07949,13407,lmdb
bindclip_hardneg,L2,P08069,18295,lmdb
bindclip_hardneg,L2,P08172,2446,lmdb
bindclip_hardneg,L2,P08173,3974,lmdb
bindclip_hardneg,L2,P08183,1326,lmdb
bindclip_hardneg,L2,P08238,2495,lmdb
bindclip_hardneg,L2,P08246,509,lmdb
bindclip_hardneg,L2,P08253,1274,lmdb
bindclip_hardneg,L2,P08254,816,lmdb
bindclip_hardneg,L2,P08581,42337,lmdb
bindclip_hardneg,L2,P08684,1376,lmdb
bindclip_hardneg,L2,P08908,10550,lmdb
bindclip_hardneg,L2,P08912,1325,lmdb
bindclip_hardneg,L2,P08922,2598,lmdb
bindclip_hardneg,L2,P09237,1070,lmdb
bindclip_hardneg,L2,P09238,866,lmdb
bindclip_hardneg,L2,P09382,25723,lmdb
bindclip_hardneg,L2,P09874,46976,lmdb
bindclip_hardneg,L2,P09917,712,lmdb
bindclip_hardneg,L2,P09960,764,lmdb
bindclip_hardneg,L2,P0A017,1019,lmdb
bindclip_hardneg,L2,P0A0K8,1326,lmdb
bindclip_hardneg,L2,P0A725,1120,lmdb
bindclip_hardneg,L2,P0AES6,1274,lmdb
bindclip_hardneg,L2,P0DMS8,2549,lmdb
bindclip_hardneg,L2,P0DTD1,97973,lmdb
bindclip_hardneg,L2,P0DUB6,1989,lmdb
bindclip_hardneg,L2,P10275,7384,FAIL
bindclip_hardneg,L2,P10398,5246,lmdb
bindclip_hardneg,L2,P10415,51307,FAIL
bindclip_hardneg,L2,P10721,57170,lmdb
bindclip_hardneg,L2,P11229,1221,lmdb
bindclip_hardneg,L2,P11309,3363,lmdb
bindclip_hardneg,L2,P11362,25524,lmdb
bindclip_hardneg,L2,P11474,10140,lmdb
bindclip_hardneg,L2,P11511,867,lmdb
bindclip_hardneg,L2,P11802,71420,lmdb
bindclip_hardneg,L2,P12931,3512,lmdb
bindclip_hardneg,L2,P13569,2446,lmdb
bindclip_hardneg,L2,P13866,560,lmdb
bindclip_hardneg,L2,P13995,560,lmdb
bindclip_hardneg,L2,P14207,1120,lmdb
bindclip_hardneg,L2,P14555,763,FAIL
bindclip_hardneg,L2,P14618,2038,lmdb
bindclip_hardneg,L2,P14756,3620,lmdb
bindclip_hardneg,L2,P14780,1629,lmdb
bindclip_hardneg,L2,P14867,6316,lmdb
bindclip_hardneg,L2,P14902,1782,lmdb
bindclip_hardneg,L2,P15056,39182,lmdb
bindclip_hardneg,L2,P15428,18398,lmdb
bindclip_hardneg,L2,P15559,4274,lmdb
bindclip_hardneg,L2,P16234,20178,lmdb
bindclip_hardneg,L2,P17252,1529,lmdb
bindclip_hardneg,L2,P17516,969,lmdb
bindclip_hardneg,L2,P17612,764,lmdb
bindclip_hardneg,L2,P17706,4585,lmdb
bindclip_hardneg,L2,P17812,13850,FAIL
bindclip_hardneg,L2,P17931,45798,lmdb
bindclip_hardneg,L2,P18031,13142,lmdb
bindclip_hardneg,L2,P18054,1784,lmdb
bindclip_hardneg,L2,P18825,6367,lmdb
bindclip_hardneg,L2,P19099,764,lmdb
bindclip_hardneg,L2,P20309,1270,lmdb
bindclip_hardneg,L2,P20618,3717,lmdb
bindclip_hardneg,L2,P20831,1577,lmdb
bindclip_hardneg,L2,P21397,1835,lmdb
bindclip_hardneg,L2,P21554,2699,lmdb
bindclip_hardneg,L2,P21589,8710,lmdb
bindclip_hardneg,L2,P21728,1019,lmdb
bindclip_hardneg,L2,P21802,24657,lmdb
bindclip_hardneg,L2,P22303,10246,FAIL
bindclip_hardneg,L2,P22413,26696,lmdb
bindclip_hardneg,L2,P22455,5910,lmdb
bindclip_hardneg,L2,P22607,19564,lmdb
bindclip_hardneg,L2,P22748,867,lmdb
bindclip_hardneg,L2,P22894,764,lmdb
bindclip_hardneg,L2,P23458,31688,lmdb
bindclip_hardneg,L2,P23467,3924,lmdb
bindclip_hardneg,L2,P23921,510,lmdb
bindclip_hardneg,L2,P23946,3616,lmdb
bindclip_hardneg,L2,P23975,917,lmdb
bindclip_hardneg,L2,P24941,82991,lmdb
bindclip_hardneg,L2,P25440,1629,lmdb
bindclip_hardneg,L2,P25774,1679,lmdb
bindclip_hardneg,L2,P27338,6319,lmdb
bindclip_hardneg,L2,P27487,5907,lmdb
bindclip_hardneg,L2,P28062,1223,lmdb
bindclip_hardneg,L2,P28065,1377,lmdb
bindclip_hardneg,L2,P28074,16559,lmdb
bindclip_hardneg,L2,P28335,15080,lmdb
bindclip_hardneg,L2,P28482,33886,lmdb
bindclip_hardneg,L2,P28845,765,lmdb
bindclip_hardneg,L2,P28907,8453,lmdb
bindclip_hardneg,L2,P29274,39590,lmdb
bindclip_hardneg,L2,P29275,18241,lmdb
bindclip_hardneg,L2,P29375,2394,lmdb
bindclip_hardneg,L2,P29466,1070,lmdb
bindclip_hardneg,L2,P29597,69898,FAIL
bindclip_hardneg,L2,P30291,6062,lmdb
bindclip_hardneg,L2,P30530,47280,lmdb
bindclip_hardneg,L2,P30542,5806,lmdb
bindclip_hardneg,L2,P30559,561,lmdb
bindclip_hardneg,L2,P31153,27616,lmdb
bindclip_hardneg,L2,P31391,5094,lmdb
bindclip_hardneg,L2,P31639,611,lmdb
bindclip_hardneg,L2,P31644,18297,lmdb
bindclip_hardneg,L2,P31645,5556,lmdb
bindclip_hardneg,L2,P31749,10852,lmdb
bindclip_hardneg,L2,P31751,6010,lmdb
bindclip_hardneg,L2,P32245,10596,lmdb
bindclip_hardneg,L2,P32297,612,lmdb
bindclip_hardneg,L2,P33981,2496,lmdb
bindclip_hardneg,L2,P34913,3152,FAIL
bindclip_hardneg,L2,P34914,10091,lmdb
bindclip_hardneg,L2,P34947,2241,lmdb
bindclip_hardneg,L2,P34972,3207,lmdb
bindclip_hardneg,L2,P35354,5044,lmdb
bindclip_hardneg,L2,P35367,1733,lmdb
bindclip_hardneg,L2,P35372,10037,FAIL
bindclip_hardneg,L2,P35408,2447,lmdb
bindclip_hardneg,L2,P35968,47227,lmdb
bindclip_hardneg,L2,P36544,1070,lmdb
bindclip_hardneg,L2,P36776,4486,lmdb
bindclip_hardneg,L2,P36888,25776,lmdb
bindclip_hardneg,L2,P36897,14113,lmdb
bindclip_hardneg,L2,P37023,816,lmdb
bindclip_hardneg,L2,P39900,4225,lmdb
bindclip_hardneg,L2,P40261,663,lmdb
bindclip_hardneg,L2,P40337,1119,lmdb
bindclip_hardneg,L2,P40763,2548,lmdb
bindclip_hardneg,L2,P41143,4686,FAIL
bindclip_hardneg,L2,P41145,26801,FAIL
bindclip_hardneg,L2,P41146,2753,lmdb
bindclip_hardneg,L2,P41182,20687,lmdb
bindclip_hardneg,L2,P41240,8869,lmdb
bindclip_hardneg,L2,P41594,1325,lmdb
bindclip_hardneg,L2,P41595,2494,lmdb
bindclip_hardneg,L2,P42330,3922,lmdb
bindclip_hardneg,L2,P42336,43501,lmdb
bindclip_hardneg,L2,P42345,4076,lmdb
bindclip_hardneg,L2,P43116,1629,FAIL
bindclip_hardneg,L2,P43166,1987,lmdb
bindclip_hardneg,L2,P43235,561,lmdb
bindclip_hardneg,L2,P43405,5299,lmdb
bindclip_hardneg,L2,P43490,24555,lmdb
bindclip_hardneg,L2,P43681,561,FAIL
bindclip_hardneg,L2,P45452,1782,lmdb
bindclip_hardneg,L2,P45983,1426,lmdb
bindclip_hardneg,L2,P45984,2752,lmdb
bindclip_hardneg,L2,P47205,7491,lmdb
bindclip_hardneg,L2,P47989,714,lmdb
bindclip_hardneg,L2,P48039,612,lmdb
bindclip_hardneg,L2,P48729,6825,lmdb
bindclip_hardneg,L2,P48730,7335,lmdb
bindclip_hardneg,L2,P48735,1474,lmdb
bindclip_hardneg,L2,P48736,11356,lmdb
bindclip_hardneg,L2,P49137,662,lmdb
bindclip_hardneg,L2,P49286,663,lmdb
bindclip_hardneg,L2,P49327,559,lmdb
bindclip_hardneg,L2,P49336,1783,lmdb
bindclip_hardneg,L2,P49674,663,lmdb
bindclip_hardneg,L2,P49759,6828,lmdb
bindclip_hardneg,L2,P49760,13097,lmdb
bindclip_hardneg,L2,P49761,7026,lmdb
bindclip_hardneg,L2,P49840,80490,FAIL
bindclip_hardneg,L2,P49841,71681,lmdb
bindclip_hardneg,L2,P50053,48095,lmdb
bindclip_hardneg,L2,P50406,2851,lmdb
bindclip_hardneg,L2,P50613,8912,lmdb
bindclip_hardneg,L2,P50750,9773,FAIL
bindclip_hardneg,L2,P51449,2444,lmdb
bindclip_hardneg,L2,P51531,4686,lmdb
bindclip_hardneg,L2,P51532,4181,lmdb
bindclip_hardneg,L2,P51617,2191,lmdb
bindclip_hardneg,L2,P51813,2139,lmdb
bindclip_hardneg,L2,P52333,36948,lmdb
bindclip_hardneg,L2,P52895,612,lmdb
bindclip_hardneg,L2,P53350,5449,lmdb
bindclip_hardneg,L2,P53396,3008,lmdb
bindclip_hardneg,L2,P53634,21144,lmdb
bindclip_hardneg,L2,P53667,3159,lmdb
bindclip_hardneg,L2,P53671,3363,lmdb
bindclip_hardneg,L2,P53779,3310,lmdb
bindclip_hardneg,L2,P54646,712,lmdb
bindclip_hardneg,L2,P55055,611,lmdb
bindclip_hardneg,L2,P56373,1377,lmdb
bindclip_hardneg,L2,P56524,866,lmdb
bindclip_hardneg,L2,P56817,17932,lmdb
bindclip_hardneg,L2,P61073,2651,lmdb
bindclip_hardneg,L2,P61964,2599,lmdb
bindclip_hardneg,L2,P62937,5143,FAIL
bindclip_hardneg,L2,P68400,11258,lmdb
bindclip_hardneg,L2,P69996,560,lmdb
bindclip_hardneg,L2,P78527,32194,lmdb
bindclip_hardneg,L2,P80192,2956,lmdb
bindclip_hardneg,L2,P80457,1581,lmdb
bindclip_hardneg,L2,P97612,611,lmdb
bindclip_hardneg,L2,P98170,10684,FAIL
bindclip_hardneg,L2,P9WGR1,608,lmdb
bindclip_hardneg,L2,Q00534,55593,FAIL
bindclip_hardneg,L2,Q00535,2037,lmdb
bindclip_hardneg,L2,Q00536,1731,lmdb
bindclip_hardneg,L2,Q00960,3516,lmdb
bindclip_hardneg,L2,Q00987,3311,lmdb
bindclip_hardneg,L2,Q01064,35350,lmdb
bindclip_hardneg,L2,Q01959,1274,lmdb
bindclip_hardneg,L2,Q02127,5506,lmdb
bindclip_hardneg,L2,Q02750,662,lmdb
bindclip_hardneg,L2,Q03111,5092,lmdb
bindclip_hardneg,L2,Q04609,5146,FAIL
bindclip_hardneg,L2,Q04759,1887,lmdb
bindclip_hardneg,L2,Q04771,2038,lmdb
bindclip_hardneg,L2,Q04828,916,lmdb
bindclip_hardneg,L2,Q05397,18797,lmdb
bindclip_hardneg,L2,Q06124,24805,lmdb
bindclip_hardneg,L2,Q06187,49767,lmdb
bindclip_hardneg,L2,Q07343,9576,lmdb
bindclip_hardneg,L2,Q07817,19209,lmdb
bindclip_hardneg,L2,Q07820,5455,lmdb
bindclip_hardneg,L2,Q07889,30112,FAIL
bindclip_hardneg,L2,Q08210,3364,lmdb
bindclip_hardneg,L2,Q08345,17215,lmdb
bindclip_hardneg,L2,Q08499,10902,lmdb
bindclip_hardneg,L2,Q09472,5707,lmdb
bindclip_hardneg,L2,Q12866,44573,lmdb
bindclip_hardneg,L2,Q12879,611,lmdb
bindclip_hardneg,L2,Q12884,6214,FAIL
bindclip_hardneg,L2,Q12931,561,lmdb
bindclip_hardneg,L2,Q13043,765,lmdb
bindclip_hardneg,L2,Q13085,1172,lmdb
bindclip_hardneg,L2,Q13133,560,lmdb
bindclip_hardneg,L2,Q13153,813,lmdb
bindclip_hardneg,L2,Q13164,764,lmdb
bindclip_hardneg,L2,Q13224,2138,lmdb
bindclip_hardneg,L2,Q13315,10998,lmdb
bindclip_hardneg,L2,Q13451,1425,lmdb
bindclip_hardneg,L2,Q13464,9325,lmdb
bindclip_hardneg,L2,Q13490,10738,FAIL
bindclip_hardneg,L2,Q13526,714,lmdb
bindclip_hardneg,L2,Q13546,29958,lmdb
bindclip_hardneg,L2,Q13547,53195,lmdb
bindclip_hardneg,L2,Q13627,23539,lmdb
bindclip_hardneg,L2,Q13822,10035,lmdb
bindclip_hardneg,L2,Q13946,4740,lmdb
bindclip_hardneg,L2,Q14004,2138,lmdb
bindclip_hardneg,L2,Q14145,6319,lmdb
bindclip_hardneg,L2,Q14432,2393,lmdb
bindclip_hardneg,L2,Q14524,1834,lmdb
bindclip_hardneg,L2,Q14833,8712,lmdb
bindclip_hardneg,L2,Q14994,1122,lmdb
bindclip_hardneg,L2,Q15059,1886,lmdb
bindclip_hardneg,L2,Q15118,866,lmdb
bindclip_hardneg,L2,Q15119,5659,FAIL
bindclip_hardneg,L2,Q15125,9017,lmdb
bindclip_hardneg,L2,Q15561,19666,lmdb
bindclip_hardneg,L2,Q15858,33625,lmdb
bindclip_hardneg,L2,Q15910,37453,lmdb
bindclip_hardneg,L2,Q16288,8460,lmdb
bindclip_hardneg,L2,Q16539,1886,lmdb
bindclip_hardneg,L2,Q16552,13346,lmdb
bindclip_hardneg,L2,Q16602,1222,lmdb
bindclip_hardneg,L2,Q16620,9586,lmdb
bindclip_hardneg,L2,Q16678,1578,lmdb
bindclip_hardneg,L2,Q16740,1631,lmdb
bindclip_hardneg,L2,Q16769,3416,lmdb
bindclip_hardneg,L2,Q16790,12738,lmdb
bindclip_hardneg,L2,Q16873,560,lmdb
bindclip_hardneg,L2,Q2M2I8,3212,lmdb
bindclip_hardneg,L2,Q32ZE1,7646,lmdb
bindclip_hardneg,L2,Q3TBT3,713,lmdb
bindclip_hardneg,L2,Q460N5,1224,lmdb
bindclip_hardneg,L2,Q58F21,1988,lmdb
bindclip_hardneg,L2,Q5S007,38710,FAIL
bindclip_hardneg,L2,Q64610,2800,lmdb
bindclip_hardneg,L2,Q6P179,866,lmdb
bindclip_hardneg,L2,Q6V1X1,3513,lmdb
bindclip_hardneg,L2,Q72547,3259,lmdb
bindclip_hardneg,L2,Q86TI2,2851,lmdb
bindclip_hardneg,L2,Q86U44,2952,lmdb
bindclip_hardneg,L2,Q86W56,17373,lmdb
bindclip_hardneg,L2,Q86WV6,8664,lmdb
bindclip_hardneg,L2,Q86X55,2392,lmdb
bindclip_hardneg,L2,Q8IVH8,16916,lmdb
bindclip_hardneg,L2,Q8IXJ6,866,lmdb
bindclip_hardneg,L2,Q8IYT8,561,lmdb
bindclip_hardneg,L2,Q8N884,15690,lmdb
bindclip_hardneg,L2,Q8NEB9,2906,lmdb
bindclip_hardneg,L2,Q8NER1,2241,lmdb
bindclip_hardneg,L2,Q8NET8,15076,lmdb
bindclip_hardneg,L2,Q8NFU5,3361,lmdb
bindclip_hardneg,L2,Q8NI77,55528,lmdb
bindclip_hardneg,L2,Q8R4B8,2954,lmdb
bindclip_hardneg,L2,Q8TDV5,1527,lmdb
bindclip_hardneg,L2,Q8TF76,1886,lmdb
bindclip_hardneg,L2,Q92633,28537,lmdb
bindclip_hardneg,L2,Q92769,17222,lmdb
bindclip_hardneg,L2,Q92793,22264,lmdb
bindclip_hardneg,L2,Q92831,2091,lmdb
bindclip_hardneg,L2,Q92918,115706,lmdb
bindclip_hardneg,L2,Q92993,4737,lmdb
bindclip_hardneg,L2,Q93009,14926,lmdb
bindclip_hardneg,L2,Q96GG9,25985,lmdb
bindclip_hardneg,L2,Q96KQ7,1733,lmdb
bindclip_hardneg,L2,Q96P20,22618,lmdb
bindclip_hardneg,L2,Q96RI1,3107,lmdb
bindclip_hardneg,L2,Q96S37,1529,lmdb
bindclip_hardneg,L2,Q96SW2,34286,lmdb
bindclip_hardneg,L2,Q99558,2802,lmdb
bindclip_hardneg,L2,Q99571,2498,lmdb
bindclip_hardneg,L2,Q99572,1377,lmdb
bindclip_hardneg,L2,Q99640,14564,lmdb
bindclip_hardneg,L2,Q99683,3871,lmdb
bindclip_hardneg,L2,Q99685,19364,lmdb
bindclip_hardneg,L2,Q99720,2141,lmdb
bindclip_hardneg,L2,Q99814,5810,lmdb
bindclip_hardneg,L2,Q99873,1527,lmdb
bindclip_hardneg,L2,Q9BUB5,5908,lmdb
bindclip_hardneg,L2,Q9BY41,20024,lmdb
bindclip_hardneg,L2,Q9BZP6,662,lmdb
bindclip_hardneg,L2,Q9C0B1,1528,lmdb
bindclip_hardneg,L2,Q9GZT9,3973,lmdb
bindclip_hardneg,L2,Q9H2K2,4073,lmdb
bindclip_hardneg,L2,Q9H3N8,2802,lmdb
bindclip_hardneg,L2,Q9H7B4,1274,lmdb
bindclip_hardneg,L2,Q9H8M2,19914,lmdb
bindclip_hardneg,L2,Q9H999,4127,lmdb
bindclip_hardneg,L2,Q9HAZ1,6878,lmdb
bindclip_hardneg,L2,Q9HBH9,5299,lmdb
bindclip_hardneg,L2,Q9NQS5,2346,lmdb
bindclip_hardneg,L2,Q9NR48,1784,lmdb
bindclip_hardneg,L2,Q9NR97,2955,lmdb
bindclip_hardneg,L2,Q9NSY1,3462,lmdb
bindclip_hardneg,L2,Q9NWZ3,74282,lmdb
bindclip_hardneg,L2,Q9NXS2,2088,lmdb
bindclip_hardneg,L2,Q9NYL2,612,lmdb
bindclip_hardneg,L2,Q9NYV4,14369,lmdb
bindclip_hardneg,L2,Q9NZQ7,44625,lmdb
bindclip_hardneg,L2,Q9P1W9,967,lmdb
bindclip_hardneg,L2,Q9P2K8,4377,lmdb
bindclip_hardneg,L2,Q9UBF8,1326,lmdb
bindclip_hardneg,L2,Q9UBN7,71377,FAIL
bindclip_hardneg,L2,Q9UDY8,21251,lmdb
bindclip_hardneg,L2,Q9UEE5,1018,lmdb
bindclip_hardneg,L2,Q9UGN5,8355,lmdb
bindclip_hardneg,L2,Q9UIQ6,866,lmdb
bindclip_hardneg,L2,Q9UK32,1121,lmdb
bindclip_hardneg,L2,Q9UKE5,2546,lmdb
bindclip_hardneg,L2,Q9UL62,2903,lmdb
bindclip_hardneg,L2,Q9ULX7,612,lmdb
bindclip_hardneg,L2,Q9UM07,41979,lmdb
bindclip_hardneg,L2,Q9UM73,5904,lmdb
bindclip_hardneg,L2,Q9UNA0,4075,lmdb
bindclip_hardneg,L2,Q9UNQ0,612,lmdb
bindclip_hardneg,L2,Q9UQB9,764,lmdb
bindclip_hardneg,L2,Q9UQD0,16404,lmdb
bindclip_hardneg,L2,Q9Y233,4126,lmdb
bindclip_hardneg,L2,Q9Y251,2691,FAIL
bindclip_hardneg,L2,Q9Y2K2,2242,lmdb
bindclip_hardneg,L2,Q9Y572,1528,lmdb
bindclip_hardneg,L2,Q9Y5N1,1427,lmdb
bindclip_hardneg,L2,Q9Y5Y6,1527,lmdb
bindclip_hardneg,L2,Q9Y5Y9,32199,lmdb
bindclip_hardneg,L2,Q9Y5Z0,16141,lmdb
bindclip_hardneg,L2,Q9Y657,561,lmdb
bindclip_hardneg,L2,Q9Z1M0,560,lmdb
bindclip_hardneg,L3,A0A1D8PKB4,610,FAIL
bindclip_hardneg,L3,C7FF05,4686,lmdb
bindclip_hardneg,L3,O14638,4636,lmdb
bindclip_hardneg,L3,O43526,1373,lmdb
bindclip_hardneg,L3,O94921,5096,lmdb
bindclip_hardneg,L3,P01111,23907,lmdb
bindclip_hardneg,L3,P05556,1371,FAIL
bindclip_hardneg,L3,P05622,19254,lmdb
bindclip_hardneg,L3,P06802,2087,lmdb
bindclip_hardneg,L3,P08515,1173,lmdb
bindclip_hardneg,L3,P08519,3819,lmdb
bindclip_hardneg,L3,P09487,560,lmdb
bindclip_hardneg,L3,P0DTC1,43566,FAIL
bindclip_hardneg,L3,P11498,1172,FAIL
bindclip_hardneg,L3,P11926,713,lmdb
bindclip_hardneg,L3,P17787,610,FAIL
bindclip_hardneg,L3,P18564,1835,lmdb
bindclip_hardneg,L3,P28347,12125,lmdb
bindclip_hardneg,L3,P30405,3973,FAIL
bindclip_hardneg,L3,P30518,1937,lmdb
bindclip_hardneg,L3,P36222,4435,FAIL
bindclip_hardneg,L3,P37288,5606,lmdb
bindclip_hardneg,L3,P40879,1019,lmdb
bindclip_hardneg,L3,P43220,6575,lmdb
bindclip_hardneg,L3,P43250,1121,lmdb
bindclip_hardneg,L3,P51684,561,lmdb
bindclip_hardneg,L3,P56450,662,lmdb
bindclip_hardneg,L3,P56528,5248,lmdb
bindclip_hardneg,L3,P97821,4230,lmdb
bindclip_hardneg,L3,Q00959,764,FAIL
bindclip_hardneg,L3,Q00961,1069,lmdb
bindclip_hardneg,L3,Q02779,815,lmdb
bindclip_hardneg,L3,Q14123,2039,lmdb
bindclip_hardneg,L3,Q15391,1424,lmdb
bindclip_hardneg,L3,Q15562,9173,lmdb
bindclip_hardneg,L3,Q15878,7697,lmdb
bindclip_hardneg,L3,Q16665,1427,lmdb
bindclip_hardneg,L3,Q62645,763,lmdb
bindclip_hardneg,L3,Q8R431,714,lmdb
bindclip_hardneg,L3,Q92830,8104,lmdb
bindclip_hardneg,L3,Q96LB1,3515,lmdb
bindclip_hardneg,L3,Q99594,5193,lmdb
bindclip_hardneg,L3,Q9HCR9,2037,lmdb
bindclip_hardneg,L3,Q9NP56,3618,FAIL
bindclip_hardneg,L3,Q9NPC1,867,lmdb
bindclip_hardneg,L3,Q9NR22,559,lmdb
bindclip_hardneg,L3,Q9UKS7,1987,lmdb
bindclip_hardneg,L3,Q9Y4K4,510,lmdb
bindclip_hardneg,L3,Q9Y6M4,1732,lmdb
bindclip_hardneg,L4,B4RNM9,2958,lmdb
bindclip_hardneg,L4,C9J9Y7,30670,lmdb
bindclip_hardneg,L4,I6WXK4,1173,lmdb
bindclip_hardneg,L4,J9SQF3,33108,lmdb
bindclip_hardneg,L4,O00187,17213,FAIL
bindclip_hardneg,L4,O00411,11568,lmdb
bindclip_hardneg,L4,O00443,5042,lmdb
bindclip_hardneg,L4,O00748,969,lmdb
bindclip_hardneg,L4,O00750,866,lmdb
bindclip_hardneg,L4,O00767,1886,lmdb
bindclip_hardneg,L4,O14578,7743,lmdb
bindclip_hardneg,L4,O14874,5400,lmdb
bindclip_hardneg,L4,O14929,1731,lmdb
bindclip_hardneg,L4,O14980,2495,lmdb
bindclip_hardneg,L4,O15393,2036,FAIL
bindclip_hardneg,L4,O42275,6011,lmdb
bindclip_hardneg,L4,O54890,510,lmdb
bindclip_hardneg,L4,O60285,1885,FAIL
bindclip_hardneg,L4,O60331,1683,lmdb
bindclip_hardneg,L4,O60427,12028,lmdb
bindclip_hardneg,L4,O60563,7949,FAIL
bindclip_hardneg,L4,O75106,3107,lmdb
bindclip_hardneg,L4,O75143,1833,lmdb
bindclip_hardneg,L4,O75365,1275,lmdb
bindclip_hardneg,L4,O75747,11664,FAIL
bindclip_hardneg,L4,O75909,8612,FAIL
bindclip_hardneg,L4,O77963,6980,lmdb
bindclip_hardneg,L4,O88634,3364,lmdb
bindclip_hardneg,L4,O94782,20685,lmdb
bindclip_hardneg,L4,O94956,509,lmdb
bindclip_hardneg,L4,O95069,917,lmdb
bindclip_hardneg,L4,O95278,917,lmdb
bindclip_hardneg,L4,O95835,3720,lmdb
bindclip_hardneg,L4,O95931,2088,lmdb
bindclip_hardneg,L4,P01127,10495,lmdb
bindclip_hardneg,L4,P01584,1579,lmdb
bindclip_hardneg,L4,P04296,9680,lmdb
bindclip_hardneg,L4,P05067,4378,FAIL
bindclip_hardneg,L4,P08546,4178,lmdb
bindclip_hardneg,L4,P08648,510,lmdb
bindclip_hardneg,L4,P09391,560,lmdb
bindclip_hardneg,L4,P09871,21444,lmdb
bindclip_hardneg,L4,P09936,714,lmdb
bindclip_hardneg,L4,P0AES4,6778,lmdb
bindclip_hardneg,L4,P10636,560,lmdb
bindclip_hardneg,L4,P11166,3515,FAIL
bindclip_hardneg,L4,P11169,663,lmdb
bindclip_hardneg,L4,P12955,663,lmdb
bindclip_hardneg,L4,P13612,47323,lmdb
bindclip_hardneg,L4,P14060,3768,lmdb
bindclip_hardneg,L4,P14416,16307,lmdb
bindclip_hardneg,L4,P14672,1985,lmdb
bindclip_hardneg,L4,P15692,3007,lmdb
bindclip_hardneg,L4,P15823,561,lmdb
bindclip_hardneg,L4,P16101,5904,lmdb
bindclip_hardneg,L4,P16406,1477,lmdb
bindclip_hardneg,L4,P16788,23125,lmdb
bindclip_hardneg,L4,P17927,3513,lmdb
bindclip_hardneg,L4,P17948,4791,lmdb
bindclip_hardneg,L4,P18510,612,lmdb
bindclip_hardneg,L4,P18848,2038,lmdb
bindclip_hardneg,L4,P19525,9223,lmdb
bindclip_hardneg,L4,P20648,5708,lmdb
bindclip_hardneg,L4,P21842,2497,FAIL
bindclip_hardneg,L4,P21917,3312,lmdb
bindclip_hardneg,L4,P22001,17880,lmdb
bindclip_hardneg,L4,P22629,1172,lmdb
bindclip_hardneg,L4,P22681,814,lmdb
bindclip_hardneg,L4,P22830,867,lmdb
bindclip_hardneg,L4,P23743,27713,lmdb
bindclip_hardneg,L4,P24385,10854,FAIL
bindclip_hardneg,L4,P24530,510,lmdb
bindclip_hardneg,L4,P24863,918,lmdb
bindclip_hardneg,L4,P24864,3466,FAIL
bindclip_hardneg,L4,P25101,815,lmdb
bindclip_hardneg,L4,P25322,1579,lmdb
bindclip_hardneg,L4,P25929,5198,lmdb
bindclip_hardneg,L4,P26012,1273,lmdb
bindclip_hardneg,L4,P27986,3364,lmdb
bindclip_hardneg,L4,P28223,61144,lmdb
bindclip_hardneg,L4,P29371,1326,lmdb
bindclip_hardneg,L4,P30550,662,FAIL
bindclip_hardneg,L4,P30990,3874,lmdb
bindclip_hardneg,L4,P31350,816,lmdb
bindclip_hardneg,L4,P34969,5145,lmdb
bindclip_hardneg,L4,P35348,764,lmdb
bindclip_hardneg,L4,P35462,5553,lmdb
bindclip_hardneg,L4,P35869,1833,lmdb
bindclip_hardneg,L4,P37059,2396,lmdb
bindclip_hardneg,L4,P37840,5857,lmdb
bindclip_hardneg,L4,P38158,560,lmdb
bindclip_hardneg,L4,P41235,916,lmdb
bindclip_hardneg,L4,P42226,2193,lmdb
bindclip_hardneg,L4,P43251,1428,lmdb
bindclip_hardneg,L4,P43341,7795,lmdb
bindclip_hardneg,L4,P43354,1780,lmdb
bindclip_hardneg,L4,P46976,1121,lmdb
bindclip_hardneg,L4,P48025,663,lmdb
bindclip_hardneg,L4,P48048,1528,lmdb
bindclip_hardneg,L4,P48549,1121,lmdb
bindclip_hardneg,L4,P49238,968,lmdb
bindclip_hardneg,L4,P49721,765,lmdb
bindclip_hardneg,L4,P49959,612,lmdb
bindclip_hardneg,L4,P50052,10903,lmdb
bindclip_hardneg,L4,P51946,5300,FAIL
bindclip_hardneg,L4,P52429,4124,lmdb
bindclip_hardneg,L4,P54278,4331,lmdb
bindclip_hardneg,L4,P57059,4281,lmdb
bindclip_hardneg,L4,P62837,1986,lmdb
bindclip_hardneg,L4,P95160,1172,lmdb
bindclip_hardneg,L4,P97639,1223,lmdb
bindclip_hardneg,L4,Q01538,66335,FAIL
bindclip_hardneg,L4,Q01973,1120,lmdb
bindclip_hardneg,L4,Q02974,1325,lmdb
bindclip_hardneg,L4,Q03164,13648,FAIL
bindclip_hardneg,L4,Q04912,561,lmdb
bindclip_hardneg,L4,Q06830,1528,lmdb
bindclip_hardneg,L4,Q08211,36023,lmdb
bindclip_hardneg,L4,Q08828,3464,lmdb
bindclip_hardneg,L4,Q10469,8712,lmdb
bindclip_hardneg,L4,Q12809,1986,FAIL
bindclip_hardneg,L4,Q13094,1529,FAIL
bindclip_hardneg,L4,Q13191,62765,lmdb
bindclip_hardneg,L4,Q13233,2957,lmdb
bindclip_hardneg,L4,Q13535,24306,FAIL
bindclip_hardneg,L4,Q13541,18038,lmdb
bindclip_hardneg,L4,Q13564,1171,lmdb
bindclip_hardneg,L4,Q13574,29346,lmdb
bindclip_hardneg,L4,Q13639,2496,lmdb
bindclip_hardneg,L4,Q13686,2038,lmdb
bindclip_hardneg,L4,Q13724,26950,FAIL
bindclip_hardneg,L4,Q14191,76779,lmdb
bindclip_hardneg,L4,Q14721,1528,lmdb
bindclip_hardneg,L4,Q15040,1221,lmdb
bindclip_hardneg,L4,Q15078,2649,FAIL
bindclip_hardneg,L4,Q15116,5454,FAIL
bindclip_hardneg,L4,Q15369,560,lmdb
bindclip_hardneg,L4,Q15726,1377,lmdb
bindclip_hardneg,L4,Q16204,1530,lmdb
bindclip_hardneg,L4,Q16236,4381,FAIL
bindclip_hardneg,L4,Q16531,25010,FAIL
bindclip_hardneg,L4,Q16548,663,lmdb
bindclip_hardneg,L4,Q16739,15737,lmdb
bindclip_hardneg,L4,Q16832,16614,lmdb
bindclip_hardneg,L4,Q16853,4282,FAIL
bindclip_hardneg,L4,Q29550,765,lmdb
bindclip_hardneg,L4,Q2FYS5,1478,lmdb
bindclip_hardneg,L4,Q3SYC2,765,lmdb
bindclip_hardneg,L4,Q5JRX3,2905,lmdb
bindclip_hardneg,L4,Q5M868,4025,lmdb
bindclip_hardneg,L4,Q60795,1373,lmdb
bindclip_hardneg,L4,Q695T7,10237,lmdb
bindclip_hardneg,L4,Q6NS38,713,lmdb
bindclip_hardneg,L4,Q6SZW1,12377,lmdb
bindclip_hardneg,L4,Q70CQ3,11771,lmdb
bindclip_hardneg,L4,Q7Z3E1,29244,lmdb
bindclip_hardneg,L4,Q7Z5P4,45534,FAIL
bindclip_hardneg,L4,Q86SK9,2745,lmdb
bindclip_hardneg,L4,Q86UE8,3463,lmdb
bindclip_hardneg,L4,Q86YV6,714,lmdb
bindclip_hardneg,L4,Q8BHB0,1425,lmdb
bindclip_hardneg,L4,Q8IU80,765,lmdb
bindclip_hardneg,L4,Q8IVG9,714,lmdb
bindclip_hardneg,L4,Q8IWV7,510,lmdb
bindclip_hardneg,L4,Q8N1C3,10239,lmdb
bindclip_hardneg,L4,Q8NEV1,560,FAIL
bindclip_hardneg,L4,Q8NFR9,1171,lmdb
bindclip_hardneg,L4,Q8NHG7,4582,lmdb
bindclip_hardneg,L4,Q8TAF3,2191,lmdb
bindclip_hardneg,L4,Q8TD08,561,lmdb
bindclip_hardneg,L4,Q8TDU9,510,lmdb
bindclip_hardneg,L4,Q8VCR2,1172,lmdb
bindclip_hardneg,L4,Q8WXE1,5505,lmdb
bindclip_hardneg,L4,Q8WYB5,9783,lmdb
bindclip_hardneg,L4,Q91WP0,8867,FAIL
bindclip_hardneg,L4,Q92551,9779,lmdb
bindclip_hardneg,L4,Q92743,611,lmdb
bindclip_hardneg,L4,Q92794,43768,FAIL
bindclip_hardneg,L4,Q92905,1172,lmdb
bindclip_hardneg,L4,Q92932,26032,lmdb
bindclip_hardneg,L4,Q96DB2,3617,lmdb
bindclip_hardneg,L4,Q96GX5,13140,lmdb
bindclip_hardneg,L4,Q96KP4,5603,FAIL
bindclip_hardneg,L4,Q96PC2,2244,lmdb
bindclip_hardneg,L4,Q96PD7,3413,lmdb
bindclip_hardneg,L4,Q96QP1,22674,lmdb
bindclip_hardneg,L4,Q96RU2,2443,lmdb
bindclip_hardneg,L4,Q99705,1683,lmdb
bindclip_hardneg,L4,Q99788,2243,lmdb
bindclip_hardneg,L4,Q99986,1934,lmdb
bindclip_hardneg,L4,Q9BQ50,5911,lmdb
bindclip_hardneg,L4,Q9BVC4,509,lmdb
bindclip_hardneg,L4,Q9BW19,9930,lmdb
bindclip_hardneg,L4,Q9BY08,1987,lmdb
bindclip_hardneg,L4,Q9BZ95,559,lmdb
bindclip_hardneg,L4,Q9CVD2,816,lmdb
bindclip_hardneg,L4,Q9DGD3,3768,lmdb
bindclip_hardneg,L4,Q9GZQ6,1273,lmdb
bindclip_hardneg,L4,Q9GZZ6,560,lmdb
bindclip_hardneg,L4,Q9H093,560,FAIL
bindclip_hardneg,L4,Q9H0K1,5552,lmdb
bindclip_hardneg,L4,Q9H299,764,lmdb
bindclip_hardneg,L4,Q9H300,816,lmdb
bindclip_hardneg,L4,Q9H7M9,1224,lmdb
bindclip_hardneg,L4,Q9H7Z6,1936,lmdb
bindclip_hardneg,L4,Q9HB14,765,lmdb
bindclip_hardneg,L4,Q9HC35,764,FAIL
bindclip_hardneg,L4,Q9HC84,9429,lmdb
bindclip_hardneg,L4,Q9HCE5,9834,lmdb
bindclip_hardneg,L4,Q9IWW8,917,lmdb
bindclip_hardneg,L4,Q9NPF7,2550,lmdb
bindclip_hardneg,L4,Q9NPH5,4892,lmdb
bindclip_hardneg,L4,Q9NR19,7233,lmdb
bindclip_hardneg,L4,Q9NR96,1936,lmdb
bindclip_hardneg,L4,Q9NSD7,765,lmdb
bindclip_hardneg,L4,Q9NSU2,5910,lmdb
bindclip_hardneg,L4,Q9NVM4,510,lmdb
bindclip_hardneg,L4,Q9NY59,1015,lmdb
bindclip_hardneg,L4,Q9UJ71,3718,FAIL
bindclip_hardneg,L4,Q9ULV8,28987,lmdb
bindclip_hardneg,L4,Q9WHN8,10245,lmdb
bindclip_hardneg,L4,Q9Y239,2955,lmdb
bindclip_hardneg,L4,Q9Y2I1,510,lmdb
bindclip_hardneg,L4,Q9Y2I7,20075,lmdb
bindclip_hardneg,L4,Q9Y4K0,2396,lmdb
bindclip_hardneg,L4,Q9Y5X5,867,lmdb
conglude,L1,O00141,1581,jsonl
conglude,L1,O00763,663,jsonl
conglude,L1,O14757,663,jsonl
conglude,L1,O14965,1173,jsonl
conglude,L1,O15379,7191,jsonl
conglude,L1,O43353,12546,jsonl
conglude,L1,O43570,12750,jsonl
conglude,L1,O60218,1683,jsonl
conglude,L1,O60341,5304,jsonl
conglude,L1,O60674,11628,jsonl
conglude,L1,O60885,2958,jsonl
conglude,L1,O75385,510,jsonl
conglude,L1,O75417,510,jsonl
conglude,L1,O75460,1734,jsonl
conglude,L1,O75469,4182,jsonl
conglude,L1,O75762,765,jsonl
conglude,L1,O75874,1479,jsonl
conglude,L1,O76074,2754,jsonl
conglude,L1,O76083,765,jsonl
conglude,L1,O95271,969,jsonl
conglude,L1,O95819,816,jsonl
conglude,L1,O96013,1071,jsonl
conglude,L1,P00352,510,jsonl
conglude,L1,P00491,1326,jsonl
conglude,L1,P00519,2397,jsonl
conglude,L1,P00533,23817,jsonl
conglude,L1,P00915,8619,jsonl
conglude,L1,P00918,12495,jsonl
conglude,L1,P01116,2601,jsonl
conglude,L1,P03372,2040,jsonl
conglude,L1,P04049,867,jsonl
conglude,L1,P04626,4896,jsonl
conglude,L1,P04629,3264,jsonl
conglude,L1,P04798,3213,jsonl
conglude,L1,P05089,2907,jsonl
conglude,L1,P05177,2142,jsonl
conglude,L1,P05771,561,jsonl
conglude,L1,P05979,1530,jsonl
conglude,L1,P06213,663,jsonl
conglude,L1,P06239,3468,jsonl
conglude,L1,P06276,2499,jsonl
conglude,L1,P06493,1887,jsonl
conglude,L1,P07333,5253,jsonl
conglude,L1,P07550,612,jsonl
conglude,L1,P07711,2091,jsonl
conglude,L1,P07900,1479,jsonl
conglude,L1,P07948,663,jsonl
conglude,L1,P07949,2091,jsonl
conglude,L1,P08069,2040,jsonl
conglude,L1,P08173,663,jsonl
conglude,L1,P08238,1377,jsonl
conglude,L1,P08246,1479,jsonl
conglude,L1,P08253,714,jsonl
conglude,L1,P08913,1122,jsonl
conglude,L1,P08922,1020,jsonl
conglude,L1,P0C6U8,612,jsonl
conglude,L1,P0DMS8,3519,jsonl
conglude,L1,P0DTD1,21420,jsonl
conglude,L1,P10275,765,jsonl
conglude,L1,P10415,714,jsonl
conglude,L1,P10721,1989,jsonl
conglude,L1,P11309,2805,jsonl
conglude,L1,P11511,714,jsonl
conglude,L1,P12931,4641,jsonl
conglude,L1,P13569,1020,jsonl
conglude,L1,P14324,510,jsonl
conglude,L1,P14618,612,jsonl
conglude,L1,P14867,2295,jsonl
conglude,L1,P14902,2550,jsonl
conglude,L1,P14920,714,jsonl
conglude,L1,P15056,2958,jsonl
conglude,L1,P15121,918,jsonl
conglude,L1,P15538,765,jsonl
conglude,L1,P16083,816,jsonl
conglude,L1,P16110,663,jsonl
conglude,L1,P17252,1122,jsonl
conglude,L1,P17706,867,jsonl
conglude,L1,P18031,5916,jsonl
conglude,L1,P18089,816,jsonl
conglude,L1,P18825,1020,jsonl
conglude,L1,P19099,867,jsonl
conglude,L1,P19634,1173,jsonl
conglude,L1,P19793,816,jsonl
conglude,L1,P21397,1071,jsonl
conglude,L1,P21554,5100,jsonl
conglude,L1,P21589,1224,jsonl
conglude,L1,P21728,1224,jsonl
conglude,L1,P21802,918,jsonl
conglude,L1,P21918,612,jsonl
conglude,L1,P21964,1530,jsonl
conglude,L1,P22303,4539,jsonl
conglude,L1,P22455,2805,jsonl
conglude,L1,P22607,1020,jsonl
conglude,L1,P22748,5712,jsonl
conglude,L1,P23458,10047,jsonl
conglude,L1,P23467,867,jsonl
conglude,L1,P24941,2805,jsonl
conglude,L1,P25440,663,jsonl
conglude,L1,P25774,663,jsonl
conglude,L1,P25779,561,jsonl
conglude,L1,P27338,7905,jsonl
conglude,L1,P27487,1683,jsonl
conglude,L1,P28221,816,jsonl
conglude,L1,P28222,765,jsonl
conglude,L1,P28482,765,jsonl
conglude,L1,P28566,510,jsonl
conglude,L1,P29274,714,jsonl
conglude,L1,P29466,867,jsonl
conglude,L1,P29597,9537,jsonl
conglude,L1,P30291,1530,jsonl
conglude,L1,P30530,2550,jsonl
conglude,L1,P30542,1020,jsonl
conglude,L1,P31153,3213,jsonl
conglude,L1,P31639,561,jsonl
conglude,L1,P31645,561,jsonl
conglude,L1,P31749,6324,jsonl
conglude,L1,P31751,1785,jsonl
conglude,L1,P33981,1479,jsonl
conglude,L1,P34913,6324,jsonl
conglude,L1,P34914,5049,jsonl
conglude,L1,P34972,3417,jsonl
conglude,L1,P35354,2244,jsonl
conglude,L1,P35367,510,jsonl
conglude,L1,P35968,6936,jsonl
conglude,L1,P36776,1020,jsonl
conglude,L1,P36888,4284,jsonl
conglude,L1,P36897,918,jsonl
conglude,L1,P37231,867,jsonl
conglude,L1,P41143,714,jsonl
conglude,L1,P41182,3213,jsonl
conglude,L1,P41240,918,jsonl
conglude,L1,P41595,4641,jsonl
conglude,L1,P42336,4539,jsonl
conglude,L1,P42345,1683,jsonl
conglude,L1,P43166,4131,jsonl
conglude,L1,P43405,561,jsonl
conglude,L1,P43490,867,jsonl
conglude,L1,P45983,1734,jsonl
conglude,L1,P45984,1632,jsonl
conglude,L1,P47989,2805,jsonl
conglude,L1,P48039,663,jsonl
conglude,L1,P48735,561,jsonl
conglude,L1,P48736,6324,jsonl
conglude,L1,P49137,510,jsonl
conglude,L1,P49286,918,jsonl
conglude,L1,P49327,33915,jsonl
conglude,L1,P49759,561,jsonl
conglude,L1,P49760,663,jsonl
conglude,L1,P49840,510,jsonl
conglude,L1,P49841,1224,jsonl
conglude,L1,P50053,1275,jsonl
conglude,L1,P50406,3417,jsonl
conglude,L1,P50613,1122,jsonl
conglude,L1,P50750,3417,jsonl
conglude,L1,P51531,867,jsonl
conglude,L1,P51532,510,jsonl
conglude,L1,P51617,765,jsonl
conglude,L1,P51812,816,jsonl
conglude,L1,P51813,765,jsonl
conglude,L1,P51955,867,jsonl
conglude,L1,P52333,13056,jsonl
conglude,L1,P53350,1224,jsonl
conglude,L1,P53634,2958,jsonl
conglude,L1,P53779,1632,jsonl
conglude,L1,P54646,1173,jsonl
conglude,L1,P55055,663,jsonl
conglude,L1,P56524,1428,jsonl
conglude,L1,P56817,13260,jsonl
conglude,L1,P61964,867,jsonl
conglude,L1,P62937,918,jsonl
conglude,L1,P78527,510,jsonl
conglude,L1,P80457,1632,jsonl
conglude,L1,Q00534,561,jsonl
conglude,L1,Q00535,969,jsonl
conglude,L1,Q01650,918,jsonl
conglude,L1,Q02127,3774,jsonl
conglude,L1,Q02750,714,jsonl
conglude,L1,Q03181,765,jsonl
conglude,L1,Q04609,1836,jsonl
conglude,L1,Q04759,969,jsonl
conglude,L1,Q05397,4590,jsonl
conglude,L1,Q06124,1428,jsonl
conglude,L1,Q06187,18105,jsonl
conglude,L1,Q07343,2397,jsonl
conglude,L1,Q07422,612,jsonl
conglude,L1,Q07817,714,jsonl
conglude,L1,Q07820,2652,jsonl
conglude,L1,Q07869,765,jsonl
conglude,L1,Q07889,1071,jsonl
conglude,L1,Q07912,510,jsonl
conglude,L1,Q08345,969,jsonl
conglude,L1,Q08881,816,jsonl
conglude,L1,Q12866,2295,jsonl
conglude,L1,Q12879,867,jsonl
conglude,L1,Q12884,2448,jsonl
conglude,L1,Q13043,2550,jsonl
conglude,L1,Q13085,612,jsonl
conglude,L1,Q13131,1326,jsonl
conglude,L1,Q13133,816,jsonl
conglude,L1,Q13164,816,jsonl
conglude,L1,Q13188,2550,jsonl
conglude,L1,Q13224,1734,jsonl
conglude,L1,Q13315,714,jsonl
conglude,L1,Q13464,1122,jsonl
conglude,L1,Q13526,1020,jsonl
conglude,L1,Q13546,2754,jsonl
conglude,L1,Q13627,5661,jsonl
conglude,L1,Q13822,1428,jsonl
conglude,L1,Q13946,612,jsonl
conglude,L1,Q14145,663,jsonl
conglude,L1,Q14289,1020,jsonl
conglude,L1,Q15059,2193,jsonl
conglude,L1,Q15118,663,jsonl
conglude,L1,Q15303,714,jsonl
conglude,L1,Q15561,2907,jsonl
conglude,L1,Q15910,1581,jsonl
conglude,L1,Q16288,1020,jsonl
conglude,L1,Q16512,816,jsonl
conglude,L1,Q16539,714,jsonl
conglude,L1,Q16620,969,jsonl
conglude,L1,Q16678,5457,jsonl
conglude,L1,Q16769,1377,jsonl
conglude,L1,Q16790,10455,jsonl
conglude,L1,Q2M2I8,1479,jsonl
conglude,L1,Q5S007,1479,jsonl
conglude,L1,Q5TCY1,816,jsonl
conglude,L1,Q6GI75,816,jsonl
conglude,L1,Q6P179,612,jsonl
conglude,L1,Q72547,1785,jsonl
conglude,L1,Q86W56,2142,jsonl
conglude,L1,Q86WV6,1275,jsonl
conglude,L1,Q86X55,2448,jsonl
conglude,L1,Q86YT5,816,jsonl
conglude,L1,Q8IXJ6,1224,jsonl
conglude,L1,Q8N1Q1,510,jsonl
conglude,L1,Q8NEB9,663,jsonl
conglude,L1,Q8R4B8,1020,jsonl
conglude,L1,Q8TF76,663,jsonl
conglude,L1,Q8WUI4,867,jsonl
conglude,L1,Q92769,6477,jsonl
conglude,L1,Q92793,612,jsonl
conglude,L1,Q92918,8211,jsonl
conglude,L1,Q93009,816,jsonl
conglude,L1,Q96EB6,561,jsonl
conglude,L1,Q96GD4,1224,jsonl
conglude,L1,Q96LA8,612,jsonl
conglude,L1,Q96MU7,561,jsonl
conglude,L1,Q96RI1,663,jsonl
conglude,L1,Q99683,816,jsonl
conglude,L1,Q99685,561,jsonl
conglude,L1,Q99720,3213,jsonl
conglude,L1,Q99873,1734,jsonl
conglude,L1,Q9BUB5,663,jsonl
conglude,L1,Q9BV86,714,jsonl
conglude,L1,Q9BY41,5304,jsonl
conglude,L1,Q9C0B1,4131,jsonl
conglude,L1,Q9GZQ8,918,jsonl
conglude,L1,Q9H2K2,1734,jsonl
conglude,L1,Q9H9B1,918,jsonl
conglude,L1,Q9HBH9,612,jsonl
conglude,L1,Q9NQS5,663,jsonl
conglude,L1,Q9NWZ3,4641,jsonl
conglude,L1,Q9NXA8,663,jsonl
conglude,L1,Q9P1W9,1173,jsonl
conglude,L1,Q9P2K8,867,jsonl
conglude,L1,Q9UBF8,2193,jsonl
conglude,L1,Q9UBN7,21726,jsonl
conglude,L1,Q9UGL1,510,jsonl
conglude,L1,Q9UGN5,2040,jsonl
conglude,L1,Q9UIQ6,1173,jsonl
conglude,L1,Q9ULX7,1224,jsonl
conglude,L1,Q9UM73,2142,jsonl
conglude,L1,Q9UQB9,510,jsonl
conglude,L1,Q9UQD0,765,jsonl
conglude,L1,Q9Y233,2142,jsonl
conglude,L1,Q9Y2K2,1938,jsonl
conglude,L1,Q9Y2R2,612,jsonl
conglude,L1,Q9Y463,1224,jsonl
conglude,L1,Q9Y5Y9,2091,jsonl
conglude,L1,Q9Y5Z0,11577,jsonl
conglude,L2,O00141,1734,jsonl
conglude,L2,O00255,20349,jsonl
conglude,L2,O00763,2346,jsonl
conglude,L2,O14684,6375,jsonl
conglude,L2,O14733,816,jsonl
conglude,L2,O14757,9690,jsonl
conglude,L2,O14842,918,jsonl
conglude,L2,O14965,2601,jsonl
conglude,L2,O14976,1683,jsonl
conglude,L2,O15151,561,jsonl
conglude,L2,O15379,21063,jsonl
conglude,L2,O43318,765,jsonl
conglude,L2,O43353,15147,jsonl
conglude,L2,O43497,7905,jsonl
conglude,L2,O43570,12189,jsonl
conglude,L2,O43613,5049,jsonl
conglude,L2,O43614,7395,jsonl
conglude,L2,O43924,714,jsonl
conglude,L2,O60341,41157,jsonl
conglude,L2,O60674,38709,jsonl
conglude,L2,O60760,1581,jsonl
conglude,L2,O60885,29376,jsonl
conglude,L2,O75173,4233,jsonl
conglude,L2,O75385,20808,jsonl
conglude,L2,O75417,96237,jsonl
conglude,L2,O75460,14178,jsonl
conglude,L2,O75762,12291,jsonl
conglude,L2,O75874,3060,jsonl
conglude,L2,O75936,1173,jsonl
conglude,L2,O76074,1428,jsonl
conglude,L2,O76083,8160,jsonl
conglude,L2,O95271,2805,jsonl
conglude,L2,O95819,3366,jsonl
conglude,L2,O96013,1785,jsonl
conglude,L2,O96017,3315,jsonl
conglude,L2,P00519,14994,jsonl
conglude,L2,P00533,104397,jsonl
conglude,L2,P00746,18564,jsonl
conglude,L2,P00748,1581,jsonl
conglude,L2,P00797,1887,jsonl
conglude,L2,P00915,11373,jsonl
conglude,L2,P00918,17340,jsonl
conglude,L2,P01116,145641,jsonl
conglude,L2,P01375,1071,jsonl
conglude,L2,P02753,1173,jsonl
conglude,L2,P03372,11118,jsonl
conglude,L2,P03951,5151,jsonl
conglude,L2,P04049,33456,jsonl
conglude,L2,P04293,18105,jsonl
conglude,L2,P04585,714,jsonl
conglude,L2,P04626,51204,jsonl
conglude,L2,P04629,30498,jsonl
conglude,L2,P04798,1734,jsonl
conglude,L2,P04818,1326,jsonl
conglude,L2,P05089,663,jsonl
conglude,L2,P05177,1836,jsonl
conglude,L2,P05981,714,jsonl
conglude,L2,P06239,36465,jsonl
conglude,L2,P06241,2754,jsonl
conglude,L2,P06276,7089,jsonl
conglude,L2,P06401,1020,jsonl
conglude,L2,P06493,9486,jsonl
conglude,L2,P06935,4590,jsonl
conglude,L2,P07333,39423,jsonl
conglude,L2,P07711,5763,jsonl
conglude,L2,P07858,1479,jsonl
conglude,L2,P07900,1785,jsonl
conglude,L2,P07948,510,jsonl
conglude,L2,P07949,13413,jsonl
conglude,L2,P08069,18309,jsonl
conglude,L2,P08172,2448,jsonl
conglude,L2,P08173,3978,jsonl
conglude,L2,P08183,1326,jsonl
conglude,L2,P08238,2499,jsonl
conglude,L2,P08246,510,jsonl
conglude,L2,P08253,1275,jsonl
conglude,L2,P08254,816,jsonl
conglude,L2,P08684,1377,jsonl
conglude,L2,P08912,1326,jsonl
conglude,L2,P08922,2601,jsonl
conglude,L2,P09237,1071,jsonl
conglude,L2,P09238,867,jsonl
conglude,L2,P09382,25755,jsonl
conglude,L2,P09917,714,jsonl
conglude,L2,P09960,765,jsonl
conglude,L2,P0A017,1020,jsonl
conglude,L2,P0A0K8,1326,jsonl
conglude,L2,P0A725,1122,jsonl
conglude,L2,P0AES6,1275,jsonl
conglude,L2,P0DMS8,2550,jsonl
conglude,L2,P0DTD1,98073,jsonl
conglude,L2,P0DUB6,1989,jsonl
conglude,L2,P10275,7395,jsonl
conglude,L2,P10415,51357,jsonl
conglude,L2,P10721,57222,jsonl
conglude,L2,P11229,1224,jsonl
conglude,L2,P11309,3366,jsonl
conglude,L2,P11474,10149,jsonl
conglude,L2,P11511,867,jsonl
conglude,L2,P12931,3519,jsonl
conglude,L2,P13569,2448,jsonl
conglude,L2,P13866,561,jsonl
conglude,L2,P13995,561,jsonl
conglude,L2,P14207,1122,jsonl
conglude,L2,P14555,765,jsonl
conglude,L2,P14618,2040,jsonl
conglude,L2,P14780,1632,jsonl
conglude,L2,P14867,6324,jsonl
conglude,L2,P14902,1785,jsonl
conglude,L2,P15056,39219,jsonl
conglude,L2,P15428,18411,jsonl
conglude,L2,P15559,4284,jsonl
conglude,L2,P17252,1530,jsonl
conglude,L2,P17516,969,jsonl
conglude,L2,P17612,765,jsonl
conglude,L2,P17706,4590,jsonl
conglude,L2,P17812,13872,jsonl
conglude,L2,P18031,13158,jsonl
conglude,L2,P18054,1785,jsonl
conglude,L2,P18825,6375,jsonl
conglude,L2,P19099,765,jsonl
conglude,L2,P20309,1275,jsonl
conglude,L2,P20831,1581,jsonl
conglude,L2,P21397,1836,jsonl
conglude,L2,P21554,2703,jsonl
conglude,L2,P21589,8721,jsonl
conglude,L2,P21728,1020,jsonl
conglude,L2,P21802,24684,jsonl
conglude,L2,P22303,10251,jsonl
conglude,L2,P22455,5916,jsonl
conglude,L2,P22607,19584,jsonl
conglude,L2,P22748,867,jsonl
conglude,L2,P22894,765,jsonl
conglude,L2,P23458,31722,jsonl
conglude,L2,P23467,3927,jsonl
conglude,L2,P23921,510,jsonl
conglude,L2,P24941,83079,jsonl
conglude,L2,P25440,1632,jsonl
conglude,L2,P25774,1683,jsonl
conglude,L2,P27338,6324,jsonl
conglude,L2,P27487,5916,jsonl
conglude,L2,P28482,33915,jsonl
conglude,L2,P28845,765,jsonl
conglude,L2,P28907,8466,jsonl
conglude,L2,P29274,39627,jsonl
conglude,L2,P29275,18258,jsonl
conglude,L2,P29375,2397,jsonl
conglude,L2,P29466,1071,jsonl
conglude,L2,P29597,69972,jsonl
conglude,L2,P30291,6069,jsonl
conglude,L2,P30530,47328,jsonl
conglude,L2,P30542,5814,jsonl
conglude,L2,P30559,561,jsonl
conglude,L2,P31153,27642,jsonl
conglude,L2,P31391,5100,jsonl
conglude,L2,P31639,612,jsonl
conglude,L2,P31644,18309,jsonl
conglude,L2,P31645,5559,jsonl
conglude,L2,P31749,10863,jsonl
conglude,L2,P31751,6018,jsonl
conglude,L2,P32245,10608,jsonl
conglude,L2,P32297,612,jsonl
conglude,L2,P33981,2499,jsonl
conglude,L2,P34913,3162,jsonl
conglude,L2,P34914,10098,jsonl
conglude,L2,P34947,2244,jsonl
conglude,L2,P34972,3213,jsonl
conglude,L2,P35354,5049,jsonl
conglude,L2,P35367,1734,jsonl
conglude,L2,P35408,2448,jsonl
conglude,L2,P35968,47277,jsonl
conglude,L2,P36544,1071,jsonl
conglude,L2,P36776,4488,jsonl
conglude,L2,P36888,25806,jsonl
conglude,L2,P36897,14127,jsonl
conglude,L2,P37023,816,jsonl
conglude,L2,P39900,4233,jsonl
conglude,L2,P40261,663,jsonl
conglude,L2,P40763,2550,jsonl
conglude,L2,P41143,4692,jsonl
conglude,L2,P41146,2754,jsonl
conglude,L2,P41182,20706,jsonl
conglude,L2,P41240,8874,jsonl
conglude,L2,P41594,1326,jsonl
conglude,L2,P41595,2499,jsonl
conglude,L2,P42336,43554,jsonl
conglude,L2,P42345,4080,jsonl
conglude,L2,P43166,1989,jsonl
conglude,L2,P43235,561,jsonl
conglude,L2,P43405,5304,jsonl
conglude,L2,P43490,24582,jsonl
conglude,L2,P43681,561,jsonl
conglude,L2,P45452,1785,jsonl
conglude,L2,P45983,1428,jsonl
conglude,L2,P45984,2754,jsonl
conglude,L2,P47205,7497,jsonl
conglude,L2,P47989,714,jsonl
conglude,L2,P48039,612,jsonl
conglude,L2,P48729,6834,jsonl
conglude,L2,P48730,7344,jsonl
conglude,L2,P48735,1479,jsonl
conglude,L2,P48736,11373,jsonl
conglude,L2,P49137,663,jsonl
conglude,L2,P49286,663,jsonl
conglude,L2,P49327,561,jsonl
conglude,L2,P49336,1785,jsonl
conglude,L2,P49674,663,jsonl
conglude,L2,P49759,6834,jsonl
conglude,L2,P49760,13107,jsonl
conglude,L2,P49840,80580,jsonl
conglude,L2,P49841,71757,jsonl
conglude,L2,P50053,48144,jsonl
conglude,L2,P50406,2856,jsonl
conglude,L2,P50613,8925,jsonl
conglude,L2,P50750,9792,jsonl
conglude,L2,P51531,4692,jsonl
conglude,L2,P51532,4182,jsonl
conglude,L2,P51617,2193,jsonl
conglude,L2,P51813,2142,jsonl
conglude,L2,P52333,36975,jsonl
conglude,L2,P52895,612,jsonl
conglude,L2,P53350,5457,jsonl
conglude,L2,P53396,3009,jsonl
conglude,L2,P53634,21165,jsonl
conglude,L2,P53667,3162,jsonl
conglude,L2,P53779,3315,jsonl
conglude,L2,P54646,714,jsonl
conglude,L2,P55055,612,jsonl
conglude,L2,P56373,1377,jsonl
conglude,L2,P56524,867,jsonl
conglude,L2,P56817,17952,jsonl
conglude,L2,P61073,2652,jsonl
conglude,L2,P61964,2601,jsonl
conglude,L2,P62937,5151,jsonl
conglude,L2,P69996,561,jsonl
conglude,L2,P78527,32232,jsonl
conglude,L2,P80192,2958,jsonl
conglude,L2,P80457,1581,jsonl
conglude,L2,P97612,612,jsonl
conglude,L2,P98170,10710,jsonl
conglude,L2,P9WGR1,612,jsonl
conglude,L2,Q00534,55641,jsonl
conglude,L2,Q00535,2040,jsonl
conglude,L2,Q00536,1734,jsonl
conglude,L2,Q00960,3519,jsonl
conglude,L2,Q00987,3315,jsonl
conglude,L2,Q01064,35394,jsonl
conglude,L2,Q01959,1275,jsonl
conglude,L2,Q02127,5508,jsonl
conglude,L2,Q02750,663,jsonl
conglude,L2,Q03111,5100,jsonl
conglude,L2,Q04609,5151,jsonl
conglude,L2,Q04759,1887,jsonl
conglude,L2,Q04771,2040,jsonl
conglude,L2,Q04828,918,jsonl
conglude,L2,Q05397,18819,jsonl
conglude,L2,Q06124,24837,jsonl
conglude,L2,Q06187,49827,jsonl
conglude,L2,Q07343,9588,jsonl
conglude,L2,Q07817,19227,jsonl
conglude,L2,Q07820,5457,jsonl
conglude,L2,Q07889,30141,jsonl
conglude,L2,Q08345,17238,jsonl
conglude,L2,Q09472,5712,jsonl
conglude,L2,Q12866,44625,jsonl
conglude,L2,Q12879,612,jsonl
conglude,L2,Q12884,6222,jsonl
conglude,L2,Q12931,561,jsonl
conglude,L2,Q13043,765,jsonl
conglude,L2,Q13085,1173,jsonl
conglude,L2,Q13133,561,jsonl
conglude,L2,Q13153,816,jsonl
conglude,L2,Q13164,765,jsonl
conglude,L2,Q13224,2142,jsonl
conglude,L2,Q13315,11016,jsonl
conglude,L2,Q13464,9333,jsonl
conglude,L2,Q13490,10761,jsonl
conglude,L2,Q13526,714,jsonl
conglude,L2,Q13546,29988,jsonl
conglude,L2,Q13627,23562,jsonl
conglude,L2,Q13822,10047,jsonl
conglude,L2,Q13946,4743,jsonl
conglude,L2,Q14004,2142,jsonl
conglude,L2,Q14145,6324,jsonl
conglude,L2,Q14432,2397,jsonl
conglude,L2,Q14524,1836,jsonl
conglude,L2,Q14833,8721,jsonl
conglude,L2,Q14994,1122,jsonl
conglude,L2,Q15059,1887,jsonl
conglude,L2,Q15118,867,jsonl
conglude,L2,Q15119,5712,jsonl
conglude,L2,Q15561,19686,jsonl
conglude,L2,Q15858,33660,jsonl
conglude,L2,Q15910,37485,jsonl
conglude,L2,Q16288,8466,jsonl
conglude,L2,Q16539,1887,jsonl
conglude,L2,Q16602,1224,jsonl
conglude,L2,Q16620,9588,jsonl
conglude,L2,Q16678,1581,jsonl
conglude,L2,Q16769,3417,jsonl
conglude,L2,Q16790,12750,jsonl
conglude,L2,Q2M2I8,3213,jsonl
conglude,L2,Q3TBT3,714,jsonl
conglude,L2,Q460N5,1224,jsonl
conglude,L2,Q58F21,1989,jsonl
conglude,L2,Q5S007,38760,jsonl
conglude,L2,Q64610,2805,jsonl
conglude,L2,Q6P179,867,jsonl
conglude,L2,Q6V1X1,3519,jsonl
conglude,L2,Q72547,3264,jsonl
conglude,L2,Q86TI2,2856,jsonl
conglude,L2,Q86W56,17391,jsonl
conglude,L2,Q86WV6,8670,jsonl
conglude,L2,Q86X55,2397,jsonl
conglude,L2,Q8IVH8,16932,jsonl
conglude,L2,Q8IXJ6,867,jsonl
conglude,L2,Q8IYT8,561,jsonl
conglude,L2,Q8NEB9,2907,jsonl
conglude,L2,Q8NET8,15096,jsonl
conglude,L2,Q8NFU5,3366,jsonl
conglude,L2,Q8NI77,55590,jsonl
conglude,L2,Q8R4B8,2958,jsonl
conglude,L2,Q8TF76,1887,jsonl
conglude,L2,Q92633,28560,jsonl
conglude,L2,Q92769,17238,jsonl
conglude,L2,Q92793,22287,jsonl
conglude,L2,Q92831,2091,jsonl
conglude,L2,Q92918,115821,jsonl
conglude,L2,Q92993,4743,jsonl
conglude,L2,Q93009,14943,jsonl
conglude,L2,Q96GG9,26010,jsonl
conglude,L2,Q96RI1,3111,jsonl
conglude,L2,Q96SW2,34323,jsonl
conglude,L2,Q99558,2805,jsonl
conglude,L2,Q99571,2499,jsonl
conglude,L2,Q99683,3876,jsonl
conglude,L2,Q99685,19380,jsonl
conglude,L2,Q99720,2142,jsonl
conglude,L2,Q99814,5814,jsonl
conglude,L2,Q99873,1530,jsonl
conglude,L2,Q9BUB5,5916,jsonl
conglude,L2,Q9BY41,20043,jsonl
conglude,L2,Q9BZP6,663,jsonl
conglude,L2,Q9C0B1,1530,jsonl
conglude,L2,Q9GZT9,3978,jsonl
conglude,L2,Q9H2K2,4080,jsonl
conglude,L2,Q9H3N8,2805,jsonl
conglude,L2,Q9H7B4,1275,jsonl
conglude,L2,Q9H8M2,19941,jsonl
conglude,L2,Q9HAZ1,6885,jsonl
conglude,L2,Q9HBH9,5304,jsonl
conglude,L2,Q9NQS5,2346,jsonl
conglude,L2,Q9NR48,1785,jsonl
conglude,L2,Q9NR97,2958,jsonl
conglude,L2,Q9NSY1,3468,jsonl
conglude,L2,Q9NWZ3,74358,jsonl
conglude,L2,Q9NYL2,612,jsonl
conglude,L2,Q9P1W9,969,jsonl
conglude,L2,Q9P2K8,4386,jsonl
conglude,L2,Q9UBF8,1326,jsonl
conglude,L2,Q9UBN7,71451,jsonl
conglude,L2,Q9UEE5,1020,jsonl
conglude,L2,Q9UGN5,8364,jsonl
conglude,L2,Q9UIQ6,867,jsonl
conglude,L2,Q9UK32,1122,jsonl
conglude,L2,Q9ULX7,612,jsonl
conglude,L2,Q9UM07,42024,jsonl
conglude,L2,Q9UM73,5916,jsonl
conglude,L2,Q9UNA0,4080,jsonl
conglude,L2,Q9UNQ0,612,jsonl
conglude,L2,Q9UQB9,765,jsonl
conglude,L2,Q9UQD0,16422,jsonl
conglude,L2,Q9Y233,4131,jsonl
conglude,L2,Q9Y251,2703,jsonl
conglude,L2,Q9Y2K2,2244,jsonl
conglude,L2,Q9Y572,1530,jsonl
conglude,L2,Q9Y5N1,1428,jsonl
conglude,L2,Q9Y5Y6,1530,jsonl
conglude,L2,Q9Y5Y9,32232,jsonl
conglude,L2,Q9Y5Z0,16167,jsonl
conglude,L2,Q9Y657,561,jsonl
conglude,L2,Q9Z1M0,561,jsonl
conglude,L3,C7FF05,4692,jsonl
conglude,L3,O94921,5100,jsonl
conglude,L3,P01111,23919,jsonl
conglude,L3,P05622,19278,jsonl
conglude,L3,P06802,2091,jsonl
conglude,L3,P08515,1173,jsonl
conglude,L3,P09487,561,jsonl
conglude,L3,P0DTC1,43605,jsonl
conglude,L3,P11498,1173,jsonl
conglude,L3,P11926,714,jsonl
conglude,L3,P17787,612,jsonl
conglude,L3,P30405,3978,jsonl
conglude,L3,P36222,4437,jsonl
conglude,L3,P37288,5610,jsonl
conglude,L3,P43220,6579,jsonl
conglude,L3,P43250,1122,jsonl
conglude,L3,P51684,561,jsonl
conglude,L3,P56450,663,jsonl
conglude,L3,P56528,5253,jsonl
conglude,L3,P97821,4233,jsonl
conglude,L3,Q00959,765,jsonl
conglude,L3,Q00961,1071,jsonl
conglude,L3,Q02779,816,jsonl
conglude,L3,Q14123,2040,jsonl
conglude,L3,Q15391,1428,jsonl
conglude,L3,Q15562,9180,jsonl
conglude,L3,Q15878,7701,jsonl
conglude,L3,Q16665,1428,jsonl
conglude,L3,Q62645,765,jsonl
conglude,L3,Q8R431,714,jsonl
conglude,L3,Q92830,8109,jsonl
conglude,L3,Q96LB1,3519,jsonl
conglude,L3,Q99594,5202,jsonl
conglude,L3,Q9HCR9,2040,jsonl
conglude,L3,Q9NP56,3621,jsonl
conglude,L3,Q9NPC1,867,jsonl
conglude,L3,Q9NR22,561,jsonl
conglude,L3,Q9Y4K4,510,jsonl
conglude,L3,Q9Y6M4,1734,jsonl
conglude,L4,B4RNM9,2958,jsonl
conglude,L4,C9J9Y7,30702,jsonl
conglude,L4,I6WXK4,1173,jsonl
conglude,L4,O00411,11577,jsonl
conglude,L4,O00443,5049,jsonl
conglude,L4,O00748,969,jsonl
conglude,L4,O00750,867,jsonl
conglude,L4,O00767,1887,jsonl
conglude,L4,O14578,7752,jsonl
conglude,L4,O14980,2499,jsonl
conglude,L4,O15393,2040,jsonl
conglude,L4,O42275,6018,jsonl
conglude,L4,O54890,510,jsonl
conglude,L4,O60285,1887,jsonl
conglude,L4,O60331,1683,jsonl
conglude,L4,O60427,12036,jsonl
conglude,L4,O60563,7956,jsonl
conglude,L4,O75106,3111,jsonl
conglude,L4,O75143,1836,jsonl
conglude,L4,O75365,1275,jsonl
conglude,L4,O75747,11679,jsonl
conglude,L4,O75909,8619,jsonl
conglude,L4,O77963,6987,jsonl
conglude,L4,O88634,3366,jsonl
conglude,L4,O94956,510,jsonl
conglude,L4,O95069,918,jsonl
conglude,L4,O95278,918,jsonl
conglude,L4,O95835,3723,jsonl
conglude,L4,O95931,2091,jsonl
conglude,L4,P01127,10506,jsonl
conglude,L4,P04296,9690,jsonl
conglude,L4,P05067,4386,jsonl
conglude,L4,P08546,4182,jsonl
conglude,L4,P08648,510,jsonl
conglude,L4,P09391,561,jsonl
conglude,L4,P09871,21471,jsonl
conglude,L4,P09936,714,jsonl
conglude,L4,P0AES4,6783,jsonl
conglude,L4,P11166,3519,jsonl
conglude,L4,P11169,663,jsonl
conglude,L4,P12955,663,jsonl
conglude,L4,P13612,47379,jsonl
conglude,L4,P14060,3774,jsonl
conglude,L4,P14416,16320,jsonl
conglude,L4,P14672,1989,jsonl
conglude,L4,P15692,3009,jsonl
conglude,L4,P15823,561,jsonl
conglude,L4,P16101,5916,jsonl
conglude,L4,P16406,1479,jsonl
conglude,L4,P16788,23154,jsonl
conglude,L4,P17927,3519,jsonl
conglude,L4,P17948,4794,jsonl
conglude,L4,P18510,612,jsonl
conglude,L4,P18848,2040,jsonl
conglude,L4,P19525,9231,jsonl
conglude,L4,P20648,5712,jsonl
conglude,L4,P21842,2499,jsonl
conglude,L4,P21917,3315,jsonl
conglude,L4,P22001,17901,jsonl
conglude,L4,P22629,1173,jsonl
conglude,L4,P22681,816,jsonl
conglude,L4,P22830,867,jsonl
conglude,L4,P23743,27744,jsonl
conglude,L4,P24385,10863,jsonl
conglude,L4,P24530,510,jsonl
conglude,L4,P24863,918,jsonl
conglude,L4,P25322,1581,jsonl
conglude,L4,P25929,5202,jsonl
conglude,L4,P26012,1275,jsonl
conglude,L4,P27986,3366,jsonl
conglude,L4,P29371,1326,jsonl
conglude,L4,P30550,663,jsonl
conglude,L4,P30990,3876,jsonl
conglude,L4,P31350,816,jsonl
conglude,L4,P34969,5151,jsonl
conglude,L4,P35462,5559,jsonl
conglude,L4,P35869,1836,jsonl
conglude,L4,P37059,2397,jsonl
conglude,L4,P37840,5865,jsonl
conglude,L4,P38158,561,jsonl
conglude,L4,P43251,1428,jsonl
conglude,L4,P43341,7803,jsonl
conglude,L4,P43354,1785,jsonl
conglude,L4,P46976,1122,jsonl
conglude,L4,P48025,663,jsonl
conglude,L4,P48048,1530,jsonl
conglude,L4,P48549,1122,jsonl
conglude,L4,P49238,969,jsonl
conglude,L4,P49721,765,jsonl
conglude,L4,P49959,612,jsonl
conglude,L4,P50052,10914,jsonl
conglude,L4,P51946,5304,jsonl
conglude,L4,P52429,4131,jsonl
conglude,L4,P54278,4335,jsonl
conglude,L4,P57059,4284,jsonl
conglude,L4,P62837,1989,jsonl
conglude,L4,P97639,1224,jsonl
conglude,L4,Q01538,66402,jsonl
conglude,L4,Q01973,1122,jsonl
conglude,L4,Q02974,1326,jsonl
conglude,L4,Q03164,13668,jsonl
conglude,L4,Q04912,561,jsonl
conglude,L4,Q06830,1530,jsonl
conglude,L4,Q08828,3468,jsonl
conglude,L4,Q10469,8721,jsonl
conglude,L4,Q12809,1989,jsonl
conglude,L4,Q13094,1530,jsonl
conglude,L4,Q13191,62832,jsonl
conglude,L4,Q13233,2958,jsonl
conglude,L4,Q13541,18054,jsonl
conglude,L4,Q13564,1173,jsonl
conglude,L4,Q13574,29376,jsonl
conglude,L4,Q13639,2499,jsonl
conglude,L4,Q13686,2040,jsonl
conglude,L4,Q13724,26979,jsonl
conglude,L4,Q14721,1530,jsonl
conglude,L4,Q15040,1224,jsonl
conglude,L4,Q15078,2652,jsonl
conglude,L4,Q15116,5457,jsonl
conglude,L4,Q15369,561,jsonl
conglude,L4,Q15726,1377,jsonl
conglude,L4,Q16204,1530,jsonl
conglude,L4,Q16236,4386,jsonl
conglude,L4,Q16531,25041,jsonl
conglude,L4,Q16739,15759,jsonl
conglude,L4,Q16832,16626,jsonl
conglude,L4,Q16853,4284,jsonl
conglude,L4,Q29550,765,jsonl
conglude,L4,Q2FYS5,1479,jsonl
conglude,L4,Q3SYC2,765,jsonl
conglude,L4,Q5JRX3,2907,jsonl
conglude,L4,Q5M868,4029,jsonl
conglude,L4,Q60795,1377,jsonl
conglude,L4,Q6NS38,714,jsonl
conglude,L4,Q6SZW1,12393,jsonl
conglude,L4,Q7Z3E1,29274,jsonl
conglude,L4,Q7Z5P4,45594,jsonl
conglude,L4,Q86SK9,2754,jsonl
conglude,L4,Q86UE8,3468,jsonl
conglude,L4,Q86YV6,714,jsonl
conglude,L4,Q8BHB0,1428,jsonl
conglude,L4,Q8IU80,765,jsonl
conglude,L4,Q8IVG9,714,jsonl
conglude,L4,Q8IWV7,510,jsonl
conglude,L4,Q8N1C3,10251,jsonl
conglude,L4,Q8NEV1,561,jsonl
conglude,L4,Q8NFR9,1173,jsonl
conglude,L4,Q8NHG7,4590,jsonl
conglude,L4,Q8TAF3,2193,jsonl
conglude,L4,Q8TD08,561,jsonl
conglude,L4,Q8TDU9,510,jsonl
conglude,L4,Q8VCR2,1173,jsonl
conglude,L4,Q8WXE1,5508,jsonl
conglude,L4,Q8WYB5,9792,jsonl
conglude,L4,Q91WP0,8874,jsonl
conglude,L4,Q92551,9792,jsonl
conglude,L4,Q92743,612,jsonl
conglude,L4,Q92794,43809,jsonl
conglude,L4,Q92905,1173,jsonl
conglude,L4,Q92932,26061,jsonl
conglude,L4,Q96DB2,3621,jsonl
conglude,L4,Q96KP4,5610,jsonl
conglude,L4,Q96PC2,2244,jsonl
conglude,L4,Q96PD7,3417,jsonl
conglude,L4,Q96QP1,22695,jsonl
conglude,L4,Q96RU2,2448,jsonl
conglude,L4,Q99788,2244,jsonl
conglude,L4,Q99986,1938,jsonl
conglude,L4,Q9BQ50,5916,jsonl
conglude,L4,Q9BVC4,510,jsonl
conglude,L4,Q9BW19,9945,jsonl
conglude,L4,Q9BY08,1989,jsonl
conglude,L4,Q9BZ95,561,jsonl
conglude,L4,Q9CVD2,816,jsonl
conglude,L4,Q9DGD3,3774,jsonl
conglude,L4,Q9GZQ6,1275,jsonl
conglude,L4,Q9GZZ6,561,jsonl
conglude,L4,Q9H093,561,jsonl
conglude,L4,Q9H0K1,5559,jsonl
conglude,L4,Q9H299,765,jsonl
conglude,L4,Q9H300,816,jsonl
conglude,L4,Q9H7M9,1224,jsonl
conglude,L4,Q9HB14,765,jsonl
conglude,L4,Q9HC35,765,jsonl
conglude,L4,Q9HC84,9435,jsonl
conglude,L4,Q9HCE5,9843,jsonl
conglude,L4,Q9IWW8,918,jsonl
conglude,L4,Q9NPF7,2550,jsonl
conglude,L4,Q9NPH5,4896,jsonl
conglude,L4,Q9NR19,7242,jsonl
conglude,L4,Q9NR96,1938,jsonl
conglude,L4,Q9NSD7,765,jsonl
conglude,L4,Q9NSU2,5916,jsonl
conglude,L4,Q9NVM4,510,jsonl
conglude,L4,Q9NY59,1020,jsonl
conglude,L4,Q9UJ71,3723,jsonl
conglude,L4,Q9WHN8,10251,jsonl
conglude,L4,Q9Y239,2958,jsonl
conglude,L4,Q9Y2I1,510,jsonl
conglude,L4,Q9Y2I7,20094,jsonl
conglude,L4,Q9Y4K0,2397,jsonl
conglude,L4,Q9Y5X5,867,jsonl
conplex,L1,C7C422,1785,jsonl
conplex,L1,O00141,1581,jsonl
conplex,L1,O00329,9282,jsonl
conplex,L1,O00444,663,jsonl
conplex,L1,O00519,2397,jsonl
conplex,L1,O14744,1224,jsonl
conplex,L1,O14757,663,jsonl
conplex,L1,O14965,1173,jsonl
conplex,L1,O15379,7191,jsonl
conplex,L1,O43353,12546,jsonl
conplex,L1,O43570,12750,jsonl
conplex,L1,O60218,1683,jsonl
conplex,L1,O60341,5304,jsonl
conplex,L1,O60674,11628,jsonl
conplex,L1,O60885,2958,jsonl
conplex,L1,O75116,1734,jsonl
conplex,L1,O75385,510,jsonl
conplex,L1,O75460,1734,jsonl
conplex,L1,O75469,4182,jsonl
conplex,L1,O75762,765,jsonl
conplex,L1,O75874,1479,jsonl
conplex,L1,O76074,2754,jsonl
conplex,L1,O76083,765,jsonl
conplex,L1,O95271,969,jsonl
conplex,L1,O95819,816,jsonl
conplex,L1,O96013,1071,jsonl
conplex,L1,O96028,1122,jsonl
conplex,L1,P00338,561,jsonl
conplex,L1,P00352,510,jsonl
conplex,L1,P00491,1326,jsonl
conplex,L1,P00519,2397,jsonl
conplex,L1,P00533,23817,jsonl
conplex,L1,P00734,7599,jsonl
conplex,L1,P00742,1020,jsonl
conplex,L1,P00915,8619,jsonl
conplex,L1,P00918,12495,jsonl
conplex,L1,P00956,3978,jsonl
conplex,L1,P01116,2601,jsonl
conplex,L1,P03372,2040,jsonl
conplex,L1,P04049,867,jsonl
conplex,L1,P04626,4896,jsonl
conplex,L1,P04629,3264,jsonl
conplex,L1,P04798,3213,jsonl
conplex,L1,P05089,2907,jsonl
conplex,L1,P05177,2142,jsonl
conplex,L1,P05771,561,jsonl
conplex,L1,P05979,1530,jsonl
conplex,L1,P06213,663,jsonl
conplex,L1,P06239,3468,jsonl
conplex,L1,P06276,2499,jsonl
conplex,L1,P06493,1887,jsonl
conplex,L1,P07333,5253,jsonl
conplex,L1,P07550,612,jsonl
conplex,L1,P07711,2091,jsonl
conplex,L1,P07900,1479,jsonl
conplex,L1,P07947,2244,jsonl
conplex,L1,P07948,663,jsonl
conplex,L1,P07949,2091,jsonl
conplex,L1,P08069,2040,jsonl
conplex,L1,P08173,663,jsonl
conplex,L1,P08238,1377,jsonl
conplex,L1,P08246,1479,jsonl
conplex,L1,P08253,714,jsonl
conplex,L1,P08581,3366,jsonl
conplex,L1,P08908,2397,jsonl
conplex,L1,P08913,1122,jsonl
conplex,L1,P09619,969,jsonl
conplex,L1,P09874,8160,jsonl
conplex,L1,P0DMS8,3519,jsonl
conplex,L1,P10275,765,jsonl
conplex,L1,P10415,714,jsonl
conplex,L1,P10721,1989,jsonl
conplex,L1,P11275,663,jsonl
conplex,L1,P11309,2805,jsonl
conplex,L1,P11362,2856,jsonl
conplex,L1,P11511,714,jsonl
conplex,L1,P11802,3621,jsonl
conplex,L1,P12931,4641,jsonl
conplex,L1,P13569,1020,jsonl
conplex,L1,P14324,510,jsonl
conplex,L1,P14618,612,jsonl
conplex,L1,P14679,561,jsonl
conplex,L1,P14867,2295,jsonl
conplex,L1,P14902,2550,jsonl
conplex,L1,P14920,714,jsonl
conplex,L1,P15056,2958,jsonl
conplex,L1,P15121,918,jsonl
conplex,L1,P15538,765,jsonl
conplex,L1,P16050,1989,jsonl
conplex,L1,P16083,816,jsonl
conplex,L1,P16110,663,jsonl
conplex,L1,P16234,1989,jsonl
conplex,L1,P17252,1122,jsonl
conplex,L1,P17706,867,jsonl
conplex,L1,P17931,714,jsonl
conplex,L1,P18031,5916,jsonl
conplex,L1,P18089,816,jsonl
conplex,L1,P18825,1020,jsonl
conplex,L1,P19099,867,jsonl
conplex,L1,P19634,1173,jsonl
conplex,L1,P19793,816,jsonl
conplex,L1,P20272,561,jsonl
conplex,L1,P21397,1071,jsonl
conplex,L1,P21554,5100,jsonl
conplex,L1,P21589,1224,jsonl
conplex,L1,P21728,1224,jsonl
conplex,L1,P21802,918,jsonl
conplex,L1,P21918,612,jsonl
conplex,L1,P21964,1530,jsonl
conplex,L1,P22303,4539,jsonl
conplex,L1,P22413,9639,jsonl
conplex,L1,P22455,2805,jsonl
conplex,L1,P22607,1020,jsonl
conplex,L1,P22748,5712,jsonl
conplex,L1,P23458,10047,jsonl
conplex,L1,P23467,867,jsonl
conplex,L1,P24941,2805,jsonl
conplex,L1,P25440,663,jsonl
conplex,L1,P25774,663,jsonl
conplex,L1,P25779,561,jsonl
conplex,L1,P27338,7905,jsonl
conplex,L1,P27487,1683,jsonl
conplex,L1,P28062,714,jsonl
conplex,L1,P28074,1887,jsonl
conplex,L1,P28221,816,jsonl
conplex,L1,P28222,765,jsonl
conplex,L1,P28335,4080,jsonl
conplex,L1,P28482,765,jsonl
conplex,L1,P28566,510,jsonl
conplex,L1,P29274,714,jsonl
conplex,L1,P29466,867,jsonl
conplex,L1,P29597,9537,jsonl
conplex,L1,P30291,1530,jsonl
conplex,L1,P30530,2550,jsonl
conplex,L1,P30542,1020,jsonl
conplex,L1,P31153,3213,jsonl
conplex,L1,P31639,561,jsonl
conplex,L1,P31645,561,jsonl
conplex,L1,P31749,6324,jsonl
conplex,L1,P31751,1785,jsonl
conplex,L1,P33981,1479,jsonl
conplex,L1,P34913,6324,jsonl
conplex,L1,P34914,5049,jsonl
conplex,L1,P34972,3417,jsonl
conplex,L1,P35218,3315,jsonl
conplex,L1,P35354,2244,jsonl
conplex,L1,P35367,510,jsonl
conplex,L1,P35372,1428,jsonl
conplex,L1,P35439,561,jsonl
conplex,L1,P35916,1071,jsonl
conplex,L1,P35968,6936,jsonl
conplex,L1,P36776,1020,jsonl
conplex,L1,P36888,4284,jsonl
conplex,L1,P36897,918,jsonl
conplex,L1,P37231,867,jsonl
conplex,L1,P41143,714,jsonl
conplex,L1,P41145,9843,jsonl
conplex,L1,P41182,3213,jsonl
conplex,L1,P41240,918,jsonl
conplex,L1,P41595,4641,jsonl
conplex,L1,P42330,1683,jsonl
conplex,L1,P42336,4539,jsonl
conplex,L1,P42338,2550,jsonl
conplex,L1,P43166,4131,jsonl
conplex,L1,P43405,561,jsonl
conplex,L1,P43490,867,jsonl
conplex,L1,P45983,1734,jsonl
conplex,L1,P45984,1632,jsonl
conplex,L1,P47746,867,jsonl
conplex,L1,P47989,2805,jsonl
conplex,L1,P48039,663,jsonl
conplex,L1,P48735,561,jsonl
conplex,L1,P48736,6324,jsonl
conplex,L1,P49137,510,jsonl
conplex,L1,P49286,918,jsonl
conplex,L1,P49759,561,jsonl
conplex,L1,P49760,663,jsonl
conplex,L1,P49840,510,jsonl
conplex,L1,P49841,1224,jsonl
conplex,L1,P50053,1275,jsonl
conplex,L1,P50406,3417,jsonl
conplex,L1,P50613,1122,jsonl
conplex,L1,P50750,3417,jsonl
conplex,L1,P51449,2040,jsonl
conplex,L1,P51451,561,jsonl
conplex,L1,P51531,867,jsonl
conplex,L1,P51532,510,jsonl
conplex,L1,P51617,765,jsonl
conplex,L1,P51812,816,jsonl
conplex,L1,P51813,765,jsonl
conplex,L1,P51955,867,jsonl
conplex,L1,P52333,13056,jsonl
conplex,L1,P53350,1224,jsonl
conplex,L1,P53634,2958,jsonl
conplex,L1,P53779,1632,jsonl
conplex,L1,P54646,1173,jsonl
conplex,L1,P55055,663,jsonl
conplex,L1,P56524,1428,jsonl
conplex,L1,P56817,13260,jsonl
conplex,L1,P61964,867,jsonl
conplex,L1,P62937,918,jsonl
conplex,L1,P68400,714,jsonl
conplex,L1,P78540,816,jsonl
conplex,L1,P80457,1632,jsonl
conplex,L1,P81908,2346,jsonl
conplex,L1,Q00534,561,jsonl
conplex,L1,Q00535,969,jsonl
conplex,L1,Q01650,918,jsonl
conplex,L1,Q01827,1530,jsonl
conplex,L1,Q02127,3774,jsonl
conplex,L1,Q02750,714,jsonl
conplex,L1,Q03181,765,jsonl
conplex,L1,Q04609,1836,jsonl
conplex,L1,Q04759,969,jsonl
conplex,L1,Q05397,4590,jsonl
conplex,L1,Q05586,2244,jsonl
conplex,L1,Q06124,1428,jsonl
conplex,L1,Q06187,18105,jsonl
conplex,L1,Q06418,1377,jsonl
conplex,L1,Q07343,2397,jsonl
conplex,L1,Q07422,612,jsonl
conplex,L1,Q07817,714,jsonl
conplex,L1,Q07820,2652,jsonl
conplex,L1,Q07869,765,jsonl
conplex,L1,Q07889,1071,jsonl
conplex,L1,Q07912,510,jsonl
conplex,L1,Q08345,969,jsonl
conplex,L1,Q08499,918,jsonl
conplex,L1,Q08881,816,jsonl
conplex,L1,Q12866,2295,jsonl
conplex,L1,Q12879,867,jsonl
conplex,L1,Q12884,2448,jsonl
conplex,L1,Q13043,2550,jsonl
conplex,L1,Q13131,1326,jsonl
conplex,L1,Q13133,816,jsonl
conplex,L1,Q13164,816,jsonl
conplex,L1,Q13188,2550,jsonl
conplex,L1,Q13224,1734,jsonl
conplex,L1,Q13464,1122,jsonl
conplex,L1,Q13526,1020,jsonl
conplex,L1,Q13546,2754,jsonl
conplex,L1,Q13547,18411,jsonl
conplex,L1,Q13627,5661,jsonl
conplex,L1,Q13822,1428,jsonl
conplex,L1,Q13946,612,jsonl
conplex,L1,Q14145,663,jsonl
conplex,L1,Q14289,1020,jsonl
conplex,L1,Q15059,2193,jsonl
conplex,L1,Q15118,663,jsonl
conplex,L1,Q15303,714,jsonl
conplex,L1,Q15561,2907,jsonl
conplex,L1,Q15910,1581,jsonl
conplex,L1,Q16288,1020,jsonl
conplex,L1,Q16512,816,jsonl
conplex,L1,Q16539,714,jsonl
conplex,L1,Q16620,969,jsonl
conplex,L1,Q16678,5457,jsonl
conplex,L1,Q16769,1377,jsonl
conplex,L1,Q16790,10455,jsonl
conplex,L1,Q2KHZ8,1326,jsonl
conplex,L1,Q2M2I8,1479,jsonl
conplex,L1,Q5BJF2,1938,jsonl
conplex,L1,Q5TCY1,816,jsonl
conplex,L1,Q6GI75,816,jsonl
conplex,L1,Q6P179,612,jsonl
conplex,L1,Q6ZQW0,4896,jsonl
conplex,L1,Q72547,1785,jsonl
conplex,L1,Q86V86,1275,jsonl
conplex,L1,Q86W56,2142,jsonl
conplex,L1,Q86WV6,1275,jsonl
conplex,L1,Q86X55,2448,jsonl
conplex,L1,Q86YT5,816,jsonl
conplex,L1,Q8IXJ6,1224,jsonl
conplex,L1,Q8N1Q1,510,jsonl
conplex,L1,Q8N884,714,jsonl
conplex,L1,Q8NEB9,663,jsonl
conplex,L1,Q8NER1,510,jsonl
conplex,L1,Q8R4B8,1020,jsonl
conplex,L1,Q8TF76,663,jsonl
conplex,L1,Q8WUI4,867,jsonl
conplex,L1,Q92769,6477,jsonl
conplex,L1,Q92918,8211,jsonl
conplex,L1,Q93009,816,jsonl
conplex,L1,Q969S8,1938,jsonl
conplex,L1,Q96EB6,561,jsonl
conplex,L1,Q96GD4,1224,jsonl
conplex,L1,Q96KQ7,1530,jsonl
conplex,L1,Q96LA8,612,jsonl
conplex,L1,Q96MU7,561,jsonl
conplex,L1,Q96P20,1224,jsonl
conplex,L1,Q96RI1,663,jsonl
conplex,L1,Q96S37,1224,jsonl
conplex,L1,Q99640,2295,jsonl
conplex,L1,Q99683,816,jsonl
conplex,L1,Q99685,561,jsonl
conplex,L1,Q99720,3213,jsonl
conplex,L1,Q99873,1734,jsonl
conplex,L1,Q9BUB5,663,jsonl
conplex,L1,Q9BV86,714,jsonl
conplex,L1,Q9BWU1,918,jsonl
conplex,L1,Q9BY41,5304,jsonl
conplex,L1,Q9C0B1,4131,jsonl
conplex,L1,Q9GZQ8,918,jsonl
conplex,L1,Q9H2K2,1734,jsonl
conplex,L1,Q9H999,1428,jsonl
conplex,L1,Q9H9B1,918,jsonl
conplex,L1,Q9HBH9,612,jsonl
conplex,L1,Q9NQS5,663,jsonl
conplex,L1,Q9NWZ3,4641,jsonl
conplex,L1,Q9NXA8,663,jsonl
conplex,L1,Q9NYV4,714,jsonl
conplex,L1,Q9NZQ7,4335,jsonl
conplex,L1,Q9P1W9,1173,jsonl
conplex,L1,Q9UQB9,510,jsonl
conplex,L1,Q9UQD0,765,jsonl
conplex,L1,Q9UQL6,1071,jsonl
conplex,L1,Q9Y233,2142,jsonl
conplex,L1,Q9Y243,510,jsonl
conplex,L1,Q9Y2D0,3111,jsonl
conplex,L1,Q9Y2K2,1938,jsonl
conplex,L1,Q9Y2R2,612,jsonl
conplex,L1,Q9Y463,1224,jsonl
conplex,L1,Q9Y5Y9,2091,jsonl
conplex,L1,Q9Y5Z0,11577,jsonl
conplex,L2,C7C422,3723,jsonl
conplex,L2,I6YFP0,561,jsonl
conplex,L2,O00141,1734,jsonl
conplex,L2,O00255,20349,jsonl
conplex,L2,O00329,41769,jsonl
conplex,L2,O00444,1836,jsonl
conplex,L2,O00519,12444,jsonl
conplex,L2,O14684,6375,jsonl
conplex,L2,O14733,816,jsonl
conplex,L2,O14744,41514,jsonl
conplex,L2,O14757,9690,jsonl
conplex,L2,O14842,918,jsonl
conplex,L2,O14965,2601,jsonl
conplex,L2,O14976,1683,jsonl
conplex,L2,O15151,561,jsonl
conplex,L2,O15379,21063,jsonl
conplex,L2,O35678,510,jsonl
conplex,L2,O43318,765,jsonl
conplex,L2,O43353,15147,jsonl
conplex,L2,O43570,12189,jsonl
conplex,L2,O43613,5049,jsonl
conplex,L2,O43614,7395,jsonl
conplex,L2,O43924,714,jsonl
conplex,L2,O60341,41157,jsonl
conplex,L2,O60502,15351,jsonl
conplex,L2,O60674,38709,jsonl
conplex,L2,O60760,1581,jsonl
conplex,L2,O60885,29376,jsonl
conplex,L2,O75116,15351,jsonl
conplex,L2,O75173,4233,jsonl
conplex,L2,O75385,20808,jsonl
conplex,L2,O75460,14178,jsonl
conplex,L2,O75762,12291,jsonl
conplex,L2,O75874,3060,jsonl
conplex,L2,O75936,1173,jsonl
conplex,L2,O76074,1428,jsonl
conplex,L2,O76083,8160,jsonl
conplex,L2,O95271,2805,jsonl
conplex,L2,O95497,6018,jsonl
conplex,L2,O95819,3366,jsonl
conplex,L2,O96013,1785,jsonl
conplex,L2,O96017,3315,jsonl
conplex,L2,O96028,3927,jsonl
conplex,L2,P00338,5151,jsonl
conplex,L2,P00519,14994,jsonl
conplex,L2,P00533,104397,jsonl
conplex,L2,P00734,3672,jsonl
conplex,L2,P00742,3366,jsonl
conplex,L2,P00746,18564,jsonl
conplex,L2,P00748,1581,jsonl
conplex,L2,P00751,7446,jsonl
conplex,L2,P00797,1887,jsonl
conplex,L2,P00915,11373,jsonl
conplex,L2,P00918,17340,jsonl
conplex,L2,P01116,145641,jsonl
conplex,L2,P01375,1071,jsonl
conplex,L2,P02753,1173,jsonl
conplex,L2,P03372,11118,jsonl
conplex,L2,P03468,2601,jsonl
conplex,L2,P03951,5151,jsonl
conplex,L2,P03952,6630,jsonl
conplex,L2,P04049,33456,jsonl
conplex,L2,P04150,14586,jsonl
conplex,L2,P04293,18105,jsonl
conplex,L2,P04585,714,jsonl
conplex,L2,P04626,51204,jsonl
conplex,L2,P04629,30498,jsonl
conplex,L2,P04798,1734,jsonl
conplex,L2,P04818,1326,jsonl
conplex,L2,P05089,663,jsonl
conplex,L2,P05177,1836,jsonl
conplex,L2,P05981,714,jsonl
conplex,L2,P06239,36465,jsonl
conplex,L2,P06241,2754,jsonl
conplex,L2,P06276,7089,jsonl
conplex,L2,P06401,1020,jsonl
conplex,L2,P06493,9486,jsonl
conplex,L2,P06730,1173,jsonl
conplex,L2,P07333,39423,jsonl
conplex,L2,P07711,5763,jsonl
conplex,L2,P07858,1479,jsonl
conplex,L2,P07900,1785,jsonl
conplex,L2,P07948,510,jsonl
conplex,L2,P07949,13413,jsonl
conplex,L2,P08069,18309,jsonl
conplex,L2,P08172,2448,jsonl
conplex,L2,P08173,3978,jsonl
conplex,L2,P08183,1326,jsonl
conplex,L2,P08238,2499,jsonl
conplex,L2,P08246,510,jsonl
conplex,L2,P08253,1275,jsonl
conplex,L2,P08254,816,jsonl
conplex,L2,P08581,42381,jsonl
conplex,L2,P08684,1377,jsonl
conplex,L2,P08908,10557,jsonl
conplex,L2,P08912,1326,jsonl
conplex,L2,P09237,1071,jsonl
conplex,L2,P09238,867,jsonl
conplex,L2,P09382,25755,jsonl
conplex,L2,P09619,21879,jsonl
conplex,L2,P09874,47022,jsonl
conplex,L2,P09917,714,jsonl
conplex,L2,P09960,765,jsonl
conplex,L2,P0A017,1020,jsonl
conplex,L2,P0A0K8,1326,jsonl
conplex,L2,P0A725,1122,jsonl
conplex,L2,P0AES6,1275,jsonl
conplex,L2,P0DMS8,2550,jsonl
conplex,L2,P0DUB6,1989,jsonl
conplex,L2,P10275,7395,jsonl
conplex,L2,P10398,5253,jsonl
conplex,L2,P10415,51357,jsonl
conplex,L2,P10721,57222,jsonl
conplex,L2,P11229,1224,jsonl
conplex,L2,P11309,3366,jsonl
conplex,L2,P11362,25551,jsonl
conplex,L2,P11474,10149,jsonl
conplex,L2,P11511,867,jsonl
conplex,L2,P11802,71502,jsonl
conplex,L2,P12931,3519,jsonl
conplex,L2,P13569,2448,jsonl
conplex,L2,P13866,561,jsonl
conplex,L2,P13995,561,jsonl
conplex,L2,P14207,1122,jsonl
conplex,L2,P14555,765,jsonl
conplex,L2,P14618,2040,jsonl
conplex,L2,P14756,3621,jsonl
conplex,L2,P14780,1632,jsonl
conplex,L2,P14867,6324,jsonl
conplex,L2,P14902,1785,jsonl
conplex,L2,P15056,39219,jsonl
conplex,L2,P15428,18411,jsonl
conplex,L2,P15559,4284,jsonl
conplex,L2,P16050,918,jsonl
conplex,L2,P16234,20196,jsonl
conplex,L2,P16591,714,jsonl
conplex,L2,P17252,1530,jsonl
conplex,L2,P17516,969,jsonl
conplex,L2,P17612,765,jsonl
conplex,L2,P17706,4590,jsonl
conplex,L2,P17812,13872,jsonl
conplex,L2,P17931,45849,jsonl
conplex,L2,P18031,13158,jsonl
conplex,L2,P18054,1785,jsonl
conplex,L2,P18825,6375,jsonl
conplex,L2,P19099,765,jsonl
conplex,L2,P20309,1275,jsonl
conplex,L2,P20618,3723,jsonl
conplex,L2,P20831,1581,jsonl
conplex,L2,P21397,1836,jsonl
conplex,L2,P21554,2703,jsonl
conplex,L2,P21589,8721,jsonl
conplex,L2,P21728,1020,jsonl
conplex,L2,P21802,24684,jsonl
conplex,L2,P22303,10251,jsonl
conplex,L2,P22413,26724,jsonl
conplex,L2,P22455,5916,jsonl
conplex,L2,P22518,561,jsonl
conplex,L2,P22607,19584,jsonl
conplex,L2,P22748,867,jsonl
conplex,L2,P22894,765,jsonl
conplex,L2,P23458,31722,jsonl
conplex,L2,P23467,3927,jsonl
conplex,L2,P23921,510,jsonl
conplex,L2,P23946,3621,jsonl
conplex,L2,P23975,918,jsonl
conplex,L2,P23977,1020,jsonl
conplex,L2,P24941,83079,jsonl
conplex,L2,P25440,1632,jsonl
conplex,L2,P25774,1683,jsonl
conplex,L2,P27338,6324,jsonl
conplex,L2,P27487,5916,jsonl
conplex,L2,P28062,1224,jsonl
conplex,L2,P28065,1377,jsonl
conplex,L2,P28074,16575,jsonl
conplex,L2,P28335,15096,jsonl
conplex,L2,P28482,33915,jsonl
conplex,L2,P28647,561,jsonl
conplex,L2,P28845,765,jsonl
conplex,L2,P28907,8466,jsonl
conplex,L2,P29274,39627,jsonl
conplex,L2,P29275,18258,jsonl
conplex,L2,P29375,2397,jsonl
conplex,L2,P29466,1071,jsonl
conplex,L2,P29597,69972,jsonl
conplex,L2,P30291,6069,jsonl
conplex,L2,P30530,47328,jsonl
conplex,L2,P30542,5814,jsonl
conplex,L2,P30559,561,jsonl
conplex,L2,P31153,27642,jsonl
conplex,L2,P31391,5100,jsonl
conplex,L2,P31639,612,jsonl
conplex,L2,P31644,18309,jsonl
conplex,L2,P31645,5559,jsonl
conplex,L2,P31652,2499,jsonl
conplex,L2,P31749,10863,jsonl
conplex,L2,P31751,6018,jsonl
conplex,L2,P32245,10608,jsonl
conplex,L2,P32297,612,jsonl
conplex,L2,P33533,1377,jsonl
conplex,L2,P33535,2142,jsonl
conplex,L2,P33981,2499,jsonl
conplex,L2,P34903,3315,jsonl
conplex,L2,P34913,3162,jsonl
conplex,L2,P34914,10098,jsonl
conplex,L2,P34947,2244,jsonl
conplex,L2,P34972,3213,jsonl
conplex,L2,P35218,867,jsonl
conplex,L2,P35354,5049,jsonl
conplex,L2,P35367,1734,jsonl
conplex,L2,P35372,10047,jsonl
conplex,L2,P35408,2448,jsonl
conplex,L2,P35916,3621,jsonl
conplex,L2,P35968,47277,jsonl
conplex,L2,P36544,1071,jsonl
conplex,L2,P36776,4488,jsonl
conplex,L2,P36888,25806,jsonl
conplex,L2,P36897,14127,jsonl
conplex,L2,P37023,816,jsonl
conplex,L2,P39900,4233,jsonl
conplex,L2,P40261,663,jsonl
conplex,L2,P40337,1122,jsonl
conplex,L2,P40763,2550,jsonl
conplex,L2,P41143,4692,jsonl
conplex,L2,P41144,765,jsonl
conplex,L2,P41145,26826,jsonl
conplex,L2,P41146,2754,jsonl
conplex,L2,P41182,20706,jsonl
conplex,L2,P41240,8874,jsonl
conplex,L2,P41594,1326,jsonl
conplex,L2,P41595,2499,jsonl
conplex,L2,P42330,3927,jsonl
conplex,L2,P42336,43554,jsonl
conplex,L2,P42338,6120,jsonl
conplex,L2,P43116,1632,jsonl
conplex,L2,P43166,1989,jsonl
conplex,L2,P43235,561,jsonl
conplex,L2,P43405,5304,jsonl
conplex,L2,P43490,24582,jsonl
conplex,L2,P43681,561,jsonl
conplex,L2,P45452,1785,jsonl
conplex,L2,P45983,1428,jsonl
conplex,L2,P45984,2754,jsonl
conplex,L2,P47205,7497,jsonl
conplex,L2,P47869,9384,jsonl
conplex,L2,P47989,714,jsonl
conplex,L2,P48039,612,jsonl
conplex,L2,P48729,6834,jsonl
conplex,L2,P48730,7344,jsonl
conplex,L2,P48735,1479,jsonl
conplex,L2,P48736,11373,jsonl
conplex,L2,P49137,663,jsonl
conplex,L2,P49286,663,jsonl
conplex,L2,P49336,1785,jsonl
conplex,L2,P49674,663,jsonl
conplex,L2,P49759,6834,jsonl
conplex,L2,P49760,13107,jsonl
conplex,L2,P49761,7038,jsonl
conplex,L2,P49840,80580,jsonl
conplex,L2,P49841,71757,jsonl
conplex,L2,P50053,48144,jsonl
conplex,L2,P50406,2856,jsonl
conplex,L2,P50613,8925,jsonl
conplex,L2,P50750,9792,jsonl
conplex,L2,P51449,2448,jsonl
conplex,L2,P51531,4692,jsonl
conplex,L2,P51532,4182,jsonl
conplex,L2,P51617,2193,jsonl
conplex,L2,P51813,2142,jsonl
conplex,L2,P52333,36975,jsonl
conplex,L2,P52895,612,jsonl
conplex,L2,P53350,5457,jsonl
conplex,L2,P53396,3009,jsonl
conplex,L2,P53634,21165,jsonl
conplex,L2,P53667,3162,jsonl
conplex,L2,P53671,3366,jsonl
conplex,L2,P53779,3315,jsonl
conplex,L2,P54646,714,jsonl
conplex,L2,P55055,612,jsonl
conplex,L2,P56373,1377,jsonl
conplex,L2,P56524,867,jsonl
conplex,L2,P56817,17952,jsonl
conplex,L2,P61073,2652,jsonl
conplex,L2,P61964,2601,jsonl
conplex,L2,P62813,4386,jsonl
conplex,L2,P62937,5151,jsonl
conplex,L2,P68400,11271,jsonl
conplex,L2,P69996,561,jsonl
conplex,L2,P79208,1326,jsonl
conplex,L2,P80192,2958,jsonl
conplex,L2,P80457,1581,jsonl
conplex,L2,P81908,7038,jsonl
conplex,L2,P97321,2346,jsonl
conplex,L2,P97612,612,jsonl
conplex,L2,P98170,10710,jsonl
conplex,L2,P9WGR1,612,jsonl
conplex,L2,Q00534,55641,jsonl
conplex,L2,Q00535,2040,jsonl
conplex,L2,Q00536,1734,jsonl
conplex,L2,Q00960,3519,jsonl
conplex,L2,Q00987,3315,jsonl
conplex,L2,Q01064,35394,jsonl
conplex,L2,Q01959,1275,jsonl
conplex,L2,Q02127,5508,jsonl
conplex,L2,Q02750,663,jsonl
conplex,L2,Q02769,2397,jsonl
conplex,L2,Q03111,5100,jsonl
conplex,L2,Q04609,5151,jsonl
conplex,L2,Q04759,1887,jsonl
conplex,L2,Q04771,2040,jsonl
conplex,L2,Q04828,918,jsonl
conplex,L2,Q05397,18819,jsonl
conplex,L2,Q05941,714,jsonl
conplex,L2,Q06124,24837,jsonl
conplex,L2,Q06187,49827,jsonl
conplex,L2,Q06418,41412,jsonl
conplex,L2,Q07343,9588,jsonl
conplex,L2,Q07817,19227,jsonl
conplex,L2,Q07820,5457,jsonl
conplex,L2,Q07889,30141,jsonl
conplex,L2,Q08210,3366,jsonl
conplex,L2,Q08345,17238,jsonl
conplex,L2,Q08499,10914,jsonl
conplex,L2,Q12851,1071,jsonl
conplex,L2,Q12866,44625,jsonl
conplex,L2,Q12879,612,jsonl
conplex,L2,Q12884,6222,jsonl
conplex,L2,Q12931,561,jsonl
conplex,L2,Q13043,765,jsonl
conplex,L2,Q13133,561,jsonl
conplex,L2,Q13153,816,jsonl
conplex,L2,Q13164,765,jsonl
conplex,L2,Q13224,2142,jsonl
conplex,L2,Q13451,1428,jsonl
conplex,L2,Q13464,9333,jsonl
conplex,L2,Q13489,10761,jsonl
conplex,L2,Q13490,10761,jsonl
conplex,L2,Q13526,714,jsonl
conplex,L2,Q13546,29988,jsonl
conplex,L2,Q13547,53244,jsonl
conplex,L2,Q13627,23562,jsonl
conplex,L2,Q13822,10047,jsonl
conplex,L2,Q13946,4743,jsonl
conplex,L2,Q14004,2142,jsonl
conplex,L2,Q14145,6324,jsonl
conplex,L2,Q14432,2397,jsonl
conplex,L2,Q14833,8721,jsonl
conplex,L2,Q14994,1122,jsonl
conplex,L2,Q15059,1887,jsonl
conplex,L2,Q15118,867,jsonl
conplex,L2,Q15119,5712,jsonl
conplex,L2,Q15125,9027,jsonl
conplex,L2,Q15561,19686,jsonl
conplex,L2,Q15858,33660,jsonl
conplex,L2,Q15910,37485,jsonl
conplex,L2,Q16288,8466,jsonl
conplex,L2,Q16539,1887,jsonl
conplex,L2,Q16552,13362,jsonl
conplex,L2,Q16584,4743,jsonl
conplex,L2,Q16602,1224,jsonl
conplex,L2,Q16620,9588,jsonl
conplex,L2,Q16678,1581,jsonl
conplex,L2,Q16740,1632,jsonl
conplex,L2,Q16769,3417,jsonl
conplex,L2,Q16790,12750,jsonl
conplex,L2,Q16873,561,jsonl
conplex,L2,Q2M2I8,3213,jsonl
conplex,L2,Q3TBT3,714,jsonl
conplex,L2,Q460N5,1224,jsonl
conplex,L2,Q58F21,1989,jsonl
conplex,L2,Q5BJF2,5610,jsonl
conplex,L2,Q5U3Y7,2142,jsonl
conplex,L2,Q60492,2448,jsonl
conplex,L2,Q63470,663,jsonl
conplex,L2,Q64610,2805,jsonl
conplex,L2,Q6P179,867,jsonl
conplex,L2,Q6V1X1,3519,jsonl
conplex,L2,Q6ZQW0,2754,jsonl
conplex,L2,Q72547,3264,jsonl
conplex,L2,Q86TI2,2856,jsonl
conplex,L2,Q86U44,2958,jsonl
conplex,L2,Q86V86,1887,jsonl
conplex,L2,Q86W56,17391,jsonl
conplex,L2,Q86WV6,8670,jsonl
conplex,L2,Q86X55,2397,jsonl
conplex,L2,Q8IVH8,16932,jsonl
conplex,L2,Q8IXJ6,867,jsonl
conplex,L2,Q8IYT8,561,jsonl
conplex,L2,Q8N884,15708,jsonl
conplex,L2,Q8NEB9,2907,jsonl
conplex,L2,Q8NER1,2244,jsonl
conplex,L2,Q8NET8,15096,jsonl
conplex,L2,Q8NFU5,3366,jsonl
conplex,L2,Q8NI77,55590,jsonl
conplex,L2,Q8R4B8,2958,jsonl
conplex,L2,Q8TDV5,1530,jsonl
conplex,L2,Q8TF76,1887,jsonl
conplex,L2,Q92633,28560,jsonl
conplex,L2,Q92769,17238,jsonl
conplex,L2,Q92831,2091,jsonl
conplex,L2,Q92918,115821,jsonl
conplex,L2,Q92993,4743,jsonl
conplex,L2,Q93009,14943,jsonl
conplex,L2,Q969S8,561,jsonl
conplex,L2,Q96GG9,26010,jsonl
conplex,L2,Q96KQ7,1734,jsonl
conplex,L2,Q96P20,22644,jsonl
conplex,L2,Q96RI1,3111,jsonl
conplex,L2,Q96S37,1530,jsonl
conplex,L2,Q96SW2,34323,jsonl
conplex,L2,Q99558,2805,jsonl
conplex,L2,Q99571,2499,jsonl
conplex,L2,Q99572,1377,jsonl
conplex,L2,Q99640,14586,jsonl
conplex,L2,Q99683,3876,jsonl
conplex,L2,Q99685,19380,jsonl
conplex,L2,Q99720,2142,jsonl
conplex,L2,Q99814,5814,jsonl
conplex,L2,Q99873,1530,jsonl
conplex,L2,Q9BUB5,5916,jsonl
conplex,L2,Q9BWU1,867,jsonl
conplex,L2,Q9BY41,20043,jsonl
conplex,L2,Q9BZP6,663,jsonl
conplex,L2,Q9C0B1,1530,jsonl
conplex,L2,Q9GZT9,3978,jsonl
conplex,L2,Q9H2K2,4080,jsonl
conplex,L2,Q9H3N8,2805,jsonl
conplex,L2,Q9H7B4,1275,jsonl
conplex,L2,Q9H8M2,19941,jsonl
conplex,L2,Q9H999,4131,jsonl
conplex,L2,Q9HAZ1,6885,jsonl
conplex,L2,Q9HBH9,5304,jsonl
conplex,L2,Q9NQS5,2346,jsonl
conplex,L2,Q9NR97,2958,jsonl
conplex,L2,Q9NSY1,3468,jsonl
conplex,L2,Q9NWZ3,74358,jsonl
conplex,L2,Q9NXS2,2091,jsonl
conplex,L2,Q9NYK1,2958,jsonl
conplex,L2,Q9NYL2,612,jsonl
conplex,L2,Q9NYV4,14382,jsonl
conplex,L2,Q9NZQ7,44676,jsonl
conplex,L2,Q9P1W9,969,jsonl
conplex,L2,Q9UQB9,765,jsonl
conplex,L2,Q9UQD0,16422,jsonl
conplex,L2,Q9Y233,4131,jsonl
conplex,L2,Q9Y251,2703,jsonl
conplex,L2,Q9Y2K2,2244,jsonl
conplex,L2,Q9Y572,1530,jsonl
conplex,L2,Q9Y5N1,1428,jsonl
conplex,L2,Q9Y5Y6,1530,jsonl
conplex,L2,Q9Y5Y9,32232,jsonl
conplex,L2,Q9Y5Z0,16167,jsonl
conplex,L2,Q9Y657,561,jsonl
conplex,L2,Q9Z0U4,1122,jsonl
conplex,L2,Q9Z1M0,561,jsonl
conplex,L3,A0A1D8PKB4,612,jsonl
conplex,L3,C7FF05,4692,jsonl
conplex,L3,O14638,4641,jsonl
conplex,L3,O43526,1377,jsonl
conplex,L3,O94921,5100,jsonl
conplex,L3,P01111,23919,jsonl
conplex,L3,P05556,1377,jsonl
conplex,L3,P05622,19278,jsonl
conplex,L3,P06802,2091,jsonl
conplex,L3,P08515,1173,jsonl
conplex,L3,P09487,561,jsonl
conplex,L3,P11498,1173,jsonl
conplex,L3,P11926,714,jsonl
conplex,L3,P17787,612,jsonl
conplex,L3,P18507,663,jsonl
conplex,L3,P18564,1836,jsonl
conplex,L3,P25090,612,jsonl
conplex,L3,P28347,12138,jsonl
conplex,L3,P30405,3978,jsonl
conplex,L3,P30518,1938,jsonl
conplex,L3,P36222,4437,jsonl
conplex,L3,P37288,5610,jsonl
conplex,L3,P40879,1020,jsonl
conplex,L3,P41149,1326,jsonl
conplex,L3,P43220,6579,jsonl
conplex,L3,P43250,1122,jsonl
conplex,L3,P51684,561,jsonl
conplex,L3,P56450,663,jsonl
conplex,L3,P56528,5253,jsonl
conplex,L3,P97821,4233,jsonl
conplex,L3,Q00959,765,jsonl
conplex,L3,Q00961,1071,jsonl
conplex,L3,Q01727,1479,jsonl
conplex,L3,Q02779,816,jsonl
conplex,L3,Q14123,2040,jsonl
conplex,L3,Q15391,1428,jsonl
conplex,L3,Q15562,9180,jsonl
conplex,L3,Q16665,1428,jsonl
conplex,L3,Q62645,765,jsonl
conplex,L3,Q8R431,714,jsonl
conplex,L3,Q92830,8109,jsonl
conplex,L3,Q96LB1,3519,jsonl
conplex,L3,Q99594,5202,jsonl
conplex,L3,Q9HCR9,2040,jsonl
conplex,L3,Q9NP56,3621,jsonl
conplex,L3,Q9NPC1,867,jsonl
conplex,L3,Q9NR22,561,jsonl
conplex,L3,Q9Y4K4,510,jsonl
conplex,L3,Q9Y6M4,1734,jsonl
conplex,L4,B4RNM9,2958,jsonl
conplex,L4,C9J9Y7,30702,jsonl
conplex,L4,I6WXK4,1173,jsonl
conplex,L4,J9SQF3,33150,jsonl
conplex,L4,O00187,17238,jsonl
conplex,L4,O00411,11577,jsonl
conplex,L4,O00443,5049,jsonl
conplex,L4,O00748,969,jsonl
conplex,L4,O00750,867,jsonl
conplex,L4,O00767,1887,jsonl
conplex,L4,O14874,5406,jsonl
conplex,L4,O14929,1734,jsonl
conplex,L4,O14980,2499,jsonl
conplex,L4,O15393,2040,jsonl
conplex,L4,O42275,6018,jsonl
conplex,L4,O43525,1326,jsonl
conplex,L4,O43741,765,jsonl
conplex,L4,O54890,510,jsonl
conplex,L4,O60285,1887,jsonl
conplex,L4,O60331,1683,jsonl
conplex,L4,O60427,12036,jsonl
conplex,L4,O60563,7956,jsonl
conplex,L4,O75106,3111,jsonl
conplex,L4,O75143,1836,jsonl
conplex,L4,O75365,1275,jsonl
conplex,L4,O75747,11679,jsonl
conplex,L4,O75909,8619,jsonl
conplex,L4,O77963,6987,jsonl
conplex,L4,O88634,3366,jsonl
conplex,L4,O94782,20706,jsonl
conplex,L4,O94956,510,jsonl
conplex,L4,O95069,918,jsonl
conplex,L4,O95278,918,jsonl
conplex,L4,O95835,3723,jsonl
conplex,L4,O95931,2091,jsonl
conplex,L4,P01127,10506,jsonl
conplex,L4,P01584,1581,jsonl
conplex,L4,P03421,918,jsonl
conplex,L4,P04296,9690,jsonl
conplex,L4,P05067,4386,jsonl
conplex,L4,P08546,4182,jsonl
conplex,L4,P08648,510,jsonl
conplex,L4,P09246,4080,jsonl
conplex,L4,P09391,561,jsonl
conplex,L4,P09871,21471,jsonl
conplex,L4,P09936,714,jsonl
conplex,L4,P0AES4,6783,jsonl
conplex,L4,P0C1S7,1122,jsonl
conplex,L4,P0C1U9,1122,jsonl
conplex,L4,P10636,561,jsonl
conplex,L4,P11166,3519,jsonl
conplex,L4,P11169,663,jsonl
conplex,L4,P11274,1020,jsonl
conplex,L4,P12429,1734,jsonl
conplex,L4,P12955,663,jsonl
conplex,L4,P13612,47379,jsonl
conplex,L4,P14060,3774,jsonl
conplex,L4,P14416,16320,jsonl
conplex,L4,P14672,1989,jsonl
conplex,L4,P14916,561,jsonl
conplex,L4,P15692,3009,jsonl
conplex,L4,P15823,561,jsonl
conplex,L4,P16101,5916,jsonl
conplex,L4,P16406,1479,jsonl
conplex,L4,P16788,23154,jsonl
conplex,L4,P17948,4794,jsonl
conplex,L4,P18510,612,jsonl
conplex,L4,P18848,2040,jsonl
conplex,L4,P19525,9231,jsonl
conplex,L4,P20248,2295,jsonl
conplex,L4,P20648,5712,jsonl
conplex,L4,P21842,2499,jsonl
conplex,L4,P21917,3315,jsonl
conplex,L4,P22001,17901,jsonl
conplex,L4,P22629,1173,jsonl
conplex,L4,P22681,816,jsonl
conplex,L4,P22830,867,jsonl
conplex,L4,P23743,27744,jsonl
conplex,L4,P23944,561,jsonl
conplex,L4,P24385,10863,jsonl
conplex,L4,P24530,510,jsonl
conplex,L4,P24863,918,jsonl
conplex,L4,P24864,3468,jsonl
conplex,L4,P25101,816,jsonl
conplex,L4,P25322,1581,jsonl
conplex,L4,P25929,5202,jsonl
conplex,L4,P26012,1275,jsonl
conplex,L4,P27986,3366,jsonl
conplex,L4,P28223,61200,jsonl
conplex,L4,P28472,612,jsonl
conplex,L4,P29371,1326,jsonl
conplex,L4,P30281,867,jsonl
conplex,L4,P30550,663,jsonl
conplex,L4,P30990,3876,jsonl
conplex,L4,P31350,816,jsonl
conplex,L4,P34969,5151,jsonl
conplex,L4,P35348,765,jsonl
conplex,L4,P35462,5559,jsonl
conplex,L4,P35869,1836,jsonl
conplex,L4,P37059,2397,jsonl
conplex,L4,P37840,5865,jsonl
conplex,L4,P38158,561,jsonl
conplex,L4,P41235,918,jsonl
conplex,L4,P42226,2193,jsonl
conplex,L4,P43140,561,jsonl
conplex,L4,P43251,1428,jsonl
conplex,L4,P43341,7803,jsonl
conplex,L4,P43354,1785,jsonl
conplex,L4,P46976,1122,jsonl
conplex,L4,P48025,663,jsonl
conplex,L4,P48048,1530,jsonl
conplex,L4,P48549,1122,jsonl
conplex,L4,P49238,969,jsonl
conplex,L4,P49721,765,jsonl
conplex,L4,P49959,612,jsonl
conplex,L4,P50052,10914,jsonl
conplex,L4,P51946,5304,jsonl
conplex,L4,P52429,4131,jsonl
conplex,L4,P54278,4335,jsonl
conplex,L4,P57059,4284,jsonl
conplex,L4,P62837,1989,jsonl
conplex,L4,P78396,1377,jsonl
conplex,L4,P95160,1173,jsonl
conplex,L4,P97639,1224,jsonl
conplex,L4,Q01538,66402,jsonl
conplex,L4,Q01973,1122,jsonl
conplex,L4,Q02974,1326,jsonl
conplex,L4,Q04912,561,jsonl
conplex,L4,Q06830,1530,jsonl
conplex,L4,Q08211,36057,jsonl
conplex,L4,Q08828,3468,jsonl
conplex,L4,Q10469,8721,jsonl
conplex,L4,Q12809,1989,jsonl
conplex,L4,Q13094,1530,jsonl
conplex,L4,Q13191,62832,jsonl
conplex,L4,Q13233,2958,jsonl
conplex,L4,Q13541,18054,jsonl
conplex,L4,Q13564,1173,jsonl
conplex,L4,Q13574,29376,jsonl
conplex,L4,Q13639,2499,jsonl
conplex,L4,Q13686,2040,jsonl
conplex,L4,Q13724,26979,jsonl
conplex,L4,Q14191,76857,jsonl
conplex,L4,Q14721,1530,jsonl
conplex,L4,Q15040,1224,jsonl
conplex,L4,Q15078,2652,jsonl
conplex,L4,Q15116,5457,jsonl
conplex,L4,Q15369,561,jsonl
conplex,L4,Q15633,2142,jsonl
conplex,L4,Q15726,1377,jsonl
conplex,L4,Q16204,1530,jsonl
conplex,L4,Q16236,4386,jsonl
conplex,L4,Q16531,25041,jsonl
conplex,L4,Q16548,663,jsonl
conplex,L4,Q16739,15759,jsonl
conplex,L4,Q16832,16626,jsonl
conplex,L4,Q16853,4284,jsonl
conplex,L4,Q29550,765,jsonl
conplex,L4,Q2FYS5,1479,jsonl
conplex,L4,Q3SYC2,765,jsonl
conplex,L4,Q5JRX3,2907,jsonl
conplex,L4,Q5M868,4029,jsonl
conplex,L4,Q60795,1377,jsonl
conplex,L4,Q695T7,10251,jsonl
conplex,L4,Q6NS38,714,jsonl
conplex,L4,Q6SZW1,12393,jsonl
conplex,L4,Q70CQ3,11781,jsonl
conplex,L4,Q7Z3E1,29274,jsonl
conplex,L4,Q7Z5P4,45594,jsonl
conplex,L4,Q86SK9,2754,jsonl
conplex,L4,Q86UE8,3468,jsonl
conplex,L4,Q86YV6,714,jsonl
conplex,L4,Q8BHB0,1428,jsonl
conplex,L4,Q8IU80,765,jsonl
conplex,L4,Q8IVG9,714,jsonl
conplex,L4,Q8IWV7,510,jsonl
conplex,L4,Q8N1C3,10251,jsonl
conplex,L4,Q8NEV1,561,jsonl
conplex,L4,Q8NFR9,1173,jsonl
conplex,L4,Q8NHG7,4590,jsonl
conplex,L4,Q8TAF3,2193,jsonl
conplex,L4,Q8TD08,561,jsonl
conplex,L4,Q8TDU9,510,jsonl
conplex,L4,Q8VCR2,1173,jsonl
conplex,L4,Q8WXE1,5508,jsonl
conplex,L4,Q91WP0,8874,jsonl
conplex,L4,Q92551,9792,jsonl
conplex,L4,Q92743,612,jsonl
conplex,L4,Q92905,1173,jsonl
conplex,L4,Q92932,26061,jsonl
conplex,L4,Q96DB2,3621,jsonl
conplex,L4,Q96GX5,13158,jsonl
conplex,L4,Q96KP4,5610,jsonl
conplex,L4,Q96PC2,2244,jsonl
conplex,L4,Q96PD7,3417,jsonl
conplex,L4,Q96QP1,22695,jsonl
conplex,L4,Q96RJ0,1275,jsonl
conplex,L4,Q96RU2,2448,jsonl
conplex,L4,Q99705,1683,jsonl
conplex,L4,Q99788,2244,jsonl
conplex,L4,Q99986,1938,jsonl
conplex,L4,Q9BQ50,5916,jsonl
conplex,L4,Q9BQA1,3162,jsonl
conplex,L4,Q9BVC4,510,jsonl
conplex,L4,Q9BW19,9945,jsonl
conplex,L4,Q9BY08,1989,jsonl
conplex,L4,Q9BZ95,561,jsonl
conplex,L4,Q9CVD2,816,jsonl
conplex,L4,Q9DGD3,3774,jsonl
conplex,L4,Q9GZQ6,1275,jsonl
conplex,L4,Q9GZZ6,561,jsonl
conplex,L4,Q9H093,561,jsonl
conplex,L4,Q9H0K1,5559,jsonl
conplex,L4,Q9H299,765,jsonl
conplex,L4,Q9H300,816,jsonl
conplex,L4,Q9H7M9,1224,jsonl
conplex,L4,Q9H7Z6,1938,jsonl
conplex,L4,Q9HB14,765,jsonl
conplex,L4,Q9HBX9,2295,jsonl
conplex,L4,Q9HC35,765,jsonl
conplex,L4,Q9HCE5,9843,jsonl
conplex,L4,Q9NPF7,2550,jsonl
conplex,L4,Q9NPH5,4896,jsonl
conplex,L4,Q9NR19,7242,jsonl
conplex,L4,Q9NR96,1938,jsonl
conplex,L4,Q9NSD7,765,jsonl
conplex,L4,Q9NSU2,5916,jsonl
conplex,L4,Q9NVM4,510,jsonl
conplex,L4,Q9NY59,1020,jsonl
conplex,L4,Q9WHN8,10251,jsonl
conplex,L4,Q9Y239,2958,jsonl
conplex,L4,Q9Y2I1,510,jsonl
conplex,L4,Q9Y4K0,2397,jsonl
conplex,L4,Q9Y5X5,867,jsonl
sprint,L1,O00141,1581,jsonl
sprint,L1,O00763,663,jsonl
sprint,L1,O14757,663,jsonl
sprint,L1,O14965,1173,jsonl
sprint,L1,O15379,7191,jsonl
sprint,L1,O43353,12546,jsonl
sprint,L1,O43570,12750,jsonl
sprint,L1,O60218,1683,jsonl
sprint,L1,O60341,5304,jsonl
sprint,L1,O60674,11628,jsonl
sprint,L1,O60885,2958,jsonl
sprint,L1,O75385,510,jsonl
sprint,L1,O75417,510,jsonl
sprint,L1,O75460,1734,jsonl
sprint,L1,O75469,4182,jsonl
sprint,L1,O75762,765,jsonl
sprint,L1,O75874,1479,jsonl
sprint,L1,O76074,2754,jsonl
sprint,L1,O76083,765,jsonl
sprint,L1,O95271,969,jsonl
sprint,L1,O95819,816,jsonl
sprint,L1,O96013,1071,jsonl
sprint,L1,P00352,510,jsonl
sprint,L1,P00491,1326,jsonl
sprint,L1,P00519,2397,jsonl
sprint,L1,P00533,23817,jsonl
sprint,L1,P00915,8619,jsonl
sprint,L1,P00918,12495,jsonl
sprint,L1,P01116,2601,jsonl
sprint,L1,P03372,2040,jsonl
sprint,L1,P04049,867,jsonl
sprint,L1,P04626,4896,jsonl
sprint,L1,P04629,3264,jsonl
sprint,L1,P04798,3213,jsonl
sprint,L1,P05089,2907,jsonl
sprint,L1,P05177,2142,jsonl
sprint,L1,P05771,561,jsonl
sprint,L1,P05979,1530,jsonl
sprint,L1,P06213,663,jsonl
sprint,L1,P06239,3468,jsonl
sprint,L1,P06276,2499,jsonl
sprint,L1,P06493,1887,jsonl
sprint,L1,P07333,5253,jsonl
sprint,L1,P07550,612,jsonl
sprint,L1,P07711,2091,jsonl
sprint,L1,P07900,1479,jsonl
sprint,L1,P07948,663,jsonl
sprint,L1,P07949,2091,jsonl
sprint,L1,P08069,2040,jsonl
sprint,L1,P08173,663,jsonl
sprint,L1,P08238,1377,jsonl
sprint,L1,P08246,1479,jsonl
sprint,L1,P08253,714,jsonl
sprint,L1,P08913,1122,jsonl
sprint,L1,P08922,1020,jsonl
sprint,L1,P0C6U8,612,jsonl
sprint,L1,P0DMS8,3519,jsonl
sprint,L1,P0DTD1,21420,jsonl
sprint,L1,P10275,765,jsonl
sprint,L1,P10415,714,jsonl
sprint,L1,P10721,1989,jsonl
sprint,L1,P11309,2805,jsonl
sprint,L1,P11511,714,jsonl
sprint,L1,P12931,4641,jsonl
sprint,L1,P13569,1020,jsonl
sprint,L1,P14324,510,jsonl
sprint,L1,P14618,612,jsonl
sprint,L1,P14867,2295,jsonl
sprint,L1,P14902,2550,jsonl
sprint,L1,P14920,714,jsonl
sprint,L1,P15056,2958,jsonl
sprint,L1,P15121,918,jsonl
sprint,L1,P15538,765,jsonl
sprint,L1,P16083,816,jsonl
sprint,L1,P16110,663,jsonl
sprint,L1,P17252,1122,jsonl
sprint,L1,P17706,867,jsonl
sprint,L1,P18031,5916,jsonl
sprint,L1,P18089,816,jsonl
sprint,L1,P18825,1020,jsonl
sprint,L1,P19099,867,jsonl
sprint,L1,P19634,1173,jsonl
sprint,L1,P19793,816,jsonl
sprint,L1,P21397,1071,jsonl
sprint,L1,P21554,5100,jsonl
sprint,L1,P21589,1224,jsonl
sprint,L1,P21728,1224,jsonl
sprint,L1,P21802,918,jsonl
sprint,L1,P21918,612,jsonl
sprint,L1,P21964,1530,jsonl
sprint,L1,P22303,4539,jsonl
sprint,L1,P22455,2805,jsonl
sprint,L1,P22607,1020,jsonl
sprint,L1,P22748,5712,jsonl
sprint,L1,P23458,10047,jsonl
sprint,L1,P23467,867,jsonl
sprint,L1,P24941,2805,jsonl
sprint,L1,P25440,663,jsonl
sprint,L1,P25774,663,jsonl
sprint,L1,P25779,561,jsonl
sprint,L1,P27338,7905,jsonl
sprint,L1,P27487,1683,jsonl
sprint,L1,P28062,714,jsonl
sprint,L1,P28074,1887,jsonl
sprint,L1,P28221,816,jsonl
sprint,L1,P28222,765,jsonl
sprint,L1,P28482,765,jsonl
sprint,L1,P28566,510,jsonl
sprint,L1,P29274,714,jsonl
sprint,L1,P29466,867,jsonl
sprint,L1,P29597,9537,jsonl
sprint,L1,P30291,1530,jsonl
sprint,L1,P30530,2550,jsonl
sprint,L1,P30542,1020,jsonl
sprint,L1,P31153,3213,jsonl
sprint,L1,P31639,561,jsonl
sprint,L1,P31645,561,jsonl
sprint,L1,P31749,6324,jsonl
sprint,L1,P31751,1785,jsonl
sprint,L1,P33981,1479,jsonl
sprint,L1,P34913,6324,jsonl
sprint,L1,P34914,5049,jsonl
sprint,L1,P34972,3417,jsonl
sprint,L1,P35354,2244,jsonl
sprint,L1,P35367,510,jsonl
sprint,L1,P35968,6936,jsonl
sprint,L1,P36776,1020,jsonl
sprint,L1,P36888,4284,jsonl
sprint,L1,P36897,918,jsonl
sprint,L1,P37231,867,jsonl
sprint,L1,P41143,714,jsonl
sprint,L1,P41182,3213,jsonl
sprint,L1,P41240,918,jsonl
sprint,L1,P41595,4641,jsonl
sprint,L1,P42336,4539,jsonl
sprint,L1,P42345,1683,jsonl
sprint,L1,P43166,4131,jsonl
sprint,L1,P43405,561,jsonl
sprint,L1,P43490,867,jsonl
sprint,L1,P45983,1734,jsonl
sprint,L1,P45984,1632,jsonl
sprint,L1,P47989,2805,jsonl
sprint,L1,P48039,663,jsonl
sprint,L1,P48735,561,jsonl
sprint,L1,P48736,6324,jsonl
sprint,L1,P49137,510,jsonl
sprint,L1,P49286,918,jsonl
sprint,L1,P49327,33915,jsonl
sprint,L1,P49759,561,jsonl
sprint,L1,P49760,663,jsonl
sprint,L1,P49840,510,jsonl
sprint,L1,P49841,1224,jsonl
sprint,L1,P50053,1275,jsonl
sprint,L1,P50406,3417,jsonl
sprint,L1,P50613,1122,jsonl
sprint,L1,P50750,3417,jsonl
sprint,L1,P51531,867,jsonl
sprint,L1,P51532,510,jsonl
sprint,L1,P51617,765,jsonl
sprint,L1,P51812,816,jsonl
sprint,L1,P51813,765,jsonl
sprint,L1,P51955,867,jsonl
sprint,L1,P52333,13056,jsonl
sprint,L1,P53350,1224,jsonl
sprint,L1,P53634,2958,jsonl
sprint,L1,P53779,1632,jsonl
sprint,L1,P54646,1173,jsonl
sprint,L1,P55055,663,jsonl
sprint,L1,P56524,1428,jsonl
sprint,L1,P56817,13260,jsonl
sprint,L1,P61964,867,jsonl
sprint,L1,P62937,918,jsonl
sprint,L1,P78527,510,jsonl
sprint,L1,P80457,1632,jsonl
sprint,L1,Q00534,561,jsonl
sprint,L1,Q00535,969,jsonl
sprint,L1,Q01650,918,jsonl
sprint,L1,Q02127,3774,jsonl
sprint,L1,Q02750,714,jsonl
sprint,L1,Q03181,765,jsonl
sprint,L1,Q04609,1836,jsonl
sprint,L1,Q04759,969,jsonl
sprint,L1,Q05397,4590,jsonl
sprint,L1,Q06124,1428,jsonl
sprint,L1,Q06187,18105,jsonl
sprint,L1,Q07343,2397,jsonl
sprint,L1,Q07422,612,jsonl
sprint,L1,Q07817,714,jsonl
sprint,L1,Q07820,2652,jsonl
sprint,L1,Q07869,765,jsonl
sprint,L1,Q07889,1071,jsonl
sprint,L1,Q07912,510,jsonl
sprint,L1,Q08345,969,jsonl
sprint,L1,Q08881,816,jsonl
sprint,L1,Q12866,2295,jsonl
sprint,L1,Q12879,867,jsonl
sprint,L1,Q12884,2448,jsonl
sprint,L1,Q13043,2550,jsonl
sprint,L1,Q13085,612,jsonl
sprint,L1,Q13131,1326,jsonl
sprint,L1,Q13133,816,jsonl
sprint,L1,Q13164,816,jsonl
sprint,L1,Q13188,2550,jsonl
sprint,L1,Q13224,1734,jsonl
sprint,L1,Q13315,714,jsonl
sprint,L1,Q13464,1122,jsonl
sprint,L1,Q13526,1020,jsonl
sprint,L1,Q13546,2754,jsonl
sprint,L1,Q13627,5661,jsonl
sprint,L1,Q13822,1428,jsonl
sprint,L1,Q13946,612,jsonl
sprint,L1,Q14145,663,jsonl
sprint,L1,Q14289,1020,jsonl
sprint,L1,Q15059,2193,jsonl
sprint,L1,Q15118,663,jsonl
sprint,L1,Q15303,714,jsonl
sprint,L1,Q15561,2907,jsonl
sprint,L1,Q15910,1581,jsonl
sprint,L1,Q16288,1020,jsonl
sprint,L1,Q16512,816,jsonl
sprint,L1,Q16539,714,jsonl
sprint,L1,Q16620,969,jsonl
sprint,L1,Q16678,5457,jsonl
sprint,L1,Q16769,1377,jsonl
sprint,L1,Q16790,10455,jsonl
sprint,L1,Q2M2I8,1479,jsonl
sprint,L1,Q5S007,1479,jsonl
sprint,L1,Q5TCY1,816,jsonl
sprint,L1,Q6GI75,816,jsonl
sprint,L1,Q6P179,612,jsonl
sprint,L1,Q72547,1785,jsonl
sprint,L1,Q86W56,2142,jsonl
sprint,L1,Q86WV6,1275,jsonl
sprint,L1,Q86X55,2448,jsonl
sprint,L1,Q86YT5,816,jsonl
sprint,L1,Q8IXJ6,1224,jsonl
sprint,L1,Q8N1Q1,510,jsonl
sprint,L1,Q8NEB9,663,jsonl
sprint,L1,Q8R4B8,1020,jsonl
sprint,L1,Q8TF76,663,jsonl
sprint,L1,Q8WUI4,867,jsonl
sprint,L1,Q92769,6477,jsonl
sprint,L1,Q92793,612,jsonl
sprint,L1,Q92918,8211,jsonl
sprint,L1,Q93009,816,jsonl
sprint,L1,Q96EB6,561,jsonl
sprint,L1,Q96GD4,1224,jsonl
sprint,L1,Q96LA8,612,jsonl
sprint,L1,Q96MU7,561,jsonl
sprint,L1,Q96RI1,663,jsonl
sprint,L1,Q99683,816,jsonl
sprint,L1,Q99685,561,jsonl
sprint,L1,Q99720,3213,jsonl
sprint,L1,Q99873,1734,jsonl
sprint,L1,Q9BUB5,663,jsonl
sprint,L1,Q9BV86,714,jsonl
sprint,L1,Q9BY41,5304,jsonl
sprint,L1,Q9C0B1,4131,jsonl
sprint,L1,Q9GZQ8,918,jsonl
sprint,L1,Q9H2K2,1734,jsonl
sprint,L1,Q9H9B1,918,jsonl
sprint,L1,Q9HBH9,612,jsonl
sprint,L1,Q9NQS5,663,jsonl
sprint,L1,Q9NWZ3,4641,jsonl
sprint,L1,Q9NXA8,663,jsonl
sprint,L1,Q9P1W9,1173,jsonl
sprint,L1,Q9P2K8,867,jsonl
sprint,L1,Q9UBF8,2193,jsonl
sprint,L1,Q9UBN7,21726,jsonl
sprint,L1,Q9UGL1,510,jsonl
sprint,L1,Q9UGN5,2040,jsonl
sprint,L1,Q9UIQ6,1173,jsonl
sprint,L1,Q9ULX7,1224,jsonl
sprint,L1,Q9UM73,2142,jsonl
sprint,L1,Q9UQB9,510,jsonl
sprint,L1,Q9UQD0,765,jsonl
sprint,L1,Q9Y233,2142,jsonl
sprint,L1,Q9Y2K2,1938,jsonl
sprint,L1,Q9Y2R2,612,jsonl
sprint,L1,Q9Y463,1224,jsonl
sprint,L1,Q9Y5Y9,2091,jsonl
sprint,L1,Q9Y5Z0,11577,jsonl
sprint,L2,O00141,1734,jsonl
sprint,L2,O00255,20349,jsonl
sprint,L2,O00763,2346,jsonl
sprint,L2,O14684,6375,jsonl
sprint,L2,O14733,816,jsonl
sprint,L2,O14757,9690,jsonl
sprint,L2,O14842,918,jsonl
sprint,L2,O14965,2601,jsonl
sprint,L2,O14976,1683,jsonl
sprint,L2,O15151,561,jsonl
sprint,L2,O15379,21063,jsonl
sprint,L2,O43318,765,jsonl
sprint,L2,O43353,15147,jsonl
sprint,L2,O43497,7905,jsonl
sprint,L2,O43570,12189,jsonl
sprint,L2,O43613,5049,jsonl
sprint,L2,O43614,7395,jsonl
sprint,L2,O43924,714,jsonl
sprint,L2,O60341,41157,jsonl
sprint,L2,O60674,38709,jsonl
sprint,L2,O60760,1581,jsonl
sprint,L2,O60885,29376,jsonl
sprint,L2,O75173,4233,jsonl
sprint,L2,O75385,20808,jsonl
sprint,L2,O75417,96237,jsonl
sprint,L2,O75460,14178,jsonl
sprint,L2,O75762,12291,jsonl
sprint,L2,O75874,3060,jsonl
sprint,L2,O75936,1173,jsonl
sprint,L2,O76074,1428,jsonl
sprint,L2,O76083,8160,jsonl
sprint,L2,O95271,2805,jsonl
sprint,L2,O95819,3366,jsonl
sprint,L2,O96013,1785,jsonl
sprint,L2,O96017,3315,jsonl
sprint,L2,P00519,14994,jsonl
sprint,L2,P00533,104397,jsonl
sprint,L2,P00746,18564,jsonl
sprint,L2,P00748,1581,jsonl
sprint,L2,P00797,1887,jsonl
sprint,L2,P00915,11373,jsonl
sprint,L2,P00918,17340,jsonl
sprint,L2,P01116,145641,jsonl
sprint,L2,P01375,1071,jsonl
sprint,L2,P02753,1173,jsonl
sprint,L2,P03372,11118,jsonl
sprint,L2,P03951,5151,jsonl
sprint,L2,P04049,33456,jsonl
sprint,L2,P04293,18105,jsonl
sprint,L2,P04585,714,jsonl
sprint,L2,P04626,51204,jsonl
sprint,L2,P04629,30498,jsonl
sprint,L2,P04798,1734,jsonl
sprint,L2,P04818,1326,jsonl
sprint,L2,P05089,663,jsonl
sprint,L2,P05177,1836,jsonl
sprint,L2,P05981,714,jsonl
sprint,L2,P06239,36465,jsonl
sprint,L2,P06241,2754,jsonl
sprint,L2,P06276,7089,jsonl
sprint,L2,P06401,1020,jsonl
sprint,L2,P06493,9486,jsonl
sprint,L2,P06935,4590,jsonl
sprint,L2,P07333,39423,jsonl
sprint,L2,P07711,5763,jsonl
sprint,L2,P07858,1479,jsonl
sprint,L2,P07900,1785,jsonl
sprint,L2,P07948,510,jsonl
sprint,L2,P07949,13413,jsonl
sprint,L2,P08069,18309,jsonl
sprint,L2,P08172,2448,jsonl
sprint,L2,P08173,3978,jsonl
sprint,L2,P08183,1326,jsonl
sprint,L2,P08238,2499,jsonl
sprint,L2,P08246,510,jsonl
sprint,L2,P08253,1275,jsonl
sprint,L2,P08254,816,jsonl
sprint,L2,P08684,1377,jsonl
sprint,L2,P08912,1326,jsonl
sprint,L2,P08922,2601,jsonl
sprint,L2,P09237,1071,jsonl
sprint,L2,P09238,867,jsonl
sprint,L2,P09382,25755,jsonl
sprint,L2,P09917,714,jsonl
sprint,L2,P09960,765,jsonl
sprint,L2,P0A017,1020,jsonl
sprint,L2,P0A0K8,1326,jsonl
sprint,L2,P0A725,1122,jsonl
sprint,L2,P0AES6,1275,jsonl
sprint,L2,P0DMS8,2550,jsonl
sprint,L2,P0DTD1,98073,jsonl
sprint,L2,P0DUB6,1989,jsonl
sprint,L2,P10275,7395,jsonl
sprint,L2,P10415,51357,jsonl
sprint,L2,P10721,57222,jsonl
sprint,L2,P11229,1224,jsonl
sprint,L2,P11309,3366,jsonl
sprint,L2,P11474,10149,jsonl
sprint,L2,P11511,867,jsonl
sprint,L2,P12931,3519,jsonl
sprint,L2,P13569,2448,jsonl
sprint,L2,P13866,561,jsonl
sprint,L2,P13995,561,jsonl
sprint,L2,P14207,1122,jsonl
sprint,L2,P14555,765,jsonl
sprint,L2,P14618,2040,jsonl
sprint,L2,P14780,1632,jsonl
sprint,L2,P14867,6324,jsonl
sprint,L2,P14902,1785,jsonl
sprint,L2,P15056,39219,jsonl
sprint,L2,P15428,18411,jsonl
sprint,L2,P15559,4284,jsonl
sprint,L2,P17252,1530,jsonl
sprint,L2,P17516,969,jsonl
sprint,L2,P17612,765,jsonl
sprint,L2,P17706,4590,jsonl
sprint,L2,P17812,13872,jsonl
sprint,L2,P18031,13158,jsonl
sprint,L2,P18054,1785,jsonl
sprint,L2,P18825,6375,jsonl
sprint,L2,P19099,765,jsonl
sprint,L2,P20309,1275,jsonl
sprint,L2,P20618,3723,jsonl
sprint,L2,P20831,1581,jsonl
sprint,L2,P21397,1836,jsonl
sprint,L2,P21554,2703,jsonl
sprint,L2,P21589,8721,jsonl
sprint,L2,P21728,1020,jsonl
sprint,L2,P21802,24684,jsonl
sprint,L2,P22303,10251,jsonl
sprint,L2,P22455,5916,jsonl
sprint,L2,P22607,19584,jsonl
sprint,L2,P22748,867,jsonl
sprint,L2,P22894,765,jsonl
sprint,L2,P23458,31722,jsonl
sprint,L2,P23467,3927,jsonl
sprint,L2,P23921,510,jsonl
sprint,L2,P24941,83079,jsonl
sprint,L2,P25440,1632,jsonl
sprint,L2,P25774,1683,jsonl
sprint,L2,P27338,6324,jsonl
sprint,L2,P27487,5916,jsonl
sprint,L2,P28062,1224,jsonl
sprint,L2,P28065,1377,jsonl
sprint,L2,P28074,16575,jsonl
sprint,L2,P28482,33915,jsonl
sprint,L2,P28845,765,jsonl
sprint,L2,P28907,8466,jsonl
sprint,L2,P29274,39627,jsonl
sprint,L2,P29275,18258,jsonl
sprint,L2,P29375,2397,jsonl
sprint,L2,P29466,1071,jsonl
sprint,L2,P29597,69972,jsonl
sprint,L2,P30291,6069,jsonl
sprint,L2,P30530,47328,jsonl
sprint,L2,P30542,5814,jsonl
sprint,L2,P30559,561,jsonl
sprint,L2,P31153,27642,jsonl
sprint,L2,P31391,5100,jsonl
sprint,L2,P31639,612,jsonl
sprint,L2,P31644,18309,jsonl
sprint,L2,P31645,5559,jsonl
sprint,L2,P31749,10863,jsonl
sprint,L2,P31751,6018,jsonl
sprint,L2,P32245,10608,jsonl
sprint,L2,P32297,612,jsonl
sprint,L2,P33981,2499,jsonl
sprint,L2,P34913,3162,jsonl
sprint,L2,P34914,10098,jsonl
sprint,L2,P34947,2244,jsonl
sprint,L2,P34972,3213,jsonl
sprint,L2,P35354,5049,jsonl
sprint,L2,P35367,1734,jsonl
sprint,L2,P35408,2448,jsonl
sprint,L2,P35968,47277,jsonl
sprint,L2,P36544,1071,jsonl
sprint,L2,P36776,4488,jsonl
sprint,L2,P36888,25806,jsonl
sprint,L2,P36897,14127,jsonl
sprint,L2,P37023,816,jsonl
sprint,L2,P39900,4233,jsonl
sprint,L2,P40261,663,jsonl
sprint,L2,P40763,2550,jsonl
sprint,L2,P41143,4692,jsonl
sprint,L2,P41146,2754,jsonl
sprint,L2,P41182,20706,jsonl
sprint,L2,P41240,8874,jsonl
sprint,L2,P41594,1326,jsonl
sprint,L2,P41595,2499,jsonl
sprint,L2,P42336,43554,jsonl
sprint,L2,P42345,4080,jsonl
sprint,L2,P43166,1989,jsonl
sprint,L2,P43235,561,jsonl
sprint,L2,P43405,5304,jsonl
sprint,L2,P43490,24582,jsonl
sprint,L2,P43681,561,jsonl
sprint,L2,P45452,1785,jsonl
sprint,L2,P45983,1428,jsonl
sprint,L2,P45984,2754,jsonl
sprint,L2,P47205,7497,jsonl
sprint,L2,P47989,714,jsonl
sprint,L2,P48039,612,jsonl
sprint,L2,P48729,6834,jsonl
sprint,L2,P48730,7344,jsonl
sprint,L2,P48735,1479,jsonl
sprint,L2,P48736,11373,jsonl
sprint,L2,P49137,663,jsonl
sprint,L2,P49286,663,jsonl
sprint,L2,P49327,561,jsonl
sprint,L2,P49336,1785,jsonl
sprint,L2,P49674,663,jsonl
sprint,L2,P49759,6834,jsonl
sprint,L2,P49760,13107,jsonl
sprint,L2,P49840,80580,jsonl
sprint,L2,P49841,71757,jsonl
sprint,L2,P50053,48144,jsonl
sprint,L2,P50406,2856,jsonl
sprint,L2,P50613,8925,jsonl
sprint,L2,P50750,9792,jsonl
sprint,L2,P51531,4692,jsonl
sprint,L2,P51532,4182,jsonl
sprint,L2,P51617,2193,jsonl
sprint,L2,P51813,2142,jsonl
sprint,L2,P52333,36975,jsonl
sprint,L2,P52895,612,jsonl
sprint,L2,P53350,5457,jsonl
sprint,L2,P53396,3009,jsonl
sprint,L2,P53634,21165,jsonl
sprint,L2,P53667,3162,jsonl
sprint,L2,P53779,3315,jsonl
sprint,L2,P54646,714,jsonl
sprint,L2,P55055,612,jsonl
sprint,L2,P56373,1377,jsonl
sprint,L2,P56524,867,jsonl
sprint,L2,P56817,17952,jsonl
sprint,L2,P61073,2652,jsonl
sprint,L2,P61964,2601,jsonl
sprint,L2,P62937,5151,jsonl
sprint,L2,P69996,561,jsonl
sprint,L2,P78527,32232,jsonl
sprint,L2,P80192,2958,jsonl
sprint,L2,P80457,1581,jsonl
sprint,L2,P97612,612,jsonl
sprint,L2,P98170,10710,jsonl
sprint,L2,P9WGR1,612,jsonl
sprint,L2,Q00534,55641,jsonl
sprint,L2,Q00535,2040,jsonl
sprint,L2,Q00536,1734,jsonl
sprint,L2,Q00960,3519,jsonl
sprint,L2,Q00987,3315,jsonl
sprint,L2,Q01064,35394,jsonl
sprint,L2,Q01959,1275,jsonl
sprint,L2,Q02127,5508,jsonl
sprint,L2,Q02750,663,jsonl
sprint,L2,Q03111,5100,jsonl
sprint,L2,Q04609,5151,jsonl
sprint,L2,Q04759,1887,jsonl
sprint,L2,Q04771,2040,jsonl
sprint,L2,Q04828,918,jsonl
sprint,L2,Q05397,18819,jsonl
sprint,L2,Q06124,24837,jsonl
sprint,L2,Q06187,49827,jsonl
sprint,L2,Q07343,9588,jsonl
sprint,L2,Q07817,19227,jsonl
sprint,L2,Q07820,5457,jsonl
sprint,L2,Q07889,30141,jsonl
sprint,L2,Q08345,17238,jsonl
sprint,L2,Q09472,5712,jsonl
sprint,L2,Q12866,44625,jsonl
sprint,L2,Q12879,612,jsonl
sprint,L2,Q12884,6222,jsonl
sprint,L2,Q12931,561,jsonl
sprint,L2,Q13043,765,jsonl
sprint,L2,Q13085,1173,jsonl
sprint,L2,Q13133,561,jsonl
sprint,L2,Q13153,816,jsonl
sprint,L2,Q13164,765,jsonl
sprint,L2,Q13224,2142,jsonl
sprint,L2,Q13315,11016,jsonl
sprint,L2,Q13464,9333,jsonl
sprint,L2,Q13490,10761,jsonl
sprint,L2,Q13526,714,jsonl
sprint,L2,Q13546,29988,jsonl
sprint,L2,Q13627,23562,jsonl
sprint,L2,Q13822,10047,jsonl
sprint,L2,Q13946,4743,jsonl
sprint,L2,Q14004,2142,jsonl
sprint,L2,Q14145,6324,jsonl
sprint,L2,Q14432,2397,jsonl
sprint,L2,Q14524,1836,jsonl
sprint,L2,Q14833,8721,jsonl
sprint,L2,Q14994,1122,jsonl
sprint,L2,Q15059,1887,jsonl
sprint,L2,Q15118,867,jsonl
sprint,L2,Q15119,5712,jsonl
sprint,L2,Q15561,19686,jsonl
sprint,L2,Q15858,33660,jsonl
sprint,L2,Q15910,37485,jsonl
sprint,L2,Q16288,8466,jsonl
sprint,L2,Q16539,1887,jsonl
sprint,L2,Q16602,1224,jsonl
sprint,L2,Q16620,9588,jsonl
sprint,L2,Q16678,1581,jsonl
sprint,L2,Q16769,3417,jsonl
sprint,L2,Q16790,12750,jsonl
sprint,L2,Q2M2I8,3213,jsonl
sprint,L2,Q3TBT3,714,jsonl
sprint,L2,Q460N5,1224,jsonl
sprint,L2,Q58F21,1989,jsonl
sprint,L2,Q5S007,38760,jsonl
sprint,L2,Q64610,2805,jsonl
sprint,L2,Q6P179,867,jsonl
sprint,L2,Q6V1X1,3519,jsonl
sprint,L2,Q72547,3264,jsonl
sprint,L2,Q86TI2,2856,jsonl
sprint,L2,Q86W56,17391,jsonl
sprint,L2,Q86WV6,8670,jsonl
sprint,L2,Q86X55,2397,jsonl
sprint,L2,Q8IVH8,16932,jsonl
sprint,L2,Q8IXJ6,867,jsonl
sprint,L2,Q8IYT8,561,jsonl
sprint,L2,Q8NEB9,2907,jsonl
sprint,L2,Q8NET8,15096,jsonl
sprint,L2,Q8NFU5,3366,jsonl
sprint,L2,Q8NI77,55590,jsonl
sprint,L2,Q8R4B8,2958,jsonl
sprint,L2,Q8TF76,1887,jsonl
sprint,L2,Q92633,28560,jsonl
sprint,L2,Q92769,17238,jsonl
sprint,L2,Q92793,22287,jsonl
sprint,L2,Q92831,2091,jsonl
sprint,L2,Q92918,115821,jsonl
sprint,L2,Q92993,4743,jsonl
sprint,L2,Q93009,14943,jsonl
sprint,L2,Q96GG9,26010,jsonl
sprint,L2,Q96RI1,3111,jsonl
sprint,L2,Q96SW2,34323,jsonl
sprint,L2,Q99558,2805,jsonl
sprint,L2,Q99571,2499,jsonl
sprint,L2,Q99683,3876,jsonl
sprint,L2,Q99685,19380,jsonl
sprint,L2,Q99720,2142,jsonl
sprint,L2,Q99814,5814,jsonl
sprint,L2,Q99873,1530,jsonl
sprint,L2,Q9BUB5,5916,jsonl
sprint,L2,Q9BY41,20043,jsonl
sprint,L2,Q9BZP6,663,jsonl
sprint,L2,Q9C0B1,1530,jsonl
sprint,L2,Q9GZT9,3978,jsonl
sprint,L2,Q9H2K2,4080,jsonl
sprint,L2,Q9H3N8,2805,jsonl
sprint,L2,Q9H7B4,1275,jsonl
sprint,L2,Q9H8M2,19941,jsonl
sprint,L2,Q9HAZ1,6885,jsonl
sprint,L2,Q9HBH9,5304,jsonl
sprint,L2,Q9NQS5,2346,jsonl
sprint,L2,Q9NR48,1785,jsonl
sprint,L2,Q9NR97,2958,jsonl
sprint,L2,Q9NSY1,3468,jsonl
sprint,L2,Q9NWZ3,74358,jsonl
sprint,L2,Q9NYL2,612,jsonl
sprint,L2,Q9P1W9,969,jsonl
sprint,L2,Q9P2K8,4386,jsonl
sprint,L2,Q9UBF8,1326,jsonl
sprint,L2,Q9UBN7,71451,jsonl
sprint,L2,Q9UEE5,1020,jsonl
sprint,L2,Q9UGN5,8364,jsonl
sprint,L2,Q9UIQ6,867,jsonl
sprint,L2,Q9UK32,1122,jsonl
sprint,L2,Q9ULX7,612,jsonl
sprint,L2,Q9UM07,42024,jsonl
sprint,L2,Q9UM73,5916,jsonl
sprint,L2,Q9UNA0,4080,jsonl
sprint,L2,Q9UNQ0,612,jsonl
sprint,L2,Q9UQB9,765,jsonl
sprint,L2,Q9UQD0,16422,jsonl
sprint,L2,Q9Y233,4131,jsonl
sprint,L2,Q9Y251,2703,jsonl
sprint,L2,Q9Y2K2,2244,jsonl
sprint,L2,Q9Y572,1530,jsonl
sprint,L2,Q9Y5N1,1428,jsonl
sprint,L2,Q9Y5Y6,1530,jsonl
sprint,L2,Q9Y5Y9,32232,jsonl
sprint,L2,Q9Y5Z0,16167,jsonl
sprint,L2,Q9Y657,561,jsonl
sprint,L2,Q9Z1M0,561,jsonl
sprint,L3,C7FF05,4692,jsonl
sprint,L3,O94921,5100,jsonl
sprint,L3,P01111,23919,jsonl
sprint,L3,P05622,19278,jsonl
sprint,L3,P06802,2091,jsonl
sprint,L3,P08515,1173,jsonl
sprint,L3,P09487,561,jsonl
sprint,L3,P0DTC1,43605,jsonl
sprint,L3,P11498,1173,jsonl
sprint,L3,P11926,714,jsonl
sprint,L3,P17787,612,jsonl
sprint,L3,P30405,3978,jsonl
sprint,L3,P36222,4437,jsonl
sprint,L3,P37288,5610,jsonl
sprint,L3,P43220,6579,jsonl
sprint,L3,P43250,1122,jsonl
sprint,L3,P51684,561,jsonl
sprint,L3,P56450,663,jsonl
sprint,L3,P56528,5253,jsonl
sprint,L3,P97821,4233,jsonl
sprint,L3,Q00959,765,jsonl
sprint,L3,Q00961,1071,jsonl
sprint,L3,Q02779,816,jsonl
sprint,L3,Q14123,2040,jsonl
sprint,L3,Q15391,1428,jsonl
sprint,L3,Q15562,9180,jsonl
sprint,L3,Q15878,7701,jsonl
sprint,L3,Q16665,1428,jsonl
sprint,L3,Q62645,765,jsonl
sprint,L3,Q8R431,714,jsonl
sprint,L3,Q92830,8109,jsonl
sprint,L3,Q96LB1,3519,jsonl
sprint,L3,Q99594,5202,jsonl
sprint,L3,Q9HCR9,2040,jsonl
sprint,L3,Q9NP56,3621,jsonl
sprint,L3,Q9NPC1,867,jsonl
sprint,L3,Q9NR22,561,jsonl
sprint,L3,Q9Y4K4,510,jsonl
sprint,L3,Q9Y6M4,1734,jsonl
sprint,L4,B4RNM9,2958,jsonl
sprint,L4,C9J9Y7,30702,jsonl
sprint,L4,I6WXK4,1173,jsonl
sprint,L4,O00411,11577,jsonl
sprint,L4,O00443,5049,jsonl
sprint,L4,O00748,969,jsonl
sprint,L4,O00750,867,jsonl
sprint,L4,O00767,1887,jsonl
sprint,L4,O14578,7752,jsonl
sprint,L4,O14980,2499,jsonl
sprint,L4,O15393,2040,jsonl
sprint,L4,O42275,6018,jsonl
sprint,L4,O54890,510,jsonl
sprint,L4,O60285,1887,jsonl
sprint,L4,O60331,1683,jsonl
sprint,L4,O60427,12036,jsonl
sprint,L4,O60563,7956,jsonl
sprint,L4,O75106,3111,jsonl
sprint,L4,O75143,1836,jsonl
sprint,L4,O75365,1275,jsonl
sprint,L4,O75747,11679,jsonl
sprint,L4,O75909,8619,jsonl
sprint,L4,O77963,6987,jsonl
sprint,L4,O88634,3366,jsonl
sprint,L4,O94956,510,jsonl
sprint,L4,O95069,918,jsonl
sprint,L4,O95278,918,jsonl
sprint,L4,O95835,3723,jsonl
sprint,L4,O95931,2091,jsonl
sprint,L4,P01127,10506,jsonl
sprint,L4,P04296,9690,jsonl
sprint,L4,P05067,4386,jsonl
sprint,L4,P08546,4182,jsonl
sprint,L4,P08648,510,jsonl
sprint,L4,P09391,561,jsonl
sprint,L4,P09871,21471,jsonl
sprint,L4,P09936,714,jsonl
sprint,L4,P0AES4,6783,jsonl
sprint,L4,P11166,3519,jsonl
sprint,L4,P11169,663,jsonl
sprint,L4,P12955,663,jsonl
sprint,L4,P13612,47379,jsonl
sprint,L4,P14060,3774,jsonl
sprint,L4,P14416,16320,jsonl
sprint,L4,P14672,1989,jsonl
sprint,L4,P15692,3009,jsonl
sprint,L4,P15823,561,jsonl
sprint,L4,P16101,5916,jsonl
sprint,L4,P16406,1479,jsonl
sprint,L4,P16788,23154,jsonl
sprint,L4,P17927,3519,jsonl
sprint,L4,P17948,4794,jsonl
sprint,L4,P18510,612,jsonl
sprint,L4,P18848,2040,jsonl
sprint,L4,P19525,9231,jsonl
sprint,L4,P20648,5712,jsonl
sprint,L4,P21842,2499,jsonl
sprint,L4,P21917,3315,jsonl
sprint,L4,P22001,17901,jsonl
sprint,L4,P22629,1173,jsonl
sprint,L4,P22681,816,jsonl
sprint,L4,P22830,867,jsonl
sprint,L4,P23743,27744,jsonl
sprint,L4,P24385,10863,jsonl
sprint,L4,P24530,510,jsonl
sprint,L4,P24863,918,jsonl
sprint,L4,P25322,1581,jsonl
sprint,L4,P25929,5202,jsonl
sprint,L4,P26012,1275,jsonl
sprint,L4,P27986,3366,jsonl
sprint,L4,P29371,1326,jsonl
sprint,L4,P30550,663,jsonl
sprint,L4,P30990,3876,jsonl
sprint,L4,P31350,816,jsonl
sprint,L4,P34969,5151,jsonl
sprint,L4,P35462,5559,jsonl
sprint,L4,P35869,1836,jsonl
sprint,L4,P37059,2397,jsonl
sprint,L4,P37840,5865,jsonl
sprint,L4,P38158,561,jsonl
sprint,L4,P43251,1428,jsonl
sprint,L4,P43341,7803,jsonl
sprint,L4,P43354,1785,jsonl
sprint,L4,P46976,1122,jsonl
sprint,L4,P48025,663,jsonl
sprint,L4,P48048,1530,jsonl
sprint,L4,P48549,1122,jsonl
sprint,L4,P49238,969,jsonl
sprint,L4,P49721,765,jsonl
sprint,L4,P49959,612,jsonl
sprint,L4,P50052,10914,jsonl
sprint,L4,P51946,5304,jsonl
sprint,L4,P52429,4131,jsonl
sprint,L4,P54278,4335,jsonl
sprint,L4,P57059,4284,jsonl
sprint,L4,P62837,1989,jsonl
sprint,L4,P97639,1224,jsonl
sprint,L4,Q01538,66402,jsonl
sprint,L4,Q01973,1122,jsonl
sprint,L4,Q02974,1326,jsonl
sprint,L4,Q03164,13668,jsonl
sprint,L4,Q04912,561,jsonl
sprint,L4,Q06830,1530,jsonl
sprint,L4,Q08828,3468,jsonl
sprint,L4,Q10469,8721,jsonl
sprint,L4,Q12809,1989,jsonl
sprint,L4,Q13094,1530,jsonl
sprint,L4,Q13191,62832,jsonl
sprint,L4,Q13233,2958,jsonl
sprint,L4,Q13541,18054,jsonl
sprint,L4,Q13564,1173,jsonl
sprint,L4,Q13574,29376,jsonl
sprint,L4,Q13639,2499,jsonl
sprint,L4,Q13686,2040,jsonl
sprint,L4,Q13724,26979,jsonl
sprint,L4,Q14721,1530,jsonl
sprint,L4,Q15040,1224,jsonl
sprint,L4,Q15078,2652,jsonl
sprint,L4,Q15116,5457,jsonl
sprint,L4,Q15369,561,jsonl
sprint,L4,Q15726,1377,jsonl
sprint,L4,Q16204,1530,jsonl
sprint,L4,Q16236,4386,jsonl
sprint,L4,Q16531,25041,jsonl
sprint,L4,Q16739,15759,jsonl
sprint,L4,Q16832,16626,jsonl
sprint,L4,Q16853,4284,jsonl
sprint,L4,Q29550,765,jsonl
sprint,L4,Q2FYS5,1479,jsonl
sprint,L4,Q3SYC2,765,jsonl
sprint,L4,Q5JRX3,2907,jsonl
sprint,L4,Q5M868,4029,jsonl
sprint,L4,Q60795,1377,jsonl
sprint,L4,Q6NS38,714,jsonl
sprint,L4,Q6SZW1,12393,jsonl
sprint,L4,Q7Z3E1,29274,jsonl
sprint,L4,Q7Z5P4,45594,jsonl
sprint,L4,Q86SK9,2754,jsonl
sprint,L4,Q86UE8,3468,jsonl
sprint,L4,Q86YV6,714,jsonl
sprint,L4,Q8BHB0,1428,jsonl
sprint,L4,Q8IU80,765,jsonl
sprint,L4,Q8IVG9,714,jsonl
sprint,L4,Q8IWV7,510,jsonl
sprint,L4,Q8N1C3,10251,jsonl
sprint,L4,Q8NEV1,561,jsonl
sprint,L4,Q8NFR9,1173,jsonl
sprint,L4,Q8NHG7,4590,jsonl
sprint,L4,Q8TAF3,2193,jsonl
sprint,L4,Q8TD08,561,jsonl
sprint,L4,Q8TDU9,510,jsonl
sprint,L4,Q8VCR2,1173,jsonl
sprint,L4,Q8WXE1,5508,jsonl
sprint,L4,Q8WYB5,9792,jsonl
sprint,L4,Q91WP0,8874,jsonl
sprint,L4,Q92551,9792,jsonl
sprint,L4,Q92743,612,jsonl
sprint,L4,Q92794,43809,jsonl
sprint,L4,Q92905,1173,jsonl
sprint,L4,Q92932,26061,jsonl
sprint,L4,Q96DB2,3621,jsonl
sprint,L4,Q96KP4,5610,jsonl
sprint,L4,Q96PC2,2244,jsonl
sprint,L4,Q96PD7,3417,jsonl
sprint,L4,Q96QP1,22695,jsonl
sprint,L4,Q96RU2,2448,jsonl
sprint,L4,Q99788,2244,jsonl
sprint,L4,Q99986,1938,jsonl
sprint,L4,Q9BQ50,5916,jsonl
sprint,L4,Q9BVC4,510,jsonl
sprint,L4,Q9BW19,9945,jsonl
sprint,L4,Q9BY08,1989,jsonl
sprint,L4,Q9BZ95,561,jsonl
sprint,L4,Q9CVD2,816,jsonl
sprint,L4,Q9DGD3,3774,jsonl
sprint,L4,Q9GZQ6,1275,jsonl
sprint,L4,Q9GZZ6,561,jsonl
sprint,L4,Q9H093,561,jsonl
sprint,L4,Q9H0K1,5559,jsonl
sprint,L4,Q9H299,765,jsonl
sprint,L4,Q9H300,816,jsonl
sprint,L4,Q9H7M9,1224,jsonl
sprint,L4,Q9HB14,765,jsonl
sprint,L4,Q9HC35,765,jsonl
sprint,L4,Q9HC84,9435,jsonl
sprint,L4,Q9HCE5,9843,jsonl
sprint,L4,Q9IWW8,918,jsonl
sprint,L4,Q9NPF7,2550,jsonl
sprint,L4,Q9NPH5,4896,jsonl
sprint,L4,Q9NR19,7242,jsonl
sprint,L4,Q9NR96,1938,jsonl
sprint,L4,Q9NSD7,765,jsonl
sprint,L4,Q9NSU2,5916,jsonl
sprint,L4,Q9NVM4,510,jsonl
sprint,L4,Q9NY59,1020,jsonl
sprint,L4,Q9UJ71,3723,jsonl
sprint,L4,Q9WHN8,10251,jsonl
sprint,L4,Q9Y239,2958,jsonl
sprint,L4,Q9Y2I1,510,jsonl
sprint,L4,Q9Y2I7,20094,jsonl
sprint,L4,Q9Y4K0,2397,jsonl
sprint,L4,Q9Y5X5,867,jsonl
