layer,uniprot,smiles,paff,composite,interaction,smina,converged
L1,O95271,COCC(=O)Nc1ccc2c(=O)[nH]c(-c3ccc(C(F)(F)F)cc3)nc2c1,6.0,-32.25138083764266,-54.61785595735761,9.48643,True
L1,O95271,COCC(=O)Nc1ccc2c(=O)[nH]c(-c3ccc(OCCN(C)C)cc3)nc2c1,6.0,-63.364930732127824,-102.53092474530288,7.40216,True
L1,O95271,CC(=O)Nc1ccc2c(=O)[nH]c(-c3ccc(C(C)(C)O)cc3)nc2c1,7.0862,-76.01745811982458,-113.276453076251,10.37612,True
L1,O95271,c1ccc2c(c1)C(=NNC2=O)Cc3ccc(c(c3)C(=O)N4CCN(CC4)C(=O)C5CC5)F,6.1918,-59.956667045351445,-89.76568855752754,11.69318,True
L1,O95271,COCC(=O)Nc1ccc2c(=O)[nH]c(-c3ccc(C(C)O)cc3)nc2c1,6.0,-78.6779303654954,-131.24447077036936,9.25751,True
L1,O95271,CNC(=O)c1cccc2c(=O)[nH]c(-c3ccc(C(C)(C)O)cc3)nc12,7.2676,-114.96339833269656,-170.53753742417453,9.97849,True
L1,O95271,CC(C(=O)NCc1cccc2c(=O)[nH]c(-c3ccc(C(C)(C)O)cc3)nc12)N(C)C,6.52,-139.7712132794702,-231.94171407111247,9.10036,True
L1,O95271,COCC(=O)Nc1ccc2c(=O)[nH]c(-c3ccc(C(C)(C)O)cc3)nc2c1,6.1701,-51.77704018340948,-87.05229041382327,8.62418,True
L1,O95271,CC(=O)Nc1cccc2c(=O)[nH]c(-c3ccc(C(C)(C)O)cc3)nc12,7.2441,-68.6283680499723,-98.59364467485469,11.57511,True
L1,O95271,CC(C)(C)c1ccc(-c2nc3c(NC(=O)C(O)CO)cccc3c(=O)[nH]2)cc1,7.3,-71.47073408507957,-105.23672529961114,11.16524,True
L1,P00338,CC1(C#Cc2cc(-c3nn(-c4nc(C(=O)O)cs4)c(CC4CC4)c3Cc3ccc(S(N)(=O)=O)c(F)c3)ccc2F)COC1,9.0,-41.74604594300318,-93.0288769875962,6.53286,True
L1,P00338,NS(=O)(=O)c1ccc(Cc2c(-c3cccc(C#CC4COC4)c3)nn(-c3nc(C(=O)O)cs3)c2CC2CC2)cc1F,9.0,-34.516351105454405,-75.12753493333706,6.47546,False
L1,P00338,NS(=O)(=O)c1ccc(Cc2c(CC3CC3)n(nc2-c2ccc(F)c(c2)C#CC2CC2)-c2nc(cs2)C(O)=O)cc1F,9.0,-40.07358769937594,-82.59839638052463,6.68962,True
L1,P00338,NS(=O)(=O)c1ccc(Cc2c(-c3ccc(F)c(C#CC4(O)COC4)c3)nn(-c3nc(C(=O)O)cs3)c2CC2CC2)cc1F,9.0,-33.15482895326535,-80.74316705019193,6.96509,False
L1,P00338,NS(=O)(=O)c1ccc(Cc2c(-c3ccc(F)c(C#CC4(O)CC4)c3)nn(-c3nc(C(=O)O)cs3)c2CC2CC2)cc1F,9.0,-28.882498854983183,-75.53221864275945,7.01821,True
L1,P00338,CC(C)(O)C#Cc1cc(-c2nn(-c3nc(C(=O)O)cs3)c(CC3CC3)c2Cc2ccc(S(N)(=O)=O)c(F)c2)ccc1F,9.0,-39.39803851926109,-83.92924806049535,6.5626,True
L1,P00338,NS(=O)(=O)c1ccc(Cc2c(-c3ccc(F)c(C#CC4(O)CCC4)c3)nn(-c3nc(C(=O)O)cs3)c2CC2CC2)cc1F,9.0,-41.74620047904516,-88.87412002189728,6.91302,True
L1,P00338,CC(C)(O)C#Cc1cccc(-c2nn(-c3nc(C(=O)O)cs3)c(CC3CC3)c2Cc2ccc(S(N)(=O)=O)c(F)c2)c1,9.0,-43.43709145320539,-77.98697145117144,6.42709,True
L1,P00338,NS(=O)(=O)c1ccc(Cc2c(-c3cccc(C#CC4(O)COC4)c3)nn(-c3nc(C(=O)O)cs3)c2CC2CC2)cc1F,9.0,-35.11902555152006,-80.472086982555,6.74799,True
L1,P00338,CCCCCCOCc1c(C(=O)OC)n(O)c2cccc(Br)c12,7.6021,-42.70609297402072,-64.0750028117003,5.49915,True
L1,P06239,CN(C)c1nc(-c2cccc(NS(=O)(=O)c3c(F)ccc(Cl)c3F)c2F)c(-c2ccnc(NC3CC3)n2)s1,6.0,-53.177648391643686,-92.57270178448675,7.82404,True
L1,P06239,CC#CC(=O)N1CCC[C@H](C1)n1nc(-c2ccc(Oc3ccccc3)cc2)c2c(N)ncnc12 |r|,8.684,-40.43026085832469,-75.75160268198536,7.7817,True
L1,P06239,CN1CCN(CC1)C2CCN(CC2)c3ccc(c(c3)OC)Nc4ncc(c(n4)Nc5ccccc5P(=O)(C)C)Cl,6.2907,-106.49320418459617,-153.0053204387128,7.27125,True
L1,P06239,Cc1ncc2c(C(N)=O)c(N)n(-c3c(C)c(O)cc(F)c3C)c2n1,7.301,-36.7980576064618,-59.17517334741026,7.14998,True
L1,P06239,Cc1ccc(O)c(C)c1-n1c(N)c(C(N)=O)c2cnc(NCCO)nc21,7.301,-53.66531283473515,-97.66608025199784,7.54571,True
L1,P06239,Cc1nc(Nc2ncc(s2)C(=O)Nc2c(C)nccc2Cl)cc(n1)N1CCN(CCO)CC1,8.8239,-41.44601596650792,-73.65363188990864,7.07122,True
L1,P06239,CN(C)C\C=C\C(=O)N1CCC(CC1)n1nc(-c2ccc(Oc3ccccc3)cc2)c2c(N)ncnc12,8.585,-62.86622341665445,-95.6872703030099,8.22696,True
L1,P06239,Cc1cccc(c1NC(=O)c2cnc(s2)Nc3cc(nc(n3)C)N4CCN(CC4)CCO)Cl,8.8239,-55.14647305007321,-87.75277724028042,7.38257,True
L1,P06239,COc1cc(F)c(C)c(-n2c(N)c(C(N)=O)c3cc(C)c(C)nc32)c1C,7.1249,-54.48588721750586,-81.84116830397485,7.52234,True
L1,P06239,Cc1cc2c(C(N)=O)c(N)n(-c3c(C)cc(F)c(O)c3Cl)c2nc1C,7.301,-46.91478040659093,-76.09982040084826,8.20561,True
L1,P08922,C[C@@]12[C@@H]([C@@H](C[C@@H](O1)n3c4ccccc4c5c3c6n2c7ccccc7c6c8c5C(=O)NC8)NC)OC,8.8539,-71.24556763321412,-100.83450057170084,10.18988,True
L1,P08922,O=C(NCC#N)c1ccc(cc1)-c1ccnc(Nc2ccc(cc2)N2CCOCC2)n1,6.0,-51.72212797217888,-89.17744417357204,7.16417,True
L1,P08922,CN1CCN(CC1)C2CCN(CC2)c3ccc(c(c3)OC)Nc4ncc(c(n4)Nc5ccccc5P(=O)(C)C)Cl,8.7212,-90.06099515977064,-125.06729954686226,7.16876,True
L1,P08922,C[C@H]1Nc2ccn3ncc(c3n2)C(=O)NC[C@@H](CF)Oc2ccc(F)cc21,8.699,-43.30742358059018,-70.67836336488199,7.00059,True
L1,P08922,c1cn2cc(-c3ccc4cn[nH]c4c3)nc(Nc3ccc(N4CCOCC4)cc3)c2n1,6.067,-55.86748698703202,-82.03386377670039,7.94317,True
L1,P08922,CCN1CCN(Cc2ccc(Nc3ncc(F)c(n3)-c3cc(F)c4nc(C)n(C(C)C)c4c3)nc2)CC1,6.0,-115.344197229212,-259.137690499776,8.21303,True
L1,P08922,CN(C)CCCN1c2ccccc2CCc3c1cc(cc3)Cl,6.0,-58.202242708174005,-70.17878653479818,6.60707,True
L1,P08922,CN[C@@H]1CC2OC([C@@H]1OC)n1c3ccccc3c3c4CNC(=O)c4c4c5ccccc5n2c4c13 |r|,9.6091,-53.06941298826327,-83.86385802282905,9.61735,True
L1,P08922,CN1CCN(CC1)CCCOc2cc3c(cc2OC)c(c(cn3)C#N)Nc4cc(c(cc4Cl)Cl)OC,6.699,-60.29319937249326,-89.73530222281818,6.49028,False
L1,P08922,CN1CCN(c2ccc(C(=O)Nc3n[nH]c4ccc(Cc5cc(F)cc(F)c5)cc34)c(NC3CCOCC3)c2)CC1,7.9208,-179.38613536425316,-250.75594529629865,8.62624,True
L1,P0C6U8,CCCCC1CCC(COC(=O)N[C@@H](CC(C)C)C(=O)N[C@H](C=O)C[C@@H]2CCNC2=O)CC1,6.0458,-105.1920013659904,-296.3525185085164,6.40839,True
L1,P0C6U8,CC(C)c1ccc(F)c2[nH]c(C(=O)N3C[C@H]4[C@@H]([C@H]3C(=O)N[C@H](C=O)C[C@@H]3CCNC3=O)C4(C)C)cc12,7.5229,-45.29532819248079,-92.18687485277042,8.06053,True
L1,P0C6U8,O=C[C@H](CC1CCNC1=O)NC(=O)[C@H](CC1CCCCC1)NC(=O)c1cc2ccccc2[nH]1,7.2757,-47.623846679221074,-86.06249275156893,7.88401,True
L1,P0C6U8,O=C[C@H](C[C@@H]1CCNC1=O)NC(=O)[C@H](Cc1cccc(F)c1)NC(=O)c1cc2ccccc2[nH]1,7.3979,-66.46751965836148,-124.32391679811532,7.87003,True
L1,P0C6U8,C[C@@H](OC(C)(C)C)[C@H](NC(=O)OCc1ccccc1)C(=O)N[C@@H](CC1CCCCC1)C(=O)N[C@@H](C[C@@H]1CCNC1=O)C=O |r|,7.2757,-31.207244488074185,-82.84273665477421,6.36328,True
L1,P0C6U8,CC1([C@@H]2[C@H]1[C@H](N(C2)C(=O)[C@H](C(C)(C)C)NC(=O)C(F)(F)F)C(=O)N[C@@H](C[C@@H]3CCNC3=O)C#N)C,7.699,-20.89585989785418,-56.65566457692952,6.91533,True
L1,P0C6U8,[H][C@]12CN([C@H](C(=O)N[C@@H](C[C@]3([H])CCNC3=O)C=O)[C@@]1([H])C2(C)C)C(=O)COc1ccc(OC(F)(F)F)cc1 |r|,7.8239,-32.75387835751001,-64.02740961585695,7.17624,True
L1,P0C6U8,CC(C)C[C@H](NC(=O)OCc1ccccc1)C(=O)N[C@@H](C[C@@H]1CCNC1=O)C(O)S([O-])(=O)=O,7.301,-12.811183237401092,-87.81466985363161,6.69867,True
L1,P0C6U8,CC1(C)[C@@H]2[C@@H](C(=O)N[C@H](C=O)C[C@@H]3CCNC3=O)N(C(=O)c3cc4ccccc4[nH]3)C[C@@H]21,7.284,-38.91329107680789,-82.37165879992791,7.6989,True
L1,P0C6U8,O=C[C@H](C[C@@H]1CCNC1=O)NC(=O)[C@H](CC1CCCCC1)NC(=O)c1cc2ccccc2[nH]1,7.2757,-59.620352169724,-103.21026393098344,8.05825,True
L1,P33981,Cc1cc(ccc1Nc1ncc2ccn(C3CCCCC3)c2n1)N1CCOCC1,7.6576,-94.50826916894756,-122.61510404130044,8.83458,True
L1,P33981,O=C(NC1CC1)c1ccc(cc1)-c1cnc2c(NCc3cccs3)nccn12,7.7696,-37.515579043754514,-55.78478867759306,7.26613,True
L1,P33981,COc1cc(ccc1Nc1nc2ccc(cn2n1)-c1ccc(NC(=O)[C@H](C)c2ccc(F)cc2)cc1)S(C)(=O)=O |r|,9.4685,-63.36458087675851,-103.94340843145903,8.49635,True
L1,P33981,Cc1cc(ccc1C(=O)NC1CC1)-c1cnc2c(NCCC(F)(F)F)nc(Cc3ccccc3)cn12,9.699,-65.20772591166761,-103.85277336649736,7.60364,True
L1,P33981,CCc1nn(CCOCCOCCOC)c(CC)c1NC(=O)c1ccn-2c1CCc1cnc(Nc3ccc(cc3OC)N3CCN(CC3)C(=O)COC)nc-21,9.1367,-113.9269754494714,-178.8945435099936,7.20735,True
L1,P33981,O=C1c2ccccc2-c2n[nH]c3cccc1c23,7.0088,-26.83883657496869,-37.15501041393091,7.92594,True
L1,P33981,COc1cc(C(=O)N(C)C)ccc1Nc1nc(OC2CCCC2)c2cc[nH]c2n1,9.0,-48.40157716022421,-83.57927854008629,7.49867,True
L1,P33981,Cn1cc(cn1)-c1cc2cnc(Nc3ccc(cc3Cl)-c3cncn3C)cc2n1C(=O)OC(C)(C)C,8.5229,-63.26900095040371,-99.6516524665154,8.10068,True
L1,P33981,COc1cc(N2CCN(S(C)(=O)=O)CC2)ccc1Nc1nc(NC2CCCCC2)c2[nH]cnc2n1,8.699,-71.24700810694026,-121.13430237675465,8.06229,True
L1,P33981,CCc1cccc(CC)c1NC(=O)c1nn(C)c-2c1CCc1cnc(Nc3ccc(cc3OC(F)(F)F)C(=O)NC3CCN(C)CC3)nc-21,7.1487,-55.683014437232174,-92.1868637193941,8.70705,False
L1,P35354,Cc1onc(-c2c(Cl)cccc2Cl)c1C(=O)Nc1ccc(-c2ccccc2)cc1,6.2765,-40.5175071211196,-61.48133372955833,6.96204,True
L1,P35354,COc1ccc2c(c1)c(CC(=O)[S-])c(C)n2C(=O)c1ccc(Cl)cc1,8.0223,-50.72784716837606,-130.28711521722252,5.16032,True
L1,P35354,Cc1onc(-c2c(Cl)cccc2Cl)c1C(=O)Nc1ccc(C(C)(C)C)cc1,6.5214,-33.96999186446178,-52.67539743745403,5.6564,True
L1,P35354,[O-]C(=O)Cc1ccccc1Nc1c(Cl)cccc1Cl,6.0757,-61.78559728674851,-123.11641423995592,7.90487,True
L1,P35354,N#Cc1c(-c2ccc(F)cc2)nc2c(/N=N/c3ccc(O)cc3)c(N)nn2c1N,7.0555,-14.499808000847072,-49.37620787847517,5.82768,True
L1,P35354,O=C(OCCc1ccc(N=C=S)cc1)c1ccc(F)cc1,7.6021,-28.41408036615157,-41.77167037440099,7.24145,True
L1,P35354,NS(=O)(=O)c1ccc(-c2sncc2-c2ccc(F)cc2)cc1,7.1612,-22.463823265629514,-40.119686795579526,5.7808,True
L1,P35354,COc1cc(/C=C2S/C(=N/c3nnc(C)s3)NC2=O)cc(OC)c1OC,7.0,-37.22547471688749,-62.844195610615934,5.89616,True
L1,P35354,COc1cc(ccc1[O-])C(=O)[N-]S(=O)(=O)c1ccc(cc1)-n1nc(cc1-c1ccc(C)cc1)C(F)(F)F,7.9586,-38.317691103802105,-222.754219020582,7.06842,True
L1,P35354,COc1ccc2c(c1)c(CC(=O)Oc1ccc(N(C)N=O)cc1)c(C)n2C(=O)c1ccc(Cl)cc1,7.0969,-23.225172355201188,-41.82694311665276,5.37295,True
L1,P49327,Cc1cc(C2CCC2)c(-c2ncc(Cl)[nH]2)cc1C(=O)N1CCC(c2ccc(C#N)cc2)CC1,6.7447,-59.19021716285546,-88.69219067055681,8.50936,False
L1,P49327,COC(=O)N1CCC(C)(c2nc(C)c(-c3cc(C(=O)N4CC(F)(c5ccc(C#N)cc5)C4)ccc3C)[nH]2)CC1,7.1805,-79.04761780385948,-121.50317041873892,8.83739,False
L1,P49327,Cc1nnc(-c2cc(C(=O)N3CCC(F)(c4ccc(C#N)cc4)CC3)ccc2C2CCC2)[nH]1,7.0458,-48.077024316142186,-89.41084288205008,8.07779,True
L1,P49327,CN(CCO)c1ccc(NC(=O)c2cc(ccc2C)C(=O)N2CCC(CC2)c2ccc(cc2)C#N)cn1,6.4089,-57.843554204584045,-94.80524155274846,9.30474,True
L1,P49327,Cc1nc(C)c(-c2cc(C(=O)N3CCC(c4ccn5nncc5c4)CC3)ccc2C)[nH]1,6.2076,-40.18602357040683,-69.45814402615974,8.6485,True
L1,P49327,Cc1cc(C2CCC2)c(cc1C(=O)N1CCC(CC1)c1ccc(cc1)C#N)C(N)=O,6.8697,-49.83515729684767,-79.87182724725561,7.32857,False
L1,P49327,Cc1cc(C2CCC2)c(-c2ncc(C(F)(F)F)[nH]2)cc1C(=O)N1CCC(c2ccc(C#N)cc2)CC1,6.2366,-52.037873624974,-81.55952886665396,10.045,True
L1,P49327,Cc1ccc(C(=O)N2CCC(c3ccc(C#N)cc3)CC2)cc1-c1[nH]nc(OCCO)c1C,7.0757,-42.56436734661949,-67.51825967762954,8.27937,False
L1,P49327,CCc1cc(C)c(-c2nnc(CCOC)[nH]2)cc1C(=O)N1CCC(c2ccc(C#N)cc2)CC1,6.699,-66.43696213435837,-102.18563629738314,8.50891,True
L1,P49327,CC(=O)N1CCc2nc(-c3cc(C(=O)N4CCC(c5ccc(C#N)cc5)CC4)ccc3C)[nH]c2C1,6.8356,-98.16029547193916,-139.78438542878266,9.73421,True
L1,P49759,Cc1c(Br)c(Br)c2CCCn3c(nc1c23)N1CCNCC1,8.2757,-46.8082670040066,-59.710926746092696,7.81364,True
L1,P49759,C[C@@]12[C@@H]([C@@H](C[C@@H](O1)n3c4ccccc4c5c3c6n2c7ccccc7c6c8c5C(=O)NC8)NC)OC,9.0,-73.40348548960246,-98.2837538382229,10.6521,True
L1,P49759,CNC(=O)c1cc(Oc2ccc(NC(=O)Nc3cc(nn3-c3ccc4ncccc4c3)C(C)(C)C)c(F)c2)ccn1,6.0,-15.23935144367817,-60.95024050676585,8.39625,True
L1,P49759,O=C(NCC#N)c1ccc(cc1)-c1ccnc(Nc2ccc(cc2)N2CCOCC2)n1,6.0,-54.06562694428891,-86.34592126293425,7.68443,True
L1,P49759,NC(=O)c1c(O)cc(O)c2c1oc1cc(O)ccc12,7.585,-24.4611346339414,-58.97860134459344,8.61601,True
L1,P49759,O=C1NC(Nc2ccccc2)=NC1=Cc1ccc2c(c1)OCO2,7.4559,-30.49578796709854,-60.88150911046176,8.05404,True
L1,P49759,CCOC(=O)c1c(C(C=N)C#N)c2ccc(Cl)c(Cl)c2n1C,6.8239,-18.489776136658424,-37.86164835538726,5.94075,True
L1,P49759,CCN\1c2cc(ccc2S/C1=C\C(=O)C)OC,7.585,-67.96568289080707,-110.08189424719475,6.29348,True
L1,P49759,CN1CCN(CC1)C(=O)C(C)(C)c1ccc(cc1)C(=O)Nc1cn2cc(ccc2n1)-c1ccncc1,9.1739,-13.72685788331158,-34.51725394569614,8.05932,True
L1,P49759,CC(C)CC(=O)Nc1cncc(-c2ccc3[nH]nc(-c4nc5cncc(-c6cccc(F)c6)c5[nH]4)c3c2)c1,6.6216,-63.08969747551815,-120.78045371615087,9.50539,True
L1,P50053,CSc1ccccc1Nc1nc(N2CC[C@@H](N)C2)cc(C(F)(F)F)c1C#N,8.2596,-63.05042829712739,-100.65225122597684,7.65168,True
L1,P50053,CSc1ccc(CC(C)C(=O)O)cc1Nc1nc(N2CC[C@H](N(C)C)C2)cc(C(F)(F)F)c1C#N,7.5686,-66.29781985094131,-111.99996284271968,7.83103,True
L1,P50053,C[C@H]1CCN1c1nc(N2CC[C@@H](CCC(=O)O)C2)cc(C(F)(F)F)c1C#N,7.8125,-66.0024922207212,-90.23748791284508,8.64478,True
L1,P50053,CSc1ccc(CCC(N)=O)cc1Nc1nc(N2C[C@H](N)C[C@H]2CO)cc(C(F)(F)F)c1C#N,8.4949,-91.15642687043248,-267.28168511948206,8.00036,True
L1,P50053,[2H]c1c(N2C[C@@H]3[C@H](C2)[C@H]3C([2H])([2H])C(=O)O)nc(N2CC[C@@H]2C)c(C#N)c1C(F)(F)F,9.3565,-58.45759609046533,-79.55832907169271,8.23352,True
L1,P50053,CC(C(=O)O)[C@H]1[C@@H]2CN(c3cc(C(F)(F)F)c(C#N)c(N4CC[C@@H]4C)n3)C[C@@H]21,7.8996,-56.77037353293136,-82.15733656935929,8.2142,True
L1,P50053,CNc1cc(C(F)(F)F)c(C#N)c(Nc2ccccc2SC)n1,7.7447,-59.515376540205686,-81.20124004781768,6.79042,True
L1,P50053,CN[C@H]1CCN(c2cc(C(F)(F)F)c(C#N)c(Nc3cc(CCC(=O)O)ccc3SC)n2)C1,8.1308,-113.9913569536474,-150.0871239208959,8.00273,True
L1,P50053,CSc1ccccc1Nc1nc(N2CC[C@H](N)C2)cc(C(F)(F)F)c1C#N,8.0,-110.40333207085416,-181.19269323810792,7.85176,True
L1,P50053,CSc1ccccc1Nc1nc(N2C[C@H](O)[C@@H](O)C2)cc(C(F)(F)F)c1C#N,7.699,-63.8428213397831,-107.96465257442092,7.83946,True
L1,P51532,Nc1nnc(cc1-c1ccccc1)-c1ccccc1O,7.1427,-65.9240389800564,-181.30964872653016,9.092,True
L1,P51532,COc1cc(N2C3CCC2CN(c2cc(-c4ccccc4O)nnc2N)C3)ccn1,8.4815,-80.866734435945,-133.8368460403888,9.03725,True
L1,P51532,Nc1nnc(cc1N1CCNCC1)-c1ccccc1O,6.5935,-61.84251772096083,-79.82914467440972,8.36004,True
L1,P51532,COCCOc1cc(N2C3CCC2CN(c2cc(-c4ccccc4O)nnc2N)C3)ccn1,8.5528,-59.15717587209208,-90.6631591712201,7.87434,True
L1,P51532,COc1ccc(-c2csc(NC(=O)CNC(=O)c3ccc(N)cc3)n2)cc1,6.6904,-60.3375466290629,-98.552823995858,7.32863,True
L1,P51532,CCNC(=O)C[C@@H]1N=C(c2ccc(Cl)cc2)c2cc(OC)ccc2-n2c(C)nnc21,7.5229,-69.19497722462488,-105.1408023986874,6.62717,True
L1,P51532,Cn1cc(-c2cc(-c3ccccc3O)nnc2N)cn1,7.8928,-57.23923456516641,-80.62259715378049,8.7362,True
L1,P51532,CSCC[C@H](NC(=O)c1ccc(N)cc1)C(=O)Nc1nc(-c2ccccc2)cs1,6.279,-70.1830534612589,-104.60854631995622,6.9635,True
L1,P51532,COc1cccc(-c2csc(NC(=O)CNC(=O)c3ccc(N)cc3)n2)c1,6.4908,-65.46046850747899,-104.7548824447041,7.42264,True
L1,P51532,N#Cc1cccc(-c2csc(NC(=O)CNC(=O)c3ccc(N)cc3)n2)c1,6.4815,-52.25901477420916,-91.82998095216088,7.54174,True
L1,P56524,Cc1[nH]c2ccccc2c1CCNCc1ccc(/C=C/C(=O)NO)cc1,6.9208,-44.58224930506461,-78.72793218720493,7.57121,True
L1,P56524,COc1cc(OC)c(/C=C/S(=O)(=O)Cc2ccc(OC)c(NC(=O)CCC(=O)NO)c2)c(OC)c1,7.0757,-20.352416007980228,-71.35038421605725,6.65999,True
L1,P56524,CNCCOc1ccc(-c2cc(=O)c3cc(OCCCCCC(=O)NO)cc(O)c3o2)cc1,7.5229,-33.78612183378034,-76.22818382327353,6.22324,True
L1,P56524,CCCC(CCC)C(=O)N[C@@H](Cc1ccccc1)C(=O)NO,8.5376,-34.10313871407179,-52.46078285701388,7.30789,True
L1,P56524,C[Si](O)(O)CCCCCCC(=O)Nc1ccccc1,6.2218,-6.330076964544702,-23.0957934675617,6.09652,True
L1,P56524,O=C(/C=C/c1ccc(CN2C(=O)Cc3cc(Br)ccc32)cc1)NO,6.1561,-50.10689466154609,-79.54154371692461,8.33545,True
L1,P56524,O=C(CCCCCCN1C(=O)Cc2ccccc21)NO,7.8239,-33.53143879336281,-59.77719872345837,6.54199,True
L1,P56524,O=C(CCCCCCN1C(=O)Cc2cc(F)ccc21)NO,7.3279,-28.77298656446395,-53.408397733994434,6.61006,True
L1,P56524,CCN(CC)CCCCNC(=O)c1ccc(-c2noc(C(F)(F)F)n2)cc1,6.857,-24.431428361626946,-41.503850307978325,6.29251,True
L1,P56524,FC(F)(F)c1nc(no1)-c1cccc(c1)C(=O)NCC1(CCOCC1)c1nc(cs1)-c1ccccc1,8.4559,-13.076060603331408,-39.03327069051273,7.49852,True
L1,P62937,C.CC[C@@H]1NC(=O)[C@H]([C@H](O)[C@H](C)CCCCCCNC(C)=O)N(C)C(=O)[C@H](C(C)C)N(C)C(=O)[C@H](CC(C)C)N(C)C(=O)[C@H](CC(C)C)N(C)C(=O)[C@@H](C)NC(=O)[C@H](C)NC(=O)[C@H](CC(C)C)N(C)C(=O)[C@H](C(C)C)NC(=O)[C@H](CC(C)C)N(C)C(=O)[C@@H](C)N(C)C1=O,8.6021,23.174744409527985,-46.93459832316834,5.97432,False
L1,P62937,C/C=C/C[C@@H](C)[C@@H](O)[C@H]1C(=O)N[C@@H](CC)C(=O)N(C)[C@H](OCC/N=C(C)N(C)C)C(=O)N(C)[C@@H](CC(C)C)C(=O)N[C@@H](C(C)C)C(=O)N(C)[C@@H](CC(C)C)C(=O)N[C@@H](C)C(=O)N[C@H](C)C(=O)N(C)[C@@H](CC(C)C)C(=O)N(C)[C@@H](CC(C)C)C(=O)N(C)[C@@H](C(C)C)C(=O)N1C,7.9586,-15.648647542419807,-206.41369667802908,6.03614,True
L1,P62937,C/C=C/C[C@@H](C)[C@@H](O)[C@H]1C(=O)N[C@@H](CC)C(=O)N(C)[C@H](C)C(=O)N(CC)[C@@H](C(C)C)C(=O)N[C@@H](C(C)C)C(=O)N(C)[C@@H](CC(C)C)C(=O)N[C@@H](C)C(=O)N[C@H](C)C(=O)N(C)[C@@H](CC(C)C)C(=O)N(C)[C@@H](CC(C)C)C(=O)N(C)[C@@H](C(C)C)C(=O)N1C,8.0969,-13.427094020081311,-236.8470743839727,5.91191,False
L1,Q06124,O=C(COc1ccc(-c2oc3cc(O)c(C(=O)O)cc3c2C#Cc2cccc(O)c2)cc1)NC1CC1,6.0269,-81.90315996803255,-127.2588057101792,8.88849,True
L1,Q06124,CC1(CCN(CC1)c2cnc(c(n2)N)Sc3cccc(c3Cl)Cl)CN,7.6383,-97.16436227602652,-130.55436486597998,8.1355,True
L1,Q06124,Cc1nc2c(-c3cccc(Cl)c3F)n[nH]c2nc1N1CCC2(CC1)CO[C@@H](C)[C@H]2N,8.0088,-72.5135167784046,-106.28323381707229,9.49966,True
L1,Q06124,CC(=O)N1CC(F)(F)c2c(Sc3ncc(N4CCC5(CC4)COC[C@H]5N)nc3N)cccc21,7.585,-121.11140717794729,-165.9153216505253,8.76813,True
L1,Q06124,CC1(N)CCN(CC1)c1cnc(c(N)n1)-c1cccc(Cl)c1Cl,7.1367,-113.05309552647422,-149.83042401937314,9.56398,True
L1,Q06124,OS(=O)(=O)c1ccc(N\N=C2\C(=O)N(N=C2c2ccc(cc2)[N+]([O-])=O)c2ccc(cc2)[N+]([O-])=O)cc1 |c:14|,7.1487,-45.42474782087149,-101.5269601809744,8.93781,True
L1,Q06124,CC1(N)CCN(c2cnc(Sc3ccnc(N)c3Cl)cn2)CC1,8.0315,-133.25479413954142,-161.77151722960969,7.32483,True
L1,Q06124,OC(=O)c1cccc(N\N=C2/C(=O)Nc3ccc(cc23)S(=O)(=O)NCc2ccc(F)cc2)c1,6.0,-69.30987543695025,-121.02919783671852,9.90259,True
L1,Q06124,NCC1CCCC12CCN(c1nc3nc(Sc4cccnc4C(F)(F)F)cnc3[nH]1)CC2,6.0209,-177.13042993117398,-266.82147603308607,7.27555,True
L1,Q06124,c1cc(cc(c1)Cl)C#Cc2c3cc(c(cc3oc2c4ccc(cc4)OCC(=O)NC5CC5)O)C(=O)O,6.1675,-85.41696021259872,-129.27237633894535,8.7994,True
L1,Q07343,COc1ccc(cc1OC)-c1nc(ncc1C(=O)NC1CC1)C(F)(F)F,6.5986,-34.688744658897626,-61.04788855181801,8.0187,True
L1,Q07343,COc1ccc([C@H](N2C(=O)c3cccc(NC(C)=O)c3C2=O)S(C)(=O)=O)cc1OC,7.1308,-40.52952989219758,-69.69259584089566,7.75588,True
L1,Q07343,COc1c(O)c(-c2ccccc2)c(O)c(OC)c1-c1ccccc1,6.3979,-53.87911991535357,-86.34913348378598,6.75847,True
L1,Q07343,COc1ccc(cc1OC)-c1nc(SC)ncc1C(=O)NC1CCOCC1,6.6216,-31.30584662038957,-59.24575292537618,7.20388,True
L1,Q07343,FC(F)Oc1ccc(cc1OC1CCCC1)C(=O)Nc1ccccc1Cl,7.0223,-43.75324916324168,-62.69926827710654,9.02705,True
L1,Q07343,CCOc1cc(ccc1OC)[C@@H](CS(=O)(=O)C)N2C(=O)c3cccc(c3C2=O)NC(=O)C,7.1308,-32.226619700802324,-61.09901587584269,7.88708,True
L1,Q07343,COc1ccc2n(CC=C)cc(-c3nc4ccccc4nc3Cl)c2c1,7.9586,-75.36996934399836,-89.87618780531416,8.55059,True
L1,Q07343,COc1c(O)c(-c2ccccc2)c(O)c(OC)c1-c1ccc(O)cc1,6.2076,-67.08174514813868,-104.46492592039614,7.35167,True
L1,Q07343,CCOc1nc(Cl)cc2nn(CCC(=O)O)cc12,7.4559,-32.32508499379837,-54.061937266628696,6.90899,True
L1,Q08499,c1cc(c(cc1C(=O)Nc2c(cncc2Cl)Cl)OCC3CC3)OC(F)F,6.3188,-36.858815656298,-61.58723882737331,8.1871,True
L1,Q08499,CCOc1nc(Cl)cc2nn(CCCC(=O)NO)cc12,7.284,-39.32672742138926,-71.21269205180249,7.28546,True
L1,Q08499,CC(Sc1nc(-c2ccc(Cl)s2)c(C#N)c(=O)[nH]1)c1cccc(Cl)c1,6.58,-27.0271263921228,-47.46503189467195,7.64997,True
L1,Q08499,CCOc1nc(Cl)cc2nn(CCC(=O)NO)cc12,7.4089,-37.86843842214245,-65.45532013201367,7.57761,True
L1,Q08499,CCOc1nc(Cl)cc2nn(CC(=O)NO)cc12,7.699,-28.46125542278996,-55.874715887071936,7.28197,True
L1,Q08499,COc1ccc(C2CNC(=O)C2)cc1OC1CCCC1,6.4868,-55.49859309561101,-71.00772098283826,8.17676,True
L1,Q08499,CCOc1cc(ccc1OC)[C@@H]2[C@H](c3cc(cc(c3O2)OCC)CCCO)CO,6.7696,-70.26374810457479,-101.25429079576264,8.11193,False
L1,Q08499,CCOc1nc(Cl)cc2nn(CCC(=O)O)cc12,7.585,-29.882525395076502,-52.296974116093466,6.85274,True
L1,Q08499,CCOc1nc(Cl)cc2nn(CCCO)cc12,7.1487,-25.19098875727691,-52.95470283702668,6.68154,True
L1,Q15059,CCCc1nc(CC)[nH]c1-c1cc2c(=O)n(C)cc(-c3cc(C(C)(C)O)c(F)cc3Oc3c(C)cc(F)cc3C)c2o1,6.3706,-50.54963942618019,-92.53962460916388,8.03618,True
L1,Q15059,CCc1nc(C(C)C)c(-c2cc3c(=O)n(C)cc(-c4cc(C(C)(C)O)ccc4Oc4c(C)cc(F)cc4C)c3o2)[nH]1,6.3645,-49.48241415547909,-79.40942999468723,9.10995,True
L1,Q15059,Cc1cc(F)cc(C)c1Oc1ccc(C(C)(C)O)cc1-c1cn(C)c(=O)c2cc(-c3[nH]c(C4CC4)nc3C)oc12,8.0,-79.42900828712645,-124.92969511906269,8.97813,True
L1,Q15059,CCc1nc(C(C)C)[nH]c1-c1cc2c(=O)n(C)cc(-c3cc(C(C)(C)O)c(F)cc3Oc3c(C)cc(F)cc3C)c2o1,6.8633,-27.71526518995801,-65.83309962394972,8.20062,True
L1,Q15059,CCc1nc(C2CCCC2)[nH]c1-c1cc2c(=O)n(C)cc(-c3cc(C(C)(C)O)ccc3Oc3c(C)cc(F)cc3C)c2o1,6.8239,-34.03481263749907,-72.17854196235498,8.24653,True
L1,Q15059,Cc1cc(F)cc(C)c1Oc1ccc(C(C)(C)O)cc1-c1cn(C)c(=O)c2cc(-c3cnc(C4CCCC4)[nH]3)oc12,8.0,-74.24597822487593,-108.60550395264552,9.52717,True
L1,Q15059,Cc1cc(F)cc(C)c1Oc1ccc(CO)cc1-c1cn(C)c(=O)c2cc(-c3cnc(C4CCCC4)[nH]3)oc12,8.0555,-64.62557436966927,-104.63273503977469,8.37665,True
L1,Q15059,CCc1nc(C)c(-c2cc3c(=O)n(C)cc(-c4cc(C(C)(C)O)c(F)cc4Oc4c(C)cc(F)cc4C)c3o2)[nH]1,7.9208,-73.21722356659295,-113.74515049756954,9.36683,True
L1,Q15059,CCc1nc(C(C)C)[nH]c1-c1cc2c(=O)n(C)cc(-c3cc(C(C)(C)O)ccc3Oc3c(C)cc(F)cc3C)c2o1,6.9136,-56.98813754375259,-105.46195836414805,8.94937,True
L1,Q15059,CCc1nc(C2CC2)[nH]c1-c1cc2c(=O)n(C)cc(-c3cc(C(C)(C)O)ccc3Oc3c(C)cc(F)cc3C)c2o1,7.3979,-48.40674983300734,-84.20059587447369,9.16769,True
L1,Q6GI75,Cn1c(C2CC(=O)N(c3cccc(Br)c3Cl)C2)nc2ccccc21,6.4802,-36.63059510071288,-56.13007751058528,8.31623,True
L1,Q6GI75,Cc1c(Br)cccc1N1CC(c2nc3ccccc3n2C)CC1=O,6.7595,-38.18829162300707,-56.8644853428937,8.37366,True
L1,Q6GI75,Cn1c(C2CC(=O)N(c3cccc(F)c3F)C2)nc2ccccc21,6.644,-43.656685301138026,-62.09036053452956,8.44092,True
L1,Q6GI75,Cc1c(O)cccc1N1CC(c2nc3ccccc3n2C)CC1=O,6.1871,-39.8383891675429,-63.5383964245601,8.55052,True
L1,Q6GI75,CCCn1c(C2CC(=O)N(c3cccc(Br)c3C)C2)nc2ccccc21,6.1278,-42.92629251217291,-65.0824559829394,7.98423,True
L1,Q6GI75,CN(Cc1oc2ccccc2c1C)C(=O)\C=C\c1cnc2NC(=O)CCc2c1,7.3768,-42.487416642456765,-63.53472437675917,8.21186,True
L1,Q6GI75,Cc1c(Br)cccc1N1C[C@@H](c2nc3ccccc3n2C)CC1=O,7.0269,-35.10366936813968,-50.5870210497944,8.37849,True
L1,Q6GI75,Cn1c(C2CC(=O)N(c3cccc(Cl)c3Br)C2)nc2ccccc21,6.6383,-35.666730757541785,-57.1142964559862,8.37163,True
L1,Q6GI75,COc1c(Br)cccc1N1CC(c2nc3ccccc3n2C)CC1=O,6.7011,-36.7145406582039,-57.84166791190557,8.24629,True
L1,Q6GI75,Cc1c(Cl)cccc1N1CC(c2nc3ccccc3n2C)CC1=O,6.3675,-35.644403907578905,-55.79546821018992,8.48952,True
L1,Q86WV6,O=C(Nc1ccc(OCCCC(F)(F)F)cc1)c1ccc([N+](=O)[O-])o1,6.1079,-41.60489974379516,-87.52806541973821,8.1673,True
L1,Q86WV6,N#Cc1ccc(NC(=O)Nc2c[nH]c3ccc(F)cc23)cc1,6.4815,-48.5044799685469,-77.82914098702416,8.64632,True
L1,Q86WV6,O=C(Nc1ccc(C(F)(F)F)cc1)Nc1c[nH]c2cc(F)c(Cl)cc12,6.4949,-58.3048455523414,-84.22044164194182,8.8506,True
L1,Q86WV6,O=C(Nc1ccc(C(F)(F)F)cc1)Nc1c[nH]c2ccc(Br)cc12,7.1739,-68.22286108782453,-101.21550223966064,8.54579,True
L1,Q86WV6,O=C(Nc1ccc(C(F)(F)F)cc1)Nc1c[nH]c2cc(F)c(F)cc12,6.567,-55.05408857873291,-81.93952608524067,9.29276,True
L1,Q86WV6,O=C(Nc1ccc(C(F)(F)F)cc1)Nc1c[nH]c2ccc(F)cc12,7.0655,-56.9672648351556,-83.96763138579341,8.87694,True
L1,Q86WV6,O=C(Nc1ccc(C(F)(F)F)cc1F)Nc1c[nH]c2ccc(Cl)cc12,6.5607,-64.92189445496814,-101.31618740782716,8.80199,True
L1,Q86WV6,O=C(Nc1cccc(C(F)(F)F)c1)Nc1c[nH]c2ccc(Cl)cc12,7.0269,-67.05378020163745,-99.98108484658532,8.71282,True
L1,Q86WV6,Cn1cnc2n(cc(F)c2c1=O)[C@@H]1O[C@@H]2COP(O)(=O)O[C@@H]3[C@@H](COP(O)(=O)O[C@@H]1[C@@H]2O)O[C@H]([C@@H]3F)n1cnc2c(N)ncnc12 |r|,7.0809,-3.2702049075232225,-61.60983518527928,7.4134,True
L1,Q86WV6,Cn1cnc2c(c(F)cn2[C@@H]2O[C@@H]3COP(=O)(S)O[C@H]4[C@@H](O)[C@H](n5cnc6c(N)ncnc65)O[C@@H]4COP(=O)(O)O[C@@H]2[C@@H]3O)c1=O,6.7696,8.622839066802317,-48.49635678618628,7.03244,True
L1,Q86X55,N=C(N)NCCC[C@H](N)C(=O)NCC(=O)N[C@@H](CCNC(=N)NCCCSC[C@H]1O[C@@H](n2cnc3c(N)ncnc32)[C@H](O)[C@@H]1O)C(N)=O,8.5528,-61.47294066919915,-150.58910537704193,7.44335,True
L1,Q86X55,N=C(N)NCCC[C@H](N)C(=O)NCC(=O)N[C@@H](CCCN)C(=O)N[C@@H](CCCNC(=N)NCCCSC[C@H]1O[C@@H](n2cnc3c(N)ncnc32)[C@H](O)[C@@H]1O)C(=O)O,8.5528,-57.14955876790916,-145.36518552677984,7.1554,True
L1,Q86X55,C[C@@H]1CCCC[C@@H]1Oc1ccccc1CN(C)CCN,6.4157,-147.10476589139228,-262.6351779448882,7.6959,True
L1,Q86X55,CN(CCN)Cc1ccccc1OC1CCC(C)(C)CC1,7.3188,-92.97973687459996,-116.5707165417991,8.15012,True
L1,Q86X55,c1ccc(cc1)CC2CCN(CC2)CCN,6.0,-75.23150595811103,-99.54811126508542,7.24154,True
L1,Q86X55,CN(CCN)Cc1ccccc1OCc1ccc(Cl)c(Cl)c1,7.3372,-76.79921535574327,-102.26139658129762,7.95424,True
L1,Q86X55,CC(C)Oc1ccc(-c2c[nH]cc2CNCCN)cc1,7.0809,-90.69394511828278,-123.08328041157996,7.70523,True
L1,Q86X55,N[C@@H](CCSC[C@H]1O[C@H]([C@H](O)[C@@H]1O)n1cnc2c(N)ncnc12)C(O)=O,7.5229,-39.16886354016645,-74.2396197012034,8.14554,True
L1,Q86X55,CNCC(O)CN1CCc2c(C1)cccc2OCc1ccc(cc1)-c1nccs1,7.6778,-98.60878879404396,-138.03116016432278,8.46408,True
L1,Q86X55,C[C@H]1CCCC[C@@H]1Oc1ccccc1CN(C)CCN,7.1938,-81.5259876111348,-104.52328445598616,7.64605,True
L1,Q8N1Q1,CC(=O)Nc1nnc(s1)S(=O)(=O)N,7.7696,-10.998093429408224,-41.72092903292597,5.46897,True
L1,Q8N1Q1,NS(=O)(=O)c1ccc(CCN2CCC(Nc3ccccc3)CC2)cc1,7.1938,-54.929126620395465,-170.1774999116373,6.21668,True
L1,Q8N1Q1,Cc1ccc(NC2CCN(CCc3ccc(S(N)(=O)=O)cc3)CC2)cc1,6.1481,-87.34955578894755,-151.08349425023744,5.91851,True
L1,Q8N1Q1,CCC(=O)N(c1ccccc1)C2CCN(CC2)CCc3ccc(cc3)S(=O)(=O)N,7.0555,-104.54844621492543,-170.30652756762996,6.39703,True
L1,Q8N1Q1,NS(=O)(=O)c1ccc(CCN2CCC(N(C(=O)CCl)c3ccccc3)CC2)cc1,6.1669,-51.66846372864123,-93.45943953380043,5.7296,True
L1,Q8N1Q1,CCCCCCCCCCC(=O)N(c1ccccc1)C1CCN(CCc2ccc(S(N)(=O)=O)cc2)CC1,6.1746,-56.3121136134105,-112.21790732484295,5.69921,True
L1,Q8N1Q1,CCC(=O)N(c1ccc(C)cc1)C1CCN(CCc2ccc(S(N)(=O)=O)cc2)CC1,6.1701,-46.105620121835145,-102.78063087656612,6.4829,True
L1,Q8N1Q1,C=CCN1CCCC1CNC(=O)c1cc(S(N)(=O)=O)cc(OC)c1OC,7.0362,-32.05807000853962,-65.02652948058808,5.45244,True
L1,Q8N1Q1,N=C(N)c1ccc2nc(-c3cc(CC(=O)N[C@@H](CC(=O)O)C(=O)O)cc(-c4cc(S(N)(=O)=O)ccc4O)c3O)[nH]c2c1,6.341,0.5911984688343814,-62.311198257816336,6.61274,True
L1,Q8N1Q1,CCCCCCCCCCCCCC(=O)N(c1ccccc1)C1CCN(CCc2ccc(S(N)(=O)=O)cc2)CC1,7.0132,-26.44519656075845,-74.18593545336067,5.49933,True
L1,Q92793,CC(=O)Oc1ccc(CCc2nc3cc(-c4c(C)noc4C)ccc3n2CCN2CCOCC2)cc1,6.7696,-29.1593648264156,-54.02955831343316,7.78687,True
L1,Q92793,Cc1noc(C)c1-c1ccc2n(CCN3CCOCC3)c(CCc3ccc(O)cc3)nc2c1,6.5229,-40.275572986879496,-68.60775721011818,7.95786,True
L1,Q92793,COC(=O)CCCOc1ccc(CCc2nc3cc(-c4c(C)noc4C)ccc3n2CCN2CCOCC2)cc1,6.301,-41.84520409328684,-81.40215056869496,7.21118,False
L1,Q92793,CC(=O)c1cc(C(=O)Nc2cc(CO)cc(-c3cnn(C)c3)c2F)c2cc(O)ccn12,8.2218,-34.50407490014685,-72.30503994155282,7.08026,True
L1,Q92793,C[C@@H](C(F)(F)F)N(Cc1ccc(cc1)F)C(=O)CN2C(=O)[C@]3(CCc4c3ccc(c4)NC(=O)NC)OC2=O,8.585,-32.563201570747296,-65.2908782965496,7.0886,True
L1,Q92793,COCCNC(=O)CCCOc1ccc(CCc2nc3cc(-c4c(C)noc4C)ccc3n2CCN2CCOCC2)cc1,6.4815,-64.3665088911173,-116.60956663667648,6.52842,True
L1,Q92793,COc1ccc(CCc2nc3cc(ccc3n2CCN2CCOCC2)-c2c(C)noc2C)cc1,6.1871,-38.35916913992823,-66.51447003351917,7.64581,True
L1,Q92793,CNC(=O)Nc1ccc2c(c1)CCC21OC(=O)N(CC(=O)N(Cc2ccc(F)cc2)[C@@H](C)C(F)(F)F)C1=O,8.585,-89.86345166793848,-145.54833321318634,7.88081,True
L1,Q92793,CN(C)CCCOc1ccc(CCc2nc3cc(ccc3n2CCN2CCOCC2)-c2c(C)noc2C)cc1,6.9208,-132.0367451758045,-388.47804904113207,7.11272,False
L1,Q92793,CNC(=O)Nc1ccc2c(CC[C@@]22OC(=O)N(CC(=O)N3Cc4cc(F)ccc4OC[C@H]3C3CC3)C2=O)c1 |r|,7.9586,-17.39005404467946,-50.22257035549046,7.30235,True
L1,Q96MU7,CNc1c2c(nc(n1)Cl)n(cn2)Cc3cccc(c3)C(=O)OC,6.0,-25.447209742658806,-50.59724650728379,7.27568,True
L1,Q96MU7,CNc1nc(Cl)nc2c1ncn2Cc1cc(Cl)cc(C(=O)O)c1,6.7447,-24.624331315090583,-53.07371678453208,7.25032,True
L1,Q96MU7,CNc1nc(Cl)nc2c1ncn2Cc1ccc(C(=O)OC)cc1,6.0132,-30.63447673044942,-55.71028759156129,7.09264,True
L1,Q96MU7,CNc1c2c(nc(n1)Cl)n(cn2)Cc3ccc(cc3)C(=O)O,6.0605,-34.23516612244089,-61.2700293869372,7.25249,True
L1,Q96MU7,CNc1nc(Cl)nc2c1ncn2Cc1cc(Cl)cc(C(=O)OC)c1,6.0,-36.99955948715799,-60.4739772220798,6.91076,True
L1,Q96MU7,CNc1nc(Cl)nc2c1ncn2Cc1cccc(C(=O)O)c1,6.2924,-25.701072616971068,-54.62017552653213,7.45516,True
L1,Q96MU7,CNc1nc(Cl)nc2c1ncn2Cc1ccc(OC)c(Cl)c1,6.2291,-33.5847272729493,-55.591785373237045,6.91092,True
L1,Q96MU7,CNc1c2c(nc(n1)Cl)n(cn2)Cc3cc(ccc3NS(=O)(=O)C)Cl,6.3468,-24.88464755634081,-59.33519563969363,7.3964,True
L1,Q96MU7,CNc1c2c(nc(n1)Cl)n(cn2)Cc3cccc(c3)C(=O)NC,6.0,-37.73762079058278,-69.69665423928826,7.42998,True
L1,Q96MU7,CNc1c2c(nc(n1)Cl)n(cn2)Cc3ccccc3NS(=O)(=O)C,6.3372,-21.635644873407056,-51.987621943665125,7.31887,True
L1,Q9UBN7,C[C@H](\C=C(/C)\C=C\C(=O)NO)C(=O)c1ccc(cc1)N(C)C |r|,8.3279,-46.15721513567006,-67.68249396876402,7.23786,True
L1,Q9UBN7,CC[C@@H](Nc1ncc(C(=O)NO)cc1F)c1ccccc1,8.7423,-32.87804247404594,-48.147798396477775,7.36719,True
L1,Q9UBN7,CC(=O)SCC(=O)NCCCCCOc1cc2nccc(Oc3ccc(NC(=O)NC4CC4)c(Cl)c3)c2cc1C(N)=O,8.0487,-52.96198085310209,-237.09600673752757,7.54245,False
L1,Q9UBN7,O=C(CCCCCONC(=O)c1nc(-c2ccsc2)cs1)NO,7.3098,-29.38174061815839,-159.879787487248,6.30757,True
L1,Q9UBN7,O=C(CCCCCC(=O)N1CCc2c([nH]c3ccccc23)C1)NO,7.7696,-40.77187716163009,-74.32046305715814,7.05676,True
L1,Q9UBN7,COc1ccc(-c2ccc3cc(OCCCCCCC(=O)NO)ccc3n2)cc1,6.301,-44.57933632453259,-75.88514304554171,7.50119,True
L1,Q9UBN7,CC(C)(C)CC(C)(C)NC(=O)CN(Cc1ccc(C(=O)NO)cc1)C(=O)c1c[nH]c2ccccc12,7.6198,-61.74541077848494,-100.11160725088448,6.67775,True
L1,Q9UBN7,O=C(NO)c1ccc(Cn2c3c(c4ccccc42)C(=O)CCC3)cc1,7.7959,-35.00508270114006,-58.14627427864559,7.5497,True
L1,Q9UBN7,CC[C@@]1(O)C(=O)OCc2c1cc1n(c2=O)Cc2c-1nc1ccccc1c2/C=NOCCCCCCC(=O)NO,8.284,-40.61371405854421,-77.34866151433476,6.59647,True
L1,Q9UBN7,COc1cc(Cn2cc3ccc(C(=O)NO)cc3n2)cc(OC)c1,8.4202,-50.88663354875497,-95.1197542172536,7.77934,True
L2,O14757,N#Cc1cnc(Nc2cn(-c3ccc(OCCN)cc3)cn2)cn1,7.5528,-36.510116084760085,-63.06788910650818,6.31363,True
L2,O14757,Cn1cc(-c2ccc(F)c(-c3cnc(N)c(C(=O)NC4CCC5(CC5)NC4)n3)c2)cn1,7.2596,-53.69806692318181,-86.5342641890485,8.37262,True
L2,O14757,COc1cncc(OC[C@@H](F)CN)c1-c1cc(Nc2cnc(C#N)cn2)n[nH]1,9.2218,-35.133323128566055,-73.50956276934244,6.30462,True
L2,O14757,COc1ccnc(OCC2(CN)CC2)c1-c1cc(Nc2cnc(C#N)cn2)n[nH]1,9.4949,-22.490732653825354,-59.316166167136,6.61757,True
L2,O14757,CN1CC2(CCN(c3nc(Nc4cn(C(F)F)cn4)cnc3C#N)C2)C1,7.8539,-28.73154715278443,-53.23327235958585,6.89433,True
L2,O14757,N#Cc1cnc(Nc2cn(-c3ccc(N4CCN(CCF)CC4)cc3)cn2)cn1,7.3979,-43.02789501541362,-78.27149713652166,6.28539,True
L2,O14757,Nc3ncc(c2nccc(c1cnn(CC(F)(F)F)c1)n2)nc3C(=O)N[C@H]4CCCNC4,6.2596,-70.69531910725482,-121.6026221081724,7.42794,True
L2,O14757,Cc1cc(N2CCN(C)CC2)ccc1-n1cnc(Nc2cnc(C#N)cn2)c1,6.3335,-35.030478002840944,-66.06653410356284,7.25027,True
L2,O14757,N#Cc1cnc(Nc2cc(-c3c(OCC4(F)CNC4)cnc4cccnc34)[nH]n2)cn1,9.2218,-30.64109843580255,-61.49342532609021,7.54191,True
L2,O14757,N#Cc1ncc(Nc2ncc3c(n2)CCC(=O)N3)cc1N[C@@H]1CCNC1,7.3768,-31.22889861777448,-65.46166001230608,7.09079,True
L2,O43318,Cc1ccc(C(=O)Nc2cc(N3CCN(C)CC3)cc(C(F)(F)F)c2)cc1Oc1ncnc2[nH]ccc12,6.3325,-100.5474781559872,-137.40756310091228,7.37055,False
L2,O43318,CCN1CCN(Cc2ccc(NC(=O)c3ccc(OC)c(Oc4ncnc5[nH]ccc45)c3)cc2C(F)(F)F)CC1,6.5346,-80.25493908164523,-122.60311099379024,7.32091,False
L2,O43318,CCN1CCN(CC1)Cc2ccc(cc2C(F)(F)F)NC(=O)c3ccc(c(c3)Oc4c5cc(c(cc5ncn4)OC)OC)C,6.8894,-179.03504264382607,-240.40006408568664,6.53327,False
L2,O43318,CCN1CCN(Cc2ccc(NC(=O)c3ccc(C)c(OCc4cnc5[nH]ccc5c4OC)c3)cc2C(F)(F)F)CC1,6.8239,-86.14570377434703,-119.72719753487333,7.72214,True
L2,O43318,CCN1CCN(Cc2ccc(NC(=O)c3ccc(C)c(Oc4ncnc5[nH]ncc45)c3)cc2C(F)(F)F)CC1,7.1192,-79.74650167043795,-110.36263285780863,7.5802,True
L2,O43318,CCN1CCN(Cc2ccc(NC(=O)c3cccc(Oc4ccnc5[nH]ccc45)c3)cc2C(F)(F)F)CC1,6.9245,-89.3636742687899,-119.93863605419286,8.04596,False
L2,O43318,CCN1CCN(Cc2ccc(NC(=O)c3ccc(C)c(Oc4ccnc(NC)n4)c3)cc2C(F)(F)F)CC1,6.7825,-148.63603827317928,-263.43871484346124,10.18315,True
L2,O43318,CN(C)Cc1nc(Nc2ccc(c3CNC(=O)c23)-c2cnc3cc(F)ccn23)ccc1C1CCOCC1,6.0,-88.3272997199618,-134.38693058873184,9.99142,True
L2,O43318,CCN1CCN(Cc2ccc(NC(=O)c3ccc(C)c(CCc4cnc5[nH]ccc5c4OC)c3)cc2C(F)(F)F)CC1,6.6635,-96.15277158398558,-136.04611939075383,8.08365,True
L2,O43318,CCN1CCN(Cc2ccc(NC(=O)c3ccc(C)c(Oc4ncnc5[nH]ccc45)c3)cc2C(F)(F)F)CC1,7.3468,-217.0024871508822,-328.1381263563708,6.13889,True
L2,O75460,CC(C)n1c(=O)c(-c2ccc(NS(=O)(=O)CC3CC(F)(F)C3)c(F)c2)nc2cnc(N[C@H]3CC[C@H](N(C)CCF)CC3)nc21,9.5376,-105.42395073769956,-261.7230612391513,9.31291,True
L2,O75460,CC(C)n1c(=O)c(-c2ccc(NS(=O)(=O)CCC(F)F)c(F)c2)nc2cnc(N[C@@H]3CNC[C@H](CF)C3)nc21,9.0,-80.18057783497451,-132.73025114644352,9.44712,True
L2,O75460,CCCS(=O)(=O)Nc1c(F)cc(-c2nc3cnc(N[C@H]4CC[C@H](N(C)C)CC4)nc3n(C(C)C)c2=O)cc1F,10.0,-80.81636764481365,-147.7241982732205,9.20146,True
L2,O75460,O=c1c(-c2ccc(NS(=O)(=O)Cc3ccccc3)c(F)c2F)cc2cnc(N[C@@H]3CNC[C@@H](F)C3)nc2n1C1CC1,8.9586,-85.92807123565638,-138.80225027763265,11.90853,False
L2,O75460,Cc1ccc2c(NS(=O)(=O)CCC(F)(F)F)cccc2c1Oc1ncccc1-c1ccnc(N[C@H]2CCCNC2)n1,7.0757,-26.37711843738272,-65.10585926716918,6.75467,True
L2,O75460,CC(C)n1c(=O)c(-c2ccc(NS(=O)(=O)CC3CCCCC3)nc2)cc2cnc(N[C@H]3CC[C@H](N(C)C)CC3)nc21,9.7447,-110.14591293416012,-268.5533545907456,9.91985,True
L2,O75460,CC(C)n1c(=O)c(-c2ccc(NS(=O)(=O)N3CCCC3)c(F)c2)nc2cnc(N[C@@H]3CNC[C@@H](F)C3)nc21,9.0132,-71.32586387853922,-133.77320401394746,10.4061,True
L2,O75460,CC(C)n1c(=O)c(-c2ccc(NS(=O)(=O)Cc3ccccc3)c(F)c2)nc2cnc(N[C@@H]3CNC[C@H](CF)C3)nc21,9.6198,-83.23109616533914,-133.67776350865932,10.26332,True
L2,O75460,O=S(=O)(Cc1ccccc1)Nc1c(F)cc(Oc2ncccc2-c2ccnc(N[C@@H]3CNC[C@@H](CF)C3)n2)c(F)c1F,6.2676,-86.40525999915405,-126.0341583112115,11.32057,True
L2,O75460,CC(C)n1c(=O)c(-c2cc(F)c(NC(=O)C3CC3)c(F)c2F)cc2cnc(N[C@H]3CC[C@H](N(C)C)CC3)nc21,8.8539,-68.68975994780223,-118.65924819285983,9.67017,True
L2,O95819,Cc1cc(F)cc(Nc2ncc(Nc3ccc(SC(F)(F)F)cc3)cc2C(N)=O)c1,6.3872,-80.12236569730993,-117.458905488478,9.51767,True
L2,O95819,CC(C)(O)Cn1cc(-c2cc(C(C)(C)O)c3nc(Nc4ccc5c(c4)C(C)(C)OC5=O)ncc3c2)cn1,7.0,-93.6998644274184,-150.12453542210685,9.25708,True
L2,O95819,Cc1cc(F)cc(Nc2ncc(Nc3ccccc3C)cc2C(N)=O)c1,6.0132,-63.93184441168677,-85.1116886048948,7.36866,True
L2,O95819,Cc1nocc1Nc1nccc(-c2cccc(-c3cc([C@]4(O)CCN(C)C4=O)on3)n2)n1,7.301,-61.5896087002676,-93.668730804463,9.31504,True
L2,O95819,COC(C)CCOC(=O)Nc1cc2cc(-c3cnc4c(c3C)NCCO4)c(F)cc2cn1,8.8239,-50.16020554043741,-75.63894390986766,8.21828,True
L2,O95819,Cc1c(-c2cc3cc(NC(=O)NCC4CC4)ncc3cc2F)cnc2c1NCCO2,9.301,-85.10542531014742,-119.73406229662712,10.09224,True
L2,O95819,Cc1cc(F)cc(Nc2ncc(Nc3ccc(C#N)cc3)cc2C(N)=O)c1,6.3565,-52.03734012711757,-89.36482684304195,8.15946,True
L2,O95819,CC[C@H]1[C@H](C(=O)Nc2cc3cc(-c4cnc5c(c4C)NCCO5)c(F)cc3cn2)[C@H]1c1cnn(C)c1,8.0969,-80.41948568316374,-119.51069500267118,10.41614,False
L2,O95819,NC(=O)Nc1cc(-c2cccc(F)c2)sc1C(=O)NCc1ccccc1,6.0506,-50.31508793170219,-82.28292110162425,8.10815,True
L2,O95819,Cc1c(-c2cc3cc(NC(=O)NC4CNC4)ncc3cc2F)cnc2c1NCCO2,9.1192,-89.9034075904446,-133.9458860115032,9.80953,True
L2,P05177,Cc1cc(C2(C#N)CC2)ccc1-c1ccc2nnc(C(F)(F)F)n2n1,7.1871,-21.384429457729095,-48.77614073645849,9.82555,True
L2,P05177,O=C(Nc1cc(Cl)cc(Cl)c1)c1nc(-c2cncc(Cl)c2)cs1,8.0132,-32.495870827732944,-41.70714274688389,8.47402,True
L2,P05177,Fc1cc(-c2cn3c(C(F)(F)F)nnc3cn2)cnc1OC1CC(F)(F)C1,7.699,-18.94703782451013,-38.08534589068133,9.19171,True
L2,P05177,FC(F)(F)Oc1ccc(-c2ccc3nnc([C@@H]4CC4(F)F)n3n2)cc1,7.699,-28.522309680017774,-49.28939825665261,9.68717,True
L2,P05177,Fc1cc(OC(F)(F)F)ccc1-c1cn2c(nnc2cn1)C(F)(F)F,7.699,-17.09921980950613,-32.82959080200071,9.48089,True
L2,P05177,FC(F)c1nnc2cnc(cn12)-c1ccc(OC(F)(F)F)cc1F,7.699,-16.613057920366664,-35.24714276766861,9.13341,True
L2,P05177,O=C(c1c(F)cc(Br)cc1F)n1c(-c2cccc3ccccc23)nc2cc(Cl)ccc21,6.5229,-10.95262807607947,-28.156240756495265,6.13877,True
L2,P05177,Fc1cc(ccc1-c1cn2c(nnc2cn1)C(F)(F)F)C(F)(F)F,8.0,-16.893259869908988,-35.55565866185482,10.33038,True
L2,P05177,O=C(c1ccc(F)cc1)n1c(-c2cccc3ccccc23)nc2ccc(Cl)cc21,6.3979,-8.119333983256828,-25.04670494270113,6.03136,True
L2,P05177,O=C(c1ccccc1)n1c(-c2cccc3ccccc23)nc2cc(OC(F)(F)F)ccc21,6.0969,-12.085999684731,-26.144521915061908,7.271,True
L2,P06730,N[C@H]1C[C@@H](Oc2nc(-n3cnc4ccccc43)ncc2Cl)C1,7.585,-112.40963649084,-139.97560592931566,8.43109,True
L2,P06730,O=C(N1CCOCC1)c1ccc(cc1)-c1ccc2ncc(-c3ccc(cc3)C#N)n2c1,6.1898,-84.630203954047,-136.51386649205952,10.04486,True
L2,P06730,O=C(c1ccc(-c2ccc3ncc(-c4cc5ccccc5o4)n3n2)cc1)N1CCC(N2CCCCC2)CC1,7.041,-56.01792904321618,-82.08048111131995,10.24229,True
L2,P06730,CC(=O)N1CCN(C(=O)c2ccc(-c3ccc4ncc(-c5cc6ccccc6o5)n4c3)cc2)CC1,6.9136,-48.19233721561108,-77.87194184607898,10.49046,True
L2,P06730,O=C(c1ccc(-c2ccc3ncc(-c4cc5ccccc5o4)n3c2)cc1)N1CCNCC1,6.4389,-50.537880150881165,-76.22814764424685,10.33334,True
L2,P06730,O=C(c1ccc(-c2ccc3ncc(-c4cc5ccccc5o4)n3n2)cc1)N1CCC(N2CCOCC2)CC1,6.4001,-53.000462523559904,-86.74885446260696,10.45081,True
L2,P06730,CN(C)C1CCN(C(=O)c2ccc(-c3ccc4ncc(-c5cc6ccccc6o5)n4c3)cc2)CC1,6.8894,-57.85825303653978,-84.99458018674483,10.13848,True
L2,P06730,N[C@@H]1CCCN(C(=O)c2ccc(-c3ccc4ncc(-c5cc6ccccc6o5)n4n3)cc2)C1,6.2097,-47.59729905494947,-75.48793826514013,10.61979,True
L2,P06730,O=C(c1ccc(-c2ccc3ncc(-c4cc5ccccc5o4)n3n2)cc1)N1CCOCC1,6.5702,-46.35176904322017,-75.84259395441813,10.52511,True
L2,P06730,NC1CCN(C(=O)c2ccc(-c3ccc4ncc(-c5cc6ccccc6o5)n4c3)cc2)CC1,6.8356,-51.93255800683433,-80.25099987232646,10.40452,True
L2,P08254,O=C1NC(=O)C(c2ccncc2Sc2ccc(OCc3cccc(CO)c3)cc2)N1,6.2596,-75.61511813486233,-111.0397156661332,8.96446,False
L2,P08254,Cc1cc(COc2ccc(Sc3cnn(C)c3C3NC(=O)NC3=O)cc2)ccn1,6.0,-81.03199654305274,-259.4171093912795,8.59298,True
L2,P08254,Cc1cc(COc2ccc(Sc3ccncc3C3NC(=O)NC3=O)cc2)ccn1,6.0,-67.71264109746181,-102.10522508670064,8.37047,True
L2,P08254,O=C1NC(=O)C(c2cnccc2Sc2ccc(OCc3cccc(CO)c3)cc2)N1,6.0,-76.25546653193015,-112.699909307131,8.70635,False
L2,P08254,O=C1NC(=O)C(c2ccncc2Sc2ccc(OCc3ccccc3CO)cc2)N1,6.2596,-68.31780823876763,-103.68201000468744,8.73232,True
L2,P08254,CCC1(c2cnccc2Sc2ccc(OCc3cccc(C)c3)cc2)NC(=O)NC1=O,6.2596,-68.94501326125209,-100.91412419189892,8.84211,True
L2,P08254,O=C1NC(=O)C(c2cnccc2Sc2ccc(OCc3cccc(O)c3)cc2)N1,6.0,-64.50292991772598,-96.40710271078372,8.63466,False
L2,P08254,NC(=O)c1cccc(COc2ccc(Sc3ccncc3C3NC(=O)NC3=O)cc2)c1,6.0,-76.43942925433704,-111.37622605203023,8.96369,True
L2,P08254,Cc1cc(COc2ccc(Sc3ccsc3C3NC(=O)NC3=O)cc2)ccn1,6.2596,-65.06730651552138,-91.25210767335813,8.52027,True
L2,P08254,O=C1NC(=O)C(c2sccc2Sc2ccc(OCc3ccccc3CO)cc2)N1,6.0,-71.38901610789975,-99.7665891236708,8.71069,True
L2,P18825,FC1CN(CCC1N1CCCC2(CC2(F)F)C1)c1ncc(s1)C(=O)NCc1ncc(F)cc1F,9.1308,-48.51240595839973,-74.38809392498436,8.65236,True
L2,P18825,C[C@@H]1CCCN(C1)C1CCN(CC1)c1ncc(s1)C(=O)NCc1ccncc1F |r|,6.3979,-85.42068003782592,-198.12000323261037,8.23316,True
L2,P18825,C[C@@H]1CCCN(C1)C1CCN(CC1)c1ncc(s1)C(=O)NCc1ccc(cc1)C(F)(F)F |r|,6.1938,-49.89699914070079,-80.19095480631621,8.70991,True
L2,P18825,C[C@@H]1CCCN(C1)C1CCN(CC1)c1ncc(s1)C(=O)NCc1cc(Cl)ccc1F |r|,8.1427,-46.67491727649098,-69.84261673417508,8.21153,True
L2,P18825,CC1(C)CCCN(C1)C1CCN(CC1)c1ncc(s1)C(=O)NCc1ncc(F)cc1F,6.2441,-58.57016652544835,-82.64601551548715,8.62117,True
L2,P18825,CC(NC(=O)C1(N2CCC(N3CCC[C@H](C)C3)CC2)NC=CS1)c1cc(F)ccc1F,7.6021,-88.09835157237774,-132.75000418527293,8.40079,False
L2,P18825,C[C@@H]1CCCN(C1)C1CCN(CC1)c1ncc(s1)C(=O)NCc1cc(F)ccc1F |r|,7.6536,-104.97207518566704,-218.6452686119507,8.26419,True
L2,P18825,Fc1cnc(CNC(=O)c2cnc(s2)N2CCC(CC2)N2CCCC(C2)OCC(F)(F)F)c(F)c1,6.1938,-55.23387266785341,-85.98557565273937,8.07405,False
L2,P18825,C[C@@H]1CCCN(C1)C1CCN(CC1)c1ncc(s1)C(=O)N(C)Cc1ccccc1 |r|,7.0706,-63.61936108614498,-87.54738218186209,8.44598,True
L2,P18825,Cc1ccc([C@@H](C)NC(=O)c2cnc(N3CCC(N4CCC[C@@H](C)C4)CC3)s2)cc1,6.0969,-80.23050593527277,-92.4922656576859,8.61787,True
L2,P31153,Cc1cc(-c2c(C#N)ncc3[nH]nc(C4CC4)c23)c(F)cc1S(C)(=O)=O,7.7696,-24.438363401036074,-63.37751961124731,9.53204,True
L2,P31153,CCn1cc2c(n1)c(=O)n(-c1cccc(F)c1)c1cc(Cl)ccc21,6.9066,-40.39130085973751,-61.99592693762519,8.04551,True
L2,P31153,CCOc1c(-c2ccc(C#N)cc2)c(=O)n(-c2ccc3nn(C)cc3c2)c2[nH]ncc12,7.7959,-14.23810510625015,-46.42164459159543,5.15575,True
L2,P31153,COc1ccc(-c2nc3cnc(NCC(F)(F)F)nc3n(-c3cccc(OC(F)F)c3)c2=O)cc1,6.0,-47.119945399057706,-73.27017156308813,6.7663,True
L2,P31153,COC(=O)c1c(N)c2ccc(C(F)(F)F)cc2n(-c2ccc(OC)cc2F)c1=O,8.0022,-43.61961486415064,-88.5825162328998,9.11466,True
L2,P31153,COC(=O)c1c(N)c2ccc(C(F)(F)F)cc2n(-c2ccc([C@@H](C)O)cc2)c1=O,9.1079,-54.62412098627339,-89.00514875605751,9.27124,True
L2,P31153,O=c1c(-c2ccc3c(c2)CCO3)nc2cnc(NCC(F)(F)F)nc2n1-c1ccc(OC(F)F)cc1,7.0506,-30.017393035482563,-64.27646668473697,5.50274,True
L2,P31153,Cc1cc(-c2c(S(=O)(=O)C3COC3)ccc3[nH]nc(OC(F)F)c23)ccc1S(C)(=O)=O,7.8861,7.717105169220007,-28.70427301337451,4.73834,True
L2,P31153,O=c1c2nn(C(F)F)cc2c2cc(F)c(Cl)cc2n1-c1cccnc1C1CC1,7.7696,-57.34989075842449,-82.99550857591366,9.63917,True
L2,P31153,CCNc1c(-c2ccc(OC)cc2)c(=O)n(-c2ccc3nn(C)cc3c2)c2[nH]ncc12,7.757,-28.282826369126727,-64.74153835151591,5.42005,True
L2,P31645,CCN1CC[C@@]2(c3ccc(OC)c(OC)c3)CCC(=O)C[C@@H]12,7.301,-66.78410715474458,-88.67650482420204,6.84397,True
L2,P31645,CSc1cc([C@@]23CCC(=O)C[C@@H]2N(C)CC3)ccc1OC(C)C,6.5229,-99.8403647818277,-216.0679869087396,7.13517,True
L2,P31645,COc3ccc([C@@]12CC/C(=N\O)C[C@@H]1N(C)CC2)cc3OC,7.301,-49.98666296094584,-75.11695001136819,7.13125,True
L2,P31645,COc1cc([C@@]23CCC(=O)C[C@@H]2N(C)CC3)ccc1OCC1CC1,6.0458,-57.41807768197121,-82.60051164803212,7.03564,True
L2,P31645,COc1ccc([C@@]23CCC(=O)C[C@@H]2N(C)CC3)cc1OCC(F)(F)F,7.0,-54.3929098213081,-74.40849327649431,7.0575,True
L2,P31645,CCCCOc1cc([C@@]23CCC(=O)C[C@@H]2N(C)CC3)ccc1OCC1CC1,6.0969,-72.88420677374968,-96.93430975158893,7.74652,False
L2,P31645,COc1ccc([C@@]23CC[C@H](C4CCCC(=O)C4)C[C@@H]2N(C)CC3)cc1OC,7.301,-88.88036652530371,-111.14673333093238,8.52764,True
L2,P31645,NC(=O)c1cc2cccc(N3CCN(CCc4ccc5ccc(=O)[nH]c5c4)CC3)c2s1,7.3188,-110.7446359695628,-159.05575815290055,10.21244,True
L2,P31645,COc1ccc([C@@]23CCC(=O)C[C@@H]2N(C)CC3)cc1OC1CCCC1,6.0969,-79.32746891756582,-96.24433139956086,7.59577,True
L2,P31645,COc1ccc([C@@]23CCC(=O)C[C@@H]2N(C)CC3)cc1OC,8.8539,-56.65343493216008,-70.97045279200981,7.27072,True
L2,P36897,CCOC(=O)/C=C/c1c(-c2c(-c3cccc(C)n3)nn3c2CCC3)ccc2ncnn12,6.4895,-95.5387291303112,-153.26025982078292,9.78143,True
L2,P36897,O=C(Cn1cc(-c2ccnc3ccccc23)c(-c2ccccn2)n1)NCc1ccccc1,7.0,-46.37032926629821,-77.18040430332127,9.80266,True
L2,P36897,Cc1cccc(-c2nn3c(c2-c2ccc4ncnn4c2/C=C/C(=O)NO)CCC3)n1,7.3872,-8.426298574490879,-37.913077930260094,5.67188,True
L2,P36897,Cc1cccc(-c2nn(C(C)C)cc2-c2ccnc(-c3nc4c([nH]3)CN(C(=O)N3CCN(C)CC3)C4)c2)n1,8.1249,-58.19355535563441,-96.43035337930024,10.67946,True
L2,P36897,Cc1cc(-c2cc3cnccc3s2)n(n1)-c1cccc(C)n1,7.0264,-41.43458851226697,-60.05298238277367,8.47706,True
L2,P36897,COc1ccc(F)cc1[C@@H](C)Nc1ccn2ncc(C3=NOC(C)(C)N3)c2n1,7.301,-74.56955355284538,-119.18870047621854,8.15725,True
L2,P36897,O=C(CCN1CCCCC1)Nc1cc(-c2c(-c3cc(Cl)ccc3F)nc3n2CCN3)ccc1F,9.0,-103.52091633424772,-134.04461288246625,9.54172,True
L2,P36897,Cc1ccc(CNC(=O)Cn2cc(-c3ccnc4ccccc34)c(-c3ccccn3)n2)cc1,6.3468,-68.69439140483637,-103.17742884073904,10.15239,True
L2,P36897,Cc1cccc(-c2nc[nH]c2-c2ccnc(-c3nc4c([nH]3)CN(C(=O)N3CCCC3)C4)c2)n1,7.6576,-49.12181283199608,-93.52513241594733,10.19572,True
L2,P36897,Cc1cccc(-c2nc3n(c2-c2ccc4nc[nH]c4c2)CC2CC32)n1,7.9208,-71.27908131980958,-108.52058877445376,9.99918,True
L2,P41143,COc1ccc2c3c1O[C@@H]1[C@]34CCN(CC3CC3)[C@H](C2)[C@]42C=C[C@@]1(OC)C(C(=O)c1ccccc1)C2,6.1113,-70.90977409839479,-99.04703831159208,8.50052,True
L2,P41143,CC(C)C[C@@H](NC(=O)[C@@H](Cc1ccccc1)NC(=O)N(CCN)Cc1ccccc1)C(=O)C[C@H](CCCCN)C(=O)N1CCC(NC(=O)OC2CCS(=O)(=O)CC2)CC1,6.0,-42.63654279090906,-107.47913947400312,6.39914,False
L2,P41143,CC(C)C[C@@H](NC(=O)[C@H](CC(=O)C[C@@H](N)c1ccccc1)Cc1ccccc1)C(=O)C[C@H](CCCCN)C(=O)N1CCC(N)(C(=O)O)CC1,6.0,-83.61388392273808,-149.7101623292618,6.75926,False
L2,P41143,CC(C)C[C@@H](NC(=O)[C@@H](Cc1ccccc1)NC(=O)N(CCN)Cc1ccccc1)C(=O)C[C@H](CCCCN)C(=O)N1CCC2(CC1)NC(=O)NC2=O,6.0,-97.38174384008548,-240.0300595691708,6.41642,False
L2,P41143,CC(C)C[C@@H](NC(=O)[C@H](CC(=O)[C@H](N)Cc1ccccc1)Cc1ccccc1)C(=O)C[C@H](CCCCN)C(=O)N1CCC2(CC1)c1ccccc1CC2N,6.0,-82.20824640344625,-137.17968705213218,7.82461,False
L2,P41143,COc4ccc(CCN3CCC(N(C(=O)C1CC=CO1)c2ccccc2)CC3)cc4,7.3979,-69.32755446236948,-91.89971970685502,7.76288,True
L2,P43166,NS(=O)(=O)c1ccc(C(=O)NCC2(Nc3ccccc3)CCN(CCc3ccccc3)CC2)cc1,7.6383,-59.691717543182925,-101.4014410140481,7.46966,True
L2,P43166,CC(C)(C)OC(=O)N1CCN(Cc2cc(=O)oc3cc(OCc4ccc(S(N)(=O)=O)cc4)ccc23)CC1,7.0223,-45.57460513117101,-95.30501282664407,7.53698,True
L2,P43166,NS(=O)(=O)c1ccc(C2NC(=S)NC(c3ccccc3)=C2C(=O)c2ccccc2)cc1,7.8239,-56.6484937251802,-94.98806621570246,7.59119,True
L2,P43166,Cc1c(C(=O)N/N=C/c2ccc(Cl)c(Cl)c2)nnn1-c1ccc(S(N)(=O)=O)cc1,7.2924,-17.7773539770844,-59.50310359316492,6.56962,True
L2,P43166,CCOC(=O)C1=C(c2ccc(Cl)cc2)NC(=S)NC1c1ccc(S(N)(=O)=O)cc1,7.7447,-27.32994931669201,-61.51141335765287,6.69818,True
L2,P43166,NS(=O)(=O)c1ccc(CCN2CCC(Nc3ccc4ccccc4c3)CC2)cc1,7.3565,-79.83446388832498,-118.3293945738774,7.14276,True
L2,P43166,NS(=O)(=O)c1ccc(CCN2CCC(N(C(=O)c3cc(C(F)(F)F)cc(C(F)(F)F)c3)c3ccccc3)CC2)cc1,7.5528,-51.4489552712419,-111.25272354553525,6.59024,True
L2,P43166,NS(=O)(=O)c1ccc(COc2ccc3c(N4CCOCC4)cc(=O)oc3c2)cc1,8.1024,-78.33110713658147,-152.1475408228685,7.59695,True
L2,P43166,NS(=O)(=O)c1ccc(CCN2CCC(N(C(=O)/C=C/c3ccccc3)c3ccccc3)CC2)cc1,7.5086,-53.03849737136015,-93.00767290022915,6.92407,True
L2,P43166,NS(=O)(=O)c1ccc(C2NC(=O)NC(c3ccccc3)=C2C(=O)c2ccccc2)cc1,7.9208,-62.29833136576971,-107.85656486319532,8.07241,True
L2,P43405,Cc1cc(C)cc(Nc2nccc(-c3cc(C(=O)NCCN)n(C)n3)n2)c1,7.1367,-139.95434602867232,-182.57743305684443,7.60639,True
L2,P43405,Cc1cc2nc(-c3n[nH]cc3Nc3ncnc4c3ccn4C)[nH]c2cc1C,7.6778,-26.90967623029351,-65.49027720504354,8.45843,True
L2,P43405,Cc1ncc(C2CN3C=CNC3C(NC3C=CC(N4CCN(C5COC5)CC4)=C(OCCO)C3)=N2)nc1N,8.0605,-97.67183617232264,-146.48516240483525,6.90394,True
L2,P43405,Cc1cc(C)cc(Nc2nccc(-c3cc(C(=O)NCCN4CCCCC4)n(C)n3)n2)c1,6.618,-66.32395835140183,-95.67045946600818,7.94204,True
L2,P43405,Cc1cc(C)cc(Nc2nccc(-c3cc(C(=O)N[C@@H]4CCCNC4)n(C)n3)n2)c1,7.2291,-33.55179746377003,-60.8868093194986,7.79444,True
L2,P43405,c1cnc2c(NC[C@H]3CCNC3)nc(-c3ccc(N4CCOCC4)cc3)cc2n1,6.7235,-61.512312034749456,-79.55256054884367,7.52742,True
L2,P43405,Cc1cc(C)cc(Nc2nccc(-c3cc(C(=O)NCCN4CCCC4)n(C)n3)n2)c1,7.0605,-59.85788882400975,-84.99346242136616,7.54891,True
L2,P43405,Cc1cc(C)cc(Nc2nccc(-c3cc(C(=O)N[C@@H](C)CN4CC(F)(F)C4)n(C)n3)n2)c1,6.7328,-36.50587546806128,-60.83833549546743,7.32766,True
L2,P43405,COc1cccc(Nc2nccc(-c3cc(C(=O)N[C@@H](C)CN4CCC4)n(C)n3)n2)c1,7.6778,-60.41702208545527,-92.93720458035428,7.08198,True
L2,P43405,Nc1cncc(C2CN3C=CNC3C(Nc3ccc(N4CCO[C@@H](CO)C4)cc3)=N2)n1,7.8761,-98.14353665092938,-135.97394004506774,8.19567,True
L2,P56817,[2H]C([2H])([2H])OC[C@]12C[C@H]1[C@@](C)(c1cc(NC(=O)c3cnc(OCC#C)cn3)cnc1F)N=C(N)S2,9.2411,-67.09580154112548,-102.3856857822914,7.19692,True
L2,P56817,COC[C@]12C[C@H]1[C@@](C)(c1cc(NC(=O)c3cnc(OCC4CC4(F)F)cn3)cc(F)c1F)N=C(N)S2,8.5884,-25.90530697938007,-49.66115040603244,6.58714,True
L2,P56817,C[C@]1(c2cc(Cc3nccc4cc(Cl)cnc34)cc(F)c2F)N=C(N)S[C@@]2(CO)C[C@H]21,8.8182,-58.85100333449177,-84.9457791422229,8.52076,True
L2,P56817,C#CCOc1cnc2c(Nc3cnc(F)c([C@@]4(C)N=C(N)S[C@@]5([C@H](OC)C(F)(F)F)C[C@H]54)c3)nccc2n1,8.8097,-45.286986742067626,-81.57323353763472,7.76043,True
L2,P56817,O=C(Cn1nc(-c2ccccc2)c(-c2ccccc2)nc1=O)Nc1ccc(F)cc1,6.1586,-28.101981268940406,-47.83618268434548,7.11613,True
L2,P56817,C#CCOc1cnc2c(Nc3cnc(F)c([C@@]4(C)N=C(N)S[C@@]5([C@@H](OC)C(F)(F)F)C[C@H]54)c3)nccc2n1,8.7959,-44.40425296220161,-79.02133722977865,7.80559,True
L2,P56817,C[C@]1(c2cc(NC(=O)c3ccc(Cl)cn3)cnc2F)N=C(N)S[C@@]2(C(F)F)C[C@@H]12,8.7959,-13.931565601297551,-42.58425303494487,7.10476,True
L2,P56817,COc1cnc2c(Nc3cc(F)c(F)c([C@@]4(C)N=C(N)S[C@H]5C[C@H]54)c3)ncnc2c1,7.4559,-81.24920736077718,-150.7112254122954,8.12731,True
L2,P56817,COC[C@]12C[C@H]1[C@@](C)(c1cc(Nc3nccc4nc(OCc5nc(C)no5)cnc34)cc(F)c1F)N=C(N)S2,8.109,-43.97840891568511,-87.80705357790187,8.66879,True
L2,P56817,C#CCOc1cnc2c(Nc3ccc(F)c([C@@]4(CF)N=C(N)S[C@@]5(CO)C[C@H]54)c3)nccc2c1,7.9788,-100.84137363256336,-162.85942584301895,8.05621,True
L2,Q06187,Cc1nn(C(C)C)cc1-c1nc2c(-c3ccc4c(c3)CCCC[C@@H]4NC(=O)c3noc(C(C)(C)C)n3)ccnc2[nH]1,8.2596,-71.23082724363343,-109.9091269747114,10.64883,True
L2,Q06187,CC(C)(C)c1nc(C(=O)NCc2ccc(-c3ccnc(NC(=O)C4CC4)c3)c(F)c2C2CC2)no1,9.0,-57.92975111234776,-93.04091292446132,9.33132,True
L2,Q06187,CC(C)(C)c1noc(C(=O)NCc2ccc(-c3ncnn4cc(N5CCOCC5)cc34)c(F)c2Cl)n1,9.0,-94.29425561951788,-223.2483101283944,9.30187,True
L2,Q06187,Cc1cc(-c2ncnn3cc(N4CCC(F)(F)C4)cc23)ccc1CNC(=O)c1noc(C(C)(C)C)n1,9.0,-48.86965136305925,-82.93430180414849,9.88079,True
L2,Q06187,Nc1ncc2c3c1c(-c1ccc(C(=O)Nc4ccccn4)cc1)nn3[C@@H]1CCC[C@H](C1)NC(=O)CCCC/C=C/2,8.301,-69.23017578935247,-117.10078032225344,10.11917,True
L2,Q06187,Cc1c(-c2ccc(C(N)=O)n2-c2ccc(C(C)(C)O)cc2)cccc1-n1c(=O)[nH]c2c(F)cccc2c1=O,6.0,-37.27725853511014,-70.45598820603391,10.47053,True
L2,Q06187,O=C(c1ccc(Oc2ccccc2)cc1Cl)c1c[nH]c2ncc3c(c12)NC1(CCOC1)C(=O)N3,7.3851,-49.66020124064975,-80.46210102705443,9.81011,True
L2,Q06187,Cc1ccnc(NC(=O)c2ccc(-c3nn4c5c(cnc(N)c35)CCCCNCC(=O)N[C@@H]3CCC[C@@H]4C3)cc2)c1,8.301,-78.47844914142702,-115.05763403548949,9.81161,True
L2,Q06187,Cc1c(-c2nc3nccc(-c4ccc5c(c4)CCCC[C@@H]5NC(=O)c4nnc(C(C)(C)C)o4)c3[nH]2)cnn1C1CCOCC1,8.2596,-24.941838506647837,-62.85671259209112,9.76177,True
L2,Q06187,Nc1ncc2c3c1c(-c1ccc(C(=O)Nc4cc(C(F)(F)F)ccn4)cc1)nn3[C@@H]1CCC[C@H](C1)C(=O)NCCC/C=C/C2,7.5607,-42.96852730999896,-73.1719266360765,10.55084,False
L2,Q13224,Cc1ccc(N2CCN(C[C@H](O)COc3ccc4c(c3)CCC(=O)N4)CC2)cc1,6.9547,-117.36976450100812,-203.53287624146745,5.58225,True
L2,Q13224,Cl.c1ccc(CN2CCCC3(CC2)C[C@H](c2ccccc2)CCO3)cc1,7.2218,-76.96652012540571,-90.86270007405476,5.84976,True
L2,Q13224,Oc1ccccc1CN1CCC2(CC1)CC(CCc1ccccc1)CCO2,6.5817,-95.34526784961898,-157.46732373681272,5.93224,True
L2,Q13224,c1ccc(C2CCOC3(CCN(Cc4ccc5ccccc5c4)CC3)C2)cc1,6.6073,-150.42042644682402,-207.4485568671202,6.46451,True
L2,Q13224,O=C(OC1CCOC2(CCN(Cc3ccccc3)CC2)C1)C1CCCCC1,6.5452,-178.93771386193922,-278.7882733064488,5.74039,True
L2,Q13224,c1ccc(CN2CCC3(CC2)CC(C2CCCO2)CCO3)cc1,6.3635,-123.14257229077222,-229.624741425998,5.53127,True
L2,Q13224,c1cc2c(cc1C1CCOC3(CCN(CC4CCCC4)CC3)C1)CCO2,7.6778,-101.57785627711864,-162.39570051577098,6.0794,True
L2,Q13224,C1=C(c2ccco2)CC2(CCN(Cc3ccccc3)CC2)OC1,6.8069,-62.30794324089959,-73.8297771033339,5.50512,True
L2,Q13224,Clc1ccc(CN2CCC3(CC2)CC(c2ccc4[nH]ccc4c2)CCO3)cc1,6.1778,-139.42574362735235,-257.8866400313996,6.04754,True
L2,Q13224,C1=C(c2ccco2)CCOC12CCN(Cc1ccccc1)CC2,6.8477,-63.97396000449914,-76.12498610128527,5.71623,True
L2,Q13822,CCCn1cc(-n2cc(C(=O)Nc3cccc(O)c3)c3c4ccccc4n(C)c(=O)c32)cn1,6.6402,-93.8030192200344,-163.02127816394324,9.72813,True
L2,Q13822,CCCn1cc(-n2cc(C(=O)Nc3cccc(C(N)=S)c3)c3c4ccccc4n(C)c(=O)c32)cn1,6.6861,-62.567605780440346,-106.31456677400816,9.5653,True
L2,Q13822,NC(=O)c1ccc(COc2ccccc2/C=C2/CC(=O)N(c3cccc(Cl)c3)C2=O)cc1,6.6198,-24.54791113340731,-54.65700264042049,9.23463,True
L2,Q13822,O=C(O)c1ccccc1NC(=O)c1nn(-c2cnn(CC3CC3)c2)c2c1CCN(c1ccccc1)C2=O,7.3665,1.3203837444443849,-37.183801360930666,8.73071,True
L2,Q13822,CCc1nc2c(C)cc(cn2c1NC(=O)OCc1ccc2OCOc2c1)-c1ccc(cc1)C(=O)N1CCN(CCO)CC1,8.5686,-60.792759400497744,-107.86598894091456,9.28094,True
L2,Q13822,COCn1cc(-n2nc(C(=O)Nc3ccc(C(=O)O)cc3)c3c2C(=O)N(c2ccccc2)CC3)cn1,6.5086,-6.454911551060242,-42.08065422476021,8.75051,True
L2,Q13822,CC(=O)N1CC2CC1CN2c1ccc(CNc2ccc(OCc3ccc(nc3)C(F)(F)F)nn2)cc1,8.4089,-59.66798552837429,-94.63109370410024,9.01791,True
L2,Q13822,CC(=O)N1CCN(CC1)c1ccc(CNc2ccc(OCc3ccc(nc3)C(F)(F)F)nn2)cn1,8.6021,-45.05826869919407,-76.15374703276689,8.84348,False
L2,Q13822,CCCn1cc(-n2c(CC)c(NC(=O)Nc3ccc(C(=O)O)cc3)c3cc(OC)ccc32)cn1,6.6326,-67.03112490952253,-105.61626161816324,9.09305,True
L2,Q13822,CCCn1cc(-n2cc(C(=O)Nc3ccccc3C(=O)O)c3c4ccccc4n(CC)c(=O)c32)cn1,6.9355,-52.04056355550775,-88.97831716240006,9.12957,True
L2,Q14145,CC[C@@H]1CN(Cc2cc(C(CC(=O)O)c3cc(OC)c4c(nnn4C)c3C)cc3ccsc23)S(=O)(=O)c2cc(Cl)cnc2O1,7.699,-31.608224432224297,-78.85929062913881,8.9124,False
L2,Q14145,CC[C@@H]1CN(Cc2cc(C(CC(=O)O)c3cc(C4CC4)c4c(nnn4C)c3C)cc3[nH]ccc23)S(=O)(=O)c2cc(Cl)cnc2O1,8.0,-33.902682094390144,-85.22308114505543,9.91789,True
L2,Q14145,CC[C@@H]6CN(Cc3cc(C(CC(=O)O)c2cc(OC(F)F)c1c(nnn1C)c2C)cc4ccsc34)S(=O)(=O)c5cc(Cl)cnc5O6,7.699,-19.762099140333785,-57.31578607183059,8.98593,True
L2,Q14145,CC[C@@H]6CN(Cc3cc(C(CC(=O)O)c2cc(OC(F)(F)F)c1c(nnn1C)c2C)cc4ccsc34)S(=O)(=O)c5cc(Cl)cnc5O6,7.699,-27.810471251045783,-73.81258148824558,8.60509,True
L2,Q14145,CC[C@@H]6CN(Cc3cc([C@@H](CC(=O)O)c2cc(C)c1c(nnn1C)c2C)cc4ccsc34)[C@@H](C)c5ncccc5O6,8.0,-46.52677246702322,-68.36087518843614,9.41365,True
L2,Q14145,COc1ccc(S(=O)(=O)C(C(=O)O)c2cc(CCC(=O)N3CCOCC3)c(N(C(=O)O)S(=O)(=O)c3ccc(OC)cc3)c3ccccc23)cc1,7.0605,-33.66515341487974,-90.95212328189284,9.59226,True
L2,Q14145,CC[C@@H]1CN(Cc2cc([C@H](CC(=O)O)c3cc(C)c4c(nnn4C)c3C)cc3ccsc23)[C@@H](C)c2ncccc2O1,8.0,-51.05537953644919,-75.6035962457509,8.43522,True
L2,Q14145,CC[C@@H]1CN(Cc2cc([C@@H](CC(=O)O)c3cc(Cl)c4c(nnn4C)c3C)cc3ccsc23)S(=O)(=O)c2cc(Cl)cnc2O1,8.0,-33.86242449084245,-71.68426573653161,10.46121,True
L2,Q14145,CC[C@@H]1CN(Cc2cc([C@@H](CC(=O)O)c3cnc4c(c3C)NNN4C)cc3ccsc23)C(C)c2nc(O)ccc2O1,7.699,-127.73593503425955,-274.74849713148893,10.20698,True
L2,Q14145,CC[C@@H]1CN(Cc2cc([C@@H](CC(=O)O)c3cc(OC(F)(F)F)c4c(nnn4C)c3C)cc3ccsc23)S(=O)(=O)c2cc(Cl)cnc2O1,8.0,-45.08425076543183,-82.95294560204667,9.7327,True
L2,Q15119,C[C@H]1Cc2c(cnn2CC(C)(C)O)-c2onc([C@@](C)(O)C(F)(F)F)c21,7.8416,-41.31739147115621,-75.95624626401218,8.90334,True
L2,Q15119,C[C@H]1Cn2nc(C34CCC(CO)(CC3)CO4)cc2-c2cnc([C@@](C)(O)C(F)(F)F)n21,7.3054,-46.410890608466445,-75.09034186553333,8.91009,True
L2,Q15119,C[C@H]1Cn2c(nnc2C23CC(C(C)(C)O)(C2)C3)-c2onc([C@@](C)(O)C(F)(F)F)c21,8.1249,-18.88824638348627,-60.59489366022387,9.74215,True
L2,Q15119,C[C@H]1Cn2nccc2-c2onc([C@@](C)(O)C(F)(F)F)c21,7.6716,-10.394290501371898,-23.93002987374013,7.76486,True
L2,Q15119,C[C@H]1Cn2nc(C(F)(F)F)cc2-c2cnnc([C@@](C)(O)C(F)(F)F)c21,7.9547,-15.645889604396576,-43.33004062116636,8.85453,True
L2,Q15119,C[C@H]1Cc2c(cnn2C)-c2onc([C@@](C)(O)C(F)(F)F)c21,7.5952,-26.92684126223834,-49.42224532331792,7.73144,True
L2,Q15119,C[C@H]1Cn2nc(N3CC4CC3C4)cc2-c2cnc([C@@](C)(O)C(F)(F)F)n21,7.7305,-67.39729441884,-103.99406875066624,9.24678,True
L2,Q15119,C[C@H]1Cn2nc(C34CCC(C#N)(CC3)CC4)cc2-c2cnc([C@@](C)(O)C(F)(F)F)n21,8.1805,-37.11683104826494,-56.78735259106473,9.17724,True
L2,Q15119,C[C@H]1Cn2nc(C34CCC(C#N)(CC3)CO4)cc2-c2cnc([C@@](C)(O)C(F)(F)F)n21,7.4763,-36.41954655711933,-63.21006427195712,9.07414,True
L2,Q15119,C[C@H]1Cn2nc(C34CCC(CO)(CC3)C4)cc2-c2cnc([C@@](C)(O)C(F)(F)F)n21,7.9586,-36.860877225575386,-54.45898911939992,8.94842,True
L2,Q6P179,CC(C)CCC(C(=O)NO)C(=O)NCCc1c[nH]c2ccc(OCCN3CCOCC3)cc12,6.6021,-74.30859564109328,-111.88544301132816,9.01608,True
L2,Q6P179,COc1ccc(C[C@@H](C(=O)NO)n2cc(CNS(=O)(=O)c3ccc(s3)-c3ccccc3)nn2)cc1 |r|,7.7212,-65.1946959683599,-106.8644395776276,10.12116,True
L2,Q6P179,ONC(=O)C[C@H](Cc1ccc(O)cc1)n1nncc1CNS(=O)(=O)c1ccc(s1)-c1ccccn1 |r|,6.0706,-34.07450848793158,-86.00447617333569,9.98833,True
L2,Q6P179,O=C(NO)C(CC1CCOCC1)C(=O)NCCc1c[nH]c2ccc(OCc3ccccc3)cc12,6.699,-58.10220528358039,-97.51601924389875,10.38252,True
L2,Q6P179,O=C(NO)C(CC1CCCCC1)C(=O)NCCc1c[nH]c2ccc(OCc3ccncc3)cc12,7.4685,-74.6186505892358,-120.92002318537524,10.34671,True
L2,Q6P179,CC(C)CCC(C(=O)NO)C(=O)NCCc1c[nH]c2ccc(OCc3ccc(Cl)nc3)cc12,6.8239,-71.39383570278552,-118.35196121710834,9.66091,True
L2,Q6P179,CC(C)CCC(C(=O)NO)C(=O)NCCc1c[nH]c2ccc(OCc3ccccn3)cc12,6.1367,-70.15902044243151,-125.30954536295418,9.91378,False
L2,Q6P179,COc1ccc(C[C@@H](C(=O)NO)n2cc(CNS(=O)(=O)c3ccc(s3)-c3ccccn3)nn2)cc1 |r|,8.3979,-52.830759804689855,-92.02220313927688,9.5241,True
L2,Q6P179,CC(C)CCC(C(=O)NO)C(=O)NCCc1c[nH]c2ccc(OCc3cccnc3)cc12,6.9586,-78.02699828053625,-118.82581667266749,9.55071,True
L2,Q6P179,CC(C)CCC(C(=O)NO)C(=O)NCCc1c[nH]c2ccc(OCc3ccncc3)cc12,6.8239,-80.67901968685635,-128.22005098101684,9.36266,True
L2,Q8NER1,COc1ccc2[nH]cc(CCNC(=O)C3(NC(=O)Oc4ccccc4)CCCCC3)c2c1,7.0223,-73.8995482177902,-107.563454221025,8.87394,True
L2,Q8NER1,O=C(NC1(C(=O)NCCc2c[nH]c3ccccc23)CCCCC1)Oc1ccccc1,6.6498,-66.95303870768751,-94.01413416354475,9.06979,False
L2,Q8NER1,COc1ccc2[nH]cc(CCNC(=O)NC3(C(=O)Nc4cccc(C(F)(F)F)c4)CCCCC3)c2c1,6.1593,-68.73789880526175,-108.654315439259,9.65521,False
L2,Q8NER1,O=C(NCCc1c[nH]c2ccccc12)NC1(C(=O)Nc2cccc(Br)c2)CCCCC1,6.1662,-39.14687741725801,-76.13880089988835,9.80968,True
L2,Q8NER1,COc1ccc(NC(=O)C2(NC(=O)NCCc3c[nH]c4ccccc34)CCCCC2)cc1,6.0297,-68.08169231045012,-100.48294302064755,8.18559,True
L2,Q8NER1,O=C(NC1(C(=O)Nc2cccc(C(F)(F)F)c2)CCCCC1)Oc1ccccc1,6.4045,-33.277979075161205,-48.83683929092021,8.76161,True
L2,Q8NER1,O=C(NC1(C(=O)Nc2ccc(Br)cc2)CCCCC1)Oc1ccccc1,6.3497,-42.79573603592336,-62.462310388924266,8.92152,True
L2,Q8NER1,Cc1nc(Nc2cccc3CC[C@@H](O)Cc23)oc1-c1ccc(cc1)C(F)(F)F |r|,7.8239,-51.02382238780453,-75.2305180348067,9.70348,True
L2,Q8NER1,O=C(NCCc1c[nH]c2ccccc12)NC1(C(=O)Nc2cccc(C(F)(F)F)c2)CCCCC1,6.202,-60.51262740578745,-94.1189125091111,9.53433,True
L2,Q8NER1,COc1ccc2[nH]cc(CCNC(=O)NC3(C(=O)Nc4ccccc4)CCCCC3)c2c1,6.9393,-71.24240321571183,-108.24334406033748,9.46791,False
L2,Q92793,COC(=O)N1CCc2ccc3c(nc(-c4cccc(CC(=O)O)c4)n3[C@@H](C)Cn3cc(Cl)cn3)c2C1,8.2596,-33.06268910076358,-71.6845332821991,7.82658,True
L2,Q92793,COC(=O)N1CCc2ccc3c(nc([C@H]4CC[C@@H](C(=O)O)CC4)n3[C@@H](C)Cn3cc(Cl)cn3)c2C1,7.2596,-41.204707166636425,-74.05584427133437,7.62885,True
L2,Q92793,CNC(=O)c6cc2cc(C1=CCOCC1)ccc2c(N5CCCc4cc(c3cnn(C)c3)c(C(F)F)cc45)n6,7.7447,-54.42720532951577,-92.78943946761048,9.20133,False
L2,Q92793,COC(=O)N1CCc2ccc3c(nc([C@H]4CC[C@](C)(C(=O)O)CC4)n3[C@@H](C)Cc3ccccc3)c2C1,7.2596,-40.690736668740605,-65.78552869704026,7.62385,True
L2,Q92793,COC(=O)N1CCc2ccc3c(nc([C@H]4CC[C@H](C(=O)O)CC4)n3[C@H](C)Cc3ccccc3)c2C1,6.2596,-32.32526446441534,-59.93061288750698,6.69751,True
L2,Q92793,COC(=O)N1CCc2ccc3c(nc(N4CCN(C(=O)CO)CC4)n3[C@@H](C)Cc3ccccc3)c2C1,8.2596,-58.11579455127821,-93.00136937547592,7.27726,True
L2,Q92793,COC(=O)N1CCc2ccc3c(nc([C@H]4C[C@@H](C(=O)O)C4)n3[C@H](C)Cc3ccccc3C)c2C1,6.2596,-16.18719298127769,-50.63945493830017,7.51959,True
L2,Q92793,COC(=O)N1CCc2c(C(=O)O)cc3c(nc(C4CCCCC4)n3CCc3ccccc3)c2C1,8.2596,-38.59633128011241,-60.84976104649397,7.94477,True
L2,Q92793,COC(=O)N1CCc2ccc3c(nc([C@H]4CCC[C@H](C(=O)O)C4)n3C[C@H](C)c3ccc(F)c(F)c3)c2C1,8.2596,-34.111081880170254,-67.54034544101779,8.45679,True
L2,Q92793,COC(=O)N1CCc2ccc3c(nc(C4CCCCC4)n3C[C@H](C(=O)O)c3cc(F)c(Cl)cc3OC)c2C1,8.2596,-47.30095038955511,-77.10459909529203,7.34967,True
L2,Q9Y5Z0,C[C@]1(c2cc(Nc3nccc4nc(OCc5cocn5)cnc34)cc(F)c2F)N=C(N)S[C@@]2(C(F)F)C[C@@H]12,7.2604,-58.0977853826766,-92.81438653136566,7.49521,True
L2,Q9Y5Z0,COC[C@]12C[C@H]1[C@@](C)(c1cc(NC(=O)c3cnc(OCc4nnc(C)o4)cn3)cc(F)c1F)N=C(N)S2,6.8928,-33.00188648210279,-60.57866322877796,6.9999,True
L2,Q9Y5Z0,C[C@]1(c2cc(NC(=O)c3cnc(OCC(F)(F)F)cn3)ccc2F)N=C(N)S[C@@]2(C(=O)N3CC[C@H](F)C3)C[C@H]21,7.9031,-54.787942662105245,-80.61207414919964,8.36457,True
L2,Q9Y5Z0,C[C@]1(c2cc(NC(=O)c3ccc(Cl)cn3)cnc2F)N=C(N)S[C@@]2(C(F)F)C[C@@H]12,7.8794,-30.828620325161825,-58.19980284185653,7.09243,True
L2,Q9Y5Z0,CC#CCOc1cnc2c(Nc3ccc(F)c([C@@]4(CF)N=C(N)S[C@@]5(/C=C/C(=O)N(C)C)C[C@H]54)c3)nccc2c1,7.1046,-58.94249814396155,-85.52489551163737,7.97161,True
L2,Q9Y5Z0,C[C@]1(c2cc(Nc3nccc4nc(OCc5ncco5)cnc34)ccc2F)N=C(N)S[C@@]2(CF)C[C@H]21,7.266,-53.63710959062424,-80.7049771103017,7.33316,True
L2,Q9Y5Z0,N#Cc1cnc2c(Nc3ccc(F)c([C@@]4(CF)N=C(N)S[C@H]5C[C@H]54)c3)ncnc2c1,7.0074,-56.50827990991341,-85.72130906124363,7.02341,True
L2,Q9Y5Z0,CC#CCOc1cnc2c(Nc3ccc(F)c([C@@]4(CF)N=C(N)S[C@@]5(CF)C[C@H]54)c3)nccc2n1,7.9101,-58.480227407079,-91.14131132546612,7.24454,True
L2,Q9Y5Z0,C[C@H](Oc1cnc2c(Nc3cc(F)c(F)c([C@@]4(C)N=C(N)S[C@@]5(C(F)F)C[C@@H]45)c3)nccc2n1)c1ncco1,6.0716,-26.375374397018312,-65.31411521302921,7.29094,True
L2,Q9Y5Z0,C[C@]1(c2cc(Nc3ncnc4cc(C#N)cnc34)cc(F)c2F)N=C(N)S[C@@]2(CF)C[C@H]21,7.7878,-34.18274213390502,-65.41073139138065,6.99064,True
L3,A0A1D8PKB4,Cc1ccc2c(c(nn2c1)c3ccc(cc3)F)c4ccncc4,6.9586,-69.14071824471131,-88.13304785469987,9.31379,True
L3,A0A1D8PKB4,CC(C)n1nc(-c2cc3cc(O)ccc3[nH]2)c2c(N)ncnc21,6.0044,-48.25327015529585,-77.8085408212279,8.07853,True
L3,A0A1D8PKB4,c1cc(ccc1c2c(c3ccc(cn3n2)C#N)c4ccncc4)F,7.1079,-56.71510725897426,-79.69196810734293,8.96812,True
L3,A0A1D8PKB4,Cc1occc1-c1nc(N)c(OC[C@@H](N)Cc2c[nH]c3ccccc23)cc1-c1cc2c(C)n[nH]c2cn1,6.7447,-114.2519991573172,-298.68030095515377,8.89634,False
L3,A0A1D8PKB4,CC(=O)c1cnc2ccc(-c3cc(Cl)c(O)c(Cl)c3)nc2c1N[C@H]1CC[C@H](CN(C)C)CC1,6.8861,-76.26678704709984,-108.4258830429758,7.10069,True
L3,A0A1D8PKB4,CNC(=O)c1nn(C)c-2c1C(C)(C)Cc1cnc(Nc3ccc(cc3)N3CCN(C)CC3)nc-21,6.1135,-90.04210612020648,-119.8276046656157,8.79006,True
L3,A0A1D8PKB4,Nc1nc(Nc2ccc(cc2)S(N)(=O)=O)n(n1)C(=S)Nc1c(F)cccc1F,6.3279,-38.414730773781926,-139.63047518694506,7.60486,True
L3,A0A1D8PKB4,N#Cc1ccn2c(-c3ccncc3)c(-c3ccc(F)cc3)nc2c1,6.8861,-54.7627166086476,-78.89828358229508,8.83502,True
L3,A0A1D8PKB4,c1ccc(-c2[nH]ncc2-c2ccnc3ccccc23)nc1,6.8239,-61.48111900652152,-77.85045455779316,7.41282,True
L3,A0A1D8PKB4,Cc1n[nH]c2ccc(-c3cc(OC[C@@H](N)Cc4ccccc4)cnc3-c3ccoc3)cc12,6.7959,-64.6225946307423,-98.44321547858092,8.32603,True
L3,O14638,CCn1ncc2c(NCC3CCN([S@](C)(=N)=O)CC3)ccnc21,6.0,-59.0555849352874,-97.56541861872245,7.51387,True
L3,O14638,CN=[S@](N)(=O)N1CCC(CNc2ccnc3c2c(Cl)nn3CC#N)CC1,6.2596,-23.45764502999409,-54.44717254682746,6.30335,True
L3,O14638,C#CCn1nc(Cl)c2c(NCc3ccc([S@@](=N)(=O)NC)cc3)ccnc21,6.0,-24.237204215458625,-70.62015164735747,6.91007,True
L3,O14638,CCn1ncc2c(Nc3ccc(S(N)(=O)=NC)cc3)ccnc21,6.0,-52.70489775933691,-92.00025016330596,7.55312,True
L3,O14638,CCn1nc(Cl)c2c(Nc3ccc(S(N)(=O)=NC)cc3)ccnc21,6.2596,-51.93680350413791,-83.45372910864509,6.9457,True
L3,O14638,C#CCn1nc(Cl)c2c(NCc3ccc([S@@](C)(=N)=O)cc3)ccnc21,7.2596,-50.72048100233302,-115.55892728625822,6.79806,True
L3,O14638,CS(=N)(=O)c1ccc(CNc2ccnc3c2c(Cl)nn3CC#N)cc1,7.2596,-192.7649290640588,-246.9876245154208,6.32504,False
L3,O14638,CCn1nc(Cl)c2c(NCC3CCN(S(=N)(=O)CCOC)CC3)ccnc21,6.0,-35.444029508084434,-66.24274848145679,6.25691,True
L3,O14638,C#CCn1nc(Cl)c2c(NCc3ccc(S(N)(=O)=NC)cc3)ccnc21,7.2596,-24.815834104952508,-60.3416598822453,6.66821,False
L3,O14638,CCn1nc(Cl)c2c(NCC3CCN(S(=N)(N)=O)CC3)ccnc21,6.0,-30.282529845793174,-65.78830826925703,6.61018,True
L3,P05556,O=C(O)[C@H](c1cc(F)ccc1C1CC1)N1CC[C@@H](OCCCCc2ccc3c(n2)NCCC3)C1,7.0362,-68.33569046449628,-86.55313944654178,5.70898,True
L3,P05556,c1ccc(c(c1)C2CC2)[C@@H](C(=O)O)N3CC[C@H](C3)OCCCCc4ccc5c(n4)NCCC5,7.0177,-38.16470192611743,-215.88874104421907,5.71338,True
L3,P05556,O=C(O)[C@H](c1cc(F)ccc1[C@H]1CCOC1)N1CC[C@@H](OCCCCc2ccc3c(n2)NCCC3)C1,6.9586,-57.84511414574361,-102.82363631715764,5.69801,True
L3,P05556,O=C(O)CN1CCC(C(=O)NCCCc2ccc3c(n2)NCCC3)CC1,6.1871,-47.95947661537238,-75.38032111868088,5.76278,True
L3,P05556,O=C(O)[C@H](c1cc(F)ccc1C1CCOCC1)N1CC[C@@H](OCCCCc2ccc3c(n2)NCCC3)C1,6.9208,-53.8772084005122,-85.99232837065296,5.83541,True
L3,P05556,O=C(O)[C@H](c1cc(F)ccc1[C@@H]1CCOC1)N1CC[C@@H](OCCCCc2ccc3c(n2)NCCC3)C1,6.7696,-47.51155145662291,-73.9803797277748,6.40043,True
L3,P05556,CC(C)[C@H]1C(=O)N[C@@H](CCCN=C(N)N)C(=O)NCC(=O)N[C@@H](CC(=O)O)C(=O)N[C@H](Cc2ccccc2)C(=O)N1C,7.8268,-84.01588882158003,-325.3451958784696,7.15175,True
L3,P05556,CC(C)C[C@@H]1NC(=O)[C@H](CC(O)=O)NC(=O)CNC(=O)[C@H](CCCNC(N)=N)NC(=O)[C@H](Cc2ccccc2)NC(=O)[C@H](CCCCN)N(C)C(=O)[C@H]2CCCN2C(=O)[C@H](Cc2ccccc2)NC(=O)[C@H](C)NC1=O |r|,7.1367,-151.74133658810322,-267.7864030964071,5.57195,True
L3,P05556,c1cc(c(cc1F)[C@@H](C(=O)O)N2CC[C@H](C2)OCCCCc3ccc4c(n3)NCCC4)[C@@H]5CCCCO5,7.0605,-61.52535830429094,-88.47534513828205,5.70487,True
L3,P05556,O=C(O)[C@H](c1cc(F)ccc1[C@@H]1CCCO1)N1CC[C@@H](OCCCCc2ccc3c(n2)NCCC3)C1,7.0362,-69.14989078965357,-103.2264136118096,6.17688,True
L3,P05622,CC(C)c1cnn2c3nc(nc12)NCC1(CCCCc2ccccc2CN3)CCCNC1,7.8239,-81.63133883237033,-102.11846043538202,9.66494,True
L3,P05622,Cc1c(C(=O)Oc2ccc(CN[C@@H](CO)C(=O)O)c(OCc3cccc(C#N)c3)c2)cccc1-c1ccccc1,6.0,-60.206822446286175,-106.6030479841725,10.21268,False
L3,P05622,CCN(CC)C(=O)CCOc1cccc(-c2cccc(COc3cc(OCc4ccc5nonc5c4)c(CN[C@H](CO)C(=O)O)cc3Cl)c2Cl)c1,6.7258,-50.20631924271662,-101.69458311940772,8.74168,False
L3,P05622,CC[C@H](CO)Nc3nc(NCc1ccccc1)c2ncn(C(C)C)c2n3,6.8447,-53.81199767725265,-91.53253313649576,7.94965,True
L3,P05622,COc1ccc2c(c1)CNc1nc(nc3c(C(C)C)cnn13)NCC1(CCCCCO2)CCNCC1,6.5272,-47.63429922325818,-75.73619049312803,8.00335,True
L3,P05622,CNCC1(COc2cc3c(N[C@H](C)c4cc(N)cc(C(F)(F)F)c4)nc(C)nc3cc2OC)CC1,8.0,-52.20780813834314,-98.85516025778595,7.70281,True
L3,P05622,CC(C)c1cnn2c3nc(nc12)N(CC1CCNCC1)CCCCCOc1ccc(C(F)(F)F)cc1CN3,7.0362,-78.59219980121448,-105.42557804573568,9.64623,True
L3,P05622,COc1cc2nccc(N[C@H](C)c3cccc(C(F)F)c3F)c2cc1O[C@H]1CCOC1,8.1739,-47.08616479012561,-72.18197031893095,7.36829,True
L3,P05622,Cc1c(C(=O)Oc2ccc(CN[C@H](CO)C(=O)O)c(OCc3cccc(C#N)c3)c2)cccc1-c1ccccc1,7.6198,-73.05432563095795,-122.48901970023825,9.87538,False
L3,P05622,C[C@@H]1COCCN1c1cc(C2(S(=O)(=O)N(C)C)CC2)nc(-c2cccc3[nH]ccc23)n1,6.1273,-60.12929078421098,-208.0409692416805,8.41561,True
L3,P11926,NOCC1CCCNC1,6.7447,-50.966820967272845,-71.65390221505902,4.66635,True
L3,P11926,C(CN)CON,7.3979,-40.52307146738724,-80.63570063728889,4.12472,True
L3,P11926,Cc1ncc(COP(=O)(O)O)c(/C=N/OC[C@H]2CCNC2)c1O,7.5229,-20.84418815317017,-49.50236211967065,5.31347,True
L3,P11926,NOC[C@H]1CCCNC1,6.1549,-32.79345563494268,-53.52219177446075,3.9174,True
L3,P11926,Cc1ncc(COP(=O)(O)O)c(/C=N/OCCCN)c1O,6.8239,-10.179059629306357,-48.563573386505695,4.67318,True
L3,P11926,C1CNC[C@@H]1CON,6.6778,-39.559828436213394,-61.23770546634433,4.09602,True
L3,P11926,Cc1ncc(COP(=O)(O)O)c(/C=N/OC[C@@H]2CCNC2)c1O,6.7959,-15.183604881581244,-48.033907939443935,5.36905,True
L3,P11926,NOCC1CNCCO1,6.1079,-42.06536791093383,-69.43492586598127,4.71454,True
L3,P11926,NOCC1(F)CCNC1,7.301,-32.10297352557254,-52.9080887891978,4.17254,True
L3,P11926,C1CNC[C@H]1CON,7.0,-38.06086070130318,-61.26668888984665,4.12108,True
L3,P28347,OC[C@@H](O)c1ccnc2n(nc(CNC(=O)C=C)c12)-c1ccc(cc1)S(F)(F)(F)(F)F |r|,7.3665,-180.02564500519202,-330.567867854832,7.04522,True
L3,P28347,C=CC(=O)NCc1nn(-c2ccc(OC(F)(F)F)cc2)c2nccc([C@H]3C[C@@H](O)C3)c12,6.7447,-13.22616408702129,-39.37647514333982,5.75719,True
L3,P28347,c1ccc(cc1)Oc2ccc(cc2)CNC(=O)c3cnc4n3cccc4,7.2218,-54.52169858161227,-77.0967956503483,7.32693,True
L3,P28347,COCCOc1ccc(C(N)=O)c(-c2c(Cl)ccc3c2C[C@@](CNCC2CCC4(CC2)CN(c2ccc5c(c2)C(=O)N(C2CCC(=O)NC2=O)C5=O)C4)(c2ccccc2)O3)c1F,6.4248,-37.62830623209224,-80.71227029395384,5.55819,True
L3,P28347,C\C=C\C(=O)NCc1nn(-c2ccc(OC(F)(F)F)cc2)c2nccc(CO)c12,6.0458,-39.02159409505492,-64.88077987591058,8.55143,True
L3,P28347,CN(C)CCn1cc(cn1)-c1ccnc2n(nc(C3CN(C3)C(=O)C(F)=C)c12)-c1ccc(OC(F)(F)F)cc1,6.6021,-52.57439440597389,-97.06735957082256,5.90307,True
L3,P28347,OC[C@H](O)c1ccnc2n(nc(CNC(=O)C=C)c12)-c1ccc(cc1)C(F)(F)F |r|,7.0969,-69.15020233341619,-112.97604047404808,7.82439,True
L3,P28347,CC(=C)S(=O)(=O)N1CC(C1)c1nn(-c2ccc(OC(F)(F)F)cc2)c2nccc([C@@H](O)CO)c12 |r|,7.1192,-33.616701177725986,-67.02584203738789,6.06531,True
L3,P28347,OC[C@@H](O)c1ccnc2n(nc(CNC(=O)C(F)=C)c12)-c1ccc(OC(F)(F)F)cc1 |r|,6.4949,-17.376232523583546,-42.863664472989,5.4593,True
L3,P28347,Cn1cnc(-c2cc(P(C)(C)=O)nnc2Nc2ccc(C(F)(F)F)cc2)c1,6.4089,-80.4730737774879,-116.44167859472374,6.23232,True
L3,P40879,Cc1c(CC(=O)O)c(=O)oc2c(F)c(OCc3cccc(C(F)(F)F)c3)ccc12,7.0605,-32.11730961552836,-56.528638003466966,9.45398,True
L3,P40879,Cc1c(CC(=O)O)c(=O)oc2c(C)c(OCc3cccc(C(F)F)c3)ccc12,6.4949,-41.6629700902259,-71.37226626335708,9.12652,False
L3,P40879,Cc1c(CC(=O)O)c(=O)oc2c(Cl)c(OCc3cccc(C(F)F)c3)ccc12,6.6737,-34.95097217001938,-65.2449024381339,9.08374,False
L3,P40879,Cc1cc(OCc2cccc(C(F)F)c2)cc2oc(=O)c(CC(=O)O)c(C)c12,6.0814,-17.027465632317373,-42.78958606666158,8.25506,True
L3,P40879,Cc1cc(OCc2cccc(C(F)(F)F)c2)cc2oc(=O)c(CC(=O)O)c(C)c12,6.0458,-29.13333360060148,-54.82615094537141,9.5818,True
L3,P40879,Cc1c(CC(=O)O)c(=O)oc2c(Cl)c(OCc3cccc(C(F)(F)F)c3)ccc12,7.6021,-27.057433304251006,-50.46390878161294,9.48958,False
L3,P40879,Cc1cc(OCc2cccc(Br)c2)cc2oc(=O)c(CC(=O)O)c(C)c12,6.2518,-37.81737932792581,-69.76829770470229,8.72386,True
L3,P40879,Cc1c(CC(=O)O)c(=O)oc2c(F)c(OCc3cccc(C(F)F)c3)ccc12,6.5622,-23.645598013268703,-49.78624431620512,9.23931,False
L3,P40879,Cc1c(ccc2c1OC(=O)C(=C2C)CC(=O)O)OCc3cccc(c3)Br,6.8539,-40.01052025844304,-63.29562111561714,8.71419,False
L3,P40879,Cc1c(CC(=O)O)c(=O)oc2c(F)c(OCc3cccc(Br)c3)ccc12,7.1079,-69.79739003416566,-130.67296776271797,8.6885,True
L3,P43250,Cc1[nH]c(/C=C2\C(=O)Nc3ccc(C(=O)N[C@H](C)c4ccc(F)cc4)cc32)c(C)c1NC(=O)C(=O)c1ccco1,7.6576,0.2523475005510889,-53.944751213254655,7.7411,True
L3,P43250,Cc1nc2ccccn2c1C(=O)Nc1c(C)[nH]c(/C=C2\C(=O)Nc3ccc(C(=O)N[C@H](C)c4ccc(F)cc4)cc32)c1C,7.3979,-28.904590897653392,-70.1256311681369,8.21779,True
L3,P43250,Cc1[nH]c(/C=C2\C(=O)Nc3ccc(C(=O)N[C@H](C)c4ccc(F)cc4)cc32)c(C)c1NC(=O)[C@@H](O)c1ccco1,7.4437,-5.410618029842652,-53.74617256105181,8.0567,True
L3,P43250,Cc1[nH]c(/C=C2\C(=O)Nc3ccc(C(=O)N[C@H](C)c4ccc(F)cc4)cc32)c(C)c1NC(=O)[C@H](O)c1ccco1,7.2076,-21.964331195617216,-66.61294660603453,7.92268,True
L3,P43250,Cc1[nH]c(/C=C2\C(=O)Nc3ccc(C(=O)N[C@H](C)c4ccc(F)cc4)cc32)c(C)c1NC(=O)C1CCCO1,7.3979,-13.654942083069514,-53.62265271706735,7.72201,True
L3,P43250,Cc1[nH]c(/C=C2\C(=O)Nc3ccc(C(=O)N[C@H](C)c4ccc(F)cc4)cc32)c(C)c1NC(=O)c1cccs1,6.6576,-5.519235642901478,-41.39907735460108,7.72747,True
L3,P43250,Cc1nc(C(=O)Nc2c(C)[nH]c(/C=C3\C(=O)Nc4ccc(C(=O)N[C@H](C)c5ccc(F)cc5)cc43)c2C)c(C)s1,7.0,-4.783570137731566,-46.37862807366863,7.93863,True
L3,P43250,Cc1[nH]c(/C=C2\C(=O)Nc3ccc(C(=O)N[C@H](C)c4ccc(F)cc4)cc32)c(C)c1NC(=O)c1ccc(F)nc1,6.7212,0.1196514801141397,-38.35568132195476,7.8345,True
L3,P43250,Cc1[nH]c(/C=C2\C(=O)Nc3ccc(C(=O)N[C@H](C)c4ccc(F)cc4)cc32)c(C)c1NC(=O)[C@H]1CCOC1,7.2218,-12.6721941973906,-52.01080820742682,7.90768,True
L3,P43250,Cc1[nH]c(/C=C2\C(=O)Nc3ccc(C(=O)N[C@H](C)c4ccc(F)cc4)cc32)c(C)c1NC(=O)C1CCOCC1,7.4815,-6.049042276658472,-44.83025961148304,7.86591,True
L3,P51684,CC(C)c1ccc([C@](O)(c2cccc(-c3noc(C(C)(C)O)n3)c2)C2(C)CN(C)C2)cc1,7.3468,-90.72472032845118,-335.44643276128306,9.77271,True
L3,P51684,Cc1cn(nc1[C@@H](C2(CCCC2)C)NC3=C(C(=O)C3=O)Nc4ccnc(c4O)C(=O)N(C)C)C,8.5086,-42.24679488704036,-75.68349786545312,8.10608,True
L3,P51684,C[C@@H]1CCC[C@H](C)[C@@H]1Nc1c(Nc2ccnc(C(=O)N(C)C)c2O)c(=O)c1=O,7.0969,-31.38880020250652,-84.5328448344899,7.9131,True
L3,P51684,C[C@H]1CCCC[C@H]1Nc1c(Nc2ccnc(C(=O)N(C)C)c2O)c(=O)c1=O,8.0605,-31.12061423921624,-59.43858219694253,8.19998,True
L3,P51684,CN(C)C(=O)c1nccc(Nc2c(NC3CCCCC3)c(=O)c2=O)c1O,6.301,-23.47052403244405,-61.20609703078669,8.16752,True
L3,P51684,C[C@H]1OCCC[C@@]1(C)Nc1c(Nc2ccnc(C(=O)N(C)C)c2O)c(=O)c1=O,6.8539,-33.488244401988894,-79.34762409177024,7.67999,True
L3,P51684,CC[C@H](c1cc(co1)C(C)C)NC2=C(C(=O)C2=O)Nc3ccnc(c3O)C(=O)N(C)C,6.5686,-24.565853331614377,-59.73156608768552,8.09111,True
L3,P51684,C[C@@H]1OCCC[C@]1(C)Nc1c(Nc2ccnc(C(=O)N(C)C)c2O)c(=O)c1=O,7.3768,-32.62427010451595,-62.644152838384926,8.24303,True
L3,P51684,C[C@@H]1CCCC[C@@H]1Nc1c(Nc2ccnc(C(=O)N(C)C)c2O)c(=O)c1=O,7.9208,-31.1895524295878,-60.951335047996,8.29311,True
L3,P51684,C[C@H]1CCCC[C@@]1(C)Nc1c(Nc2ccnc(C(=O)N(C)C)c2O)c(=O)c1=O,6.9586,-37.66671405571759,-80.51949835305064,8.10837,True
L3,P56528,Cc1cc(C(=O)N[C@H]2CC[C@H](NCC(F)F)CC2)nc(-c2cn[nH]c2)n1,6.0,-18.515688037826337,-46.061741170436655,6.50108,True
L3,P56528,Cc1cc(C(=O)N[C@@H]2CCCOC2)nc(-n2ccnc2)c1,9.0,-38.65637994113912,-74.68040222738797,6.37199,True
L3,P56528,Cc1cc(C(=O)N[C@H]2CC[C@H](NC(C)(C)C(F)(F)F)CC2)nc(-n2ccnc2)n1,7.3979,-35.72833362642681,-64.66563276373483,6.71224,True
L3,P56528,CS(=O)(=O)N1CCC(NC(=O)c2cc(C(F)(F)F)cc(-n3ccnc3)n2)CC1,8.2596,-16.240600078118007,-48.01450298431491,6.94269,True
L3,P56528,Cc1cc(C(=O)N[C@H]2CC[C@H](NCC(F)(F)F)CC2)nc(-c2cncn2C)n1,7.3979,-83.42376600499004,-139.31540832966482,6.73515,True
L3,P56528,Cc1cc(C(=O)N[C@H]2CCCN(C)C2=O)nc(-n2ccnc2)c1,7.2596,-16.11176160143443,-39.39481805240541,6.63123,True
L3,P56528,Cc1cc(C(=O)N[C@H]2CC[C@H](NCC(F)(F)F)CC2)nc(-n2ccnc2)n1,7.3979,-89.63774195935606,-132.192292309033,6.86236,True
L3,P56528,Cc1cc(C(=O)N[C@@H]2CCCNC2=O)nc(-n2ccnc2)c1,7.2596,-31.248379838645477,-54.00622626819755,6.74648,True
L3,P56528,Cc1cc(C(=O)NC2CCC(F)(F)CC2)nc(-n2ccnc2)c1,8.2596,-24.47527729683614,-47.7788200225898,6.61939,True
L3,P56528,Cc1cc(C(=O)N[C@H]2CCS(=O)(=O)C2)nc(-n2ccnc2)c1,8.2596,-7.599761700737085,-36.211066814186864,6.56635,True
L3,Q00959,CCc1ccccc1-c1ccc(C(=O)NC[C@@H](N)C(=O)O)s1,7.2441,-7.060433522468996,-26.46043915916978,5.12617,True
L3,Q00959,NCC(=O)O,6.0,-16.056677699036502,-28.298843284243045,4.57748,True
L3,Q00959,N[C@H](CNC(=O)c1cc(Br)c(-c2ccccc2Br)s1)C(=O)O,7.7447,-33.86384999791747,-75.23930076233054,6.68177,True
L3,Q00959,N[C@H](CNC(=O)c1ccc(-c2cccc3ccccc23)s1)C(=O)O,6.9914,-77.94818555802595,-123.31818441003796,6.84333,True
L3,Q00959,c1cc(cc(c1)Cl)C(COc2cnc(cn2)C(=O)NC3(CC3)c4cnccn4)(F)F,6.7375,-17.70093484004653,-40.30935479062688,5.63136,True
L3,Q00959,Cc1nc(C(=O)NCc2cccnc2)cnc1OCC(F)(F)c1cc(Cl)ccn1,7.3565,-19.53568207342312,-41.16778241917535,5.86018,True
L3,Q00959,N[C@H](CNC(=O)c1ccc(-c2ccccc2C(F)(F)F)s1)C(=O)O,6.8239,-28.10121182434595,-55.092837627741794,5.71975,True
L3,Q00959,COc1cccc(F)c1-c1ccc(C(=O)NC[C@@H](N)C(=O)O)s1,6.5376,-85.02705808225612,-132.903353901697,6.49638,True
L3,Q00959,CCc1ccccc1-c1ccc(o1)C(=O)NC[C@@H](N)C(O)=O |r|,6.2676,-25.61734393305012,-52.65113511182994,5.58895,True
L3,Q00959,Cc1c(ncc(n1)C(=O)NCc2cccnc2)OCS(=O)(=O)c3cccc(c3)Cl,7.6021,-30.564587542622707,-58.43514118805029,5.94647,True
L3,Q00961,CC1(F)CN(C(=O)Cn2cnc3sc(C#N)c(-c4ccc(F)c(Br)c4)c3c2=O)C1,6.0269,-5.286847406363524,-28.068561063846484,4.31373,True
L3,Q00961,Cc1sc2ncn(CC(=O)N3CC(C)(F)C3)c(=O)c2c1-c1ccc(F)c(Br)c1,6.2007,-19.048894188832016,-36.592527201446224,4.60206,True
L3,Q00961,N[C@H](CO)C(=O)O,6.6778,-31.25019534661461,-62.48357557672168,5.22654,True
L3,Q00961,N[C@H](CNC(=O)c1ccc(-c2ccccc2F)s1)C(=O)O,6.6383,-162.16001421154968,-369.3078837825457,4.76335,True
L3,Q00961,N[C@H](CNC(=O)c1cc(Br)c(-c2ccccc2F)s1)C(=O)O,7.4685,-59.79458952448291,-96.67606995994052,5.76116,True
L3,Q00961,Cc1nc(C(=O)NCc2cccnc2)cnc1OCC(F)(F)c1cc(Cl)ccn1,7.0555,-53.65901864937357,-235.23709610767125,4.88455,False
L3,Q00961,CC1(F)CN(C(=O)Cn2cnc3scc(-c4ccc(F)c(Br)c4)c3c2=O)C1,6.0605,-24.5439466973954,-42.27903077381653,4.4421,True
L3,Q00961,N[C@H](CNC(=O)c1ccc(-c2ccccc2C(F)(F)F)s1)C(=O)O,7.0555,-10.024906392310548,-29.59921804059763,4.60809,True
L3,Q00961,Cc1cc(C(=O)NC[C@@H](N)C(=O)O)sc1-c1ccccc1Br,7.6021,-73.92997023772743,-109.68393146052895,5.55315,True
L3,Q00961,N[C@H](CNC(=O)c1ccc(-c2cccc(F)c2F)s1)C(=O)O,6.0315,-70.22952183961206,-106.91245137023262,5.71494,True
L3,Q15878,CCN(C(c1ccc(OC)cc1)C(F)(F)F)S(=O)(=O)C1CCOCC1,6.1101,-165.30667962867432,-215.896104058876,6.28615,True
L3,Q15878,CCN([C@@H](C)c1ccc(F)cc1)S(=O)(=O)c1ccc2[nH]nnc2c1,6.7799,-69.59048351428888,-106.37871531084998,7.21927,True
L3,Q15878,CCN([C@H](c1ccc(F)cc1)C(F)(F)F)S(=O)(=O)c1csc(C#N)c1,6.6904,-16.25797820170111,-44.04696737443288,6.46097,True
L3,Q15878,CCN(C(c1ccc(F)cc1)C(F)(F)F)S(=O)(=O)c1cnc2cc[nH]c2c1,6.6108,-5.415715528929223,-35.24693249880448,7.51278,False
L3,Q15878,C[C@@H](c1ccc(Cl)cc1)N(C)S(=O)(=O)c1ccn2nncc2c1,6.5406,-14.496015680819646,-41.46897316080842,7.18201,True
L3,Q15878,CCN([C@@H](C)c1ccc(F)cc1)S(=O)(=O)c1cnc2nsnc2c1,6.8013,-31.90710898523808,-55.809551124518734,6.86704,True
L3,Q15878,CCN(C(c1ccc(F)cc1)C(F)(F)F)S(=O)(=O)c1ccc2cn[nH]c2c1,6.3298,-24.29903633115629,-51.371640571580286,8.20543,True
L3,Q15878,CCN(C(C)c1ccc(F)cc1)S(=O)(=O)c1cnnc(C)c1,6.719,-12.588559048747095,-34.434855968957855,6.92379,True
L3,Q15878,C[C@@H](c1ccc(Cl)cc1)N(C)S(=O)(=O)c1cncc(C#N)c1,7.5901,-10.76303699451798,-31.386593241441837,6.01066,True
L3,Q15878,CN(C(c1ccc(C(F)(F)F)cc1)C(F)(F)F)S(=O)(=O)c1cncnc1,7.2299,-0.7420120518302173,-19.29205667438486,6.68456,True
L3,Q16665,O=C(O)CNC(=O)c1ncc(-c2cc(-c3ccccc3F)no2)cc1O,6.0975,5.6516396138066565,-24.0511709311996,6.63987,True
L3,Q16665,O=C(O)CNC(=O)c1ncc(-c2cc(-c3cccc4ccccc34)no2)cc1O,6.3116,-29.267711250971047,-77.24960669048822,7.16359,True
L3,Q16665,O=C(O)CNC(=O)c1ncc(-c2cc(-c3cccc(F)c3)no2)cc1O,6.2733,0.0792492493871179,-45.04734338297738,6.90853,True
L3,Q16665,O=C(O)CNC(=O)c1ncc(-c2cc(-c3cccc(Br)c3)no2)cc1O,6.6326,-9.83999520536965,-37.2203624793409,6.9473,True
L3,Q16665,O=C(O)CNC(=O)c1ncc(-c2cc(-c3ccccc3Cl)no2)cc1O,6.3605,-14.03898385170185,-52.19751100317895,6.66325,True
L3,Q16665,O=C(O)CNC(=O)c1ncc(-c2cc(-c3ccc(Br)cc3)no2)cc1O,6.3605,-9.665243888932103,-40.55234265546241,6.41967,True
L3,Q16665,O=C(O)CNC(=O)c1ncc(-c2cc(C3CC3)no2)cc1O,6.0424,-9.965361479062048,-34.513229332672765,5.96799,True
L3,Q16665,O=C(O)CNC(=O)c1ncc(-c2cc(-c3cc(Cl)cc(Cl)c3)no2)cc1O,6.5452,-16.575661823061232,-34.365096802067065,6.62142,True
L3,Q16665,Cc1ccccc1-c1cc(-c2cnc(C(=O)NCC(=O)O)c(O)c2)on1,6.3478,-13.039880618745672,-45.68315320467204,6.89823,True
L3,Q16665,O=C(O)CNC(=O)c1ncc(-c2cc(-c3ccccc3Br)no2)cc1O,6.1605,-10.53055630434514,-37.10040294645227,6.58145,True
L3,Q62645,CCc1ccccc1-c1ccc(C(=O)NC[C@@H](N)C(=O)O)s1,7.0915,-58.20498670858729,-88.66524811377884,6.14287,True
L3,Q62645,NCC(=O)O,6.8861,-16.143810819842507,-29.519400268223507,4.70787,True
L3,Q62645,Cc1sc2ncn(CC(=O)N3CC(C)(F)C3)c(=O)c2c1-c1ccc(Cl)c(Cl)c1,6.0,-27.5709910950644,-45.94782989398573,4.80071,True
L3,Q62645,N[C@H](CNC(=O)c1cc(Br)c(-c2ccccc2Br)s1)C(=O)O,7.7959,-59.215883219161086,-88.52523982855189,7.21281,True
L3,Q62645,N[C@H](CO)C(=O)O,6.7696,-23.002348824135368,-41.7158727835742,6.07116,True
L3,Q62645,N[C@H](CNC(=O)c1ccc(-c2cccc3ccccc23)s1)C(=O)O,6.5186,-17.16692122411893,-41.58671134300271,5.59919,True
L3,Q62645,N[C@H](CNC(=O)c1ccc(-c2ccccc2F)s1)C(=O)O,6.0088,-11.41428219482202,-28.948071869019927,5.03722,True
L3,Q62645,N[C@H](CNC(=O)c1ccc(-c2ccccc2C(F)(F)F)s1)C(=O)O,6.699,-54.79485218958236,-82.6923174418608,6.83331,True
L3,Q62645,Cc1cc(C(=O)NC[C@@H](N)C(=O)O)sc1-c1ccccc1Br,6.9208,-20.57340122836881,-42.18867811378939,4.40548,True
L3,Q62645,CCc1ccccc1-c1cccc2[nH]c(C(=O)NC[C@@H](N)C(=O)O)cc12,7.5086,-69.99929938411972,-107.8217638261444,7.15414,True
L3,Q92830,CN1CC(C)(C)C[C@H]1C(=O)N[C@@H]1CC[C@@H](Oc2cccc(C(=O)NS(C)(=O)=O)c2-c2cccc(F)c2C2CCC2)C1,7.6108,-56.62707803335997,-116.28166947191885,7.15577,True
L3,Q92830,CCS(=O)(=O)NC(=O)[C@H](C)c1ccc(O[C@@H]2CC[C@@H](NC(=O)[C@@]3(F)CNC4(CCC4)C3)C2)c(-c2ccccc2C(C)C)c1,9.6778,-96.24994921997828,-140.44513229513336,7.85758,True
L3,Q92830,CC(C)S(=O)(=O)NC(=O)C(C)(C)c1ccc(O[C@@H]2CC[C@@H](NC(=O)[C@@]3(F)CNCC(C)(C)C3)C2)c(-c2cccc(F)c2C2CCC2)c1,6.6556,-91.59373749203604,-158.02197434983742,8.00098,True
L3,Q92830,CC1(C)C[C@](F)(C(=O)N[C@@H]2CC[C@@H](Oc3ccc(C(C)(C)C(=O)NS(=O)(=O)N4CCC4)cc3-c3cccc(F)c3C3CCC3)C2)CN1,7.8665,-46.44984338866463,-94.1209413588059,7.72276,True
L3,Q92830,CC(C)c1ccccc1-c1cc(CC(=O)NS(=O)(=O)C2(C)CC2)ccc1O[C@@H]1CC[C@@H](NC(=O)[C@@]2(F)CNCC(C)(C)C2)C1,9.9586,-71.60440853305118,-117.92496661113287,7.76744,True
L3,Q92830,CC(C)S(=O)(=O)NC(=O)C(C)(C)c1ccc(O[C@@H]2CC[C@@H](NC(=O)[C@]3(F)CNC4(CCC4)C3)C2)c(-c2cccc(F)c2C2CCC2)c1,9.8539,-69.37569604386019,-111.6700713032434,6.66147,True
L3,Q92830,CCS(=O)(=O)NC(=O)C(C)(C)c1ccc(O[C@@H]2CC[C@@H](NC(=O)[C@@]3(F)CNCC4(CCC4)C3)C2)c(-c2cccc(F)c2C2CCC2)c1,10.3979,-154.81266827892395,-390.5387905301696,7.40211,True
L3,Q92830,CC(C)c1ccccc1-c1cc(CC(=O)NS(=O)(=O)C(C)C)ccc1O[C@@H]1CC[C@@H](NC(=O)[C@@]2(F)CNC3(CCC3)C2)C1,9.9586,-79.40041300719378,-132.95765477355226,8.13514,True
L3,Q92830,O=C(O)c1nn(C2CC2)cc1-c1ccc(O[C@@H]2CC[C@@H](NC(=O)[C@@]3(F)CNC4(CCC4)C3)C2)c(-c2cccc(F)c2C2CCC2)c1,10.0969,-86.75309795703035,-132.7811275830861,7.92155,True
L3,Q92830,[2H]C([2H])([2H])N1CC(C)(C)C[C@H]1C(=O)N[C@@H]1CC[C@@H](Oc2ccc(C(C)(C)C(=O)O)cc2-c2cccc(F)c2C2CCC2)C1,8.0521,-160.6198189850216,-251.8462113872956,7.09901,True
L3,Q96LB1,FC1(OC=2C(=CC3=C(N=C(S3)NC([C@H](C)N3C[C@@H](C[C@H](C3)C3=CNC(C=C3)=O)F)=O)C2)O1)F,7.0458,-6.834642428526433,-40.319152421024896,6.9559,True
L3,Q96LB1,NS(=O)(=O)N1CC(CNc2cc(C(F)(F)F)nc3ccc(Cl)cc23)(c2ccc3ccccc3n2)C1,10.0,-5.146586641450451,-38.88802524385402,7.11918,True
L3,Q96LB1,FC1(OC=2C(=CC3=C(N=C(S3)NC([C@H](C)N3C[C@H]([C@H](CC3)F)C3=CC=[N+](C=C3)[O-])=O)C2)O1)F,6.6517,-15.196039828358405,-41.243663834137,7.34657,True
L3,Q96LB1,O1COC2=CC3=C(N=C(S3)NC([C@H](C)N3CCC(CC3)(F)F)=O)C=C21,7.7696,-19.234705986453434,-46.96048259173715,5.86691,True
L3,Q96LB1,O=c1c2ccccc2[nH]c(=S)n1Cc1nccs1,7.4949,-12.420021127789068,-27.32503565623619,5.34534,True
L3,Q96LB1,FC1(OC=2C(=CC3=C(N=C(S3)NC([C@H](C)N3C[C@H](CCC3)C3=CC=[N+](C=C3)[O-])=O)C2)O1)F,6.6536,-20.12921124648622,-47.58131329234278,6.9321,True
L3,Q96LB1,FC1(CCN(CC1)[C@H](C(=O)NC=1SC=2C(=CC3=C(N=CO3)C2)N1)C)F,6.4802,-8.318792546187858,-30.78876780593953,6.06401,True
L3,Q96LB1,FC1(OC=2C(=CC3=C(N=C(S3)NC([C@H](C)N3C[C@@H](C(CC3)(F)F)C3=CC(=[N+](C=C3)[O-])[C@@H](CO)O)=O)C2)O1)F,7.5229,-9.061340863027064,-44.64831989103862,7.09562,True
L3,Q96LB1,FC1([C@@H](CN(CC1)[C@H](C(=O)NC=1SC2=C(N1)C=C1CCCC1=C2)C)C=2N=CC(NC2)=O)F,7.5376,-9.693610759983256,-40.44045981477436,6.73592,True
L3,Q96LB1,O=c1c2ccccc2[nH]c(=S)n1Cc1cccs1,6.289,-8.391354739816272,-21.044965226721608,5.5711,True
L3,Q9HCR9,Cc1nn(-c2ccc(F)cc2)c2nc(-c3ccnn3C)cc(-c3nnco3)c12,7.3768,-47.47201870946563,-83.36581574512886,9.1554,True
L3,Q9HCR9,CCn1nccc1-c1cc(-c2nnc(C)o2)c2c(C)nn(-c3ccccc3)c2n1,7.1612,-99.69099403685266,-254.1317832951691,9.71167,True
L3,Q9HCR9,CCn1nccc1-c1cc(-c2nnc(C)s2)c2cnn(-c3ccc(F)cc3)c2n1,6.9172,-17.819932956878716,-41.08986925498194,9.53941,True
L3,Q9HCR9,CCn1nccc1-c1cc(-c2nnc(C)s2)c2c(C)nn(-c3ccc(F)cc3)c2n1,6.9318,-38.6842571629303,-60.81398231463672,9.74268,True
L3,Q9HCR9,CCn1nccc1-c1cc(-c2nnco2)c2cnn(-c3ccccc3F)c2n1,7.0757,-14.315735803763197,-42.135742405720165,9.34662,True
L3,Q9HCR9,CCN(CC)C(=O)c1cc(nc2n(nc(C)c12)-c1ccc(F)cc1)-c1ccnn1C,7.1871,-23.981931605263853,-46.43017043886859,8.64061,True
L3,Q9HCR9,CCN(CC)C(=O)c1cc(nc2n(nc(C(F)F)c12)-c1ccccc1)-c1ccnn1C,7.9208,-24.978799155279365,-50.56138592714049,8.41047,True
L3,Q9HCR9,CCn1nccc1-c1cc(-c2nnc[nH]2)c2c(C)nn(-c3ccccc3F)c2n1,7.3279,-49.19204554456715,-87.6804692651207,9.15737,True
L3,Q9HCR9,CCN(CC)C(=O)c1cc(nc2n(nc(C)c12)-c1ccccc1)-c1ccnn1CC,7.301,-18.79096030303226,-44.10648385121204,8.44714,True
L3,Q9HCR9,Cc1nn(-c2ccc(F)cc2F)c2nc(-c3ccnn3C)cc(-c3nnco3)c12,7.4089,-60.384240588238114,-138.59956359950132,9.82377,True
L3,Q9NPC1,CCCCC[C@H](O)/C=C/C=C/C/C=C\CCCC(=O)O,7.7201,-51.0641773836464,-76.3651951017159,7.24344,False
L3,Q9NPC1,CCc1cc(N2Cc3ccc(-c4ccccc4-c4nnn[nH]4)cc3C2)no1,7.2291,-42.73629819371104,-63.960588047206336,8.87467,True
L3,Q9NPC1,CCCCC(=O)N1CC2(C1)CN(c1ccccc1-c1nnn[nH]1)C2,7.5086,-37.36521880489959,-63.19838999096103,7.56807,True
L3,Q9NPC1,CCCCC(=O)N1CC2(CCN(c3ccccc3-c3nnn[nH]3)C2)C1,7.0969,-44.21748326333776,-76.89027745583901,7.50139,True
L3,Q9NPC1,CCCCC(=O)N1CC2(CCN(c3ccccc3-c3nnn[nH]3)CC2)C1,6.2518,-30.965537833508044,-54.03849942411624,6.38373,True
L3,Q9NPC1,CCCCC(=O)N1Cc2ccc(-c3ccccc3C(=O)O)cc2C1,6.2154,-28.07497289597857,-44.33649290222616,5.35146,True
L3,Q9NPC1,CCc1cc(C(C)=O)c(O)cc1OCCCCCC(C)(C)c1nn[nH]n1,6.8416,-32.93634120477732,-63.354670079853626,5.95132,True
L3,Q9NPC1,CCCCC(=O)N1CCC2(CC1)CN(c1ccccc1-c1nnn[nH]1)C2,7.0269,-34.48292128923689,-80.03874848373131,7.38932,True
L3,Q9NPC1,CCCCC(=O)N(Cc1ccc(cc1)-c1ccccc1C(O)=O)c1ccccc1,7.2007,-34.502474069492415,-55.64143376729603,5.9108,True
L3,Q9NPC1,CCCCC(=O)N1CCC2(CCN(c3ccccc3-c3nnn[nH]3)C2)C1,6.9957,-43.43995485939018,-75.21638283451577,7.43788,False
L3,Q9NR22,N=C(NCCSC[C@H]1O[C@@H](n2cnc3c(N)ncnc32)[C@H](O)[C@@H]1O)Nc1ccccc1Br,7.4949,-44.740624054886126,-110.6366820739568,7.08869,False
L3,Q9NR22,C[S+](CC[C@H](N)C([O-])=O)C[C@H]1O[C@H]([C@H](O)[C@@H]1O)n1cnc2c(N)ncnc12,6.1198,-121.41189046863336,-226.1400882002464,7.57725,True
L3,Q9NR22,CNCCNCc1c[nH]nc1-c1ccc(O[C@H]2C[C@H](OCCC3CCCCC3)C2)cc1,6.6517,-83.36845406907236,-124.88624376421544,7.64293,True
L3,Q9NR22,Cc1cc(C)c(CNC(=O)c2cc(Cl)c3c(c2C)O[C@@](C)([C@H]2CC[C@H](N(C)C)CC2)O3)c(=O)[nH]1,6.0,-53.05061960422417,-73.360723818341,7.47137,True
L3,Q9NR22,Cc1cc(C)c(CNC(=O)c2cc(Br)c3c(c2C)OC(C)(C2CCC(N(C)C)CC2)O3)c(=O)[nH]1,6.0,-58.54649486600936,-77.55618623844742,7.77429,True
L3,Q9NR22,CNC[C@H](O)CN(C)Cc1ccccc1OCc1ccc(-c2nccs2)c(Cl)c1,7.1367,-88.27786664903185,-122.41138950122205,6.70419,True
L3,Q9NR22,CCOCC1(COCC)CCC(c2n[nH]cc2CN(C)CCNC)CC1,8.7696,-102.70092193445986,-241.53589402165065,5.57684,True
L3,Q9NR22,CC(C)Oc1ccc(-c2c[nH]cc2CNCCN)cc1,8.301,-109.70444705870608,-147.43614746921023,7.3345,True
L3,Q9NR22,CC(C)Oc1ccc(-c2c[nH]cc2CN(C)CCN)cc1,8.301,-81.10900722237848,-115.95862651410556,7.08986,True
L3,Q9NR22,CNCCN(C)Cc1ccccc1OC1CCC(COC)(COC)CC1,7.6198,-111.6758049002711,-141.70193753650318,6.78248,True
L3,Q9UKS7,O=C1CCC(N2Cc3c(ccc4c3OCC43CCN(Cc4ccc5c(c4)NC(=O)C5)CC3)C2=O)C(=O)N1,6.2596,-37.02885761562463,-78.1314659212778,5.92337,True
L3,Q9UKS7,O=C1CCC(N2Cc3c(ccc4c3OCC43CCN(Cc4ccc(F)c(F)c4)CC3)C2=O)C(=O)N1,6.2596,-17.718102395096906,-39.59540430207794,5.66987,True
L3,Q9UKS7,Cn1cc(-c2cccc(CN3CCC4(CC3)COc3c4ccc4c3CN(C3CCC(=O)NC3=O)C4=O)c2)cn1,6.2596,-29.88016972439316,-60.31443646401063,5.72609,True
L3,Q9UKS7,Cn1ccc2ccc(CN3CCC4(CC3)COc3c4ccc4c3CN(C3CCC(=O)NC3=O)C4=O)cc21,6.2596,-63.95813924049607,-134.6370330768501,5.52254,True
L3,Q9UKS7,O=C1CCC(N2Cc3c(ccc4c3OCC43CCN(Cc4ccc5ccoc5c4)CC3)C2=O)C(=O)N1,6.2596,-104.79619949805428,-224.60562436014476,5.70331,True
L3,Q9UKS7,O=C1CCC(N2Cc3c(ccc4c3OCC43CCN(Cc4cc(Br)cc5[nH]ncc45)CC3)C2=O)C(=O)N1,6.2596,-29.624959991582987,-59.311280526532975,5.84885,True
L3,Q9UKS7,CN1CC2(CCNCC2)c2ccc3c(c21)CN([C@H]1CCC(=O)NC1=O)C3=O,6.0,-18.880595080088128,-46.1664371326424,4.9386,True
L3,Q9UKS7,Cc1ccc(CN2CCC3(CC2)COc2c3ccc3c2CN(C2CCC(=O)NC2=O)C3=O)cc1,6.2596,-72.88140164144585,-186.87851838459935,5.69854,True
L3,Q9UKS7,O=C1CCC(N2Cc3c(ccc4c3OCC43CCN(Cc4cccc(-c5cc[nH]n5)c4)CC3)C2=O)C(=O)N1,7.2596,-25.38920164591937,-59.38915838604073,5.58264,True
L3,Q9UKS7,O=C1CCC(N2Cc3c(ccc4c3OCC43CCN(Cc4cccc(-c5cccnc5)c4)CC3)C2=O)C(=O)N1,6.2596,-21.843798202403608,-50.46326217832435,5.98573,True
L3,Q9Y4K4,COc1ncc(F)cc1CNc1ccc(Cc2c[nH]c3ncc(C)cc23)c(F)n1,6.0,-63.92798951562121,-94.83422961817776,8.60208,True
L3,Q9Y4K4,C[C@@]12[C@@H]([C@@H](C[C@@H](O1)n3c4ccccc4c5c3c6n2c7ccccc7c6c8c5C(=O)NC8)NC)OC,8.5086,-86.55833725037914,-111.6541992088284,12.32757,True
L3,Q9Y4K4,CNC(=O)c1cc(Oc2ccc(NC(=O)Nc3cc(nn3-c3ccc4ncccc4c3)C(C)(C)C)c(F)c2)ccn1,7.0044,-44.76123722866532,-84.68074504525363,8.77846,True
L3,Q9Y4K4,CC(C)(O)Cn1cc(-c2cc(C(C)(C)O)c3nc(Nc4ccc5c(c4)C(C)(C)OC5=O)ncc3c2)cn1,7.8861,-64.86358106186839,-141.31125141438392,8.82682,True
L3,Q9Y4K4,c1ccc2c(-c3coc4cc(-c5ccc(N6CCNCC6)cc5)cnc34)ccnc2c1,6.2684,-64.48837884420121,-94.29394902615964,8.91373,True
L3,Q9Y4K4,COc1cc(Nc2ccc3c(n2)CN(C)C32CCN(C3COC3)CC2)c(C(N)=O)nc1-c1cccc2c1ncn2C,6.7328,-101.9097833246038,-282.2699118903551,9.71077,False
L3,Q9Y4K4,O=c1[nH]ccc2c(-c3cnc4cc(F)ccn34)ccc(Nc3ccc(C4CCOCC4)c(CN4CC[C@H](F)C4)n3)c12,6.983,-78.0474418486008,-132.16290287896092,9.78865,False
L3,Q9Y4K4,CN(C)Cc1nc(Nc2ccc(c3CNC(=O)c23)-c2cnc3cc(F)ccn23)ccc1C1CCOCC1,6.5171,-68.25803626128717,-100.94719872490316,8.50856,True
L3,Q9Y4K4,Cn1cc(cn1)-c1cnc(N)c(c1)C(=O)N[C@H]1CCC[C@@H]1OCc1ccc(cc1)-c1ccc(cc1)C(C)(C)N1CCN(CCO)CC1 |r|,6.2757,-85.39324504332639,-121.73713740508732,7.70415,True
L3,Q9Y4K4,O=C1NCc2c(-c3cnc4cc(F)ccn34)ccc(Nc3ccc4c(n3)CN(CCN3CCOCC3)C43CCOCC3)c21,6.7375,-45.71896823955099,-96.38868582745098,9.23209,True
L3,Q9Y6M4,Cc1cc(CC(=O)Nc2cc(-c3[nH]c4cccnc4c3-c3ccccn3)ccn2)n(C)n1,7.451,-44.4256062630534,-80.09145495664913,8.51333,True
L3,Q9Y6M4,Cc1cc(CC(=O)Nc2cc(-c3[nH]c4cccnc4c3-c3ccccn3)ccn2)nn1C,7.4989,-70.12345083948962,-108.96335910286624,8.10569,True
L3,Q9Y6M4,Cn1cc(C(CC(F)F)C(=O)Nc2cc(-c3[nH]c4cccnc4c3-c3ccccn3)ccn2)cn1,7.2027,-41.95153375019473,-74.51991964170595,8.63333,True
L3,Q9Y6M4,O=C(Cc1ccns1)Nc1cc(-c2[nH]c3cccnc3c2-c2ccccn2)ccn1,7.5686,-40.61630163463422,-76.27143953999703,8.06831,True
L3,Q9Y6M4,O=C(Nc1cc(-c2[nH]c3ncc(F)nc3c2-c2ccccn2)ccn1)[C@H](CC(F)F)c1ccc(F)cc1,8.6198,-40.0950607844441,-78.40256224635561,9.25155,True
L3,Q9Y6M4,O=C(Cc1cnco1)Nc1cc(-c2[nH]c3cccnc3c2-c2ccccn2)ccn1,7.2984,-32.28661099223915,-63.8021835703774,8.04093,True
L3,Q9Y6M4,Cc1nc(CC(=O)Nc2cc(-c3[nH]c4cccnc4c3-c3ccccn3)ccn2)co1,7.1911,-37.90957433622829,-68.1300717266246,8.50449,True
L3,Q9Y6M4,Cc1ocnc1CC(=O)Nc1cc(-c2[nH]c3cccnc3c2-c2ccccn2)ccn1,6.9208,-39.758924517341086,-62.80614009725981,8.27993,True
L3,Q9Y6M4,O=C(Cc1ccn(CC(F)(F)F)n1)Nc1cc(-c2[nH]c3cccnc3c2-c2ccccn2)ccn1,7.8297,-41.981127125049696,-80.6372278433455,8.37015,True
L3,Q9Y6M4,Cc1noc(C)c1CC(=O)Nc1cc(-c2[nH]c3cccnc3c2-c2ccccn2)ccn1,7.2034,-34.97295474807984,-67.96625496277382,7.95503,True
L4,O00767,Cn1nc(-c2nc(N3CCC(Cc4ccc(F)c(F)c4)CC3)no2)ccc1=O,6.0655,-50.5675086886413,-77.14837072959386,9.03447,True
L4,O00767,Cn1nc(NC(=O)N2CCC(Oc3ccc(C(F)(F)F)c(F)c3)CC2)ccc1=O,7.1549,-32.82917325860941,-59.90219883324925,7.35567,True
L4,O00767,Cn1nc(NC(=O)N2CCC(Cc3cc(F)cc(F)c3)CC2)ccc1=O,6.1675,-50.59343290843693,-72.16085311381256,8.17504,True
L4,O00767,Cn1nc(NC(=O)N2CCC(Oc3cccc(C(F)(F)F)c3)CC2)ccc1=O,7.699,-67.3802494430113,-99.45244612689108,9.3924,True
L4,O00767,Cn1nc(NC(=O)N2CCC(Oc3ccccc3Cl)CC2)ccc1=O,6.3768,-60.8504462523329,-95.57733487313229,8.60527,False
L4,O00767,Cc1cc(NC(=O)N2CCC(Cc3cc(F)cc(F)c3)CC2)nn(C)c1=O,7.301,-36.23795985903458,-61.35710923953169,8.62532,True
L4,O00767,Cc1cc(NC(=O)N2CCC(Cc3ccc(F)c(F)c3)CC2)nn(C)c1=O,6.5086,-39.89833373970577,-60.42253231461117,8.28593,True
L4,O00767,Cn1nc(NC(=O)N2CCC(Cc3ccccc3Cl)CC2)ccc1=O,6.3565,-21.868366436393167,-42.8954787547402,7.19413,True
L4,O00767,Cn1nc(NC(=O)N2CCC(Cc3ccc(F)c(Cl)c3)CC2)ccc1=O,6.3565,-56.90934998132377,-87.88820205252989,8.81922,True
L4,O00767,Cn1cc(-c2nc(N3CCC(Cc4cc(F)cc(F)c4)CC3)no2)ccc1=O,6.1427,-49.49840748178159,-77.12018495384672,8.9789,True
L4,O75747,CC(Nc1ncnc2[nH]cnc12)c1cc2cccc(Cl)c2c(=O)n1-c1ccccc1,7.0,-105.13715460533456,-147.8405494025659,7.71835,True
L4,O75747,CNc4ncc(C(F)(F)F)c(N[C@@H](C)c2cc1cccc(Cl)c1c(=O)n2c3ccccc3)n4,7.0,-93.0200266165141,-137.08718030157436,7.40832,True
L4,O75747,Cc1ccccc1-n1c(Cn2nc(-c3cnn(CCO)c3)c3c(N)ncnc32)cc2cccc(C)c2c1=O,6.0,-66.17770432494346,-107.89590121802378,8.33365,True
L4,O75747,Cc1cccc2cc(Cn3nc(-c4cc(O)cc(F)c4)c4c(N)ncnc43)n(C3CC3)c(=O)c12,7.0,-65.14382028994933,-94.68956425844628,9.90476,True
L4,O75747,Cc1cccnc1-n1c(Cn2nc(-c3ccc(Cl)c(O)c3)c3c(N)ncnc32)cc2cccc(C)c2c1=O,7.0,-57.34998835508394,-91.9228766212152,9.71034,True
L4,O75747,Cc1cccc2cc(Cn3nc(-c4cc(O)cc(F)c4)c4c(N)ncnc43)n(C3CCCC3)c(=O)c12,7.0,-53.79527496060406,-83.2455496445535,10.31406,True
L4,O75747,Cc1cccc2cc([C@H](C)Nc3ncnc4[nH]nc(C(N)=O)c34)n(-c3ccccc3)c(=O)c12,7.0,-139.62407392861775,-207.54149707630745,7.90709,True
L4,O75747,Cc1ccccc1-n1c(Cn2nc(-c3ccc4cc[nH]c4c3)c3c(N)ncnc32)cc2cccc(C)c2c1=O,7.0,-56.85284869698482,-91.34456847998833,9.89723,True
L4,O75747,C[C@H](Nc1ncnc2ccsc12)c1cc2cccc(Cl)c2c(=O)n1-c1ccccc1,7.0,-145.44680820917787,-227.75887211412183,7.3598,True
L4,O75747,[2H]c1nc2c(N[C@@H](C)c3cc4cccc(Cl)c4c(=O)n3-c3ccccc3)ncnc2[nH]1,7.0,-143.57018717712373,-232.18363932603447,7.24095,True
L4,O94782,COC(=O)Cc1cnc(-c2ccccc2C(C)C)nc1NCc1ccc(-c2nc(C(F)(F)F)cn2C)cc1,8.8861,-24.725697279806518,-58.0877636280204,9.53578,True
L4,O94782,COc1ncnc(C2CC2)c1-c1ncc2c3ccc(NS(C)(=O)=O)cc3n(Cc3ccc(-c4nc(C(F)(F)F)cn4C)cc3)c2n1,8.1421,-54.02426457587895,-114.41976454773182,10.01441,True
L4,O94782,COc1ncnc(C2CC2)c1-c1ncc2c3ccncc3n(Cc3ccc4c(c3)CCCn3cc(C(F)(F)F)nc3-4)c2n1,8.5031,-75.50756370404045,-144.46682838414625,11.04289,True
L4,O94782,COc1ccc2c(c1)c1cnc(-c3c(OC)ncnc3C3CC3)nc1n2Cc1ccc(-c2nc(C(F)(F)F)cn2C(C)C)cc1,7.5834,-43.89347254776908,-80.2587328384376,10.82919,True
L4,O94782,COc1ncnc(C2CC2)c1-c1ncc(F)c(N2CCCCC2c2ccc(-c3nc(C(F)(F)F)cn3C(C)C)cc2)n1,6.5057,-11.917339858553955,-45.39188172063199,8.80829,False
L4,O94782,COc1cnc(-c2c(OC)ncnc2C2CC2)nc1NCC1CCN(c2nc(C(F)(F)F)cn2C)CC1,8.0757,-141.0476499609983,-197.03139302152343,8.74441,True
L4,O94782,Cc1cc(C(F)(F)F)nn1-c1ccc(CNc2nc(-c3ccccc3C3CC3)nc3ccoc23)cc1,8.2924,-24.19033332211108,-54.22105248035636,10.72417,False
L4,O94782,COc1ncnc(C2CC2)c1-c1ncc2c3cn(C)nc3n(Cc3ccc(-c4nc(C(F)(F)F)c5ccccn45)cc3)c2n1,8.4559,-32.59017296618139,-65.07768535500985,11.38686,True
L4,O94782,COc1ncnc(C2CC2)c1-c1nc(NCc2ccc(-c3nc(C(F)F)cn3C)cc2)c2occc2n1,7.699,-25.527965231451844,-70.56378684058785,9.42115,False
L4,O94782,COC1CC(Oc2ccc(CNc3nc(-c4ccccc4C(C)C)nc4ccoc34)cc2)C1,7.585,-50.05245040162266,-68.40442109191383,8.88395,False
L4,P09871,C[C@@H](NC(=O)[C@@H]1C[C@@H](C(F)(F)F)CN1C(=O)CNC(=O)c1ccc(Oc2ccc(F)cc2)cc1)c1cc(C(=N)N)cs1,7.0,-121.3391661313068,-188.9409424032464,9.29309,True
L4,P09871,CC(C)c1ccc(Oc2ccc(C(=O)NCC(=O)N3C[C@H](OC(F)F)C[C@H]3C(=O)N[C@H](C)c3cc(C(=N)N)cs3)cc2)cc1,7.0,-66.30297466559016,-123.87961403194596,8.78515,False
L4,P09871,C[C@@H](NC(=O)[C@@H]1CC2(CN1C(=O)CNC(=O)c1ccc3c(c1)-c1ccc(F)cc1C3(F)F)OCCO2)c1cc(C(=N)N)cs1,7.0,-191.74787630494123,-354.87192029149315,9.59286,True
L4,P09871,C[C@@H](NC(=O)[C@@H]1C[C@@H](S(C)(=O)=O)CN1C(=O)CNC(=O)c1ccc2c(c1)oc1ccccc12)c1cc(C(=N)N)cs1,7.0,-65.89784836511267,-112.74150254016136,9.42942,True
L4,P09871,NCCCC(=O)Nc1csc(CNC(=O)[C@@H]2CC3(CN2C(=O)CNC(=O)c2ccc(Oc4ccc(F)cc4)cc2)OCCO3)c1,6.0,-67.49769969989222,-111.58730425677456,7.54535,True
L4,P09871,C[C@@H](NC(=O)[C@@H]1C[C@](F)(CF)CN1C(=O)CNC(=O)c1ccc2[nH]c3ccccc3c2c1)c1cc(C(=N)N)cs1,7.0,-100.78026129550092,-178.8880639218856,9.55298,True
L4,P09871,N=C(N)c1csc(CNC(=O)[C@@H]2CC3(CN2C(=O)CNC(=O)c2ccc(-c4ccc(F)cc4)o2)OCCO3)c1,7.0,-68.48312353772255,-112.04488491802245,8.88445,True
L4,P09871,C[C@@H](NC(=O)[C@@H]1C[C@H](C2OCCCO2)CN1C(=O)CNC(=O)c1ccc(Oc2ccc(F)cc2)cc1)c1cc(C(=N)N)cs1,7.0,-118.23658014404025,-212.8775104955241,9.1036,False
L4,P09871,C[C@@H](NC(=O)[C@@H]1C[C@@H](OC(F)F)CN1C(=O)CNC(=O)c1ccc2c(c1)sc1ccccc12)c1cc(C(=N)N)cs1,7.0,-178.46382729856484,-244.92196452861188,9.10647,True
L4,P09871,C[C@H](O)[C@H](O)[C@@H](O)[C@@H](O)CNCC(=O)NCCOC[C@@]12C[C@@H]1N(C(=O)CNC(=O)CCCOc1ccccc1)[C@H](C(=O)N[C@H](C)c1cc(C(=N)N)cs1)C2,7.0,-71.61541136980915,-149.66756981421213,7.28336,True
L4,P24863,Cc1c(Br)c(Br)c2CCCn3c(nc1c23)N1CCNCC1,7.8539,-45.96141945111711,-57.6577406946905,5.856,True
L4,P24863,Cc1c(Br)c(Br)cc2c1nc(N1CCNCC1)n2C1CCOCC1,8.1024,-75.00978910036524,-93.95670507888536,6.0031,True
L4,P24863,Brc1cc2c(nc(N3CCNCC3)n2C2CCOCC2)c(C2CC2)c1Br,7.3098,-41.14945266138328,-61.91767732596706,6.37896,True
L4,P24863,Cc1c(Br)c(Br)cc2c1nc(N1CCNCC1)n2C1CCCC1,7.4437,-75.60734918469366,-90.87944253242084,5.90989,True
L4,P24863,Cc1c(Br)c(Br)cc2c1nc(N1CCNCC1)n2[C@H]1CC[C@H](O)CC1,7.9586,-22.448302954127435,-40.88241103179422,6.06255,True
L4,P24863,N[C@@H]1CCN(c2nc3c(C(F)F)c(Br)c(Br)cc3n2C2CCOCC2)C1,7.699,-63.22183733134048,-189.7266822736684,6.37785,True
L4,P24863,Clc1c(Br)c(Br)cc2c1nc(N1CCNCC1)n2C1CCOCC1,7.041,-18.759461773994865,-42.357348920488285,5.86887,True
L4,P24863,NC1CCN(c2nc3c(C(F)F)c(Br)c(Br)cc3n2C2CCOCC2)CC1,7.4559,-28.719509831000728,-46.14632673162784,6.43795,True
L4,P24863,Brc1cc2nc(N3CCNCC3)n(C3CCOCC3)c2cc1Br,6.7799,-17.71818341619024,-33.3625529262902,5.50289,True
L4,P24863,Cc1c(Br)c(Br)cc2c1nc(N1CCNCC1)n2C1CC2(COC2)C1,6.0,-23.12849058298442,-42.28609358580815,6.20018,True
L4,P37059,Cn1cc(C(=O)NCc2ccccc2C(F)(F)F)c(NC(=O)c2cc(Cl)c(O)c(Cl)n2)n1,6.5229,-13.545755968815095,-46.02100925139932,8.05887,True
L4,P37059,O=C(Nc1ccc(F)c2nnn(Cc3ccccc3C(F)(F)F)c(=O)c12)c1cc(Cl)c(O)c(Cl)c1,7.0,-41.28535640428724,-64.89722523484245,8.18897,True
L4,P37059,Cc1nsc(NC(=O)c2cc(Cl)c(O)c(Cl)n2)c1C(=O)NCc1ccccc1C(F)(F)F,7.0,-19.22015864871887,-39.41971319018669,8.13326,True
L4,P37059,O=C(Nc1scnc1C(=O)NC1(c2ccccc2)CCC1)c1cc(Cl)c(O)c(Cl)n1,7.0,-53.35397695317273,-81.44312758963123,8.84613,True
L4,P37059,O=C(Nc1n[nH]cc1C(=O)NCc1ccccc1C(F)(F)F)c1cc(Cl)c(O)c(Cl)n1,7.0,-31.274976268042195,-63.94383387659679,9.46311,True
L4,P37059,Cc1nc(C(=O)NCc2ccccc2C(F)(F)F)c(NC(=O)c2cc(Cl)c(O)c(Cl)n2)s1,6.5229,-23.460314014263343,-47.127446466138096,8.02797,True
L4,P37059,O=C(Nc1nn(CC(F)(F)F)cc1C(=O)NCc1ccccc1C(F)(F)F)c1cc(Cl)c(O)c(Cl)n1,6.5229,-25.91637201196952,-64.20919959462137,8.10032,True
L4,P37059,CC(C)n1cc(C(=O)NCc2ccccc2C(F)(F)F)c(NC(=O)c2cc(Cl)c(O)c(Cl)n2)n1,6.5229,-37.10630985142734,-73.08258193604175,8.04153,True
L4,P37059,O=C(Nc1scnc1C(=O)N1CCC(C(F)(F)F)CC1)c1cc(Cl)c(O)c(Cl)n1,6.1249,-46.72507895302452,-77.75189597155322,8.40829,True
L4,P37059,Cc1nc(C(=O)NCc2ccccc2OC(F)(F)F)c(NC(=O)c2cc(Cl)c(O)c(Cl)c2)s1,6.5229,-26.79384607002289,-44.44660157251666,7.835,True
L4,P42226,CN1CCC(C[C@H](NC(=O)c2cc3cc(C(F)(F)P(=O)(O)O)ccc3s2)C(=O)N2CCC[C@H]2C(=O)N2CCO[C@H](c3ccccc3)C2)CC1,6.6021,-67.93176221860142,-113.79781448659112,7.91236,True
L4,P42226,CC(C)(C)c1ccc(C[C@H](NC(=O)c2cc3cc(C(F)(F)P(=O)(O)O)ccc3s2)C(=O)N2CCC[C@H]2C(=O)N2CCO[C@H](c3ccccc3)C2)cc1,6.7959,-67.59278925667506,-113.12298412788338,8.33336,True
L4,P42226,CC(C)(C)[C@H](NC(=O)c1cc2cc(C(F)(F)P(=O)(O)O)ccc2s1)C(=O)N1CCC[C@H]1C(=O)N1CCOC(c2ccc3ccccc3c2)C1,7.0809,-56.12719527754467,-90.9847348254039,8.12248,True
L4,P42226,COc1cc(N2CCN(CCc3cccc4c3n(C)c(=O)n4C3CCC(=O)NC3=O)CC2)ccc1-c1cc(C(=O)N(C)C)ccc1C1CCCN(C(=O)CCn2ccnn2)C1,6.2596,-106.99206445286804,-175.56978058291105,7.36411,True
L4,P42226,COc1cc(N2CCN(CCc3cccc4c3n(C)c(=O)n4C3CCC(=O)NC3=O)CC2)ccc1-c1cc(C2=CCCN(C(=O)CCn3ccnn3)C2)cc2ccc(C(=O)N(C)C)cc12,7.0,-125.94594741553688,-191.4233411864413,7.81978,False
L4,P42226,CC(C)(C)[C@H](NC(=O)c1cc2cc(C(F)(F)P(=O)(O)O)ccc2s1)C(=O)N1CCC[C@H]1C(=O)N1CCO[C@@H](c2ccccc2)C1,6.2441,-42.57791347848245,-94.84211283319073,7.13058,True
L4,P42226,CC(C)(C)[C@H](NC(=O)c1cc2cc(C(F)(F)P(=O)(O)O)ccc2s1)C(=O)N1Cc2ccccc2[C@H]1C(=O)N1CCC[C@H](c2ccccc2)C1,7.3768,-45.82168810363456,-94.40088543362064,7.51932,True
L4,P42226,CC(C)(C)[C@H](NC(=O)c1cc2cc(C(F)(F)P(=O)(O)O)ccc2s1)C(=O)N1CCC[C@H]1C(=O)N1CCOC(c2ccc(F)cc2F)C1,6.3768,-37.07298350300796,-84.76139035315181,7.70422,True
L4,P42226,CC(C)(C)[C@H](NC(=O)c1cc2cc(C(F)(F)P(=O)(O)O)ccc2s1)C(=O)N1C[C@@H](O)C[C@H]1C(=O)N1CCO[C@H](c2ccccc2)C1,8.0,-38.47600697402953,-84.77480061852776,7.33751,True
L4,P42226,CC(C)(C)[C@H](NC(=O)c1cc2cc(C(F)(F)P(=O)(O)O)ccc2s1)C(=O)N1CCCC[C@H]1C(=O)N1CCO[C@H](c2ccccc2)C1,6.9586,-17.571048417076163,-63.8991324515106,7.53874,False
L4,P43341,CN(C)CC1CN(c2ccc(S(=O)(=O)N3CCN(c4cc(C(F)(F)F)cc(Cl)n4)CC3)cc2)C(=O)O1,8.1549,-62.85970262545657,-100.56740787395184,9.56637,True
L4,P43341,N[C@@H]1CC(=O)N(c2ccc(S(=O)(=O)N3CCN(c4cc(C(F)(F)[C@H]5CC[C@H](C(=O)NNC(=O)C6CCNCC6)CC5)cc(Cl)n4)CC3)cc2)C1,8.0458,-155.86204895713797,-262.11042434995176,10.23265,True
L4,P43341,O=C1CC2NCCC2N1c1ccc(S(=O)(=O)N2CCN(c3cc(C(F)(F)F)cc(Cl)n3)CC2)cc1,7.4815,-26.21501941067814,-53.747892487658,8.48898,False
L4,P43341,NCCN(CCN)C(=O)[C@H]1CC[C@H](C(F)(F)c2cc(Cl)nc(N3CCN(S(=O)(=O)c4ccc(N5C[C@H](N)CC5=O)cc4)CC3)c2)CC1,7.6021,-84.05109698342099,-152.6674298411694,9.79868,True
L4,P43341,N[C@@H]1CC(=O)N(c2ccc(S(=O)(=O)N3CCN(c4cc(C(F)(F)C5CNC5)cc(Cl)n4)CC3)cc2)C1,7.4318,-53.70391689078781,-102.99065799320148,10.57686,False
L4,P43341,NCCN1CCN(C(=O)[C@H]2CC[C@H](C(F)(F)c3cc(Cl)nc(N4CCN(S(=O)(=O)c5ccc(N6C[C@H](N)CC6=O)cc5)CC4)c3)CC2)CC1,8.5229,-86.58563325754288,-149.03296155419585,9.53012,True
L4,P43341,NCC1CN(c2ccc(S(=O)(=O)N3CCN(c4cc(C(F)(F)c5ccccc5)cc(Cl)n4)CC3)cc2)C(=O)O1,8.0969,-60.39413992273526,-111.75293820848364,9.42146,False
L4,P43341,NC1CC(=O)N(c2ccc(S(=O)(=O)N3CCN(c4cc(C(F)(F)F)cc(Cl)n4)CC3)cc2)C1,6.8827,-53.30528380008431,-92.7679812072452,10.1357,True
L4,P43341,O=C1CC(N2C[C@@H](O)[C@@H](O)C2)CN1c1ccc(S(=O)(=O)N2CCN(c3cc(C(F)(F)F)cc(Cl)n3)CC2)cc1,8.3979,-42.45830593169748,-77.83532944977433,9.58128,False
L4,P43341,NCC1CN(c2ccc(S(=O)(=O)N3CCN(c4cc(C(F)(F)F)cc(Cl)n4)CC3)cc2F)C(=O)O1,6.9586,-49.22626685123944,-83.91575100901301,10.68914,True
L4,P50052,CCc1nc2ccc(N(Cc3ccccc3)C(=O)c3cccs3)cc2c(=O)n1CC1CCN(c2ccccc2-c2nn[nH]n2)CC1,6.9914,-79.7024405030823,-120.55154847721732,9.73888,True
L4,P50052,CCCN(C(=O)c1cccs1)c1ccc2nc(CC)n(CC3CCN(c4ccccc4-c4nn[nH]n4)CC3)c(=O)c2c1,6.7986,-64.89630037785155,-105.79463864274712,10.01986,True
L4,P50052,O=C(N1CCC(CC(=O)N(c2ccccc2)C2CCCC(F)(F)C2)(C(=O)O)CC1)N1CCc2cccc(F)c21,8.5186,-53.93164676656171,-86.80996293015252,9.2316,True
L4,P50052,Cc1ccc(CN2CCN(c3cc(CC(C)C)cc(F)c3-c3nn[nH]n3)CC2)nc1,6.1871,-47.19470068258472,-67.72915292342554,8.807,True
L4,P50052,CC(C)Cc1cc(F)c(-c2nn[nH]n2)c(N2CCN(Cc3nc4ccccc4c(=O)[nH]3)CC2)c1,6.7959,-49.147154521877496,-98.90798141577204,10.23011,False
L4,P50052,CN(C(=O)N1CCC(CC(=O)N(c2ccccc2)C2CCCOC2)(C(=O)O)CC1)c1ccc(F)cc1,7.7799,-49.95254314024882,-86.46694409970583,9.59614,True
L4,P50052,CC(C)Cc1cc(F)c(-c2nn[nH]n2)c(N2CCN(Cc3ncc(Cl)cc3F)CC2)c1,6.4214,-41.98517061283224,-73.95368302542303,9.41442,True
L4,P50052,CC(C)Cc1cc(-c2cccc(C(=O)Cn3ccnc3C(C)(C)C)c2)c(S(=O)(=O)Nc2ncc(Cl)cn2)s1,8.4815,-29.622447139854422,-81.7646414882581,10.09451,False
L4,P50052,Cc1cnc(CN2CCN(c3cc(CC(C)C)ccc3-c3nn[nH]n3)CC2)s1,7.4498,-65.51294012486522,-92.77459527859952,7.77031,True
L4,P50052,N#Cc1ccc2c(c1)N(C(=O)N1CCC(CC(=O)N(c3ccccc3)C3CCCC(F)(F)C3)(C(=O)O)CC1)CC2,8.8729,-22.09488484615631,-54.04089849414482,9.52571,True
L4,Q08211,CC1(C)CC(CCN1)n1cc(cn1)C(=O)Nc1cc(Cl)cc(NS(C)(=O)=O)c1,7.1232,-42.71228866505936,-81.11976710407946,8.50447,True
L4,Q08211,CS(=O)(=O)Nc1cc(F)cc(NC(=O)c2cnn(c2)-c2ccccc2OCc2ccccc2)c1,6.8477,-78.33518506897059,-132.7478688010427,7.95822,True
L4,Q08211,Cc1cc(F)cc(C#N)c1-c1cc(C(=O)Nc2cc(Cl)cc(NS(C)(=O)=O)c2)cn1C,7.1624,-40.56794489377513,-75.2580284041801,5.41528,True
L4,Q08211,CC(C)(C)OC(=O)n1cccc1Cc1csc(c1)C(=O)Nc1cc(Br)cc(NS(C)(=O)=O)c1,7.2147,-35.030441170449464,-195.5625304450125,5.54361,True
L4,Q08211,CS(=O)(=O)Nc1cc(Cl)cc(NC(=O)c2cccc(c2)-c2ccncc2)c1,6.4522,-46.061175693947554,-77.84117081273044,8.50627,True
L4,Q08211,Cc1cc(cn1-c1ncc(cc1C)N1CC(F)(F)C1)C(=O)Nc1cc(Cl)cc(NS(C)(=O)=O)c1,7.7305,-32.82658627933978,-74.57399793731118,5.33493,True
L4,Q08211,Cc1sc(cc1-c1ncc(F)cc1F)C(=O)Nc1cc(Cl)cc(NS(C)(=O)=O)c1,7.6253,-50.25356755523968,-86.12676446126486,8.55849,True
L4,Q08211,CS(=O)(=O)Nc1cc(Cl)cc(NC(=O)c2cc3c(F)c(F)ccc3s2)c1,6.7852,-43.41845639603282,-72.46117271497366,8.52447,True
L4,Q08211,CS(=O)(=O)Nc1cc(Br)cc(NC(=O)c2cc(cs2)-c2ncccc2OCc2ccccc2)c1,7.4168,-61.26489477793851,-97.52323131081864,7.75556,True
L4,Q08211,CS(=O)(=O)Nc1cc(Cl)cc(NC(=O)c2cnn(c2)-c2ccc(cn2)N2CCn3ccnc3C2)c1,7.7825,-43.56592776610049,-88.5401476382464,8.20557,True
L4,Q08828,CCc1cc(=O)[nH]c(-n2nc(C)cc2NCc2cccc(C(F)(F)F)c2)n1,7.1549,-39.48261513754265,-76.19009391245912,9.31902,True
L4,Q08828,CCc1cc(=O)[nH]c(-n2nc(C)cc2NCc2cccc(C(C)(C)C)c2)n1,6.7959,-70.49394033548568,-95.19976124077084,9.91535,True
L4,Q08828,CCc1cc(=O)[nH]c(-n2nc(C)cc2NCc2ccc(C(F)(F)F)cc2)n1,6.5686,-50.29562671320672,-76.67106089109006,9.84781,True
L4,Q08828,CCc1cc(=O)[nH]c(-n2nc(C)cc2NCC2CCC(C)CC2)n1,6.9586,-56.90061735575517,-78.12853358603027,9.47349,True
L4,Q08828,CCc1cc(=O)[nH]c(-n2nc(C)cc2NCc2ccc3ccccc3c2)n1,6.699,-57.23969195919588,-91.62926870811852,10.50835,True
L4,Q08828,CCc1cc(=O)[nH]c(-n2nc(C)cc2NC(C)c2cccc(C(F)(F)F)c2)n1,6.6021,-38.6111761694687,-75.82330535157854,9.42347,True
L4,Q08828,CCc1cc(=O)[nH]c(-n2nc(C)cc2NCCC2CCCC2)n1,6.8239,-50.29819667151816,-79.37749124534918,8.59696,True
L4,Q08828,CCc1cc(=O)[nH]c(-n2nc(C)cc2NCc2cccc(C(C)C)c2)n1,6.7696,-65.13476732108295,-89.64143840430839,9.64588,True
L4,Q08828,CCc1cc(=O)[nH]c(-n2nc(C)cc2NCc2ccc(C3CC3)cc2)n1,7.1549,-66.1895900108094,-93.94925198143189,9.68811,True
L4,Q08828,CCc1cc(=O)[nH]c(-n2nc(C)cc2N[C@@H](C)c2cccc(C)c2)n1,6.3768,-52.13040447720931,-80.87730833804585,8.50965,True
L4,Q13094,CCCn1cnnc1-c1cccc(n1)N1Cc2c(cc(nc2CNC)N2CCC[C@H]2C)C1=O |r|,7.4685,-149.51129146745785,-265.40052741979935,6.28596,True
L4,Q13094,CNCc1nc(cc2C(=O)N(Cc12)c1cccc(n1)-c1nnc2CC[C@H](C)n12)N(C)C(C)C |r|,7.3279,-83.0399751287734,-126.14236831105067,6.28603,True
L4,Q13094,Cc1nc(Nc2ccc(N3CCOCC3)cc2)c(C(N)=O)nc1-c1cncc2c1ncn2C,7.1805,-44.09794396666309,-92.4607679831906,6.82736,True
L4,Q13094,Cc1c(cn(n1)CC(F)(F)F)Nc2c(nc(c(n2)C3CC3)c4cncc5c4ncn5C)C(=O)N,7.0862,-23.236748577618663,-70.85092582033882,6.56604,True
L4,Q13094,Cn1cnc2c(-c3nc(C(N)=O)c(Nc4ccc(N5CCOCC5)cc4)nc3C(F)F)cncc21,7.4949,-38.24628450812553,-96.44247140019291,7.07516,True
L4,Q13094,CCCn1cnnc1-c1cccc(n1)N1Cc2c(cc(nc2CNC)N(C)C(C)C)C1=O,7.0605,-90.93404345727495,-236.62973045047065,6.00498,True
L4,Q13094,COc1ccc2c(c1CN)CN(c1cccc(-c3nncn3[C@@H](C)CC(F)(F)F)n1)C2=O,6.284,-34.101278012269375,-73.58999278666235,6.92719,True
L4,Q13094,CNCc1nc(cc2C(=O)N(Cc12)c1cccc(n1)-c1nnc2CC[C@H](CF)n12)N(C)C(C)C |r|,7.284,-75.21988987020619,-130.36020058037576,5.89028,True
L4,Q13094,Cc1nn(C2(C#N)CC2)cc1Nc1nc(C2CC2)c(-c2cncc3c2ncn3C)nc1C(N)=O,6.7033,-31.02408981365102,-78.01220096851955,6.87402,False
L4,Q13094,CCCn1cnnc1-c1cccc(n1)N1Cc2c(cc(nc2CNC)N(C)C)C1=O,6.9172,-90.5068367355976,-122.3986243746848,6.1415,True
L4,Q13724,CC1(C)Cc2cc(-c3ccc4c(c3)OCCO4)ccc2C1NC(=O)O[C@@H]1CN2CCC1CC2,8.6021,-77.87541747495673,-103.04336345847103,11.6809,True
L4,Q13724,COc1cc(OC)cc(-c2ccc3c(c2)CC(C)(C)C3NC(=O)O[C@H]2CN3CCC2CC3)c1,8.7212,-74.45988127293651,-95.85508441322966,10.2534,True
L4,Q13724,Cn1c2c(c3c(-c4cn[nH]c4)cc(Cl)c(Cl)c31)CN(C(=O)CO)CC2,6.9031,-23.303879750407617,-51.01069847926372,7.12569,True
L4,Q13724,CCOc1ccc(-c2cc3c(cc2OC)C(NC(=O)O[C@H]2CN4CCC2CC4)C(C)(C)C3)cc1F,8.585,-71.87766296029264,-92.99003654788667,9.39373,True
L4,Q13724,CC1(C)Cc2cc(-c3cccc4ccncc34)ccc2C1NC(=O)O[C@H]1CN2CCC1CC2,9.0,-72.5617721738944,-95.90153464015587,11.31457,True
L4,Q13724,CCOc1ccc(-c2ccc3c(c2)CC(C)(C)C3NC(=O)O[C@H]2CN3CCC2CC3)cc1,8.699,-76.5194730327279,-97.77977239637411,9.73662,True
L4,Q13724,CCc1cccc(-c2ccc3c(c2)CC(CC)(CC)C3NC(=O)O[C@H]2CN3CCC2CC3)c1,8.7959,-76.7171306236302,-98.73143933650816,9.84942,True
L4,Q13724,CC1(C)Cc2cc(-c3cccc(F)c3F)ccc2C1NC(=O)O[C@H]1CN2CCC1CC2,8.6383,-71.78479689769036,-85.37476892242478,10.34193,True
L4,Q13724,C[C@H]1CN(C(=O)CO)Cc2c1[nH]c1c(F)c(Cl)cc(-c3ccn(C)n3)c21,7.4855,-38.02928861184669,-64.22370622927303,7.24614,True
L4,Q13724,Cc1ccc(-c2ccc3c(c2)C(NC(=O)O[C@H]2CN4CCC2CC4)C(C)(C)C3)cc1,7.7721,-66.97145720463328,-86.12071341854679,10.43025,True
L4,Q6SZW1,Cc1ccncc1-c1ccc2[nH]c(=S)oc2c1,10.0,-9.018456569506416,-23.228216312387108,4.59068,True
L4,Q6SZW1,Cc1ccc(NC(=O)N2C3CC(C)CC2C3)cc1C1CCC1C#N,6.0,10.26434837670399,-9.958303409669943,4.9473,True
L4,Q6SZW1,Cc1ccncc1-c1cc(O)cc(Cl)c1,10.0,-27.674791333402563,-39.17530855765944,4.70537,True
L4,Q6SZW1,ClC1=CC=C(C=C1)[C@@H]1CN(C[C@H]1O)C(=O)C1=CC(=NN1)C1=CN=NC=C1,6.4547,14.023249757192808,-9.657972428400909,5.00788,True
L4,Q6SZW1,ClC1=CC=C(C=C1)[C@H]1CN(CC1)C(=O)C1=C(C(=NN1)C1=CN=NC=C1)F,6.308,9.712063944995384,-4.228698967612379,5.25846,True
L4,Q6SZW1,ClC1=CC=C(C=C1)C1CN(CC1)C(=O)C1=C(C(=NN1)C1=CN=NC=C1)C,6.3696,7.609893514977734,-11.76701359122858,5.35671,True
L4,Q6SZW1,N#C[C@H]1CC[C@H]1c1cc(NC(=O)N2C3CC2CC(C(F)(F)F)C3)ccc1Cl,6.0,8.04380035887069,-10.317956530619234,4.9287,True
L4,Q6SZW1,Cc1c[nH]c(=O)cc1-c1ccc2[nH]c(=O)oc2c1,7.2967,15.765585095777212,-2.289728625167122,4.69347,True
L4,Q6SZW1,Cc1ccncc1-c1ccc2[nH]nc(N)c2c1,6.6819,-41.100350153104685,-67.62842611441141,5.23473,True
L4,Q6SZW1,CC1CC2CC(C1)N2C(=O)Nc1ccc(Cl)c(N2CC[C@H](O)C2)c1,6.0,-39.91015733334904,-68.5804281560183,5.06866,True
L4,Q70CQ3,N#Cc1cccc(C2=CNC(C(=O)N[C@@H]3C[C@@H](CN4C=NNC4)N(C#N)C3)O2)c1,8.699,-47.2573354760572,-101.3503617980751,6.74343,True
L4,Q70CQ3,CC(C)(C)NS(=O)(=O)c1ccc(NC[C@H](O)[C@H](Cc2ccncc2)NC(=O)c2ccc(F)cc2)cc1,6.2798,-55.544040930155845,-92.99938455609151,6.75766,True
L4,Q70CQ3,CC(C)(C)NS(=O)(=O)c1ccc(NC(=O)[C@H](Cc2ccccc2)NC(=O)c2ccc3nn[nH]c3c2)cc1,6.2798,-18.121773297815206,-56.06083196996578,7.51336,True
L4,Q70CQ3,COc1cc(NC(=O)[C@@H]2C[C@@H](C3CCCCC3)CN2C(=O)c2ccc(F)cc2)ccc1S(=O)(=O)NC(C)(C)C,6.2798,-16.17600976935997,-43.69493933864794,7.22481,True
L4,Q70CQ3,N#CN1C[C@H](NC(=O)c2nnc(-c3ccccc3C3CC3)o2)C[C@H]1Cn1ccnn1,7.4559,-3.8720983111821,-37.80694410963305,6.70781,True
L4,Q70CQ3,C[C@H](CO)NS(=O)(=O)c1ccc(NC(=O)[C@H](Cc2ccccc2)NC(=O)c2ccc(F)cc2)cc1,7.301,-30.888634381512595,-61.60900852025811,7.3843,True
L4,Q70CQ3,COc1cc(NC(=O)[C@H](CC2CCOCC2)NC(=O)c2ccc(F)cc2)cnc1S(=O)(=O)NC1CCCC1,7.301,-46.10303261437024,-76.72851738921798,7.41406,True
L4,Q70CQ3,O=C(N[C@@H](Cc1ccccc1)C(=O)Nc1ccc(S(=O)(=O)NCc2cnc[nH]2)cc1)c1ccc(F)cc1,6.2798,-41.72012306483696,-90.35255863226776,7.63195,True
L4,Q70CQ3,COc1cc(NC(=O)[C@H](CC2CCOCC2)NC(=O)c2ccc(F)cc2)ccc1S(=O)(=O)NC1CCN(C)CC1,6.2798,-39.19503138382031,-176.230192025469,7.31158,True
L4,Q70CQ3,CC(C)(C)NS(=O)(=O)c1ccc(NC(=O)[C@H](CC2CCOCC2)NC(=O)c2ccc(F)cc2)cc1,7.301,-16.394961496197215,-43.83298068208813,7.2953,True
L4,Q96PC2,FC(F)(F)c1ccc(-c2onc3ccc(-c4nnn[nH]4)cc23)cc1,6.2596,-32.78130158959761,-61.4057711728906,11.50184,True
L4,Q96PC2,Fc1ccc(-c2onc3ccc(-c4nnn[nH]4)cc23)cc1,6.2596,-35.693073591716754,-58.29514916152262,10.53873,True
L4,Q96PC2,Cc1cc(C)cc(-c2onc3ccc(-c4nnn[nH]4)cc23)c1,6.2596,-49.453379885464216,-75.29477265181524,10.8368,True
L4,Q96PC2,OC(=O)c1ccc2noc(-c3cccc(c3)-c3ccccc3)c2c1,6.2596,-53.21252388744835,-73.8631732650565,11.16611,True
L4,Q96PC2,OC(=O)\C=C\c1ccc2noc(-c3ccc(Oc4ccccc4)cc3)c2c1,6.2596,-18.92262983989705,-39.91828999595896,6.69364,True
L4,Q96PC2,c1cncc(-c2ccc(-c3onc4ccc(-c5nnn[nH]5)cc34)cc2)c1,6.2596,6.07807052603593,-27.36127382896345,6.46511,True
L4,Q96PC2,Clc1ccc(-c2onc3ccc(-c4nnn[nH]4)cc23)cc1Cl,6.2596,-29.417827625612027,-60.72501544183685,11.02103,True
L4,Q96PC2,O=C(O)c1ccc2noc(-c3ccc(C(=O)NCCC4CC4)cc3)c2c1,6.2596,-0.9534499355704548,-16.796230665510965,5.65099,True
L4,Q96PC2,CC(C)(C)OC(=O)N1CCC(Oc2cccc(-c3onc4ccc(-c5nnn[nH]5)cc34)c2)CC1,7.2596,-0.0842533595908872,-29.34704464397813,6.13791,True
L4,Q96PC2,O=C(Nc1ccc(-c2onc3ccc(-c4nnn[nH]4)cc23)cc1)C1CCCC1,8.0,3.47541790753691,-22.96206444240483,6.25088,True
L4,Q99705,CCc1cc(ccc1OCCN1CCC2(COC2)CC1)N1CC=C(Oc2ccc(cc2)C2CC2)C1=O |t:25|,9.3565,-205.12488796754525,-262.3703711122376,9.03536,False
L4,Q99705,COc1cc(N2CC=C(Oc3ccc(C4CC4)cc3)C2=O)ccc1OCCO,8.3872,-104.900380739846,-247.90294286208035,8.01756,False
L4,Q99705,COc1cc(N2CC=C(Oc3ccc(C4CC4)cc3)C2=O)ccc1OCCN1CC[C@@H](F)C1,9.1938,-86.43035849790138,-123.59143578841152,8.76883,False
L4,Q99705,"O[C@@H]1CCN(CCO[C@H]2CC[C@@H](CC2)N2CC=C(Oc3ccc(cc3)C3CC3)C2=O)C1 |r,wU:11.14,wD:8.7,1.0,t:17,(11.77,-.73,;10.44,-1.5,;9.19,-2.41,;7.95,-1.5,;8.42,-.04,;7.33,1.05,;5.85,.65,;4.76,1.74,;3.27,1.34,;2.18,2.43,;.69,2.03,;.29,.55,;1.38,-.54,;2.87,-.14,;-1.19,.15,;-2.1,-1.1,;-3.56,-.62,;-3.56,.92,;-4.9,1.69,;-6.23,.92,;-6.23,-.62,;-7.56,-1.39,;-8.9,-.62,;-8.9,.92,;-7.56,1.69,;-10.23,-1.39,;-11.77,-1.39,;-11,-2.73,;-2.1,1.39,;-1.33,2.73,;9.96,-.04,)|",7.3872,-121.36156062952602,-242.9448252456457,8.74739,True
L4,Q99705,COc1cc(N2CC=C(Oc3ccc(C4CC4)cc3)C2=O)ccc1OCCN1CCC[C@@H]1CO,9.1871,-92.26375499420676,-117.05118087216378,7.73177,True
L4,Q99705,COC1CN(CCOc2ccc(cc2OC)N2CC=C(Oc3ccc(cc3)C3CC3)C2=O)C1 |t:19|,9.3279,-88.1196924374861,-115.6726871480193,7.54039,False
L4,Q99705,COc1cc(ccc1CN1CCCC1)N1CC=C(Oc2ccc(cc2)C2CC2)C1=O |t:18|,7.0044,-132.76344570058018,-250.8580000858636,8.68599,False
L4,Q99705,"O=C1N(CC=C1Oc1ccc(cc1)C1CC1)[C@H]1CC[C@@H](CC1)OCCN1CCCC1 |r,wU:16.18,wD:19.25,c:4,(-.66,2.73,;-1.43,1.39,;-.53,.15,;-1.43,-1.1,;-2.9,-.62,;-2.9,.92,;-4.23,1.69,;-5.56,.92,;-5.56,-.62,;-6.9,-1.39,;-8.23,-.62,;-8.23,.92,;-6.9,1.69,;-9.56,-1.39,;-11.1,-1.39,;-10.33,-2.73,;.96,.55,;1.36,2.03,;2.85,2.43,;3.94,1.34,;3.54,-.14,;2.05,-.54,;5.42,1.74,;6.51,.65,;8,1.05,;9.09,-.04,;8.61,-1.5,;9.86,-2.41,;11.1,-1.5,;10.63,-.04,)|",7.6576,-106.58232446322094,-223.80984909595068,8.2483,False
L4,Q99705,COc1cc(N2CC=C(Oc3ccc(C4CC4)cc3)C2=O)ccc1OCCN1CC(O)(C2CC2)C1,9.4089,-74.53044331911497,-115.16188413864164,8.42125,False
L4,Q99705,CCc1cc(ccc1OCCN1CCCC1)N1CC=C(Oc2ccc(cc2)C2CC2)C1=O |t:20|,9.3279,-96.5252624463244,-118.87009101446458,8.5545,False
L4,Q9GZQ6,O=C(CN1CCCC1)NCC1(Cc2cccc3ccccc23)CCN(Cc2ccccc2)CC1,6.3809,-81.02921738762028,-105.58868799740678,10.70077,True
L4,Q9GZQ6,Cc1cc(O)cc(C)c1C[C@H](N)C(=O)N[C@H](CCCNC(N)=N)C(=O)N[C@H]1Cc2ccccc2CN(CCC(=O)N[C@@H](CCCNC(N)=N)C(=O)N[C@@H](Cc2ccccc2)C(N)=O)C1=O |r|,8.5686,-72.38558380961732,-174.61992386543773,6.33569,True
L4,Q9GZQ6,O=C(CN1CCC(Cc2ccccc2)CC1)NCC1(Cc2ccc(Cl)c(Cl)c2)CCN(Cc2ccccc2)CC1,6.2832,-91.89049842121808,-118.97068293250862,9.31527,True
L4,Q9GZQ6,O=C(CN1CCC(Cc2ccccc2)CC1)NCC1(Cc2cccc3ccccc23)CCN(Cc2ccccc2)CC1,6.0182,-86.70302516361224,-123.0153396101645,11.4054,True
L4,Q9GZQ6,CN1CCN(CC(=O)NCC2(Cc3cccc4ccccc34)CCN(Cc3ccccc3)CC2)CC1,6.2976,-70.92267848911735,-92.53865912258104,10.48039,True
L4,Q9GZQ6,Cc1cc(O)cc(C)c1C[C@H](N)C(=O)N[C@H](CCCNC(N)=N)C(=O)N[C@H]1Cc2ccccc2CN(CCC(=O)N[C@@H](CCCN2CCC(Cc3ccccc3)CC2)C(=O)N[C@@H](Cc2ccccc2)C(N)=O)C1=O |r|,6.6904,-136.46560262866666,-422.910919749592,6.90712,False
L4,Q9GZQ6,O=C(CN1CCC(Cc2ccccc2)CC1)NCC1(Nc2cccc3ccccc23)CCN(Cc2ccccc2)CC1,6.6757,-136.39543710947984,-298.4450034002992,11.1446,True
L4,Q9GZQ6,CC(=O)N1CCN(CC(=O)NCC2(Cc3ccc(Cl)c(Cl)c3)CCN(Cc3ccccc3)CC2)CC1,6.3188,-100.29449015558814,-141.54056605515257,9.83007,True
L4,Q9GZQ6,CC(=O)N1CCN(CC(=O)NCC2(Cc3cccc4ccccc34)CCN(Cc3ccccc3)CC2)CC1,6.2111,-77.97965064951774,-114.76097915442672,10.74081,True
L4,Q9GZQ6,CN1CCN(CC(=O)NCC2(Nc3cccc4ccccc34)CCN(Cc3ccccc3)CC2)CC1,6.1079,-77.54234715418777,-99.42598746040036,9.6313,True
L4,Q9HB14,Nc1nonc1-c1nc2cccc(F)c2n1Cc1ccncn1,7.3372,-0.6740494520411016,-14.934454325914375,5.76021,True
L4,Q9HB14,Nc1nonc1-c1nc2cccc(F)c2n1Cc1ccnnc1,7.301,0.1918903708398494,-17.889521768967246,5.68005,True
L4,Q9HB14,Nc1nonc1-c1nc2c(F)ccc(F)c2n1Cc1cccnn1,7.4318,-9.010259230661385,-36.29832434634993,5.79432,True
L4,Q9HB14,Nc1nonc1-c1nc2ccc(F)cc2n1Cc1ccncc1,7.4685,-56.73168020558674,-159.09342414724844,5.80703,True
L4,Q9HB14,Nc1nonc1-c1nc2cccc(F)c2n1Cc1cccnn1,7.3872,7.238242444184967,-13.901420714157773,5.81235,True
L4,Q9HB14,Nc1nonc1-c1nc2cccc(F)c2n1Cc1ccncc1,7.3372,-1.151967833992063,-14.991320299469914,5.71552,True
L4,Q9HB14,Nc1nonc1-c1nc2cccc(F)c2n1Cc1cncnc1,7.3098,-0.9036130701820664,-14.58705376782972,5.56116,True
L4,Q9HB14,Nc1nonc1-c1nc2ccccc2n1Cc1ccncc1,7.3372,-12.00394250946094,-30.5093024836728,5.67689,True
L4,Q9HB14,Nc1nonc1-c1nc2cc(F)ccc2n1Cc1ccncc1,7.3768,-6.038624670439527,-30.14229480019756,5.81676,True
L4,Q9HB14,Cc1nonc1-c1nc2ccccc2n1Cc1ccncc1,7.0506,-10.888789658567717,-30.69093115876755,5.76733,True
L4,Q9NY59,CN(C)c1cnn2ccc(N3CCCC3)nc12,7.1549,-43.00489273634176,-74.35215576767148,4.05101,True
L4,Q9NY59,Nc1cnn2ccc(N3CC4CC(C4)C3)nc12,6.4559,-31.652283418006,-58.50825966282179,4.60796,True
L4,Q9NY59,CN(C)c1cnn2ccc(N3CCC[C@@H](O)C3)nc12,6.8539,-34.31089736408901,-61.16831279989497,4.50876,True
L4,Q9NY59,CN(C)c1cnn2ccc(N3CC4CC(C4)C3)nc12,7.2218,-32.953147272920766,-60.55875879363143,4.41038,True
L4,Q9NY59,Nc1cnn2ccc(N3CCOCC3)nc12,6.3279,-26.63063358152299,-54.94360082271687,4.18884,True
L4,Q9NY59,CC1CCCN1c1ccn2ncc(N(C)C)c2n1,6.4949,-32.8057220804249,-61.61020811060035,4.31738,True
L4,Q9NY59,CN(C)c1cnn2ccc(N3CCOCC3)nc12,6.8861,-38.97496586884091,-66.63775693810607,3.99593,True
L4,Q9NY59,Nc1cnn2ccc(N3CCC[C@H](O)C3)nc12,6.5528,-38.030179767949406,-75.7610591648533,4.87523,True
L4,Q9NY59,CC1CCN(c2ccn3ncc(N(C)C)c3n2)C1,6.5229,-51.92811720446531,-93.48501000085707,4.52143,True
L4,Q9NY59,CN(C)c1cnn2ccc(N3CC4CCCC4C3)nc12,6.9586,-53.7085238189573,-197.05272247271463,4.95619,True
L4,Q9Y239,Cc1nc2cnccc2c(=O)n1-c1ccc(Cl)c(NS(=O)(=O)c2ccccc2F)c1,7.2924,-51.121524499883854,-77.509474325499,9.43363,True
L4,Q9Y239,CCN(CC)CCOc1cc2c(cc1OC)c(ncn2)Nc3cc(c(cc3Cl)Cl)OC,7.3768,-44.20870846310537,-71.19267537440692,7.31339,True
L4,Q9Y239,O=c1c2cc(Cl)ccc2nc(C(F)(F)F)n1-c1ccc(Cl)c(NS(=O)(=O)c2ccccc2F)c1,7.1675,-54.203781579069926,-77.49677557857625,11.04702,True
L4,Q9Y239,N#Cc1ccccc1S(=O)(=O)Nc1cc(-n2c(Cl)nc3cnc(Cl)cc3c2=O)ccc1Cl,8.9208,-27.70593776358305,-53.47862821809492,7.31127,True
L4,Q9Y239,CS(=O)(=O)c1ccc2nc(Cl)n(-c3ccc(Cl)c(NS(=O)(=O)c4ccc5ncsc5c4)c3)c(=O)c2c1,9.0458,-40.606379864086776,-88.64281955585773,11.42857,False
L4,Q9Y239,COc1cc2c(cc1OC)ncnc2Nc3cccc(c3)O,6.8041,-25.62074770774057,-54.184345048501726,8.52005,True
L4,Q9Y239,COCCOc1cc2ncnc(Nc3cc(OC)c(Cl)cc3Cl)c2cc1OCCOC,6.9957,-28.515148345347125,-54.51275403128403,5.82981,True
L4,Q9Y239,Cn1cc(S(=O)(=O)Nc2cc(-n3c(Cl)nc4cnc(Cl)cc4c3=O)ccc2Cl)cn1,8.5086,-28.465456038093485,-60.05835352727698,8.30962,True
L4,Q9Y239,Cn1c(=O)[nH]c(=O)c2c1nc(CCSc1ccccc1)n2Cc1ccccc1,6.2218,-39.47291655600549,-60.57834137010675,8.79268,True
L4,Q9Y239,CSc1nc2ccc(Cl)cc2c(=O)n1-c1ccc(Cl)c(NS(=O)(=O)c2ccccc2F)c1,7.0915,-79.03536103674173,-273.48413871962947,8.16998,True
L4,Q9Y4K0,NC/C=C(F)CS(=O)(=O)c1ccc2ccccc2n1,6.0,3.8231582588542974,-17.46760321857541,4.72274,True
L4,Q9Y4K0,NC/C=C(F)CS(=O)(=O)c1ccc(Cl)cc1Cl,6.0,-23.58244273873161,-47.43214047830854,4.62457,True
L4,Q9Y4K0,Cc1cccnc1S(=O)(=O)C/C(F)=C/CN,6.0,-26.479122660975875,-53.38499790803422,4.48522,True
L4,Q9Y4K0,NC/C=C(F)CS(=O)(=O)c1cc(Cl)cc(Cl)c1,6.0,-18.59869552287419,-44.79936368512225,4.53892,True
L4,Q9Y4K0,CC(C)NS(=O)(=O)c1ccc(COc2ccccc2S(=O)(=O)C/C(F)=C/CN)cc1,6.0,-46.55518278012156,-140.8609115677712,5.02923,True
L4,Q9Y4K0,CN(C)S(=O)(=O)c1ccc(COc2ccccc2S(=O)(=O)C/C(F)=C/CN)cc1,6.0,-17.092959694920445,-58.81737110161664,5.1501,True
L4,Q9Y4K0,Cc1nc2c(S(=O)(=O)C/C(F)=C/CN)cccc2s1,6.0,-12.34600693913334,-46.61685517514136,4.34376,True
L4,Q9Y4K0,NC/C=C(F)CS(=O)(=O)c1ccccc1OCc1ccccc1,6.0,-35.81480916289804,-62.15769178904431,5.25032,True
L4,Q9Y4K0,Cc1cc(S(=O)(=O)C/C(F)=C/CN)ccn1,6.0,-23.47296049451954,-48.6364990033096,4.36461,True
L4,Q9Y4K0,Cc1ccncc1S(=O)(=O)C/C(F)=C/CN,6.0,-19.34368752781221,-48.55799434691289,4.50043,True
