model,uniprot,target_seen,tier,hit,tot,ef_tier
drugclip,O15379,0,近 0.5–0.7,0.0,19,0.0000
drugclip,O15379,0,远 0.35–0.5,0.0,64,0.0000
drugclip,O15379,0,全新 <0.35,1.0,46,2.1739
drugclip,O15379,0,极近 ≥0.7,0.0,12,0.0000
drugclip,O43353,1,远 0.35–0.5,3.0,204,1.4706
drugclip,O43353,1,全新 <0.35,0.0,16,0.0000
drugclip,O43353,1,近 0.5–0.7,0.0,16,0.0000
drugclip,O43353,1,极近 ≥0.7,0.0,10,0.0000
drugclip,O60341,1,远 0.35–0.5,0.0,39,0.0000
drugclip,O60341,1,全新 <0.35,0.0,63,0.0000
drugclip,O60674,1,全新 <0.35,0.0,137,0.0000
drugclip,O60674,1,近 0.5–0.7,0.0,34,0.0000
drugclip,O60674,1,远 0.35–0.5,0.0,35,0.0000
drugclip,O60674,1,极近 ≥0.7,2.0,22,9.0909
drugclip,O60885,1,近 0.5–0.7,4.0,15,26.6667
drugclip,O60885,1,极近 ≥0.7,15.0,24,62.5000
drugclip,O60885,1,全新 <0.35,0.0,11,0.0000
drugclip,O60885,1,远 0.35–0.5,2.0,8,25.0000
drugclip,O75469,1,全新 <0.35,0.0,78,0.0000
drugclip,P00734,1,近 0.5–0.7,21.0,28,75.0000
drugclip,P00734,1,远 0.35–0.5,40.0,107,37.3832
drugclip,P00734,1,全新 <0.35,3.0,13,23.0769
drugclip,P01116,1,全新 <0.35,1.0,47,2.1277
drugclip,P01116,1,远 0.35–0.5,0.0,4,0.0000
drugclip,P06239,1,全新 <0.35,0.0,15,0.0000
drugclip,P06239,1,近 0.5–0.7,0.0,31,0.0000
drugclip,P06239,1,极近 ≥0.7,1.0,10,10.0000
drugclip,P06239,1,远 0.35–0.5,0.0,12,0.0000
drugclip,P08581,1,近 0.5–0.7,4.0,22,18.1818
drugclip,P08581,1,远 0.35–0.5,7.0,23,30.4348
drugclip,P08581,1,全新 <0.35,2.0,4,50.0000
drugclip,P08581,1,极近 ≥0.7,3.0,17,17.6471
drugclip,P11362,1,远 0.35–0.5,2.0,19,10.5263
drugclip,P11362,1,全新 <0.35,0.0,22,0.0000
drugclip,P11362,1,极近 ≥0.7,2.0,10,20.0000
drugclip,P11362,1,近 0.5–0.7,2.0,5,40.0000
drugclip,P12931,1,近 0.5–0.7,16.0,40,40.0000
drugclip,P12931,1,远 0.35–0.5,12.0,36,33.3333
drugclip,P12931,1,极近 ≥0.7,4.0,14,28.5714
drugclip,P15056,1,远 0.35–0.5,12.0,26,46.1538
drugclip,P15056,1,极近 ≥0.7,6.0,14,42.8571
drugclip,P15056,1,全新 <0.35,0.0,5,0.0000
drugclip,P15056,1,近 0.5–0.7,7.0,13,53.8462
drugclip,P18031,1,全新 <0.35,46.0,100,46.0000
drugclip,P18031,1,远 0.35–0.5,2.0,8,25.0000
drugclip,P18031,1,近 0.5–0.7,3.0,5,60.0000
drugclip,P18031,1,极近 ≥0.7,1.0,3,33.3333
drugclip,P21554,0,全新 <0.35,3.0,80,3.7500
drugclip,P21554,0,远 0.35–0.5,3.0,16,18.7500
drugclip,P22413,0,全新 <0.35,0.0,122,0.0000
drugclip,P22413,0,远 0.35–0.5,0.0,60,0.0000
drugclip,P22413,0,近 0.5–0.7,0.0,5,0.0000
drugclip,P22455,1,全新 <0.35,0.0,31,0.0000
drugclip,P22455,1,远 0.35–0.5,0.0,12,0.0000
drugclip,P22455,1,极近 ≥0.7,1.0,8,12.5000
drugclip,P22455,1,近 0.5–0.7,0.0,4,0.0000
drugclip,P27338,1,远 0.35–0.5,0.0,95,0.0000
drugclip,P27338,1,全新 <0.35,0.0,29,0.0000
drugclip,P27338,1,近 0.5–0.7,0.0,31,0.0000
drugclip,P28335,1,全新 <0.35,1.0,68,1.4706
drugclip,P28335,1,近 0.5–0.7,1.0,4,25.0000
drugclip,P28335,1,远 0.35–0.5,0.0,7,0.0000
drugclip,P30530,1,近 0.5–0.7,0.0,11,0.0000
drugclip,P30530,1,远 0.35–0.5,0.0,11,0.0000
drugclip,P30530,1,全新 <0.35,0.0,20,0.0000
drugclip,P30530,1,极近 ≥0.7,1.0,8,12.5000
drugclip,P31153,1,全新 <0.35,0.0,58,0.0000
drugclip,P31153,1,远 0.35–0.5,0.0,5,0.0000
drugclip,P34913,1,远 0.35–0.5,11.0,27,40.7407
drugclip,P34913,1,近 0.5–0.7,48.0,79,60.7595
drugclip,P34913,1,极近 ≥0.7,5.0,9,55.5556
drugclip,P34913,1,全新 <0.35,0.0,9,0.0000
drugclip,P34914,1,极近 ≥0.7,1.0,7,14.2857
drugclip,P34914,1,全新 <0.35,5.0,21,23.8095
drugclip,P34914,1,远 0.35–0.5,8.0,25,32.0000
drugclip,P34914,1,近 0.5–0.7,2.0,46,4.3478
drugclip,P35968,1,近 0.5–0.7,17.0,53,32.0755
drugclip,P35968,1,极近 ≥0.7,9.0,26,34.6154
drugclip,P35968,1,远 0.35–0.5,10.0,38,26.3158
drugclip,P35968,1,全新 <0.35,0.0,19,0.0000
drugclip,P36888,0,极近 ≥0.7,3.5,18,19.4444
drugclip,P36888,0,远 0.35–0.5,1.0,27,3.7037
drugclip,P36888,0,全新 <0.35,1.0,30,3.3333
drugclip,P36888,0,近 0.5–0.7,1.0,9,11.1111
drugclip,P41182,1,全新 <0.35,0.0,15,0.0000
drugclip,P41182,1,近 0.5–0.7,5.0,5,100.0000
drugclip,P41182,1,远 0.35–0.5,22.0,42,52.3810
drugclip,P47989,0,全新 <0.35,0.0,38,0.0000
drugclip,P47989,0,近 0.5–0.7,0.0,4,0.0000
drugclip,P47989,0,远 0.35–0.5,0.0,11,0.0000
drugclip,P49327,1,全新 <0.35,2.0,620,0.3226
drugclip,P49327,1,远 0.35–0.5,1.0,45,2.2222
drugclip,P50406,0,远 0.35–0.5,2.0,7,28.5714
drugclip,P50406,0,近 0.5–0.7,4.0,8,50.0000
drugclip,P50406,0,全新 <0.35,3.0,51,5.8824
drugclip,P52333,1,近 0.5–0.7,28.0,57,49.1228
drugclip,P52333,1,全新 <0.35,1.0,110,0.9091
drugclip,P52333,1,极近 ≥0.7,15.0,31,48.3871
drugclip,P52333,1,远 0.35–0.5,28.0,58,48.2759
drugclip,P53634,1,全新 <0.35,9.0,54,16.6667
drugclip,P53634,1,远 0.35–0.5,0.0,3,0.0000
drugclip,P56817,1,远 0.35–0.5,75.0,122,61.4754
drugclip,P56817,1,近 0.5–0.7,4.0,6,66.6667
drugclip,P56817,1,全新 <0.35,54.0,132,40.9091
drugclip,Q05397,1,远 0.35–0.5,10.0,29,34.4828
drugclip,Q05397,1,近 0.5–0.7,13.0,33,39.3939
drugclip,Q05397,1,全新 <0.35,2.0,7,28.5714
drugclip,Q05397,1,极近 ≥0.7,4.0,21,19.0476
drugclip,Q13188,1,近 0.5–0.7,0.0,21,0.0000
drugclip,Q13188,1,远 0.35–0.5,0.0,19,0.0000
drugclip,Q13188,1,极近 ≥0.7,2.0,8,25.0000
drugclip,Q13547,0,近 0.5–0.7,5.0,58,8.6207
drugclip,Q13547,0,远 0.35–0.5,8.0,197,4.0609
drugclip,Q13547,0,全新 <0.35,2.0,93,2.1505
drugclip,Q13547,0,极近 ≥0.7,1.0,13,7.6923
drugclip,Q13627,1,极近 ≥0.7,4.0,42,9.5238
drugclip,Q13627,1,远 0.35–0.5,11.0,31,35.4839
drugclip,Q13627,1,近 0.5–0.7,1.0,26,3.8462
drugclip,Q13627,1,全新 <0.35,3.0,12,25.0000
drugclip,Q16678,0,远 0.35–0.5,8.0,76,10.5263
drugclip,Q16678,0,近 0.5–0.7,3.0,11,27.2727
drugclip,Q16678,0,全新 <0.35,1.0,20,5.0000
drugclip,Q92769,1,远 0.35–0.5,23.0,56,41.0714
drugclip,Q92769,1,近 0.5–0.7,8.0,21,38.0952
drugclip,Q92769,1,极近 ≥0.7,5.0,12,41.6667
drugclip,Q92769,1,全新 <0.35,14.0,38,36.8421
drugclip,Q92918,1,极近 ≥0.7,1.0,4,25.0000
drugclip,Q92918,1,近 0.5–0.7,3.0,10,30.0000
drugclip,Q92918,1,远 0.35–0.5,0.0,16,0.0000
drugclip,Q92918,1,全新 <0.35,0.0,131,0.0000
drugclip,Q9BY41,1,极近 ≥0.7,6.0,8,75.0000
drugclip,Q9BY41,1,全新 <0.35,9.0,32,28.1250
drugclip,Q9BY41,1,远 0.35–0.5,28.0,51,54.9020
drugclip,Q9BY41,1,近 0.5–0.7,7.0,13,53.8462
drugclip,Q9NWZ3,1,全新 <0.35,13.0,69,18.8406
drugclip,Q9NWZ3,1,远 0.35–0.5,2.0,14,14.2857
drugclip,Q9NWZ3,1,极近 ≥0.7,2.0,6,33.3333
drugclip,Q9NZQ7,1,远 0.35–0.5,8.0,40,20.0000
drugclip,Q9NZQ7,1,全新 <0.35,0.0,42,0.0000
drugclip,Q9NZQ7,1,近 0.5–0.7,3.0,3,100.0000
drugclip,Q9UBN7,1,全新 <0.35,0.0,185,0.0000
drugclip,Q9UBN7,1,远 0.35–0.5,0.0,180,0.0000
drugclip,Q9UBN7,1,极近 ≥0.7,0.0,12,0.0000
drugclip,Q9UBN7,1,近 0.5–0.7,1.0,49,2.0408
drugclip,Q9Y5Z0,1,远 0.35–0.5,61.33333333333333,101,60.7261
drugclip,Q9Y5Z0,1,近 0.5–0.7,3.0,6,50.0000
drugclip,Q9Y5Z0,1,全新 <0.35,51.666666666666664,120,43.0556
drugclip,O14684,1,全新 <0.35,0.0,35,0.0000
drugclip,O14684,1,远 0.35–0.5,22.0,86,25.5814
drugclip,O14684,1,近 0.5–0.7,1.0,4,25.0000
drugclip,O14744,1,全新 <0.35,196.5,753,26.0956
drugclip,O14744,1,远 0.35–0.5,21.0,58,36.2069
drugclip,O14744,1,近 0.5–0.7,0.0,3,0.0000
drugclip,O14757,1,远 0.35–0.5,18.0,49,36.7347
drugclip,O14757,1,全新 <0.35,56.0,137,40.8759
drugclip,O14757,1,近 0.5–0.7,0.0,4,0.0000
drugclip,O15379,0,近 0.5–0.7,0.0,10,0.0000
drugclip,O15379,0,远 0.35–0.5,0.0,87,0.0000
drugclip,O15379,0,全新 <0.35,1.0,315,0.3175
drugclip,O43570,1,远 0.35–0.5,0.0,141,0.0000
drugclip,O43570,1,全新 <0.35,0.0,82,0.0000
drugclip,O43570,1,近 0.5–0.7,0.0,16,0.0000
drugclip,O43613,1,全新 <0.35,15.0,70,21.4286
drugclip,O43613,1,远 0.35–0.5,12.0,23,52.1739
drugclip,O43613,1,近 0.5–0.7,3.0,6,50.0000
drugclip,O43614,1,全新 <0.35,21.0,117,17.9487
drugclip,O43614,1,远 0.35–0.5,10.0,22,45.4545
drugclip,O43614,1,近 0.5–0.7,6.0,6,100.0000
drugclip,O60341,1,全新 <0.35,68.8,760,9.0526
drugclip,O60341,1,远 0.35–0.5,4.0,44,9.0909
drugclip,O60341,1,近 0.5–0.7,3.0,3,100.0000
drugclip,O60502,1,全新 <0.35,18.0,294,6.1224
drugclip,O60502,1,远 0.35–0.5,1.0,6,16.6667
drugclip,O60885,1,全新 <0.35,142.66666666666669,339,42.0846
drugclip,O60885,1,远 0.35–0.5,49.666666666666664,189,26.2787
drugclip,O60885,1,近 0.5–0.7,3.0,29,10.3448
drugclip,O60885,1,极近 ≥0.7,1.0,19,5.2632
drugclip,O75116,1,全新 <0.35,74.0,235,31.4894
drugclip,O75116,1,远 0.35–0.5,28.0,62,45.1613
drugclip,O75116,1,近 0.5–0.7,0.0,4,0.0000
drugclip,O75173,1,近 0.5–0.7,4.0,5,80.0000
drugclip,O75173,1,全新 <0.35,25.0,71,35.2113
drugclip,O75173,1,远 0.35–0.5,6.0,7,85.7143
drugclip,O75385,1,远 0.35–0.5,3.0,26,11.5385
drugclip,O75385,1,近 0.5–0.7,0.0,4,0.0000
drugclip,O75385,1,全新 <0.35,4.0,378,1.0582
drugclip,O95497,0,远 0.35–0.5,0.0,9,0.0000
drugclip,O95497,0,全新 <0.35,2.0,109,1.8349
drugclip,O95819,1,全新 <0.35,6.0,57,10.5263
drugclip,O95819,1,远 0.35–0.5,0.0,7,0.0000
drugclip,O96017,1,全新 <0.35,2.0,17,11.7647
drugclip,O96017,1,远 0.35–0.5,10.0,44,22.7273
drugclip,O96017,1,近 0.5–0.7,1.0,4,25.0000
drugclip,O96028,0,全新 <0.35,1.0,63,1.5873
drugclip,O96028,0,远 0.35–0.5,0.0,14,0.0000
drugclip,P00519,1,远 0.35–0.5,3.0,138,2.1739
drugclip,P00519,1,全新 <0.35,1.0,133,0.7519
drugclip,P00519,1,近 0.5–0.7,3.0,21,14.2857
drugclip,P00533,1,近 0.5–0.7,2.0,72,2.7778
drugclip,P00533,1,远 0.35–0.5,43.0,360,11.9444
drugclip,P00533,1,全新 <0.35,159.0,1615,9.8452
drugclip,P00734,1,远 0.35–0.5,25.0,52,48.0769
drugclip,P00734,1,全新 <0.35,0.0,6,0.0000
drugclip,P00734,1,近 0.5–0.7,12.0,14,85.7143
drugclip,P00742,1,远 0.35–0.5,21.0,48,43.7500
drugclip,P00742,1,近 0.5–0.7,4.0,15,26.6667
drugclip,P00742,1,全新 <0.35,0.0,3,0.0000
drugclip,P00746,1,全新 <0.35,154.0,348,44.2529
drugclip,P00746,1,远 0.35–0.5,10.0,16,62.5000
drugclip,P03372,1,全新 <0.35,61.0,197,30.9645
drugclip,P03372,1,远 0.35–0.5,3.0,21,14.2857
drugclip,P03951,1,全新 <0.35,42.0,80,52.5000
drugclip,P03951,1,远 0.35–0.5,7.0,20,35.0000
drugclip,P03952,1,远 0.35–0.5,2.0,38,5.2632
drugclip,P03952,1,全新 <0.35,2.0,92,2.1739
drugclip,P04150,1,全新 <0.35,10.0,279,3.5842
drugclip,P04150,1,远 0.35–0.5,0.0,3,0.0000
drugclip,P04150,1,近 0.5–0.7,4.0,4,100.0000
drugclip,P04293,0,全新 <0.35,0.0,346,0.0000
drugclip,P04293,0,远 0.35–0.5,0.0,9,0.0000
drugclip,P04626,1,全新 <0.35,400.0,932,42.9185
drugclip,P04626,1,远 0.35–0.5,23.0,54,42.5926
drugclip,P04626,1,近 0.5–0.7,6.0,18,33.3333
drugclip,P06239,1,全新 <0.35,4.0,536,0.7463
drugclip,P06239,1,近 0.5–0.7,0.0,82,0.0000
drugclip,P06239,1,远 0.35–0.5,2.0,90,2.2222
drugclip,P06239,1,极近 ≥0.7,0.0,7,0.0000
drugclip,P06241,1,全新 <0.35,0.0,25,0.0000
drugclip,P06241,1,远 0.35–0.5,0.0,28,0.0000
drugclip,P06276,1,全新 <0.35,2.0,34,5.8824
drugclip,P06276,1,远 0.35–0.5,12.0,65,18.4615
drugclip,P06276,1,近 0.5–0.7,23.0,40,57.5000
drugclip,P07333,1,近 0.5–0.7,10.0,17,58.8235
drugclip,P07333,1,远 0.35–0.5,69.4,228,30.4386
drugclip,P07333,1,全新 <0.35,59.0,527,11.1954
drugclip,P07711,1,远 0.35–0.5,4.0,72,5.5556
drugclip,P07711,1,近 0.5–0.7,0.0,20,0.0000
drugclip,P07711,1,全新 <0.35,1.0,21,4.7619
drugclip,P07949,1,近 0.5–0.7,0.0,9,0.0000
drugclip,P07949,1,全新 <0.35,2.0,238,0.8403
drugclip,P07949,1,远 0.35–0.5,0.0,16,0.0000
drugclip,P08069,1,远 0.35–0.5,1.0,268,0.3731
drugclip,P08069,1,全新 <0.35,0.0,29,0.0000
drugclip,P08069,1,近 0.5–0.7,0.0,56,0.0000
drugclip,P08069,1,极近 ≥0.7,0.0,6,0.0000
drugclip,P08173,0,全新 <0.35,0.0,72,0.0000
drugclip,P08173,0,远 0.35–0.5,1.0,6,16.6667
drugclip,P08581,1,远 0.35–0.5,252.33333333333334,631,39.9894
drugclip,P08581,1,近 0.5–0.7,46.0,83,55.4217
drugclip,P08581,1,全新 <0.35,33.666666666666664,117,28.7749
drugclip,P08908,0,全新 <0.35,29.0,203,14.2857
drugclip,P08908,0,远 0.35–0.5,2.0,4,50.0000
drugclip,P08922,1,全新 <0.35,6.0,33,18.1818
drugclip,P08922,1,远 0.35–0.5,6.0,12,50.0000
drugclip,P08922,1,近 0.5–0.7,4.0,6,66.6667
drugclip,P0DMS8,0,全新 <0.35,8.0,42,19.0476
drugclip,P0DMS8,0,远 0.35–0.5,2.0,8,25.0000
drugclip,P10398,0,全新 <0.35,0.0,8,0.0000
drugclip,P10398,0,远 0.35–0.5,0.0,91,0.0000
drugclip,P10398,0,近 0.5–0.7,0.0,4,0.0000
drugclip,P11309,1,全新 <0.35,2.0,30,6.6667
drugclip,P11309,1,远 0.35–0.5,2.0,19,10.5263
drugclip,P11309,1,近 0.5–0.7,10.0,15,66.6667
drugclip,P11362,1,全新 <0.35,29.0,458,6.3319
drugclip,P11362,1,远 0.35–0.5,5.0,39,12.8205
drugclip,P11362,1,近 0.5–0.7,1.0,4,25.0000
drugclip,P11474,1,全新 <0.35,1.0,196,0.5102
drugclip,P11474,1,远 0.35–0.5,0.0,3,0.0000
drugclip,P11802,0,全新 <0.35,211.0,1227,17.1964
drugclip,P11802,0,远 0.35–0.5,13.0,118,11.0169
drugclip,P11802,0,近 0.5–0.7,8.0,50,16.0000
drugclip,P11802,0,极近 ≥0.7,0.0,7,0.0000
drugclip,P14756,1,全新 <0.35,19.0,58,32.7586
drugclip,P14756,1,远 0.35–0.5,6.0,13,46.1538
drugclip,P15428,0,远 0.35–0.5,0.0,55,0.0000
drugclip,P15428,0,全新 <0.35,2.0,306,0.6536
drugclip,P18825,0,全新 <0.35,3.0,117,2.5641
drugclip,P18825,0,远 0.35–0.5,1.0,8,12.5000
drugclip,P20618,0,全新 <0.35,0.0,46,0.0000
drugclip,P20618,0,远 0.35–0.5,0.0,25,0.0000
drugclip,P21554,0,全新 <0.35,0.0,51,0.0000
drugclip,P21802,1,全新 <0.35,47.0,464,10.1293
drugclip,P21802,1,远 0.35–0.5,2.0,16,12.5000
drugclip,P21802,1,近 0.5–0.7,0.0,4,0.0000
drugclip,P22413,0,全新 <0.35,0.0,408,0.0000
drugclip,P22413,0,远 0.35–0.5,1.0,108,0.9259
drugclip,P22413,0,近 0.5–0.7,0.0,8,0.0000
drugclip,P22455,1,全新 <0.35,7.0,88,7.9545
drugclip,P22455,1,远 0.35–0.5,5.0,24,20.8333
drugclip,P22455,1,近 0.5–0.7,1.0,4,25.0000
drugclip,P22607,0,全新 <0.35,12.0,368,3.2609
drugclip,P22607,0,远 0.35–0.5,1.0,13,7.6923
drugclip,P22607,0,近 0.5–0.7,0.0,3,0.0000
drugclip,P23458,1,全新 <0.35,59.0,509,11.5914
drugclip,P23458,1,远 0.35–0.5,21.0,107,19.6262
drugclip,P23458,1,近 0.5–0.7,2.0,5,40.0000
drugclip,P23946,1,全新 <0.35,0.0,70,0.0000
drugclip,P24941,1,全新 <0.35,329.6666666666667,1322,24.9370
drugclip,P24941,1,远 0.35–0.5,83.0,279,29.7491
drugclip,P24941,1,近 0.5–0.7,2.0,28,7.1429
drugclip,P27338,1,远 0.35–0.5,1.0,43,2.3256
drugclip,P27338,1,全新 <0.35,2.0,80,2.5000
drugclip,P27487,1,全新 <0.35,20.0,86,23.2558
drugclip,P27487,1,远 0.35–0.5,4.0,29,13.7931
drugclip,P28074,0,远 0.35–0.5,36.0,115,31.3043
drugclip,P28074,0,全新 <0.35,52.0,205,25.3659
drugclip,P28074,0,近 0.5–0.7,1.0,5,20.0000
drugclip,P28335,1,全新 <0.35,16.0,287,5.5749
drugclip,P28335,1,远 0.35–0.5,2.0,9,22.2222
drugclip,P28482,1,远 0.35–0.5,37.0,41,90.2439
drugclip,P28482,1,全新 <0.35,39.0,624,6.2500
drugclip,P29274,1,全新 <0.35,116.0,721,16.0888
drugclip,P29274,1,远 0.35–0.5,18.0,56,32.1429
drugclip,P29275,0,全新 <0.35,38.0,330,11.5152
drugclip,P29275,0,远 0.35–0.5,2.0,28,7.1429
drugclip,P30530,1,远 0.35–0.5,3.0,568,0.5282
drugclip,P30530,1,近 0.5–0.7,0.0,36,0.0000
drugclip,P30530,1,全新 <0.35,6.0,323,1.8576
drugclip,P30542,0,全新 <0.35,3.0,93,3.2258
drugclip,P30542,0,远 0.35–0.5,3.0,20,15.0000
drugclip,P31391,0,全新 <0.35,0.0,90,0.0000
drugclip,P31391,0,远 0.35–0.5,0.0,10,0.0000
drugclip,P31645,1,全新 <0.35,0.0,104,0.0000
drugclip,P31645,1,远 0.35–0.5,0.0,5,0.0000
drugclip,P31749,1,近 0.5–0.7,0.0,123,0.0000
drugclip,P31749,1,远 0.35–0.5,1.0,85,1.1765
drugclip,P31749,1,全新 <0.35,1.0,4,25.0000
drugclip,P31751,1,远 0.35–0.5,0.0,57,0.0000
drugclip,P31751,1,近 0.5–0.7,0.0,61,0.0000
drugclip,P32245,0,全新 <0.35,1.0,206,0.4854
drugclip,P34914,1,远 0.35–0.5,3.0,111,2.7027
drugclip,P34914,1,全新 <0.35,0.0,59,0.0000
drugclip,P34914,1,近 0.5–0.7,4.0,27,14.8148
drugclip,P34972,0,全新 <0.35,5.0,55,9.0909
drugclip,P34972,0,远 0.35–0.5,0.0,8,0.0000
drugclip,P35968,1,全新 <0.35,14.666666666666666,184,7.9710
drugclip,P35968,1,远 0.35–0.5,104.33333333333334,601,17.3600
drugclip,P35968,1,近 0.5–0.7,78.0,140,55.7143
drugclip,P36888,0,近 0.5–0.7,0.0,18,0.0000
drugclip,P36888,0,全新 <0.35,9.0,349,2.5788
drugclip,P36888,0,远 0.35–0.5,3.0,139,2.1583
drugclip,P39900,1,全新 <0.35,28.0,82,34.1463
drugclip,P41146,1,全新 <0.35,7.0,54,12.9630
drugclip,P41240,0,极近 ≥0.7,0.0,8,0.0000
drugclip,P41240,0,近 0.5–0.7,0.0,87,0.0000
drugclip,P41240,0,远 0.35–0.5,0.0,76,0.0000
drugclip,P41240,0,全新 <0.35,0.0,3,0.0000
drugclip,P42330,0,远 0.35–0.5,0.0,32,0.0000
drugclip,P42330,0,全新 <0.35,0.0,42,0.0000
drugclip,P42330,0,近 0.5–0.7,0.0,3,0.0000
drugclip,P42345,0,全新 <0.35,0.0,33,0.0000
drugclip,P42345,0,远 0.35–0.5,0.0,39,0.0000
drugclip,P42345,0,近 0.5–0.7,0.0,8,0.0000
drugclip,P43405,1,全新 <0.35,2.0,23,8.6957
drugclip,P43405,1,远 0.35–0.5,3.0,70,4.2857
drugclip,P43405,1,近 0.5–0.7,0.0,10,0.0000
drugclip,P43490,1,远 0.35–0.5,151.5,268,56.5299
drugclip,P43490,1,全新 <0.35,60.0,148,40.5405
drugclip,P43490,1,近 0.5–0.7,22.0,54,40.7407
drugclip,P43490,1,极近 ≥0.7,0.0,12,0.0000
drugclip,P47205,1,全新 <0.35,44.0,145,30.3448
drugclip,P48729,1,远 0.35–0.5,0.0,63,0.0000
drugclip,P48729,1,近 0.5–0.7,0.0,24,0.0000
drugclip,P48729,1,全新 <0.35,0.0,47,0.0000
drugclip,P48730,1,近 0.5–0.7,8.0,32,25.0000
drugclip,P48730,1,远 0.35–0.5,2.0,61,3.2787
drugclip,P48730,1,全新 <0.35,1.0,51,1.9608
drugclip,P49759,1,全新 <0.35,0.0,124,0.0000
drugclip,P49759,1,远 0.35–0.5,0.0,7,0.0000
drugclip,P49759,1,近 0.5–0.7,0.0,3,0.0000
drugclip,P49760,1,远 0.35–0.5,0.0,92,0.0000
drugclip,P49760,1,全新 <0.35,0.0,157,0.0000
drugclip,P49760,1,近 0.5–0.7,0.0,8,0.0000
drugclip,P49841,1,远 0.35–0.5,26.666666666666668,115,23.1884
drugclip,P49841,1,全新 <0.35,78.66666666666666,1278,6.1555
drugclip,P49841,1,近 0.5–0.7,5.0,13,38.4615
drugclip,P50053,1,全新 <0.35,72.11111111111111,911,7.9156
drugclip,P50053,1,远 0.35–0.5,6.0,32,18.7500
drugclip,P50406,0,全新 <0.35,2.0,42,4.7619
drugclip,P50406,0,远 0.35–0.5,2.0,14,14.2857
drugclip,P51531,0,全新 <0.35,1.0,69,1.4493
drugclip,P51531,0,远 0.35–0.5,0.0,22,0.0000
drugclip,P51532,0,全新 <0.35,6.0,60,10.0000
drugclip,P51532,0,远 0.35–0.5,0.0,21,0.0000
drugclip,P53350,1,远 0.35–0.5,2.0,41,4.8780
drugclip,P53350,1,近 0.5–0.7,1.0,60,1.6667
drugclip,P53350,1,极近 ≥0.7,0.0,6,0.0000
drugclip,P53396,1,全新 <0.35,0.0,57,0.0000
drugclip,P53634,1,全新 <0.35,29.5,361,8.1717
drugclip,P53634,1,远 0.35–0.5,0.0,52,0.0000
drugclip,P53667,0,远 0.35–0.5,0.0,29,0.0000
drugclip,P53667,0,全新 <0.35,0.0,30,0.0000
drugclip,P53667,0,近 0.5–0.7,0.0,3,0.0000
drugclip,P53671,1,远 0.35–0.5,0.0,33,0.0000
drugclip,P53671,1,全新 <0.35,0.0,30,0.0000
drugclip,P53671,1,近 0.5–0.7,0.0,3,0.0000
drugclip,P53779,1,远 0.35–0.5,2.0,23,8.6957
drugclip,P53779,1,全新 <0.35,4.0,21,19.0476
drugclip,P53779,1,近 0.5–0.7,2.0,21,9.5238
drugclip,P56817,1,全新 <0.35,141.0,304,46.3816
drugclip,P56817,1,远 0.35–0.5,39.0,46,84.7826
drugclip,P61073,1,远 0.35–0.5,0.0,30,0.0000
drugclip,P61073,1,全新 <0.35,10.0,22,45.4545
drugclip,P61964,1,远 0.35–0.5,0.0,11,0.0000
drugclip,P61964,1,全新 <0.35,0.0,40,0.0000
drugclip,P78527,0,全新 <0.35,0.0,513,0.0000
drugclip,P78527,0,远 0.35–0.5,1.0,117,0.8547
drugclip,P80192,1,全新 <0.35,0.0,58,0.0000
drugclip,Q03111,1,全新 <0.35,7.0,75,9.3333
drugclip,Q03111,1,远 0.35–0.5,7.0,23,30.4348
drugclip,Q06124,1,全新 <0.35,31.0,462,6.7100
drugclip,Q06124,1,远 0.35–0.5,5.0,25,20.0000
drugclip,Q06187,1,全新 <0.35,20.0,574,3.4843
drugclip,Q06187,1,远 0.35–0.5,92.0,383,24.0209
drugclip,Q06187,1,近 0.5–0.7,1.0,19,5.2632
drugclip,Q07817,1,远 0.35–0.5,50.0,231,21.6450
drugclip,Q07817,1,全新 <0.35,35.0,138,25.3623
drugclip,Q07817,1,近 0.5–0.7,8.0,8,100.0000
drugclip,Q09472,1,全新 <0.35,1.0,102,0.9804
drugclip,Q09472,1,远 0.35–0.5,0.0,3,0.0000
drugclip,Q09472,1,近 0.5–0.7,0.0,6,0.0000
drugclip,Q13315,0,全新 <0.35,1.0,192,0.5208
drugclip,Q13315,0,远 0.35–0.5,1.0,24,4.1667
drugclip,Q13464,1,全新 <0.35,42.5,153,27.7778
drugclip,Q13464,1,远 0.35–0.5,3.0,29,10.3448
drugclip,Q13546,1,远 0.35–0.5,0.0,54,0.0000
drugclip,Q13546,1,全新 <0.35,13.0,533,2.4390
drugclip,Q13547,0,近 0.5–0.7,0.0,70,0.0000
drugclip,Q13547,0,全新 <0.35,17.0,682,2.4927
drugclip,Q13547,0,远 0.35–0.5,6.0,288,2.0833
drugclip,Q13547,0,极近 ≥0.7,0.0,4,0.0000
drugclip,Q14145,1,全新 <0.35,42.0,84,50.0000
drugclip,Q14145,1,远 0.35–0.5,17.0,40,42.5000
drugclip,Q14833,0,全新 <0.35,1.0,166,0.6024
drugclip,Q14833,0,远 0.35–0.5,0.0,5,0.0000
drugclip,Q15125,0,全新 <0.35,9.0,176,5.1136
drugclip,Q15858,1,全新 <0.35,15.0,653,2.2971
drugclip,Q15858,1,远 0.35–0.5,0.0,7,0.0000
drugclip,Q15910,1,全新 <0.35,228.0,660,34.5455
drugclip,Q15910,1,远 0.35–0.5,25.0,73,34.2466
drugclip,Q16288,1,近 0.5–0.7,0.0,19,0.0000
drugclip,Q16288,1,全新 <0.35,0.0,104,0.0000
drugclip,Q16288,1,远 0.35–0.5,1.0,43,2.3256
drugclip,Q16552,1,全新 <0.35,0.0,252,0.0000
drugclip,Q16552,1,远 0.35–0.5,0.0,10,0.0000
drugclip,Q16620,1,近 0.5–0.7,7.0,29,24.1379
drugclip,Q16620,1,全新 <0.35,4.0,78,5.1282
drugclip,Q16620,1,远 0.35–0.5,18.0,81,22.2222
drugclip,Q16769,1,远 0.35–0.5,7.0,21,33.3333
drugclip,Q16769,1,全新 <0.35,5.0,45,11.1111
drugclip,Q32ZE1,1,远 0.35–0.5,0.0,36,0.0000
drugclip,Q32ZE1,1,全新 <0.35,0.0,114,0.0000
drugclip,Q6V1X1,0,全新 <0.35,6.0,49,12.2449
drugclip,Q6V1X1,0,远 0.35–0.5,0.0,16,0.0000
drugclip,Q6V1X1,0,近 0.5–0.7,0.0,4,0.0000
drugclip,Q72547,1,全新 <0.35,9.0,34,26.4706
drugclip,Q72547,1,远 0.35–0.5,4.0,29,13.7931
drugclip,Q86TI2,0,远 0.35–0.5,1.0,11,9.0909
drugclip,Q86TI2,0,全新 <0.35,12.0,41,29.2683
drugclip,Q86TI2,0,近 0.5–0.7,0.0,4,0.0000
drugclip,Q86W56,1,全新 <0.35,0.0,336,0.0000
drugclip,Q86W56,1,远 0.35–0.5,0.0,5,0.0000
drugclip,Q86WV6,1,远 0.35–0.5,14.0,34,41.1765
drugclip,Q86WV6,1,全新 <0.35,0.0,129,0.0000
drugclip,Q86WV6,1,近 0.5–0.7,0.0,6,0.0000
drugclip,Q8IVH8,1,全新 <0.35,46.0,302,15.2318
drugclip,Q8IVH8,1,远 0.35–0.5,2.0,30,6.6667
drugclip,Q8N884,1,全新 <0.35,0.0,308,0.0000
drugclip,Q8NEB9,1,全新 <0.35,0.0,54,0.0000
drugclip,Q8NEB9,1,远 0.35–0.5,1.0,3,33.3333
drugclip,Q8R4B8,0,全新 <0.35,0.0,54,0.0000
drugclip,Q8R4B8,0,远 0.35–0.5,0.0,3,0.0000
drugclip,Q92633,0,全新 <0.35,17.5,560,3.1250
drugclip,Q92769,1,远 0.35–0.5,12.0,43,27.9070
drugclip,Q92769,1,全新 <0.35,57.0,282,20.2128
drugclip,Q92769,1,近 0.5–0.7,1.0,11,9.0909
drugclip,Q92793,1,远 0.35–0.5,16.0,27,59.2593
drugclip,Q92793,1,近 0.5–0.7,29.0,39,74.3590
drugclip,Q92793,1,全新 <0.35,1.8,370,0.4865
drugclip,Q92993,0,全新 <0.35,0.0,66,0.0000
drugclip,Q92993,0,远 0.35–0.5,0.0,27,0.0000
drugclip,Q93009,1,远 0.35–0.5,100.0,134,74.6269
drugclip,Q93009,1,全新 <0.35,27.0,133,20.3008
drugclip,Q93009,1,近 0.5–0.7,22.0,24,91.6667
drugclip,Q96RI1,1,全新 <0.35,10.0,23,43.4783
drugclip,Q96RI1,1,远 0.35–0.5,22.0,38,57.8947
drugclip,Q99640,1,全新 <0.35,40.75,281,14.5018
drugclip,Q99640,1,远 0.35–0.5,0.0,5,0.0000
drugclip,Q99683,1,远 0.35–0.5,0.0,23,0.0000
drugclip,Q99683,1,近 0.5–0.7,0.0,7,0.0000
drugclip,Q99683,1,全新 <0.35,0.0,46,0.0000
drugclip,Q99814,1,全新 <0.35,0.0,114,0.0000
drugclip,Q9BY41,1,全新 <0.35,73.0,342,21.3450
drugclip,Q9BY41,1,远 0.35–0.5,37.0,44,84.0909
drugclip,Q9BY41,1,近 0.5–0.7,3.0,6,50.0000
drugclip,Q9H3N8,0,远 0.35–0.5,0.0,14,0.0000
drugclip,Q9H3N8,0,全新 <0.35,0.0,41,0.0000
drugclip,Q9H8M2,1,远 0.35–0.5,35.0,63,55.5556
drugclip,Q9H8M2,1,全新 <0.35,96.33333333333333,320,30.1042
drugclip,Q9H8M2,1,近 0.5–0.7,0.0,8,0.0000
drugclip,Q9HAZ1,1,全新 <0.35,1.0,126,0.7937
drugclip,Q9HAZ1,1,远 0.35–0.5,2.0,7,28.5714
drugclip,Q9HBH9,1,远 0.35–0.5,0.0,54,0.0000
drugclip,Q9HBH9,1,全新 <0.35,1.0,50,2.0000
drugclip,Q9NSY1,1,全新 <0.35,0.0,67,0.0000
drugclip,Q9NWZ3,1,全新 <0.35,117.0,1157,10.1124
drugclip,Q9NWZ3,1,远 0.35–0.5,28.0,273,10.2564
drugclip,Q9NWZ3,1,近 0.5–0.7,0.0,27,0.0000
drugclip,Q9NYV4,1,近 0.5–0.7,0.0,37,0.0000
drugclip,Q9NYV4,1,全新 <0.35,4.0,157,2.5478
drugclip,Q9NYV4,1,远 0.35–0.5,1.0,88,1.1364
drugclip,Q9P2K8,0,全新 <0.35,4.0,52,7.6923
drugclip,Q9P2K8,0,远 0.35–0.5,10.0,34,29.4118
drugclip,Q9UGN5,1,全新 <0.35,3.0,146,2.0548
drugclip,Q9UGN5,1,近 0.5–0.7,8.0,9,88.8889
drugclip,Q9UGN5,1,远 0.35–0.5,3.0,9,33.3333
drugclip,Q9UNA0,1,全新 <0.35,26.0,74,35.1351
drugclip,Q9UNA0,1,远 0.35–0.5,3.0,6,50.0000
drugclip,Q9Y5Y9,0,全新 <0.35,9.0,500,1.8000
drugclip,Q9Y5Y9,0,远 0.35–0.5,3.0,132,2.2727
drugclip,Q9Y5Z0,1,全新 <0.35,124.0,280,44.2857
drugclip,Q9Y5Z0,1,远 0.35–0.5,37.0,37,100.0000
drugclip,C7FF05,0,远 0.35–0.5,1.0,34,2.9412
drugclip,C7FF05,0,全新 <0.35,0.0,49,0.0000
drugclip,C7FF05,0,近 0.5–0.7,0.0,7,0.0000
drugclip,O14638,0,全新 <0.35,0.0,89,0.0000
drugclip,O94921,0,全新 <0.35,28.0,69,40.5797
drugclip,O94921,0,远 0.35–0.5,23.0,31,74.1935
drugclip,P01111,0,全新 <0.35,0.0,469,0.0000
drugclip,P05622,0,远 0.35–0.5,1.0,81,1.2346
drugclip,P05622,0,全新 <0.35,0.0,256,0.0000
drugclip,P05622,0,极近 ≥0.7,0.0,8,0.0000
drugclip,P05622,0,近 0.5–0.7,0.0,33,0.0000
drugclip,P08519,1,全新 <0.35,3.0,73,4.1096
drugclip,P28347,0,全新 <0.35,1.0,226,0.4425
drugclip,P28347,0,远 0.35–0.5,0.0,12,0.0000
drugclip,P37288,0,全新 <0.35,0.0,108,0.0000
drugclip,P43220,1,近 0.5–0.7,0.0,8,0.0000
drugclip,P43220,1,远 0.35–0.5,0.0,16,0.0000
drugclip,P43220,1,全新 <0.35,1.0,105,0.9524
drugclip,P56528,0,全新 <0.35,0.0,92,0.0000
drugclip,P56528,0,远 0.35–0.5,0.0,11,0.0000
drugclip,P97821,0,全新 <0.35,9.0,83,10.8434
drugclip,Q15562,1,远 0.35–0.5,0.0,3,0.0000
drugclip,Q15562,1,全新 <0.35,2.0,177,1.1299
drugclip,Q15878,0,全新 <0.35,0.0,142,0.0000
drugclip,Q15878,0,远 0.35–0.5,0.0,9,0.0000
drugclip,Q92830,0,全新 <0.35,0.0,159,0.0000
drugclip,Q96LB1,0,全新 <0.35,1.0,62,1.6129
drugclip,Q96LB1,0,远 0.35–0.5,0.0,7,0.0000
drugclip,Q99594,0,全新 <0.35,0.0,102,0.0000
drugclip,J9SQF3,0,全新 <0.35,0.0,645,0.0000
drugclip,J9SQF3,0,远 0.35–0.5,0.0,5,0.0000
drugclip,O00411,0,全新 <0.35,5.0,211,2.3697
drugclip,O00411,0,远 0.35–0.5,0.0,15,0.0000
drugclip,O00443,1,全新 <0.35,0.0,75,0.0000
drugclip,O00443,1,远 0.35–0.5,0.0,24,0.0000
drugclip,O14578,0,远 0.35–0.5,0.0,85,0.0000
drugclip,O14578,0,全新 <0.35,0.0,66,0.0000
drugclip,O14874,0,远 0.35–0.5,2.0,75,2.6667
drugclip,O14874,0,全新 <0.35,0.0,20,0.0000
drugclip,O14874,0,近 0.5–0.7,2.0,10,20.0000
drugclip,O42275,0,近 0.5–0.7,29.0,46,63.0435
drugclip,O42275,0,远 0.35–0.5,12.0,39,30.7692
drugclip,O42275,0,全新 <0.35,5.0,32,15.6250
drugclip,O60427,0,全新 <0.35,53.0,234,22.6496
drugclip,O88634,0,全新 <0.35,0.0,52,0.0000
drugclip,O88634,0,远 0.35–0.5,0.0,12,0.0000
drugclip,O94782,1,全新 <0.35,3.0,394,0.7614
drugclip,O94782,1,远 0.35–0.5,1.0,11,9.0909
drugclip,O95835,0,远 0.35–0.5,35.0,60,58.3333
drugclip,O95835,0,全新 <0.35,1.0,12,8.3333
drugclip,P08546,0,全新 <0.35,12.0,79,15.1899
drugclip,P08546,0,远 0.35–0.5,0.0,3,0.0000
drugclip,P09871,0,全新 <0.35,179.0,419,42.7208
drugclip,P0AES4,0,远 0.35–0.5,0.0,47,0.0000
drugclip,P0AES4,0,近 0.5–0.7,0.0,5,0.0000
drugclip,P0AES4,0,全新 <0.35,0.0,81,0.0000
drugclip,P14060,0,全新 <0.35,2.0,74,2.7027
drugclip,P14416,0,全新 <0.35,45.0,291,15.4639
drugclip,P14416,0,远 0.35–0.5,4.0,24,16.6667
drugclip,P14416,0,近 0.5–0.7,2.0,5,40.0000
drugclip,P16788,0,远 0.35–0.5,0.0,10,0.0000
drugclip,P16788,0,全新 <0.35,0.0,444,0.0000
drugclip,P17927,0,全新 <0.35,0.0,69,0.0000
drugclip,P17948,1,近 0.5–0.7,1.0,39,2.5641
drugclip,P17948,1,远 0.35–0.5,1.0,25,4.0000
drugclip,P17948,1,极近 ≥0.7,2.0,10,20.0000
drugclip,P17948,1,全新 <0.35,0.0,20,0.0000
drugclip,P19525,0,全新 <0.35,0.0,165,0.0000
drugclip,P19525,0,远 0.35–0.5,1.0,16,6.2500
drugclip,P20648,0,近 0.5–0.7,12.0,29,41.3793
drugclip,P20648,0,全新 <0.35,2.0,40,5.0000
drugclip,P20648,0,远 0.35–0.5,8.0,42,19.0476
drugclip,P21917,0,全新 <0.35,7.0,30,23.3333
drugclip,P21917,0,远 0.35–0.5,3.0,31,9.6774
drugclip,P21917,0,近 0.5–0.7,2.0,4,50.0000
drugclip,P22001,0,全新 <0.35,0.0,338,0.0000
drugclip,P22001,0,远 0.35–0.5,0.0,13,0.0000
drugclip,P25929,0,全新 <0.35,0.0,74,0.0000
drugclip,P25929,0,远 0.35–0.5,0.0,28,0.0000
drugclip,P28223,0,全新 <0.35,86.5,971,8.9083
drugclip,P28223,0,远 0.35–0.5,27.0,190,14.2105
drugclip,P28223,0,近 0.5–0.7,32.0,38,84.2105
drugclip,P30990,1,远 0.35–0.5,2.0,25,8.0000
drugclip,P30990,1,全新 <0.35,5.0,51,9.8039
drugclip,P34969,0,远 0.35–0.5,5.0,18,27.7778
drugclip,P34969,0,全新 <0.35,9.0,74,12.1622
drugclip,P34969,0,近 0.5–0.7,3.0,8,37.5000
drugclip,P35462,0,全新 <0.35,11.0,84,13.0952
drugclip,P35462,0,远 0.35–0.5,2.0,22,9.0909
drugclip,P35462,0,近 0.5–0.7,1.0,3,33.3333
drugclip,P37840,0,全新 <0.35,0.0,113,0.0000
drugclip,P50052,1,全新 <0.35,37.0,198,18.6869
drugclip,P50052,1,远 0.35–0.5,5.0,11,45.4545
drugclip,P50052,1,近 0.5–0.7,0.0,5,0.0000
drugclip,P52429,0,全新 <0.35,0.0,74,0.0000
drugclip,P52429,0,远 0.35–0.5,0.0,7,0.0000
drugclip,P54278,0,远 0.35–0.5,12.0,32,37.5000
drugclip,P54278,0,全新 <0.35,29.0,53,54.7170
drugclip,P57059,0,远 0.35–0.5,4.0,19,21.0526
drugclip,P57059,0,近 0.5–0.7,0.0,29,0.0000
drugclip,P57059,0,极近 ≥0.7,0.0,5,0.0000
drugclip,P57059,0,全新 <0.35,5.0,31,16.1290
drugclip,Q08211,1,全新 <0.35,4.0,597,0.6700
drugclip,Q08211,1,远 0.35–0.5,4.0,109,3.6697
drugclip,Q08828,0,远 0.35–0.5,0.0,6,0.0000
drugclip,Q08828,0,全新 <0.35,0.0,61,0.0000
drugclip,Q10469,0,全新 <0.35,0.0,171,0.0000
drugclip,Q13191,1,全新 <0.35,1.0,1194,0.0838
drugclip,Q13191,1,远 0.35–0.5,0.0,38,0.0000
drugclip,Q13233,0,远 0.35–0.5,0.0,39,0.0000
drugclip,Q13233,0,近 0.5–0.7,0.0,7,0.0000
drugclip,Q13233,0,全新 <0.35,0.0,9,0.0000
drugclip,Q13233,0,极近 ≥0.7,0.0,3,0.0000
drugclip,Q13574,1,全新 <0.35,5.0,576,0.8681
drugclip,Q16739,0,全新 <0.35,0.0,281,0.0000
drugclip,Q16739,0,远 0.35–0.5,0.0,28,0.0000
drugclip,Q16832,1,远 0.35–0.5,67.0,94,71.2766
drugclip,Q16832,1,全新 <0.35,47.0,215,21.8605
drugclip,Q16832,1,近 0.5–0.7,9.0,14,64.2857
drugclip,Q16832,1,极近 ≥0.7,0.0,3,0.0000
drugclip,Q5JRX3,0,全新 <0.35,0.0,47,0.0000
drugclip,Q5JRX3,0,远 0.35–0.5,0.0,10,0.0000
drugclip,Q6SZW1,0,近 0.5–0.7,0.0,3,0.0000
drugclip,Q6SZW1,0,全新 <0.35,23.0,156,14.7436
drugclip,Q6SZW1,0,远 0.35–0.5,17.0,84,20.2381
drugclip,Q7Z3E1,0,全新 <0.35,2.0,401,0.4988
drugclip,Q7Z3E1,0,远 0.35–0.5,33.333333333333336,84,39.6825
drugclip,Q7Z3E1,0,近 0.5–0.7,60.0,88,68.1818
drugclip,Q86SK9,0,远 0.35–0.5,0.0,25,0.0000
drugclip,Q86SK9,0,全新 <0.35,0.0,29,0.0000
drugclip,Q86UE8,0,远 0.35–0.5,0.0,29,0.0000
drugclip,Q86UE8,0,近 0.5–0.7,0.0,32,0.0000
drugclip,Q86UE8,0,全新 <0.35,0.0,3,0.0000
drugclip,Q86UE8,0,极近 ≥0.7,0.0,4,0.0000
drugclip,Q8N1C3,0,全新 <0.35,1.0,199,0.5025
drugclip,Q8WYB5,0,全新 <0.35,61.0,177,34.4633
drugclip,Q8WYB5,0,远 0.35–0.5,2.0,15,13.3333
drugclip,Q92551,0,全新 <0.35,6.0,145,4.1379
drugclip,Q92551,0,远 0.35–0.5,10.5,46,22.8261
drugclip,Q96DB2,0,近 0.5–0.7,0.0,9,0.0000
drugclip,Q96DB2,0,远 0.35–0.5,0.0,44,0.0000
drugclip,Q96DB2,0,极近 ≥0.7,0.0,4,0.0000
drugclip,Q96DB2,0,全新 <0.35,0.0,14,0.0000
drugclip,Q96GX5,1,全新 <0.35,7.0,252,2.7778
drugclip,Q96GX5,1,远 0.35–0.5,0.0,6,0.0000
drugclip,Q9H0K1,0,远 0.35–0.5,1.0,22,4.5455
drugclip,Q9H0K1,0,全新 <0.35,3.0,51,5.8824
drugclip,Q9H0K1,0,近 0.5–0.7,0.0,29,0.0000
drugclip,Q9H0K1,0,极近 ≥0.7,0.0,7,0.0000
drugclip,Q9HCE5,1,全新 <0.35,0.0,187,0.0000
drugclip,Q9HCE5,1,远 0.35–0.5,0.0,5,0.0000
drugclip,Q9NPH5,0,全新 <0.35,0.0,90,0.0000
drugclip,Q9NPH5,0,远 0.35–0.5,0.0,6,0.0000
drugclip,Q9NR19,0,全新 <0.35,1.0,95,1.0526
drugclip,Q9NR19,0,远 0.35–0.5,0.0,47,0.0000
drugclip,Q9ULV8,0,全新 <0.35,0.0,551,0.0000
drugclip,Q9ULV8,0,远 0.35–0.5,0.0,18,0.0000
drugclip,Q9Y2I7,0,全新 <0.35,0.0,282,0.0000
drugclip,Q9Y2I7,0,远 0.35–0.5,0.0,102,0.0000
drugclip,Q9Y2I7,0,近 0.5–0.7,0.0,8,0.0000
bindclip_randneg,O15379,0,近 0.5–0.7,0.0,19,0.0000
bindclip_randneg,O15379,0,远 0.35–0.5,0.0,64,0.0000
bindclip_randneg,O15379,0,全新 <0.35,0.0,46,0.0000
bindclip_randneg,O15379,0,极近 ≥0.7,0.0,12,0.0000
bindclip_randneg,O43353,1,远 0.35–0.5,0.0,204,0.0000
bindclip_randneg,O43353,1,全新 <0.35,0.0,16,0.0000
bindclip_randneg,O43353,1,近 0.5–0.7,0.0,16,0.0000
bindclip_randneg,O43353,1,极近 ≥0.7,1.0,10,10.0000
bindclip_randneg,O60341,1,远 0.35–0.5,2.0,39,5.1282
bindclip_randneg,O60341,1,全新 <0.35,0.0,63,0.0000
bindclip_randneg,O60674,1,全新 <0.35,0.0,137,0.0000
bindclip_randneg,O60674,1,近 0.5–0.7,0.0,34,0.0000
bindclip_randneg,O60674,1,远 0.35–0.5,0.0,35,0.0000
bindclip_randneg,O60674,1,极近 ≥0.7,1.0,22,4.5455
bindclip_randneg,O60885,1,近 0.5–0.7,3.0,15,20.0000
bindclip_randneg,O60885,1,极近 ≥0.7,20.0,24,83.3333
bindclip_randneg,O60885,1,全新 <0.35,0.0,11,0.0000
bindclip_randneg,O60885,1,远 0.35–0.5,1.0,8,12.5000
bindclip_randneg,O75469,1,全新 <0.35,0.0,78,0.0000
bindclip_randneg,P00734,1,近 0.5–0.7,15.0,28,53.5714
bindclip_randneg,P00734,1,远 0.35–0.5,56.0,107,52.3364
bindclip_randneg,P00734,1,全新 <0.35,5.0,13,38.4615
bindclip_randneg,P01116,1,全新 <0.35,3.0,47,6.3830
bindclip_randneg,P01116,1,远 0.35–0.5,1.0,4,25.0000
bindclip_randneg,P06239,1,全新 <0.35,0.0,15,0.0000
bindclip_randneg,P06239,1,近 0.5–0.7,1.0,31,3.2258
bindclip_randneg,P06239,1,极近 ≥0.7,2.0,10,20.0000
bindclip_randneg,P06239,1,远 0.35–0.5,0.0,12,0.0000
bindclip_randneg,P08581,1,近 0.5–0.7,2.0,22,9.0909
bindclip_randneg,P08581,1,远 0.35–0.5,9.0,23,39.1304
bindclip_randneg,P08581,1,全新 <0.35,2.0,4,50.0000
bindclip_randneg,P08581,1,极近 ≥0.7,3.0,17,17.6471
bindclip_randneg,P11362,1,远 0.35–0.5,0.0,19,0.0000
bindclip_randneg,P11362,1,全新 <0.35,3.0,22,13.6364
bindclip_randneg,P11362,1,极近 ≥0.7,1.0,10,10.0000
bindclip_randneg,P11362,1,近 0.5–0.7,2.0,5,40.0000
bindclip_randneg,P12931,1,近 0.5–0.7,23.0,40,57.5000
bindclip_randneg,P12931,1,远 0.35–0.5,16.0,36,44.4444
bindclip_randneg,P12931,1,极近 ≥0.7,4.0,14,28.5714
bindclip_randneg,P15056,1,远 0.35–0.5,7.0,26,26.9231
bindclip_randneg,P15056,1,极近 ≥0.7,3.0,14,21.4286
bindclip_randneg,P15056,1,全新 <0.35,0.0,5,0.0000
bindclip_randneg,P15056,1,近 0.5–0.7,2.0,13,15.3846
bindclip_randneg,P18031,1,全新 <0.35,41.0,100,41.0000
bindclip_randneg,P18031,1,远 0.35–0.5,2.0,8,25.0000
bindclip_randneg,P18031,1,近 0.5–0.7,3.0,5,60.0000
bindclip_randneg,P18031,1,极近 ≥0.7,1.0,3,33.3333
bindclip_randneg,P21554,0,全新 <0.35,12.0,80,15.0000
bindclip_randneg,P21554,0,远 0.35–0.5,7.0,16,43.7500
bindclip_randneg,P22413,0,全新 <0.35,0.0,122,0.0000
bindclip_randneg,P22413,0,远 0.35–0.5,1.0,60,1.6667
bindclip_randneg,P22413,0,近 0.5–0.7,1.0,5,20.0000
bindclip_randneg,P22455,1,全新 <0.35,0.0,31,0.0000
bindclip_randneg,P22455,1,远 0.35–0.5,0.0,12,0.0000
bindclip_randneg,P22455,1,极近 ≥0.7,2.0,8,25.0000
bindclip_randneg,P22455,1,近 0.5–0.7,0.0,4,0.0000
bindclip_randneg,P27338,1,远 0.35–0.5,0.0,95,0.0000
bindclip_randneg,P27338,1,全新 <0.35,0.0,29,0.0000
bindclip_randneg,P27338,1,近 0.5–0.7,0.0,31,0.0000
bindclip_randneg,P28335,1,全新 <0.35,0.0,68,0.0000
bindclip_randneg,P28335,1,近 0.5–0.7,1.0,4,25.0000
bindclip_randneg,P28335,1,远 0.35–0.5,0.0,7,0.0000
bindclip_randneg,P30530,1,近 0.5–0.7,0.0,11,0.0000
bindclip_randneg,P30530,1,远 0.35–0.5,1.0,11,9.0909
bindclip_randneg,P30530,1,全新 <0.35,0.0,20,0.0000
bindclip_randneg,P30530,1,极近 ≥0.7,2.0,8,25.0000
bindclip_randneg,P31153,1,全新 <0.35,0.0,58,0.0000
bindclip_randneg,P31153,1,远 0.35–0.5,0.0,5,0.0000
bindclip_randneg,P34913,1,远 0.35–0.5,9.0,27,33.3333
bindclip_randneg,P34913,1,近 0.5–0.7,45.0,79,56.9620
bindclip_randneg,P34913,1,极近 ≥0.7,9.0,9,100.0000
bindclip_randneg,P34913,1,全新 <0.35,0.0,9,0.0000
bindclip_randneg,P34914,1,极近 ≥0.7,5.0,7,71.4286
bindclip_randneg,P34914,1,全新 <0.35,0.0,21,0.0000
bindclip_randneg,P34914,1,远 0.35–0.5,3.0,25,12.0000
bindclip_randneg,P34914,1,近 0.5–0.7,6.0,46,13.0435
bindclip_randneg,P35968,1,近 0.5–0.7,22.0,53,41.5094
bindclip_randneg,P35968,1,极近 ≥0.7,8.0,26,30.7692
bindclip_randneg,P35968,1,远 0.35–0.5,9.0,38,23.6842
bindclip_randneg,P35968,1,全新 <0.35,1.0,19,5.2632
bindclip_randneg,P36888,0,极近 ≥0.7,2.0,18,11.1111
bindclip_randneg,P36888,0,远 0.35–0.5,4.0,27,14.8148
bindclip_randneg,P36888,0,全新 <0.35,2.0,30,6.6667
bindclip_randneg,P36888,0,近 0.5–0.7,1.0,9,11.1111
bindclip_randneg,P41182,1,全新 <0.35,0.0,15,0.0000
bindclip_randneg,P41182,1,近 0.5–0.7,4.0,5,80.0000
bindclip_randneg,P41182,1,远 0.35–0.5,14.0,42,33.3333
bindclip_randneg,P47989,0,全新 <0.35,0.0,38,0.0000
bindclip_randneg,P47989,0,近 0.5–0.7,0.0,4,0.0000
bindclip_randneg,P47989,0,远 0.35–0.5,0.0,11,0.0000
bindclip_randneg,P49327,1,全新 <0.35,0.0,620,0.0000
bindclip_randneg,P49327,1,远 0.35–0.5,0.0,45,0.0000
bindclip_randneg,P50406,0,远 0.35–0.5,5.0,7,71.4286
bindclip_randneg,P50406,0,近 0.5–0.7,4.0,8,50.0000
bindclip_randneg,P50406,0,全新 <0.35,2.0,51,3.9216
bindclip_randneg,P52333,1,近 0.5–0.7,19.0,57,33.3333
bindclip_randneg,P52333,1,全新 <0.35,1.0,110,0.9091
bindclip_randneg,P52333,1,极近 ≥0.7,13.0,31,41.9355
bindclip_randneg,P52333,1,远 0.35–0.5,17.0,58,29.3103
bindclip_randneg,P53634,1,全新 <0.35,4.0,54,7.4074
bindclip_randneg,P53634,1,远 0.35–0.5,0.0,3,0.0000
bindclip_randneg,P56817,1,远 0.35–0.5,67.0,122,54.9180
bindclip_randneg,P56817,1,近 0.5–0.7,4.0,6,66.6667
bindclip_randneg,P56817,1,全新 <0.35,62.0,132,46.9697
bindclip_randneg,Q05397,1,远 0.35–0.5,11.0,29,37.9310
bindclip_randneg,Q05397,1,近 0.5–0.7,16.0,33,48.4848
bindclip_randneg,Q05397,1,全新 <0.35,0.0,7,0.0000
bindclip_randneg,Q05397,1,极近 ≥0.7,4.0,21,19.0476
bindclip_randneg,Q13188,1,近 0.5–0.7,0.0,21,0.0000
bindclip_randneg,Q13188,1,远 0.35–0.5,0.0,19,0.0000
bindclip_randneg,Q13188,1,极近 ≥0.7,2.0,8,25.0000
bindclip_randneg,Q13547,0,近 0.5–0.7,2.0,58,3.4483
bindclip_randneg,Q13547,0,远 0.35–0.5,34.0,197,17.2589
bindclip_randneg,Q13547,0,全新 <0.35,20.0,93,21.5054
bindclip_randneg,Q13547,0,极近 ≥0.7,4.0,13,30.7692
bindclip_randneg,Q13627,1,极近 ≥0.7,3.0,42,7.1429
bindclip_randneg,Q13627,1,远 0.35–0.5,6.0,31,19.3548
bindclip_randneg,Q13627,1,近 0.5–0.7,2.0,26,7.6923
bindclip_randneg,Q13627,1,全新 <0.35,5.0,12,41.6667
bindclip_randneg,Q16678,0,远 0.35–0.5,2.0,76,2.6316
bindclip_randneg,Q16678,0,近 0.5–0.7,4.0,11,36.3636
bindclip_randneg,Q16678,0,全新 <0.35,0.0,20,0.0000
bindclip_randneg,Q92769,1,远 0.35–0.5,25.0,56,44.6429
bindclip_randneg,Q92769,1,近 0.5–0.7,8.0,21,38.0952
bindclip_randneg,Q92769,1,极近 ≥0.7,4.0,12,33.3333
bindclip_randneg,Q92769,1,全新 <0.35,16.0,38,42.1053
bindclip_randneg,Q92918,1,极近 ≥0.7,2.0,4,50.0000
bindclip_randneg,Q92918,1,近 0.5–0.7,5.0,10,50.0000
bindclip_randneg,Q92918,1,远 0.35–0.5,4.5,16,28.1250
bindclip_randneg,Q92918,1,全新 <0.35,9.0,131,6.8702
bindclip_randneg,Q9BY41,1,极近 ≥0.7,5.0,8,62.5000
bindclip_randneg,Q9BY41,1,全新 <0.35,7.0,32,21.8750
bindclip_randneg,Q9BY41,1,远 0.35–0.5,32.0,51,62.7451
bindclip_randneg,Q9BY41,1,近 0.5–0.7,6.0,13,46.1538
bindclip_randneg,Q9NWZ3,1,全新 <0.35,19.0,69,27.5362
bindclip_randneg,Q9NWZ3,1,远 0.35–0.5,3.0,14,21.4286
bindclip_randneg,Q9NWZ3,1,极近 ≥0.7,2.0,6,33.3333
bindclip_randneg,Q9NZQ7,1,远 0.35–0.5,20.0,40,50.0000
bindclip_randneg,Q9NZQ7,1,全新 <0.35,14.0,42,33.3333
bindclip_randneg,Q9NZQ7,1,近 0.5–0.7,1.0,3,33.3333
bindclip_randneg,Q9UBN7,1,全新 <0.35,0.0,185,0.0000
bindclip_randneg,Q9UBN7,1,远 0.35–0.5,0.0,180,0.0000
bindclip_randneg,Q9UBN7,1,极近 ≥0.7,1.0,12,8.3333
bindclip_randneg,Q9UBN7,1,近 0.5–0.7,0.0,49,0.0000
bindclip_randneg,Q9Y5Z0,1,远 0.35–0.5,52.0,101,51.4851
bindclip_randneg,Q9Y5Z0,1,近 0.5–0.7,2.0,6,33.3333
bindclip_randneg,Q9Y5Z0,1,全新 <0.35,62.0,120,51.6667
bindclip_randneg,O14684,1,全新 <0.35,0.0,35,0.0000
bindclip_randneg,O14684,1,远 0.35–0.5,29.0,86,33.7209
bindclip_randneg,O14684,1,近 0.5–0.7,3.0,4,75.0000
bindclip_randneg,O14744,1,全新 <0.35,241.0,753,32.0053
bindclip_randneg,O14744,1,远 0.35–0.5,12.0,58,20.6897
bindclip_randneg,O14744,1,近 0.5–0.7,1.0,3,33.3333
bindclip_randneg,O14757,1,远 0.35–0.5,16.0,49,32.6531
bindclip_randneg,O14757,1,全新 <0.35,58.0,137,42.3358
bindclip_randneg,O14757,1,近 0.5–0.7,0.0,4,0.0000
bindclip_randneg,O15379,0,近 0.5–0.7,0.0,10,0.0000
bindclip_randneg,O15379,0,远 0.35–0.5,0.0,87,0.0000
bindclip_randneg,O15379,0,全新 <0.35,0.0,315,0.0000
bindclip_randneg,O43570,1,远 0.35–0.5,5.0,141,3.5461
bindclip_randneg,O43570,1,全新 <0.35,1.0,82,1.2195
bindclip_randneg,O43570,1,近 0.5–0.7,1.0,16,6.2500
bindclip_randneg,O43613,1,全新 <0.35,1.0,70,1.4286
bindclip_randneg,O43613,1,远 0.35–0.5,1.0,23,4.3478
bindclip_randneg,O43613,1,近 0.5–0.7,6.0,6,100.0000
bindclip_randneg,O43614,1,全新 <0.35,4.0,117,3.4188
bindclip_randneg,O43614,1,远 0.35–0.5,1.0,22,4.5455
bindclip_randneg,O43614,1,近 0.5–0.7,6.0,6,100.0000
bindclip_randneg,O60341,1,全新 <0.35,5.857142857142858,760,0.7707
bindclip_randneg,O60341,1,远 0.35–0.5,1.0,44,2.2727
bindclip_randneg,O60341,1,近 0.5–0.7,3.0,3,100.0000
bindclip_randneg,O60502,1,全新 <0.35,0.0,294,0.0000
bindclip_randneg,O60502,1,远 0.35–0.5,0.0,6,0.0000
bindclip_randneg,O60885,1,全新 <0.35,136.5,339,40.2655
bindclip_randneg,O60885,1,远 0.35–0.5,58.5,189,30.9524
bindclip_randneg,O60885,1,近 0.5–0.7,16.0,29,55.1724
bindclip_randneg,O60885,1,极近 ≥0.7,8.0,19,42.1053
bindclip_randneg,O75116,1,全新 <0.35,27.0,235,11.4894
bindclip_randneg,O75116,1,远 0.35–0.5,19.0,62,30.6452
bindclip_randneg,O75116,1,近 0.5–0.7,0.0,4,0.0000
bindclip_randneg,O75173,1,近 0.5–0.7,5.0,5,100.0000
bindclip_randneg,O75173,1,全新 <0.35,22.0,71,30.9859
bindclip_randneg,O75173,1,远 0.35–0.5,6.0,7,85.7143
bindclip_randneg,O75385,1,远 0.35–0.5,3.0,26,11.5385
bindclip_randneg,O75385,1,近 0.5–0.7,0.0,4,0.0000
bindclip_randneg,O75385,1,全新 <0.35,35.0,378,9.2593
bindclip_randneg,O95497,0,远 0.35–0.5,0.0,9,0.0000
bindclip_randneg,O95497,0,全新 <0.35,1.0,109,0.9174
bindclip_randneg,O95819,1,全新 <0.35,0.0,57,0.0000
bindclip_randneg,O95819,1,远 0.35–0.5,0.0,7,0.0000
bindclip_randneg,O96017,1,全新 <0.35,1.0,17,5.8824
bindclip_randneg,O96017,1,远 0.35–0.5,16.0,44,36.3636
bindclip_randneg,O96017,1,近 0.5–0.7,1.0,4,25.0000
bindclip_randneg,O96028,0,全新 <0.35,2.0,63,3.1746
bindclip_randneg,O96028,0,远 0.35–0.5,2.0,14,14.2857
bindclip_randneg,P00519,1,远 0.35–0.5,3.0,138,2.1739
bindclip_randneg,P00519,1,全新 <0.35,1.0,133,0.7519
bindclip_randneg,P00519,1,近 0.5–0.7,3.0,21,14.2857
bindclip_randneg,P00533,1,近 0.5–0.7,0.0,72,0.0000
bindclip_randneg,P00533,1,远 0.35–0.5,44.0,360,12.2222
bindclip_randneg,P00533,1,全新 <0.35,270.6,1615,16.7554
bindclip_randneg,P00734,1,远 0.35–0.5,22.0,52,42.3077
bindclip_randneg,P00734,1,全新 <0.35,0.0,6,0.0000
bindclip_randneg,P00734,1,近 0.5–0.7,11.0,14,78.5714
bindclip_randneg,P00742,1,远 0.35–0.5,14.0,48,29.1667
bindclip_randneg,P00742,1,近 0.5–0.7,7.0,15,46.6667
bindclip_randneg,P00742,1,全新 <0.35,0.0,3,0.0000
bindclip_randneg,P00746,1,全新 <0.35,45.0,348,12.9310
bindclip_randneg,P00746,1,远 0.35–0.5,3.0,16,18.7500
bindclip_randneg,P03372,1,全新 <0.35,44.0,197,22.3350
bindclip_randneg,P03372,1,远 0.35–0.5,0.0,21,0.0000
bindclip_randneg,P03951,1,全新 <0.35,44.0,80,55.0000
bindclip_randneg,P03951,1,远 0.35–0.5,6.0,20,30.0000
bindclip_randneg,P03952,1,远 0.35–0.5,2.0,38,5.2632
bindclip_randneg,P03952,1,全新 <0.35,8.0,92,8.6957
bindclip_randneg,P04150,1,全新 <0.35,0.0,279,0.0000
bindclip_randneg,P04150,1,远 0.35–0.5,0.0,3,0.0000
bindclip_randneg,P04150,1,近 0.5–0.7,0.0,4,0.0000
bindclip_randneg,P04293,0,全新 <0.35,0.0,346,0.0000
bindclip_randneg,P04293,0,远 0.35–0.5,0.0,9,0.0000
bindclip_randneg,P04626,1,全新 <0.35,425.0,932,45.6009
bindclip_randneg,P04626,1,远 0.35–0.5,18.0,54,33.3333
bindclip_randneg,P04626,1,近 0.5–0.7,6.0,18,33.3333
bindclip_randneg,P06239,1,全新 <0.35,0.0,536,0.0000
bindclip_randneg,P06239,1,近 0.5–0.7,0.0,82,0.0000
bindclip_randneg,P06239,1,远 0.35–0.5,0.0,90,0.0000
bindclip_randneg,P06239,1,极近 ≥0.7,0.0,7,0.0000
bindclip_randneg,P06241,1,全新 <0.35,2.0,25,8.0000
bindclip_randneg,P06241,1,远 0.35–0.5,0.0,28,0.0000
bindclip_randneg,P06276,1,全新 <0.35,4.0,34,11.7647
bindclip_randneg,P06276,1,远 0.35–0.5,12.0,65,18.4615
bindclip_randneg,P06276,1,近 0.5–0.7,23.0,40,57.5000
bindclip_randneg,P07333,1,近 0.5–0.7,12.0,17,70.5882
bindclip_randneg,P07333,1,远 0.35–0.5,47.0,228,20.6140
bindclip_randneg,P07333,1,全新 <0.35,39.0,527,7.4004
bindclip_randneg,P07711,1,远 0.35–0.5,2.0,72,2.7778
bindclip_randneg,P07711,1,近 0.5–0.7,1.0,20,5.0000
bindclip_randneg,P07711,1,全新 <0.35,1.0,21,4.7619
bindclip_randneg,P07949,1,近 0.5–0.7,3.0,9,33.3333
bindclip_randneg,P07949,1,全新 <0.35,3.0,238,1.2605
bindclip_randneg,P07949,1,远 0.35–0.5,0.0,16,0.0000
bindclip_randneg,P08069,1,远 0.35–0.5,2.0,268,0.7463
bindclip_randneg,P08069,1,全新 <0.35,0.0,29,0.0000
bindclip_randneg,P08069,1,近 0.5–0.7,0.0,56,0.0000
bindclip_randneg,P08069,1,极近 ≥0.7,0.0,6,0.0000
bindclip_randneg,P08173,0,全新 <0.35,0.0,72,0.0000
bindclip_randneg,P08173,0,远 0.35–0.5,0.0,6,0.0000
bindclip_randneg,P08581,1,远 0.35–0.5,215.33333333333334,631,34.1257
bindclip_randneg,P08581,1,近 0.5–0.7,53.0,83,63.8554
bindclip_randneg,P08581,1,全新 <0.35,41.0,117,35.0427
bindclip_randneg,P08908,0,全新 <0.35,33.0,203,16.2562
bindclip_randneg,P08908,0,远 0.35–0.5,0.0,4,0.0000
bindclip_randneg,P08922,1,全新 <0.35,14.0,33,42.4242
bindclip_randneg,P08922,1,远 0.35–0.5,7.0,12,58.3333
bindclip_randneg,P08922,1,近 0.5–0.7,4.0,6,66.6667
bindclip_randneg,P0DMS8,0,全新 <0.35,15.0,42,35.7143
bindclip_randneg,P0DMS8,0,远 0.35–0.5,1.0,8,12.5000
bindclip_randneg,P10398,0,全新 <0.35,0.0,8,0.0000
bindclip_randneg,P10398,0,远 0.35–0.5,0.0,91,0.0000
bindclip_randneg,P10398,0,近 0.5–0.7,0.0,4,0.0000
bindclip_randneg,P11309,1,全新 <0.35,2.0,30,6.6667
bindclip_randneg,P11309,1,远 0.35–0.5,7.0,19,36.8421
bindclip_randneg,P11309,1,近 0.5–0.7,9.0,15,60.0000
bindclip_randneg,P11362,1,全新 <0.35,20.0,458,4.3668
bindclip_randneg,P11362,1,远 0.35–0.5,5.0,39,12.8205
bindclip_randneg,P11362,1,近 0.5–0.7,1.0,4,25.0000
bindclip_randneg,P11474,1,全新 <0.35,0.0,196,0.0000
bindclip_randneg,P11474,1,远 0.35–0.5,0.0,3,0.0000
bindclip_randneg,P11802,0,全新 <0.35,215.6,1227,17.5713
bindclip_randneg,P11802,0,远 0.35–0.5,30.0,118,25.4237
bindclip_randneg,P11802,0,近 0.5–0.7,6.0,50,12.0000
bindclip_randneg,P11802,0,极近 ≥0.7,0.0,7,0.0000
bindclip_randneg,P14756,1,全新 <0.35,21.0,58,36.2069
bindclip_randneg,P14756,1,远 0.35–0.5,6.0,13,46.1538
bindclip_randneg,P15428,0,远 0.35–0.5,3.0,55,5.4545
bindclip_randneg,P15428,0,全新 <0.35,6.333333333333334,306,2.0697
bindclip_randneg,P18825,0,全新 <0.35,0.0,117,0.0000
bindclip_randneg,P18825,0,远 0.35–0.5,0.0,8,0.0000
bindclip_randneg,P20618,0,全新 <0.35,0.0,46,0.0000
bindclip_randneg,P20618,0,远 0.35–0.5,0.0,25,0.0000
bindclip_randneg,P21554,0,全新 <0.35,2.0,51,3.9216
bindclip_randneg,P21802,1,全新 <0.35,13.0,464,2.8017
bindclip_randneg,P21802,1,远 0.35–0.5,2.0,16,12.5000
bindclip_randneg,P21802,1,近 0.5–0.7,0.0,4,0.0000
bindclip_randneg,P22413,0,全新 <0.35,5.0,408,1.2255
bindclip_randneg,P22413,0,远 0.35–0.5,12.0,108,11.1111
bindclip_randneg,P22413,0,近 0.5–0.7,4.0,8,50.0000
bindclip_randneg,P22455,1,全新 <0.35,7.0,88,7.9545
bindclip_randneg,P22455,1,远 0.35–0.5,6.0,24,25.0000
bindclip_randneg,P22455,1,近 0.5–0.7,1.0,4,25.0000
bindclip_randneg,P22607,0,全新 <0.35,4.0,368,1.0870
bindclip_randneg,P22607,0,远 0.35–0.5,3.0,13,23.0769
bindclip_randneg,P22607,0,近 0.5–0.7,0.0,3,0.0000
bindclip_randneg,P23458,1,全新 <0.35,160.0,509,31.4342
bindclip_randneg,P23458,1,远 0.35–0.5,31.0,107,28.9720
bindclip_randneg,P23458,1,近 0.5–0.7,1.0,5,20.0000
bindclip_randneg,P23946,1,全新 <0.35,0.0,70,0.0000
bindclip_randneg,P24941,1,全新 <0.35,79.125,1322,5.9852
bindclip_randneg,P24941,1,远 0.35–0.5,36.0,279,12.9032
bindclip_randneg,P24941,1,近 0.5–0.7,8.0,28,28.5714
bindclip_randneg,P27338,1,远 0.35–0.5,2.0,43,4.6512
bindclip_randneg,P27338,1,全新 <0.35,9.0,80,11.2500
bindclip_randneg,P27487,1,全新 <0.35,24.0,86,27.9070
bindclip_randneg,P27487,1,远 0.35–0.5,4.0,29,13.7931
bindclip_randneg,P28074,0,远 0.35–0.5,48.0,115,41.7391
bindclip_randneg,P28074,0,全新 <0.35,64.0,205,31.2195
bindclip_randneg,P28074,0,近 0.5–0.7,0.0,5,0.0000
bindclip_randneg,P28335,1,全新 <0.35,1.0,287,0.3484
bindclip_randneg,P28335,1,远 0.35–0.5,0.0,9,0.0000
bindclip_randneg,P28482,1,远 0.35–0.5,37.0,41,90.2439
bindclip_randneg,P28482,1,全新 <0.35,39.0,624,6.2500
bindclip_randneg,P29274,1,全新 <0.35,202.0,721,28.0166
bindclip_randneg,P29274,1,远 0.35–0.5,4.0,56,7.1429
bindclip_randneg,P29275,0,全新 <0.35,36.0,330,10.9091
bindclip_randneg,P29275,0,远 0.35–0.5,0.0,28,0.0000
bindclip_randneg,P30530,1,远 0.35–0.5,3.0,568,0.5282
bindclip_randneg,P30530,1,近 0.5–0.7,0.0,36,0.0000
bindclip_randneg,P30530,1,全新 <0.35,0.0,323,0.0000
bindclip_randneg,P30542,0,全新 <0.35,15.0,93,16.1290
bindclip_randneg,P30542,0,远 0.35–0.5,1.0,20,5.0000
bindclip_randneg,P31391,0,全新 <0.35,0.0,90,0.0000
bindclip_randneg,P31391,0,远 0.35–0.5,0.0,10,0.0000
bindclip_randneg,P31645,1,全新 <0.35,0.0,104,0.0000
bindclip_randneg,P31645,1,远 0.35–0.5,0.0,5,0.0000
bindclip_randneg,P31749,1,近 0.5–0.7,0.0,123,0.0000
bindclip_randneg,P31749,1,远 0.35–0.5,1.0,85,1.1765
bindclip_randneg,P31749,1,全新 <0.35,1.0,4,25.0000
bindclip_randneg,P31751,1,远 0.35–0.5,0.0,57,0.0000
bindclip_randneg,P31751,1,近 0.5–0.7,0.0,61,0.0000
bindclip_randneg,P32245,0,全新 <0.35,0.0,206,0.0000
bindclip_randneg,P34914,1,远 0.35–0.5,0.0,111,0.0000
bindclip_randneg,P34914,1,全新 <0.35,0.0,59,0.0000
bindclip_randneg,P34914,1,近 0.5–0.7,0.0,27,0.0000
bindclip_randneg,P34972,0,全新 <0.35,4.0,55,7.2727
bindclip_randneg,P34972,0,远 0.35–0.5,0.0,8,0.0000
bindclip_randneg,P35968,1,全新 <0.35,11.0,184,5.9783
bindclip_randneg,P35968,1,远 0.35–0.5,137.33333333333334,601,22.8508
bindclip_randneg,P35968,1,近 0.5–0.7,69.33333333333333,140,49.5238
bindclip_randneg,P36888,0,近 0.5–0.7,0.0,18,0.0000
bindclip_randneg,P36888,0,全新 <0.35,15.0,349,4.2980
bindclip_randneg,P36888,0,远 0.35–0.5,19.0,139,13.6691
bindclip_randneg,P39900,1,全新 <0.35,22.0,82,26.8293
bindclip_randneg,P41146,1,全新 <0.35,8.5,54,15.7407
bindclip_randneg,P41240,0,极近 ≥0.7,0.0,8,0.0000
bindclip_randneg,P41240,0,近 0.5–0.7,0.0,87,0.0000
bindclip_randneg,P41240,0,远 0.35–0.5,0.0,76,0.0000
bindclip_randneg,P41240,0,全新 <0.35,0.0,3,0.0000
bindclip_randneg,P42330,0,远 0.35–0.5,0.0,32,0.0000
bindclip_randneg,P42330,0,全新 <0.35,0.0,42,0.0000
bindclip_randneg,P42330,0,近 0.5–0.7,0.0,3,0.0000
bindclip_randneg,P42345,0,全新 <0.35,0.0,33,0.0000
bindclip_randneg,P42345,0,远 0.35–0.5,0.0,39,0.0000
bindclip_randneg,P42345,0,近 0.5–0.7,0.0,8,0.0000
bindclip_randneg,P43405,1,全新 <0.35,1.0,23,4.3478
bindclip_randneg,P43405,1,远 0.35–0.5,11.0,70,15.7143
bindclip_randneg,P43405,1,近 0.5–0.7,1.0,10,10.0000
bindclip_randneg,P43490,1,远 0.35–0.5,110.0,268,41.0448
bindclip_randneg,P43490,1,全新 <0.35,45.0,148,30.4054
bindclip_randneg,P43490,1,近 0.5–0.7,21.0,54,38.8889
bindclip_randneg,P43490,1,极近 ≥0.7,0.0,12,0.0000
bindclip_randneg,P47205,1,全新 <0.35,4.0,145,2.7586
bindclip_randneg,P48729,1,远 0.35–0.5,0.0,63,0.0000
bindclip_randneg,P48729,1,近 0.5–0.7,0.0,24,0.0000
bindclip_randneg,P48729,1,全新 <0.35,0.0,47,0.0000
bindclip_randneg,P48730,1,近 0.5–0.7,29.0,32,90.6250
bindclip_randneg,P48730,1,远 0.35–0.5,3.0,61,4.9180
bindclip_randneg,P48730,1,全新 <0.35,1.0,51,1.9608
bindclip_randneg,P49759,1,全新 <0.35,0.0,124,0.0000
bindclip_randneg,P49759,1,远 0.35–0.5,0.0,7,0.0000
bindclip_randneg,P49759,1,近 0.5–0.7,0.0,3,0.0000
bindclip_randneg,P49760,1,远 0.35–0.5,0.0,92,0.0000
bindclip_randneg,P49760,1,全新 <0.35,0.0,157,0.0000
bindclip_randneg,P49760,1,近 0.5–0.7,0.0,8,0.0000
bindclip_randneg,P49841,1,远 0.35–0.5,35.0,115,30.4348
bindclip_randneg,P49841,1,全新 <0.35,58.0,1278,4.5383
bindclip_randneg,P49841,1,近 0.5–0.7,6.0,13,46.1538
bindclip_randneg,P50053,1,全新 <0.35,77.0,911,8.4523
bindclip_randneg,P50053,1,远 0.35–0.5,11.0,32,34.3750
bindclip_randneg,P50406,0,全新 <0.35,5.0,42,11.9048
bindclip_randneg,P50406,0,远 0.35–0.5,3.0,14,21.4286
bindclip_randneg,P51531,0,全新 <0.35,0.0,69,0.0000
bindclip_randneg,P51531,0,远 0.35–0.5,3.0,22,13.6364
bindclip_randneg,P51532,0,全新 <0.35,0.0,60,0.0000
bindclip_randneg,P51532,0,远 0.35–0.5,0.0,21,0.0000
bindclip_randneg,P53350,1,远 0.35–0.5,2.0,41,4.8780
bindclip_randneg,P53350,1,近 0.5–0.7,0.0,60,0.0000
bindclip_randneg,P53350,1,极近 ≥0.7,0.0,6,0.0000
bindclip_randneg,P53396,1,全新 <0.35,2.0,57,3.5088
bindclip_randneg,P53634,1,全新 <0.35,28.0,361,7.7562
bindclip_randneg,P53634,1,远 0.35–0.5,0.0,52,0.0000
bindclip_randneg,P53667,0,远 0.35–0.5,0.0,29,0.0000
bindclip_randneg,P53667,0,全新 <0.35,0.0,30,0.0000
bindclip_randneg,P53667,0,近 0.5–0.7,0.0,3,0.0000
bindclip_randneg,P53671,1,远 0.35–0.5,0.0,33,0.0000
bindclip_randneg,P53671,1,全新 <0.35,3.0,30,10.0000
bindclip_randneg,P53671,1,近 0.5–0.7,0.0,3,0.0000
bindclip_randneg,P53779,1,远 0.35–0.5,2.0,23,8.6957
bindclip_randneg,P53779,1,全新 <0.35,1.0,21,4.7619
bindclip_randneg,P53779,1,近 0.5–0.7,1.0,21,4.7619
bindclip_randneg,P56817,1,全新 <0.35,152.0,304,50.0000
bindclip_randneg,P56817,1,远 0.35–0.5,28.0,46,60.8696
bindclip_randneg,P61073,1,远 0.35–0.5,0.0,30,0.0000
bindclip_randneg,P61073,1,全新 <0.35,4.0,22,18.1818
bindclip_randneg,P61964,1,远 0.35–0.5,0.0,11,0.0000
bindclip_randneg,P61964,1,全新 <0.35,0.0,40,0.0000
bindclip_randneg,P78527,0,全新 <0.35,29.5,513,5.7505
bindclip_randneg,P78527,0,远 0.35–0.5,7.0,117,5.9829
bindclip_randneg,P80192,1,全新 <0.35,0.0,58,0.0000
bindclip_randneg,Q03111,1,全新 <0.35,1.0,75,1.3333
bindclip_randneg,Q03111,1,远 0.35–0.5,3.0,23,13.0435
bindclip_randneg,Q06124,1,全新 <0.35,4.0,462,0.8658
bindclip_randneg,Q06124,1,远 0.35–0.5,3.0,25,12.0000
bindclip_randneg,Q06187,1,全新 <0.35,1.0,574,0.1742
bindclip_randneg,Q06187,1,远 0.35–0.5,11.0,383,2.8721
bindclip_randneg,Q06187,1,近 0.5–0.7,6.0,19,31.5789
bindclip_randneg,Q07817,1,远 0.35–0.5,28.25,231,12.2294
bindclip_randneg,Q07817,1,全新 <0.35,16.0,138,11.5942
bindclip_randneg,Q07817,1,近 0.5–0.7,1.0,8,12.5000
bindclip_randneg,Q09472,1,全新 <0.35,0.0,102,0.0000
bindclip_randneg,Q09472,1,远 0.35–0.5,0.0,3,0.0000
bindclip_randneg,Q09472,1,近 0.5–0.7,0.0,6,0.0000
bindclip_randneg,Q13315,0,全新 <0.35,0.0,192,0.0000
bindclip_randneg,Q13315,0,远 0.35–0.5,1.0,24,4.1667
bindclip_randneg,Q13464,1,全新 <0.35,19.0,153,12.4183
bindclip_randneg,Q13464,1,远 0.35–0.5,4.0,29,13.7931
bindclip_randneg,Q13546,1,远 0.35–0.5,0.0,54,0.0000
bindclip_randneg,Q13546,1,全新 <0.35,2.0,533,0.3752
bindclip_randneg,Q13547,0,近 0.5–0.7,0.0,70,0.0000
bindclip_randneg,Q13547,0,全新 <0.35,41.0,682,6.0117
bindclip_randneg,Q13547,0,远 0.35–0.5,27.0,288,9.3750
bindclip_randneg,Q13547,0,极近 ≥0.7,0.0,4,0.0000
bindclip_randneg,Q14145,1,全新 <0.35,35.0,84,41.6667
bindclip_randneg,Q14145,1,远 0.35–0.5,14.0,40,35.0000
bindclip_randneg,Q14833,0,全新 <0.35,0.0,166,0.0000
bindclip_randneg,Q14833,0,远 0.35–0.5,0.0,5,0.0000
bindclip_randneg,Q15125,0,全新 <0.35,0.0,176,0.0000
bindclip_randneg,Q15858,1,全新 <0.35,0.0,653,0.0000
bindclip_randneg,Q15858,1,远 0.35–0.5,0.0,7,0.0000
bindclip_randneg,Q15910,1,全新 <0.35,253.0,660,38.3333
bindclip_randneg,Q15910,1,远 0.35–0.5,55.0,73,75.3425
bindclip_randneg,Q16288,1,近 0.5–0.7,2.0,19,10.5263
bindclip_randneg,Q16288,1,全新 <0.35,1.0,104,0.9615
bindclip_randneg,Q16288,1,远 0.35–0.5,10.0,43,23.2558
bindclip_randneg,Q16552,1,全新 <0.35,1.0,252,0.3968
bindclip_randneg,Q16552,1,远 0.35–0.5,0.0,10,0.0000
bindclip_randneg,Q16620,1,近 0.5–0.7,6.0,29,20.6897
bindclip_randneg,Q16620,1,全新 <0.35,10.0,78,12.8205
bindclip_randneg,Q16620,1,远 0.35–0.5,15.0,81,18.5185
bindclip_randneg,Q16769,1,远 0.35–0.5,6.0,21,28.5714
bindclip_randneg,Q16769,1,全新 <0.35,1.0,45,2.2222
bindclip_randneg,Q32ZE1,1,远 0.35–0.5,0.0,36,0.0000
bindclip_randneg,Q32ZE1,1,全新 <0.35,0.0,114,0.0000
bindclip_randneg,Q6V1X1,0,全新 <0.35,4.0,49,8.1633
bindclip_randneg,Q6V1X1,0,远 0.35–0.5,0.0,16,0.0000
bindclip_randneg,Q6V1X1,0,近 0.5–0.7,0.0,4,0.0000
bindclip_randneg,Q72547,1,全新 <0.35,26.0,34,76.4706
bindclip_randneg,Q72547,1,远 0.35–0.5,7.0,29,24.1379
bindclip_randneg,Q86TI2,0,远 0.35–0.5,1.0,11,9.0909
bindclip_randneg,Q86TI2,0,全新 <0.35,9.0,41,21.9512
bindclip_randneg,Q86TI2,0,近 0.5–0.7,0.0,4,0.0000
bindclip_randneg,Q86W56,1,全新 <0.35,2.0,336,0.5952
bindclip_randneg,Q86W56,1,远 0.35–0.5,0.0,5,0.0000
bindclip_randneg,Q86WV6,1,远 0.35–0.5,14.0,34,41.1765
bindclip_randneg,Q86WV6,1,全新 <0.35,0.0,129,0.0000
bindclip_randneg,Q86WV6,1,近 0.5–0.7,4.0,6,66.6667
bindclip_randneg,Q8IVH8,1,全新 <0.35,9.0,302,2.9801
bindclip_randneg,Q8IVH8,1,远 0.35–0.5,4.0,30,13.3333
bindclip_randneg,Q8N884,1,全新 <0.35,1.0,308,0.3247
bindclip_randneg,Q8NEB9,1,全新 <0.35,3.0,54,5.5556
bindclip_randneg,Q8NEB9,1,远 0.35–0.5,1.0,3,33.3333
bindclip_randneg,Q8R4B8,0,全新 <0.35,7.0,54,12.9630
bindclip_randneg,Q8R4B8,0,远 0.35–0.5,0.0,3,0.0000
bindclip_randneg,Q92633,0,全新 <0.35,9.0,560,1.6071
bindclip_randneg,Q92769,1,远 0.35–0.5,13.0,43,30.2326
bindclip_randneg,Q92769,1,全新 <0.35,44.0,282,15.6028
bindclip_randneg,Q92769,1,近 0.5–0.7,2.0,11,18.1818
bindclip_randneg,Q92793,1,远 0.35–0.5,5.0,27,18.5185
bindclip_randneg,Q92793,1,近 0.5–0.7,26.0,39,66.6667
bindclip_randneg,Q92793,1,全新 <0.35,6.0,370,1.6216
bindclip_randneg,Q92993,0,全新 <0.35,0.0,66,0.0000
bindclip_randneg,Q92993,0,远 0.35–0.5,0.0,27,0.0000
bindclip_randneg,Q93009,1,远 0.35–0.5,75.0,134,55.9701
bindclip_randneg,Q93009,1,全新 <0.35,25.0,133,18.7970
bindclip_randneg,Q93009,1,近 0.5–0.7,21.0,24,87.5000
bindclip_randneg,Q96RI1,1,全新 <0.35,10.0,23,43.4783
bindclip_randneg,Q96RI1,1,远 0.35–0.5,21.0,38,55.2632
bindclip_randneg,Q99640,1,全新 <0.35,41.0,281,14.5907
bindclip_randneg,Q99640,1,远 0.35–0.5,0.0,5,0.0000
bindclip_randneg,Q99683,1,远 0.35–0.5,0.0,23,0.0000
bindclip_randneg,Q99683,1,近 0.5–0.7,0.0,7,0.0000
bindclip_randneg,Q99683,1,全新 <0.35,1.0,46,2.1739
bindclip_randneg,Q99814,1,全新 <0.35,3.0,114,2.6316
bindclip_randneg,Q9BY41,1,全新 <0.35,79.0,342,23.0994
bindclip_randneg,Q9BY41,1,远 0.35–0.5,34.0,44,77.2727
bindclip_randneg,Q9BY41,1,近 0.5–0.7,4.0,6,66.6667
bindclip_randneg,Q9H3N8,0,远 0.35–0.5,0.0,14,0.0000
bindclip_randneg,Q9H3N8,0,全新 <0.35,1.0,41,2.4390
bindclip_randneg,Q9H8M2,1,远 0.35–0.5,23.666666666666668,63,37.5661
bindclip_randneg,Q9H8M2,1,全新 <0.35,52.666666666666664,320,16.4583
bindclip_randneg,Q9H8M2,1,近 0.5–0.7,0.0,8,0.0000
bindclip_randneg,Q9HAZ1,1,全新 <0.35,1.0,126,0.7937
bindclip_randneg,Q9HAZ1,1,远 0.35–0.5,1.0,7,14.2857
bindclip_randneg,Q9HBH9,1,远 0.35–0.5,0.0,54,0.0000
bindclip_randneg,Q9HBH9,1,全新 <0.35,0.0,50,0.0000
bindclip_randneg,Q9NSY1,1,全新 <0.35,0.0,67,0.0000
bindclip_randneg,Q9NWZ3,1,全新 <0.35,171.0,1157,14.7796
bindclip_randneg,Q9NWZ3,1,远 0.35–0.5,58.0,273,21.2454
bindclip_randneg,Q9NWZ3,1,近 0.5–0.7,0.0,27,0.0000
bindclip_randneg,Q9NYV4,1,近 0.5–0.7,0.0,37,0.0000
bindclip_randneg,Q9NYV4,1,全新 <0.35,32.0,157,20.3822
bindclip_randneg,Q9NYV4,1,远 0.35–0.5,1.0,88,1.1364
bindclip_randneg,Q9P2K8,0,全新 <0.35,6.0,52,11.5385
bindclip_randneg,Q9P2K8,0,远 0.35–0.5,10.0,34,29.4118
bindclip_randneg,Q9UGN5,1,全新 <0.35,15.0,146,10.2740
bindclip_randneg,Q9UGN5,1,近 0.5–0.7,8.0,9,88.8889
bindclip_randneg,Q9UGN5,1,远 0.35–0.5,2.0,9,22.2222
bindclip_randneg,Q9UNA0,1,全新 <0.35,12.0,74,16.2162
bindclip_randneg,Q9UNA0,1,远 0.35–0.5,5.0,6,83.3333
bindclip_randneg,Q9Y5Y9,0,全新 <0.35,1.0,500,0.2000
bindclip_randneg,Q9Y5Y9,0,远 0.35–0.5,2.0,132,1.5152
bindclip_randneg,Q9Y5Z0,1,全新 <0.35,130.0,280,46.4286
bindclip_randneg,Q9Y5Z0,1,远 0.35–0.5,32.0,37,86.4865
bindclip_randneg,C7FF05,0,远 0.35–0.5,1.0,34,2.9412
bindclip_randneg,C7FF05,0,全新 <0.35,0.0,49,0.0000
bindclip_randneg,C7FF05,0,近 0.5–0.7,0.0,7,0.0000
bindclip_randneg,O14638,0,全新 <0.35,14.0,89,15.7303
bindclip_randneg,O94921,0,全新 <0.35,21.0,69,30.4348
bindclip_randneg,O94921,0,远 0.35–0.5,13.0,31,41.9355
bindclip_randneg,P01111,0,全新 <0.35,6.0,469,1.2793
bindclip_randneg,P05622,0,远 0.35–0.5,0.0,81,0.0000
bindclip_randneg,P05622,0,全新 <0.35,0.0,256,0.0000
bindclip_randneg,P05622,0,极近 ≥0.7,0.0,8,0.0000
bindclip_randneg,P05622,0,近 0.5–0.7,0.0,33,0.0000
bindclip_randneg,P08519,1,全新 <0.35,5.0,73,6.8493
bindclip_randneg,P28347,0,全新 <0.35,0.0,226,0.0000
bindclip_randneg,P28347,0,远 0.35–0.5,0.0,12,0.0000
bindclip_randneg,P37288,0,全新 <0.35,0.0,108,0.0000
bindclip_randneg,P43220,1,近 0.5–0.7,0.0,8,0.0000
bindclip_randneg,P43220,1,远 0.35–0.5,0.0,16,0.0000
bindclip_randneg,P43220,1,全新 <0.35,0.0,105,0.0000
bindclip_randneg,P56528,0,全新 <0.35,0.0,92,0.0000
bindclip_randneg,P56528,0,远 0.35–0.5,0.0,11,0.0000
bindclip_randneg,P97821,0,全新 <0.35,5.0,83,6.0241
bindclip_randneg,Q15562,1,远 0.35–0.5,0.0,3,0.0000
bindclip_randneg,Q15562,1,全新 <0.35,0.0,177,0.0000
bindclip_randneg,Q15878,0,全新 <0.35,14.0,142,9.8592
bindclip_randneg,Q15878,0,远 0.35–0.5,0.0,9,0.0000
bindclip_randneg,Q92830,0,全新 <0.35,0.0,159,0.0000
bindclip_randneg,Q96LB1,0,全新 <0.35,0.0,62,0.0000
bindclip_randneg,Q96LB1,0,远 0.35–0.5,0.0,7,0.0000
bindclip_randneg,Q99594,0,全新 <0.35,3.0,102,2.9412
bindclip_randneg,J9SQF3,0,全新 <0.35,0.0,645,0.0000
bindclip_randneg,J9SQF3,0,远 0.35–0.5,0.0,5,0.0000
bindclip_randneg,O00411,0,全新 <0.35,2.0,211,0.9479
bindclip_randneg,O00411,0,远 0.35–0.5,0.0,15,0.0000
bindclip_randneg,O00443,1,全新 <0.35,0.0,75,0.0000
bindclip_randneg,O00443,1,远 0.35–0.5,0.0,24,0.0000
bindclip_randneg,O14578,0,远 0.35–0.5,0.0,85,0.0000
bindclip_randneg,O14578,0,全新 <0.35,1.0,66,1.5152
bindclip_randneg,O14874,0,远 0.35–0.5,29.0,75,38.6667
bindclip_randneg,O14874,0,全新 <0.35,4.0,20,20.0000
bindclip_randneg,O14874,0,近 0.5–0.7,10.0,10,100.0000
bindclip_randneg,O42275,0,近 0.5–0.7,32.0,46,69.5652
bindclip_randneg,O42275,0,远 0.35–0.5,6.0,39,15.3846
bindclip_randneg,O42275,0,全新 <0.35,1.0,32,3.1250
bindclip_randneg,O60427,0,全新 <0.35,5.0,234,2.1368
bindclip_randneg,O88634,0,全新 <0.35,0.0,52,0.0000
bindclip_randneg,O88634,0,远 0.35–0.5,0.0,12,0.0000
bindclip_randneg,O94782,1,全新 <0.35,0.0,394,0.0000
bindclip_randneg,O94782,1,远 0.35–0.5,0.0,11,0.0000
bindclip_randneg,O95835,0,远 0.35–0.5,36.0,60,60.0000
bindclip_randneg,O95835,0,全新 <0.35,1.0,12,8.3333
bindclip_randneg,P08546,0,全新 <0.35,0.0,79,0.0000
bindclip_randneg,P08546,0,远 0.35–0.5,0.0,3,0.0000
bindclip_randneg,P09871,0,全新 <0.35,91.0,419,21.7184
bindclip_randneg,P0AES4,0,远 0.35–0.5,0.0,47,0.0000
bindclip_randneg,P0AES4,0,近 0.5–0.7,0.0,5,0.0000
bindclip_randneg,P0AES4,0,全新 <0.35,2.0,81,2.4691
bindclip_randneg,P14060,0,全新 <0.35,13.0,74,17.5676
bindclip_randneg,P14416,0,全新 <0.35,31.0,291,10.6529
bindclip_randneg,P14416,0,远 0.35–0.5,7.0,24,29.1667
bindclip_randneg,P14416,0,近 0.5–0.7,1.0,5,20.0000
bindclip_randneg,P16788,0,远 0.35–0.5,0.0,10,0.0000
bindclip_randneg,P16788,0,全新 <0.35,0.0,444,0.0000
bindclip_randneg,P17927,0,全新 <0.35,0.0,69,0.0000
bindclip_randneg,P17948,1,近 0.5–0.7,3.0,39,7.6923
bindclip_randneg,P17948,1,远 0.35–0.5,1.0,25,4.0000
bindclip_randneg,P17948,1,极近 ≥0.7,3.0,10,30.0000
bindclip_randneg,P17948,1,全新 <0.35,1.0,20,5.0000
bindclip_randneg,P19525,0,全新 <0.35,0.0,165,0.0000
bindclip_randneg,P19525,0,远 0.35–0.5,0.0,16,0.0000
bindclip_randneg,P20648,0,近 0.5–0.7,5.0,29,17.2414
bindclip_randneg,P20648,0,全新 <0.35,3.0,40,7.5000
bindclip_randneg,P20648,0,远 0.35–0.5,7.0,42,16.6667
bindclip_randneg,P21917,0,全新 <0.35,0.0,30,0.0000
bindclip_randneg,P21917,0,远 0.35–0.5,12.0,31,38.7097
bindclip_randneg,P21917,0,近 0.5–0.7,1.0,4,25.0000
bindclip_randneg,P22001,0,全新 <0.35,0.0,338,0.0000
bindclip_randneg,P22001,0,远 0.35–0.5,0.0,13,0.0000
bindclip_randneg,P25929,0,全新 <0.35,2.0,74,2.7027
bindclip_randneg,P25929,0,远 0.35–0.5,0.0,28,0.0000
bindclip_randneg,P28223,0,全新 <0.35,32.333333333333336,971,3.3299
bindclip_randneg,P28223,0,远 0.35–0.5,23.0,190,12.1053
bindclip_randneg,P28223,0,近 0.5–0.7,29.0,38,76.3158
bindclip_randneg,P30990,1,远 0.35–0.5,0.0,25,0.0000
bindclip_randneg,P30990,1,全新 <0.35,0.0,51,0.0000
bindclip_randneg,P34969,0,远 0.35–0.5,6.0,18,33.3333
bindclip_randneg,P34969,0,全新 <0.35,3.0,74,4.0541
bindclip_randneg,P34969,0,近 0.5–0.7,5.0,8,62.5000
bindclip_randneg,P35462,0,全新 <0.35,5.0,84,5.9524
bindclip_randneg,P35462,0,远 0.35–0.5,3.0,22,13.6364
bindclip_randneg,P35462,0,近 0.5–0.7,1.0,3,33.3333
bindclip_randneg,P37840,0,全新 <0.35,1.0,113,0.8850
bindclip_randneg,P50052,1,全新 <0.35,21.0,198,10.6061
bindclip_randneg,P50052,1,远 0.35–0.5,4.0,11,36.3636
bindclip_randneg,P50052,1,近 0.5–0.7,0.0,5,0.0000
bindclip_randneg,P52429,0,全新 <0.35,0.0,74,0.0000
bindclip_randneg,P52429,0,远 0.35–0.5,0.0,7,0.0000
bindclip_randneg,P54278,0,远 0.35–0.5,3.0,32,9.3750
bindclip_randneg,P54278,0,全新 <0.35,13.0,53,24.5283
bindclip_randneg,P57059,0,远 0.35–0.5,1.0,19,5.2632
bindclip_randneg,P57059,0,近 0.5–0.7,0.0,29,0.0000
bindclip_randneg,P57059,0,极近 ≥0.7,0.0,5,0.0000
bindclip_randneg,P57059,0,全新 <0.35,1.0,31,3.2258
bindclip_randneg,Q08211,1,全新 <0.35,1.0,597,0.1675
bindclip_randneg,Q08211,1,远 0.35–0.5,1.0,109,0.9174
bindclip_randneg,Q08828,0,远 0.35–0.5,0.0,6,0.0000
bindclip_randneg,Q08828,0,全新 <0.35,0.0,61,0.0000
bindclip_randneg,Q10469,0,全新 <0.35,0.0,171,0.0000
bindclip_randneg,Q13191,1,全新 <0.35,0.0,1194,0.0000
bindclip_randneg,Q13191,1,远 0.35–0.5,0.0,38,0.0000
bindclip_randneg,Q13233,0,远 0.35–0.5,0.0,39,0.0000
bindclip_randneg,Q13233,0,近 0.5–0.7,0.0,7,0.0000
bindclip_randneg,Q13233,0,全新 <0.35,0.0,9,0.0000
bindclip_randneg,Q13233,0,极近 ≥0.7,0.0,3,0.0000
bindclip_randneg,Q13574,1,全新 <0.35,9.0,576,1.5625
bindclip_randneg,Q16739,0,全新 <0.35,0.0,281,0.0000
bindclip_randneg,Q16739,0,远 0.35–0.5,0.0,28,0.0000
bindclip_randneg,Q16832,1,远 0.35–0.5,25.0,94,26.5957
bindclip_randneg,Q16832,1,全新 <0.35,15.0,215,6.9767
bindclip_randneg,Q16832,1,近 0.5–0.7,3.0,14,21.4286
bindclip_randneg,Q16832,1,极近 ≥0.7,0.0,3,0.0000
bindclip_randneg,Q5JRX3,0,全新 <0.35,0.0,47,0.0000
bindclip_randneg,Q5JRX3,0,远 0.35–0.5,0.0,10,0.0000
bindclip_randneg,Q6SZW1,0,近 0.5–0.7,2.0,3,66.6667
bindclip_randneg,Q6SZW1,0,全新 <0.35,21.0,156,13.4615
bindclip_randneg,Q6SZW1,0,远 0.35–0.5,29.0,84,34.5238
bindclip_randneg,Q7Z3E1,0,全新 <0.35,50.333333333333336,401,12.5520
bindclip_randneg,Q7Z3E1,0,远 0.35–0.5,27.333333333333336,84,32.5397
bindclip_randneg,Q7Z3E1,0,近 0.5–0.7,58.333333333333336,88,66.2879
bindclip_randneg,Q86SK9,0,远 0.35–0.5,0.0,25,0.0000
bindclip_randneg,Q86SK9,0,全新 <0.35,2.0,29,6.8966
bindclip_randneg,Q86UE8,0,远 0.35–0.5,0.0,29,0.0000
bindclip_randneg,Q86UE8,0,近 0.5–0.7,0.0,32,0.0000
bindclip_randneg,Q86UE8,0,全新 <0.35,0.0,3,0.0000
bindclip_randneg,Q86UE8,0,极近 ≥0.7,0.0,4,0.0000
bindclip_randneg,Q8N1C3,0,全新 <0.35,1.0,199,0.5025
bindclip_randneg,Q8WYB5,0,全新 <0.35,24.0,177,13.5593
bindclip_randneg,Q8WYB5,0,远 0.35–0.5,1.0,15,6.6667
bindclip_randneg,Q92551,0,全新 <0.35,19.0,145,13.1034
bindclip_randneg,Q92551,0,远 0.35–0.5,17.0,46,36.9565
bindclip_randneg,Q96DB2,0,近 0.5–0.7,1.0,9,11.1111
bindclip_randneg,Q96DB2,0,远 0.35–0.5,4.0,44,9.0909
bindclip_randneg,Q96DB2,0,极近 ≥0.7,1.0,4,25.0000
bindclip_randneg,Q96DB2,0,全新 <0.35,3.0,14,21.4286
bindclip_randneg,Q96GX5,1,全新 <0.35,5.0,252,1.9841
bindclip_randneg,Q96GX5,1,远 0.35–0.5,1.0,6,16.6667
bindclip_randneg,Q9H0K1,0,远 0.35–0.5,1.0,22,4.5455
bindclip_randneg,Q9H0K1,0,全新 <0.35,4.0,51,7.8431
bindclip_randneg,Q9H0K1,0,近 0.5–0.7,4.0,29,13.7931
bindclip_randneg,Q9H0K1,0,极近 ≥0.7,0.0,7,0.0000
bindclip_randneg,Q9HCE5,1,全新 <0.35,0.0,187,0.0000
bindclip_randneg,Q9HCE5,1,远 0.35–0.5,0.0,5,0.0000
bindclip_randneg,Q9NPH5,0,全新 <0.35,0.0,90,0.0000
bindclip_randneg,Q9NPH5,0,远 0.35–0.5,0.0,6,0.0000
bindclip_randneg,Q9NR19,0,全新 <0.35,0.0,95,0.0000
bindclip_randneg,Q9NR19,0,远 0.35–0.5,0.0,47,0.0000
bindclip_randneg,Q9ULV8,0,全新 <0.35,0.0,551,0.0000
bindclip_randneg,Q9ULV8,0,远 0.35–0.5,0.0,18,0.0000
bindclip_randneg,Q9Y2I7,0,全新 <0.35,0.0,282,0.0000
bindclip_randneg,Q9Y2I7,0,远 0.35–0.5,0.0,102,0.0000
bindclip_randneg,Q9Y2I7,0,近 0.5–0.7,0.0,8,0.0000
bindclip_hardneg,O15379,0,近 0.5–0.7,0.0,19,0.0000
bindclip_hardneg,O15379,0,远 0.35–0.5,0.0,64,0.0000
bindclip_hardneg,O15379,0,全新 <0.35,0.0,46,0.0000
bindclip_hardneg,O15379,0,极近 ≥0.7,0.0,12,0.0000
bindclip_hardneg,O43353,1,远 0.35–0.5,2.0,204,0.9804
bindclip_hardneg,O43353,1,全新 <0.35,0.0,16,0.0000
bindclip_hardneg,O43353,1,近 0.5–0.7,0.0,16,0.0000
bindclip_hardneg,O43353,1,极近 ≥0.7,2.0,10,20.0000
bindclip_hardneg,O60341,1,远 0.35–0.5,0.0,39,0.0000
bindclip_hardneg,O60341,1,全新 <0.35,2.0,63,3.1746
bindclip_hardneg,O60674,1,全新 <0.35,0.0,137,0.0000
bindclip_hardneg,O60674,1,近 0.5–0.7,0.0,34,0.0000
bindclip_hardneg,O60674,1,远 0.35–0.5,0.0,35,0.0000
bindclip_hardneg,O60674,1,极近 ≥0.7,1.0,22,4.5455
bindclip_hardneg,O60885,1,近 0.5–0.7,7.0,15,46.6667
bindclip_hardneg,O60885,1,极近 ≥0.7,4.0,24,16.6667
bindclip_hardneg,O60885,1,全新 <0.35,0.0,11,0.0000
bindclip_hardneg,O60885,1,远 0.35–0.5,3.0,8,37.5000
bindclip_hardneg,O75469,1,全新 <0.35,1.0,78,1.2821
bindclip_hardneg,P00734,1,近 0.5–0.7,11.0,28,39.2857
bindclip_hardneg,P00734,1,远 0.35–0.5,25.0,107,23.3645
bindclip_hardneg,P00734,1,全新 <0.35,2.0,13,15.3846
bindclip_hardneg,P01116,1,全新 <0.35,1.0,47,2.1277
bindclip_hardneg,P01116,1,远 0.35–0.5,1.0,4,25.0000
bindclip_hardneg,P06239,1,全新 <0.35,0.0,15,0.0000
bindclip_hardneg,P06239,1,近 0.5–0.7,0.0,31,0.0000
bindclip_hardneg,P06239,1,极近 ≥0.7,1.0,10,10.0000
bindclip_hardneg,P06239,1,远 0.35–0.5,0.0,12,0.0000
bindclip_hardneg,P08581,1,近 0.5–0.7,2.0,22,9.0909
bindclip_hardneg,P08581,1,远 0.35–0.5,8.0,23,34.7826
bindclip_hardneg,P08581,1,全新 <0.35,1.0,4,25.0000
bindclip_hardneg,P08581,1,极近 ≥0.7,2.0,17,11.7647
bindclip_hardneg,P11362,1,远 0.35–0.5,1.0,19,5.2632
bindclip_hardneg,P11362,1,全新 <0.35,1.0,22,4.5455
bindclip_hardneg,P11362,1,极近 ≥0.7,1.0,10,10.0000
bindclip_hardneg,P11362,1,近 0.5–0.7,2.0,5,40.0000
bindclip_hardneg,P12931,1,近 0.5–0.7,16.0,40,40.0000
bindclip_hardneg,P12931,1,远 0.35–0.5,8.0,36,22.2222
bindclip_hardneg,P12931,1,极近 ≥0.7,4.0,14,28.5714
bindclip_hardneg,P15056,1,远 0.35–0.5,18.0,26,69.2308
bindclip_hardneg,P15056,1,极近 ≥0.7,3.0,14,21.4286
bindclip_hardneg,P15056,1,全新 <0.35,0.0,5,0.0000
bindclip_hardneg,P15056,1,近 0.5–0.7,7.0,13,53.8462
bindclip_hardneg,P18031,1,全新 <0.35,43.0,100,43.0000
bindclip_hardneg,P18031,1,远 0.35–0.5,2.0,8,25.0000
bindclip_hardneg,P18031,1,近 0.5–0.7,0.0,5,0.0000
bindclip_hardneg,P18031,1,极近 ≥0.7,1.0,3,33.3333
bindclip_hardneg,P21554,0,全新 <0.35,10.0,80,12.5000
bindclip_hardneg,P21554,0,远 0.35–0.5,6.0,16,37.5000
bindclip_hardneg,P22413,0,全新 <0.35,26.0,122,21.3115
bindclip_hardneg,P22413,0,远 0.35–0.5,6.0,60,10.0000
bindclip_hardneg,P22413,0,近 0.5–0.7,1.0,5,20.0000
bindclip_hardneg,P22455,1,全新 <0.35,0.0,31,0.0000
bindclip_hardneg,P22455,1,远 0.35–0.5,0.0,12,0.0000
bindclip_hardneg,P22455,1,极近 ≥0.7,2.0,8,25.0000
bindclip_hardneg,P22455,1,近 0.5–0.7,0.0,4,0.0000
bindclip_hardneg,P27338,1,远 0.35–0.5,0.0,95,0.0000
bindclip_hardneg,P27338,1,全新 <0.35,1.0,29,3.4483
bindclip_hardneg,P27338,1,近 0.5–0.7,0.0,31,0.0000
bindclip_hardneg,P28335,1,全新 <0.35,0.0,68,0.0000
bindclip_hardneg,P28335,1,近 0.5–0.7,0.0,4,0.0000
bindclip_hardneg,P28335,1,远 0.35–0.5,0.0,7,0.0000
bindclip_hardneg,P30530,1,近 0.5–0.7,1.0,11,9.0909
bindclip_hardneg,P30530,1,远 0.35–0.5,0.0,11,0.0000
bindclip_hardneg,P30530,1,全新 <0.35,0.0,20,0.0000
bindclip_hardneg,P30530,1,极近 ≥0.7,2.0,8,25.0000
bindclip_hardneg,P31153,1,全新 <0.35,1.0,58,1.7241
bindclip_hardneg,P31153,1,远 0.35–0.5,0.0,5,0.0000
bindclip_hardneg,P34913,1,远 0.35–0.5,9.0,27,33.3333
bindclip_hardneg,P34913,1,近 0.5–0.7,47.0,79,59.4937
bindclip_hardneg,P34913,1,极近 ≥0.7,8.0,9,88.8889
bindclip_hardneg,P34913,1,全新 <0.35,0.0,9,0.0000
bindclip_hardneg,P34914,1,极近 ≥0.7,5.0,7,71.4286
bindclip_hardneg,P34914,1,全新 <0.35,0.0,21,0.0000
bindclip_hardneg,P34914,1,远 0.35–0.5,4.0,25,16.0000
bindclip_hardneg,P34914,1,近 0.5–0.7,20.0,46,43.4783
bindclip_hardneg,P35968,1,近 0.5–0.7,15.0,53,28.3019
bindclip_hardneg,P35968,1,极近 ≥0.7,5.0,26,19.2308
bindclip_hardneg,P35968,1,远 0.35–0.5,8.5,38,22.3684
bindclip_hardneg,P35968,1,全新 <0.35,1.0,19,5.2632
bindclip_hardneg,P36888,0,极近 ≥0.7,1.0,18,5.5556
bindclip_hardneg,P36888,0,远 0.35–0.5,3.0,27,11.1111
bindclip_hardneg,P36888,0,全新 <0.35,0.0,30,0.0000
bindclip_hardneg,P36888,0,近 0.5–0.7,0.0,9,0.0000
bindclip_hardneg,P41182,1,全新 <0.35,1.0,15,6.6667
bindclip_hardneg,P41182,1,近 0.5–0.7,4.0,5,80.0000
bindclip_hardneg,P41182,1,远 0.35–0.5,17.0,42,40.4762
bindclip_hardneg,P47989,0,全新 <0.35,0.0,38,0.0000
bindclip_hardneg,P47989,0,近 0.5–0.7,0.0,4,0.0000
bindclip_hardneg,P47989,0,远 0.35–0.5,0.0,11,0.0000
bindclip_hardneg,P49327,1,全新 <0.35,1.0,620,0.1613
bindclip_hardneg,P49327,1,远 0.35–0.5,0.0,45,0.0000
bindclip_hardneg,P50406,0,远 0.35–0.5,0.0,7,0.0000
bindclip_hardneg,P50406,0,近 0.5–0.7,2.0,8,25.0000
bindclip_hardneg,P50406,0,全新 <0.35,1.0,51,1.9608
bindclip_hardneg,P52333,1,近 0.5–0.7,33.0,57,57.8947
bindclip_hardneg,P52333,1,全新 <0.35,2.0,110,1.8182
bindclip_hardneg,P52333,1,极近 ≥0.7,17.0,31,54.8387
bindclip_hardneg,P52333,1,远 0.35–0.5,30.0,58,51.7241
bindclip_hardneg,P53634,1,全新 <0.35,19.0,54,35.1852
bindclip_hardneg,P53634,1,远 0.35–0.5,0.0,3,0.0000
bindclip_hardneg,P56817,1,远 0.35–0.5,67.0,122,54.9180
bindclip_hardneg,P56817,1,近 0.5–0.7,3.0,6,50.0000
bindclip_hardneg,P56817,1,全新 <0.35,63.0,132,47.7273
bindclip_hardneg,Q05397,1,远 0.35–0.5,3.0,29,10.3448
bindclip_hardneg,Q05397,1,近 0.5–0.7,17.0,33,51.5152
bindclip_hardneg,Q05397,1,全新 <0.35,1.0,7,14.2857
bindclip_hardneg,Q05397,1,极近 ≥0.7,14.0,21,66.6667
bindclip_hardneg,Q13188,1,近 0.5–0.7,0.0,21,0.0000
bindclip_hardneg,Q13188,1,远 0.35–0.5,0.0,19,0.0000
bindclip_hardneg,Q13188,1,极近 ≥0.7,2.0,8,25.0000
bindclip_hardneg,Q13547,0,近 0.5–0.7,13.0,58,22.4138
bindclip_hardneg,Q13547,0,远 0.35–0.5,55.0,197,27.9188
bindclip_hardneg,Q13547,0,全新 <0.35,34.0,93,36.5591
bindclip_hardneg,Q13547,0,极近 ≥0.7,3.0,13,23.0769
bindclip_hardneg,Q13627,1,极近 ≥0.7,3.0,42,7.1429
bindclip_hardneg,Q13627,1,远 0.35–0.5,12.0,31,38.7097
bindclip_hardneg,Q13627,1,近 0.5–0.7,1.0,26,3.8462
bindclip_hardneg,Q13627,1,全新 <0.35,4.0,12,33.3333
bindclip_hardneg,Q16678,0,远 0.35–0.5,18.0,76,23.6842
bindclip_hardneg,Q16678,0,近 0.5–0.7,7.0,11,63.6364
bindclip_hardneg,Q16678,0,全新 <0.35,2.0,20,10.0000
bindclip_hardneg,Q92769,1,远 0.35–0.5,26.0,56,46.4286
bindclip_hardneg,Q92769,1,近 0.5–0.7,9.0,21,42.8571
bindclip_hardneg,Q92769,1,极近 ≥0.7,4.0,12,33.3333
bindclip_hardneg,Q92769,1,全新 <0.35,14.0,38,36.8421
bindclip_hardneg,Q92918,1,极近 ≥0.7,0.0,4,0.0000
bindclip_hardneg,Q92918,1,近 0.5–0.7,6.0,10,60.0000
bindclip_hardneg,Q92918,1,远 0.35–0.5,4.0,16,25.0000
bindclip_hardneg,Q92918,1,全新 <0.35,19.0,131,14.5038
bindclip_hardneg,Q9BY41,1,极近 ≥0.7,5.0,8,62.5000
bindclip_hardneg,Q9BY41,1,全新 <0.35,12.0,32,37.5000
bindclip_hardneg,Q9BY41,1,远 0.35–0.5,29.0,51,56.8627
bindclip_hardneg,Q9BY41,1,近 0.5–0.7,6.0,13,46.1538
bindclip_hardneg,Q9NWZ3,1,全新 <0.35,15.0,69,21.7391
bindclip_hardneg,Q9NWZ3,1,远 0.35–0.5,4.0,14,28.5714
bindclip_hardneg,Q9NWZ3,1,极近 ≥0.7,2.0,6,33.3333
bindclip_hardneg,Q9NZQ7,1,远 0.35–0.5,21.0,40,52.5000
bindclip_hardneg,Q9NZQ7,1,全新 <0.35,2.0,42,4.7619
bindclip_hardneg,Q9NZQ7,1,近 0.5–0.7,1.0,3,33.3333
bindclip_hardneg,Q9UBN7,1,全新 <0.35,0.0,185,0.0000
bindclip_hardneg,Q9UBN7,1,远 0.35–0.5,2.0,180,1.1111
bindclip_hardneg,Q9UBN7,1,极近 ≥0.7,0.0,12,0.0000
bindclip_hardneg,Q9UBN7,1,近 0.5–0.7,0.0,49,0.0000
bindclip_hardneg,Q9Y5Z0,1,远 0.35–0.5,41.0,101,40.5941
bindclip_hardneg,Q9Y5Z0,1,近 0.5–0.7,1.0,6,16.6667
bindclip_hardneg,Q9Y5Z0,1,全新 <0.35,68.0,120,56.6667
bindclip_hardneg,O14684,1,全新 <0.35,3.0,35,8.5714
bindclip_hardneg,O14684,1,远 0.35–0.5,34.0,86,39.5349
bindclip_hardneg,O14684,1,近 0.5–0.7,3.0,4,75.0000
bindclip_hardneg,O14744,1,全新 <0.35,62.0,753,8.2337
bindclip_hardneg,O14744,1,远 0.35–0.5,10.0,58,17.2414
bindclip_hardneg,O14744,1,近 0.5–0.7,0.0,3,0.0000
bindclip_hardneg,O14757,1,远 0.35–0.5,21.0,49,42.8571
bindclip_hardneg,O14757,1,全新 <0.35,56.0,137,40.8759
bindclip_hardneg,O14757,1,近 0.5–0.7,0.0,4,0.0000
bindclip_hardneg,O15379,0,近 0.5–0.7,0.0,10,0.0000
bindclip_hardneg,O15379,0,远 0.35–0.5,2.0,87,2.2989
bindclip_hardneg,O15379,0,全新 <0.35,2.0,315,0.6349
bindclip_hardneg,O43570,1,远 0.35–0.5,37.0,141,26.2411
bindclip_hardneg,O43570,1,全新 <0.35,3.0,82,3.6585
bindclip_hardneg,O43570,1,近 0.5–0.7,6.0,16,37.5000
bindclip_hardneg,O43613,1,全新 <0.35,0.0,70,0.0000
bindclip_hardneg,O43613,1,远 0.35–0.5,7.0,23,30.4348
bindclip_hardneg,O43613,1,近 0.5–0.7,6.0,6,100.0000
bindclip_hardneg,O43614,1,全新 <0.35,4.0,117,3.4188
bindclip_hardneg,O43614,1,远 0.35–0.5,8.0,22,36.3636
bindclip_hardneg,O43614,1,近 0.5–0.7,6.0,6,100.0000
bindclip_hardneg,O60341,1,全新 <0.35,40.0,760,5.2632
bindclip_hardneg,O60341,1,远 0.35–0.5,0.0,44,0.0000
bindclip_hardneg,O60341,1,近 0.5–0.7,3.0,3,100.0000
bindclip_hardneg,O60502,1,全新 <0.35,0.0,294,0.0000
bindclip_hardneg,O60502,1,远 0.35–0.5,2.0,6,33.3333
bindclip_hardneg,O60885,1,全新 <0.35,173.0,339,51.0324
bindclip_hardneg,O60885,1,远 0.35–0.5,86.0,189,45.5026
bindclip_hardneg,O60885,1,近 0.5–0.7,2.0,29,6.8966
bindclip_hardneg,O60885,1,极近 ≥0.7,0.0,19,0.0000
bindclip_hardneg,O75116,1,全新 <0.35,38.0,235,16.1702
bindclip_hardneg,O75116,1,远 0.35–0.5,30.0,62,48.3871
bindclip_hardneg,O75116,1,近 0.5–0.7,0.0,4,0.0000
bindclip_hardneg,O75173,1,近 0.5–0.7,5.0,5,100.0000
bindclip_hardneg,O75173,1,全新 <0.35,13.0,71,18.3099
bindclip_hardneg,O75173,1,远 0.35–0.5,7.0,7,100.0000
bindclip_hardneg,O75385,1,远 0.35–0.5,3.0,26,11.5385
bindclip_hardneg,O75385,1,近 0.5–0.7,0.0,4,0.0000
bindclip_hardneg,O75385,1,全新 <0.35,27.0,378,7.1429
bindclip_hardneg,O95497,0,远 0.35–0.5,0.0,9,0.0000
bindclip_hardneg,O95497,0,全新 <0.35,0.0,109,0.0000
bindclip_hardneg,O95819,1,全新 <0.35,1.0,57,1.7544
bindclip_hardneg,O95819,1,远 0.35–0.5,0.0,7,0.0000
bindclip_hardneg,O96017,1,全新 <0.35,5.0,17,29.4118
bindclip_hardneg,O96017,1,远 0.35–0.5,18.0,44,40.9091
bindclip_hardneg,O96017,1,近 0.5–0.7,1.0,4,25.0000
bindclip_hardneg,O96028,0,全新 <0.35,2.0,63,3.1746
bindclip_hardneg,O96028,0,远 0.35–0.5,1.0,14,7.1429
bindclip_hardneg,P00519,1,远 0.35–0.5,3.0,138,2.1739
bindclip_hardneg,P00519,1,全新 <0.35,1.0,133,0.7519
bindclip_hardneg,P00519,1,近 0.5–0.7,3.0,21,14.2857
bindclip_hardneg,P00533,1,近 0.5–0.7,14.0,72,19.4444
bindclip_hardneg,P00533,1,远 0.35–0.5,69.0,360,19.1667
bindclip_hardneg,P00533,1,全新 <0.35,409.0,1615,25.3251
bindclip_hardneg,P00734,1,远 0.35–0.5,21.0,52,40.3846
bindclip_hardneg,P00734,1,全新 <0.35,0.0,6,0.0000
bindclip_hardneg,P00734,1,近 0.5–0.7,14.0,14,100.0000
bindclip_hardneg,P00742,1,远 0.35–0.5,10.0,48,20.8333
bindclip_hardneg,P00742,1,近 0.5–0.7,8.0,15,53.3333
bindclip_hardneg,P00742,1,全新 <0.35,3.0,3,100.0000
bindclip_hardneg,P00746,1,全新 <0.35,52.0,348,14.9425
bindclip_hardneg,P00746,1,远 0.35–0.5,3.0,16,18.7500
bindclip_hardneg,P03372,1,全新 <0.35,34.0,197,17.2589
bindclip_hardneg,P03372,1,远 0.35–0.5,0.0,21,0.0000
bindclip_hardneg,P03951,1,全新 <0.35,36.0,80,45.0000
bindclip_hardneg,P03951,1,远 0.35–0.5,14.0,20,70.0000
bindclip_hardneg,P03952,1,远 0.35–0.5,0.0,38,0.0000
bindclip_hardneg,P03952,1,全新 <0.35,1.0,92,1.0870
bindclip_hardneg,P04150,1,全新 <0.35,72.0,279,25.8065
bindclip_hardneg,P04150,1,远 0.35–0.5,0.0,3,0.0000
bindclip_hardneg,P04150,1,近 0.5–0.7,4.0,4,100.0000
bindclip_hardneg,P04293,0,全新 <0.35,0.0,346,0.0000
bindclip_hardneg,P04293,0,远 0.35–0.5,0.0,9,0.0000
bindclip_hardneg,P04626,1,全新 <0.35,286.5,932,30.7403
bindclip_hardneg,P04626,1,远 0.35–0.5,24.0,54,44.4444
bindclip_hardneg,P04626,1,近 0.5–0.7,7.0,18,38.8889
bindclip_hardneg,P06239,1,全新 <0.35,1.0,536,0.1866
bindclip_hardneg,P06239,1,近 0.5–0.7,0.0,82,0.0000
bindclip_hardneg,P06239,1,远 0.35–0.5,0.0,90,0.0000
bindclip_hardneg,P06239,1,极近 ≥0.7,0.0,7,0.0000
bindclip_hardneg,P06241,1,全新 <0.35,0.0,25,0.0000
bindclip_hardneg,P06241,1,远 0.35–0.5,0.0,28,0.0000
bindclip_hardneg,P06276,1,全新 <0.35,2.0,34,5.8824
bindclip_hardneg,P06276,1,远 0.35–0.5,21.0,65,32.3077
bindclip_hardneg,P06276,1,近 0.5–0.7,16.0,40,40.0000
bindclip_hardneg,P07333,1,近 0.5–0.7,9.0,17,52.9412
bindclip_hardneg,P07333,1,远 0.35–0.5,25.0,228,10.9649
bindclip_hardneg,P07333,1,全新 <0.35,70.0,527,13.2827
bindclip_hardneg,P07711,1,远 0.35–0.5,9.0,72,12.5000
bindclip_hardneg,P07711,1,近 0.5–0.7,1.0,20,5.0000
bindclip_hardneg,P07711,1,全新 <0.35,8.0,21,38.0952
bindclip_hardneg,P07949,1,近 0.5–0.7,0.0,9,0.0000
bindclip_hardneg,P07949,1,全新 <0.35,3.0,238,1.2605
bindclip_hardneg,P07949,1,远 0.35–0.5,0.0,16,0.0000
bindclip_hardneg,P08069,1,远 0.35–0.5,1.0,268,0.3731
bindclip_hardneg,P08069,1,全新 <0.35,0.0,29,0.0000
bindclip_hardneg,P08069,1,近 0.5–0.7,0.0,56,0.0000
bindclip_hardneg,P08069,1,极近 ≥0.7,0.0,6,0.0000
bindclip_hardneg,P08173,0,全新 <0.35,3.0,72,4.1667
bindclip_hardneg,P08173,0,远 0.35–0.5,2.0,6,33.3333
bindclip_hardneg,P08581,1,远 0.35–0.5,174.0,631,27.5753
bindclip_hardneg,P08581,1,近 0.5–0.7,23.0,83,27.7108
bindclip_hardneg,P08581,1,全新 <0.35,40.0,117,34.1880
bindclip_hardneg,P08908,0,全新 <0.35,1.0,203,0.4926
bindclip_hardneg,P08908,0,远 0.35–0.5,0.0,4,0.0000
bindclip_hardneg,P08922,1,全新 <0.35,6.0,33,18.1818
bindclip_hardneg,P08922,1,远 0.35–0.5,3.0,12,25.0000
bindclip_hardneg,P08922,1,近 0.5–0.7,4.0,6,66.6667
bindclip_hardneg,P0DMS8,0,全新 <0.35,13.0,42,30.9524
bindclip_hardneg,P0DMS8,0,远 0.35–0.5,0.0,8,0.0000
bindclip_hardneg,P10398,0,全新 <0.35,0.0,8,0.0000
bindclip_hardneg,P10398,0,远 0.35–0.5,0.0,91,0.0000
bindclip_hardneg,P10398,0,近 0.5–0.7,0.0,4,0.0000
bindclip_hardneg,P11309,1,全新 <0.35,0.0,30,0.0000
bindclip_hardneg,P11309,1,远 0.35–0.5,2.0,19,10.5263
bindclip_hardneg,P11309,1,近 0.5–0.7,9.0,15,60.0000
bindclip_hardneg,P11362,1,全新 <0.35,22.0,458,4.8035
bindclip_hardneg,P11362,1,远 0.35–0.5,6.0,39,15.3846
bindclip_hardneg,P11362,1,近 0.5–0.7,1.0,4,25.0000
bindclip_hardneg,P11474,1,全新 <0.35,0.0,196,0.0000
bindclip_hardneg,P11474,1,远 0.35–0.5,0.0,3,0.0000
bindclip_hardneg,P11802,0,全新 <0.35,272.0,1227,22.1679
bindclip_hardneg,P11802,0,远 0.35–0.5,27.0,118,22.8814
bindclip_hardneg,P11802,0,近 0.5–0.7,0.0,50,0.0000
bindclip_hardneg,P11802,0,极近 ≥0.7,0.0,7,0.0000
bindclip_hardneg,P14756,1,全新 <0.35,22.0,58,37.9310
bindclip_hardneg,P14756,1,远 0.35–0.5,6.0,13,46.1538
bindclip_hardneg,P15428,0,远 0.35–0.5,1.0,55,1.8182
bindclip_hardneg,P15428,0,全新 <0.35,4.0,306,1.3072
bindclip_hardneg,P18825,0,全新 <0.35,0.0,117,0.0000
bindclip_hardneg,P18825,0,远 0.35–0.5,0.0,8,0.0000
bindclip_hardneg,P20618,0,全新 <0.35,0.0,46,0.0000
bindclip_hardneg,P20618,0,远 0.35–0.5,0.0,25,0.0000
bindclip_hardneg,P21554,0,全新 <0.35,3.0,51,5.8824
bindclip_hardneg,P21802,1,全新 <0.35,11.0,464,2.3707
bindclip_hardneg,P21802,1,远 0.35–0.5,2.0,16,12.5000
bindclip_hardneg,P21802,1,近 0.5–0.7,0.0,4,0.0000
bindclip_hardneg,P22413,0,全新 <0.35,47.75,408,11.7034
bindclip_hardneg,P22413,0,远 0.35–0.5,23.0,108,21.2963
bindclip_hardneg,P22413,0,近 0.5–0.7,4.0,8,50.0000
bindclip_hardneg,P22455,1,全新 <0.35,7.0,88,7.9545
bindclip_hardneg,P22455,1,远 0.35–0.5,6.0,24,25.0000
bindclip_hardneg,P22455,1,近 0.5–0.7,1.0,4,25.0000
bindclip_hardneg,P22607,0,全新 <0.35,14.0,368,3.8043
bindclip_hardneg,P22607,0,远 0.35–0.5,2.0,13,15.3846
bindclip_hardneg,P22607,0,近 0.5–0.7,1.0,3,33.3333
bindclip_hardneg,P23458,1,全新 <0.35,137.0,509,26.9155
bindclip_hardneg,P23458,1,远 0.35–0.5,37.0,107,34.5794
bindclip_hardneg,P23458,1,近 0.5–0.7,2.0,5,40.0000
bindclip_hardneg,P23946,1,全新 <0.35,0.0,70,0.0000
bindclip_hardneg,P24941,1,全新 <0.35,50.0,1322,3.7821
bindclip_hardneg,P24941,1,远 0.35–0.5,9.0,279,3.2258
bindclip_hardneg,P24941,1,近 0.5–0.7,1.0,28,3.5714
bindclip_hardneg,P27338,1,远 0.35–0.5,3.0,43,6.9767
bindclip_hardneg,P27338,1,全新 <0.35,6.0,80,7.5000
bindclip_hardneg,P27487,1,全新 <0.35,14.0,86,16.2791
bindclip_hardneg,P27487,1,远 0.35–0.5,1.0,29,3.4483
bindclip_hardneg,P28074,0,远 0.35–0.5,60.0,115,52.1739
bindclip_hardneg,P28074,0,全新 <0.35,76.0,205,37.0732
bindclip_hardneg,P28074,0,近 0.5–0.7,1.0,5,20.0000
bindclip_hardneg,P28335,1,全新 <0.35,1.0,287,0.3484
bindclip_hardneg,P28335,1,远 0.35–0.5,0.0,9,0.0000
bindclip_hardneg,P28482,1,远 0.35–0.5,37.0,41,90.2439
bindclip_hardneg,P28482,1,全新 <0.35,39.0,624,6.2500
bindclip_hardneg,P29274,1,全新 <0.35,166.66666666666666,721,23.1160
bindclip_hardneg,P29274,1,远 0.35–0.5,3.0,56,5.3571
bindclip_hardneg,P29275,0,全新 <0.35,47.0,330,14.2424
bindclip_hardneg,P29275,0,远 0.35–0.5,2.0,28,7.1429
bindclip_hardneg,P30530,1,远 0.35–0.5,9.0,568,1.5845
bindclip_hardneg,P30530,1,近 0.5–0.7,0.0,36,0.0000
bindclip_hardneg,P30530,1,全新 <0.35,1.0,323,0.3096
bindclip_hardneg,P30542,0,全新 <0.35,6.0,93,6.4516
bindclip_hardneg,P30542,0,远 0.35–0.5,0.0,20,0.0000
bindclip_hardneg,P31391,0,全新 <0.35,3.0,90,3.3333
bindclip_hardneg,P31391,0,远 0.35–0.5,1.0,10,10.0000
bindclip_hardneg,P31645,1,全新 <0.35,1.0,104,0.9615
bindclip_hardneg,P31645,1,远 0.35–0.5,0.0,5,0.0000
bindclip_hardneg,P31749,1,近 0.5–0.7,0.0,123,0.0000
bindclip_hardneg,P31749,1,远 0.35–0.5,2.0,85,2.3529
bindclip_hardneg,P31749,1,全新 <0.35,0.0,4,0.0000
bindclip_hardneg,P31751,1,远 0.35–0.5,0.0,57,0.0000
bindclip_hardneg,P31751,1,近 0.5–0.7,0.0,61,0.0000
bindclip_hardneg,P32245,0,全新 <0.35,0.0,206,0.0000
bindclip_hardneg,P34914,1,远 0.35–0.5,0.0,111,0.0000
bindclip_hardneg,P34914,1,全新 <0.35,0.0,59,0.0000
bindclip_hardneg,P34914,1,近 0.5–0.7,3.0,27,11.1111
bindclip_hardneg,P34972,0,全新 <0.35,6.0,55,10.9091
bindclip_hardneg,P34972,0,远 0.35–0.5,0.0,8,0.0000
bindclip_hardneg,P35968,1,全新 <0.35,3.0,184,1.6304
bindclip_hardneg,P35968,1,远 0.35–0.5,57.0,601,9.4842
bindclip_hardneg,P35968,1,近 0.5–0.7,50.0,140,35.7143
bindclip_hardneg,P36888,0,近 0.5–0.7,0.0,18,0.0000
bindclip_hardneg,P36888,0,全新 <0.35,12.0,349,3.4384
bindclip_hardneg,P36888,0,远 0.35–0.5,14.0,139,10.0719
bindclip_hardneg,P39900,1,全新 <0.35,24.0,82,29.2683
bindclip_hardneg,P41146,1,全新 <0.35,3.0,54,5.5556
bindclip_hardneg,P41240,0,极近 ≥0.7,0.0,8,0.0000
bindclip_hardneg,P41240,0,近 0.5–0.7,0.0,87,0.0000
bindclip_hardneg,P41240,0,远 0.35–0.5,0.0,76,0.0000
bindclip_hardneg,P41240,0,全新 <0.35,0.0,3,0.0000
bindclip_hardneg,P42330,0,远 0.35–0.5,0.0,32,0.0000
bindclip_hardneg,P42330,0,全新 <0.35,0.0,42,0.0000
bindclip_hardneg,P42330,0,近 0.5–0.7,0.0,3,0.0000
bindclip_hardneg,P42345,0,全新 <0.35,0.0,33,0.0000
bindclip_hardneg,P42345,0,远 0.35–0.5,0.0,39,0.0000
bindclip_hardneg,P42345,0,近 0.5–0.7,0.0,8,0.0000
bindclip_hardneg,P43405,1,全新 <0.35,0.0,23,0.0000
bindclip_hardneg,P43405,1,远 0.35–0.5,1.0,70,1.4286
bindclip_hardneg,P43405,1,近 0.5–0.7,0.0,10,0.0000
bindclip_hardneg,P43490,1,远 0.35–0.5,101.5,268,37.8731
bindclip_hardneg,P43490,1,全新 <0.35,42.0,148,28.3784
bindclip_hardneg,P43490,1,近 0.5–0.7,21.0,54,38.8889
bindclip_hardneg,P43490,1,极近 ≥0.7,0.0,12,0.0000
bindclip_hardneg,P47205,1,全新 <0.35,21.0,145,14.4828
bindclip_hardneg,P48729,1,远 0.35–0.5,1.0,63,1.5873
bindclip_hardneg,P48729,1,近 0.5–0.7,0.0,24,0.0000
bindclip_hardneg,P48729,1,全新 <0.35,0.0,47,0.0000
bindclip_hardneg,P48730,1,近 0.5–0.7,23.0,32,71.8750
bindclip_hardneg,P48730,1,远 0.35–0.5,2.0,61,3.2787
bindclip_hardneg,P48730,1,全新 <0.35,1.0,51,1.9608
bindclip_hardneg,P49759,1,全新 <0.35,0.0,124,0.0000
bindclip_hardneg,P49759,1,远 0.35–0.5,0.0,7,0.0000
bindclip_hardneg,P49759,1,近 0.5–0.7,0.0,3,0.0000
bindclip_hardneg,P49760,1,远 0.35–0.5,0.0,92,0.0000
bindclip_hardneg,P49760,1,全新 <0.35,0.0,157,0.0000
bindclip_hardneg,P49760,1,近 0.5–0.7,0.0,8,0.0000
bindclip_hardneg,P49841,1,远 0.35–0.5,19.0,115,16.5217
bindclip_hardneg,P49841,1,全新 <0.35,0.0,1278,0.0000
bindclip_hardneg,P49841,1,近 0.5–0.7,3.0,13,23.0769
bindclip_hardneg,P50053,1,全新 <0.35,36.0,911,3.9517
bindclip_hardneg,P50053,1,远 0.35–0.5,5.0,32,15.6250
bindclip_hardneg,P50406,0,全新 <0.35,0.0,42,0.0000
bindclip_hardneg,P50406,0,远 0.35–0.5,0.0,14,0.0000
bindclip_hardneg,P51531,0,全新 <0.35,6.0,69,8.6957
bindclip_hardneg,P51531,0,远 0.35–0.5,2.0,22,9.0909
bindclip_hardneg,P51532,0,全新 <0.35,1.0,60,1.6667
bindclip_hardneg,P51532,0,远 0.35–0.5,0.0,21,0.0000
bindclip_hardneg,P53350,1,远 0.35–0.5,3.0,41,7.3171
bindclip_hardneg,P53350,1,近 0.5–0.7,2.0,60,3.3333
bindclip_hardneg,P53350,1,极近 ≥0.7,2.0,6,33.3333
bindclip_hardneg,P53396,1,全新 <0.35,0.0,57,0.0000
bindclip_hardneg,P53634,1,全新 <0.35,73.0,361,20.2216
bindclip_hardneg,P53634,1,远 0.35–0.5,0.0,52,0.0000
bindclip_hardneg,P53667,0,远 0.35–0.5,0.0,29,0.0000
bindclip_hardneg,P53667,0,全新 <0.35,0.0,30,0.0000
bindclip_hardneg,P53667,0,近 0.5–0.7,0.0,3,0.0000
bindclip_hardneg,P53671,1,远 0.35–0.5,10.0,33,30.3030
bindclip_hardneg,P53671,1,全新 <0.35,19.0,30,63.3333
bindclip_hardneg,P53671,1,近 0.5–0.7,0.0,3,0.0000
bindclip_hardneg,P53779,1,远 0.35–0.5,1.0,23,4.3478
bindclip_hardneg,P53779,1,全新 <0.35,0.0,21,0.0000
bindclip_hardneg,P53779,1,近 0.5–0.7,0.0,21,0.0000
bindclip_hardneg,P56817,1,全新 <0.35,142.0,304,46.7105
bindclip_hardneg,P56817,1,远 0.35–0.5,38.0,46,82.6087
bindclip_hardneg,P61073,1,远 0.35–0.5,1.0,30,3.3333
bindclip_hardneg,P61073,1,全新 <0.35,3.0,22,13.6364
bindclip_hardneg,P61964,1,远 0.35–0.5,0.0,11,0.0000
bindclip_hardneg,P61964,1,全新 <0.35,0.0,40,0.0000
bindclip_hardneg,P78527,0,全新 <0.35,3.0,513,0.5848
bindclip_hardneg,P78527,0,远 0.35–0.5,2.0,117,1.7094
bindclip_hardneg,P80192,1,全新 <0.35,0.0,58,0.0000
bindclip_hardneg,Q03111,1,全新 <0.35,0.0,75,0.0000
bindclip_hardneg,Q03111,1,远 0.35–0.5,2.0,23,8.6957
bindclip_hardneg,Q06124,1,全新 <0.35,21.0,462,4.5455
bindclip_hardneg,Q06124,1,远 0.35–0.5,5.0,25,20.0000
bindclip_hardneg,Q06187,1,全新 <0.35,23.0,574,4.0070
bindclip_hardneg,Q06187,1,远 0.35–0.5,84.5,383,22.0627
bindclip_hardneg,Q06187,1,近 0.5–0.7,8.0,19,42.1053
bindclip_hardneg,Q07817,1,远 0.35–0.5,76.0,231,32.9004
bindclip_hardneg,Q07817,1,全新 <0.35,33.0,138,23.9130
bindclip_hardneg,Q07817,1,近 0.5–0.7,7.0,8,87.5000
bindclip_hardneg,Q09472,1,全新 <0.35,0.0,102,0.0000
bindclip_hardneg,Q09472,1,远 0.35–0.5,0.0,3,0.0000
bindclip_hardneg,Q09472,1,近 0.5–0.7,0.0,6,0.0000
bindclip_hardneg,Q13315,0,全新 <0.35,1.0,192,0.5208
bindclip_hardneg,Q13315,0,远 0.35–0.5,0.0,24,0.0000
bindclip_hardneg,Q13464,1,全新 <0.35,17.0,153,11.1111
bindclip_hardneg,Q13464,1,远 0.35–0.5,5.0,29,17.2414
bindclip_hardneg,Q13546,1,远 0.35–0.5,0.0,54,0.0000
bindclip_hardneg,Q13546,1,全新 <0.35,0.0,533,0.0000
bindclip_hardneg,Q13547,0,近 0.5–0.7,17.0,70,24.2857
bindclip_hardneg,Q13547,0,全新 <0.35,95.0,682,13.9296
bindclip_hardneg,Q13547,0,远 0.35–0.5,67.0,288,23.2639
bindclip_hardneg,Q13547,0,极近 ≥0.7,0.0,4,0.0000
bindclip_hardneg,Q14145,1,全新 <0.35,31.0,84,36.9048
bindclip_hardneg,Q14145,1,远 0.35–0.5,19.0,40,47.5000
bindclip_hardneg,Q14833,0,全新 <0.35,0.0,166,0.0000
bindclip_hardneg,Q14833,0,远 0.35–0.5,0.0,5,0.0000
bindclip_hardneg,Q15125,0,全新 <0.35,0.0,176,0.0000
bindclip_hardneg,Q15858,1,全新 <0.35,25.0,653,3.8285
bindclip_hardneg,Q15858,1,远 0.35–0.5,0.0,7,0.0000
bindclip_hardneg,Q15910,1,全新 <0.35,253.0,660,38.3333
bindclip_hardneg,Q15910,1,远 0.35–0.5,63.0,73,86.3014
bindclip_hardneg,Q16288,1,近 0.5–0.7,1.0,19,5.2632
bindclip_hardneg,Q16288,1,全新 <0.35,0.0,104,0.0000
bindclip_hardneg,Q16288,1,远 0.35–0.5,6.0,43,13.9535
bindclip_hardneg,Q16552,1,全新 <0.35,3.0,252,1.1905
bindclip_hardneg,Q16552,1,远 0.35–0.5,1.0,10,10.0000
bindclip_hardneg,Q16620,1,近 0.5–0.7,5.0,29,17.2414
bindclip_hardneg,Q16620,1,全新 <0.35,2.0,78,2.5641
bindclip_hardneg,Q16620,1,远 0.35–0.5,9.0,81,11.1111
bindclip_hardneg,Q16769,1,远 0.35–0.5,1.0,21,4.7619
bindclip_hardneg,Q16769,1,全新 <0.35,0.0,45,0.0000
bindclip_hardneg,Q32ZE1,1,远 0.35–0.5,0.0,36,0.0000
bindclip_hardneg,Q32ZE1,1,全新 <0.35,0.0,114,0.0000
bindclip_hardneg,Q6V1X1,0,全新 <0.35,17.0,49,34.6939
bindclip_hardneg,Q6V1X1,0,远 0.35–0.5,2.0,16,12.5000
bindclip_hardneg,Q6V1X1,0,近 0.5–0.7,0.0,4,0.0000
bindclip_hardneg,Q72547,1,全新 <0.35,18.0,34,52.9412
bindclip_hardneg,Q72547,1,远 0.35–0.5,6.0,29,20.6897
bindclip_hardneg,Q86TI2,0,远 0.35–0.5,1.0,11,9.0909
bindclip_hardneg,Q86TI2,0,全新 <0.35,16.0,41,39.0244
bindclip_hardneg,Q86TI2,0,近 0.5–0.7,0.0,4,0.0000
bindclip_hardneg,Q86W56,1,全新 <0.35,0.0,336,0.0000
bindclip_hardneg,Q86W56,1,远 0.35–0.5,0.0,5,0.0000
bindclip_hardneg,Q86WV6,1,远 0.35–0.5,14.0,34,41.1765
bindclip_hardneg,Q86WV6,1,全新 <0.35,0.0,129,0.0000
bindclip_hardneg,Q86WV6,1,近 0.5–0.7,0.0,6,0.0000
bindclip_hardneg,Q8IVH8,1,全新 <0.35,13.0,302,4.3046
bindclip_hardneg,Q8IVH8,1,远 0.35–0.5,6.666666666666666,30,22.2222
bindclip_hardneg,Q8N884,1,全新 <0.35,0.0,308,0.0000
bindclip_hardneg,Q8NEB9,1,全新 <0.35,2.0,54,3.7037
bindclip_hardneg,Q8NEB9,1,远 0.35–0.5,1.0,3,33.3333
bindclip_hardneg,Q8R4B8,0,全新 <0.35,7.0,54,12.9630
bindclip_hardneg,Q8R4B8,0,远 0.35–0.5,0.0,3,0.0000
bindclip_hardneg,Q92633,0,全新 <0.35,1.0,560,0.1786
bindclip_hardneg,Q92769,1,远 0.35–0.5,15.0,43,34.8837
bindclip_hardneg,Q92769,1,全新 <0.35,40.0,282,14.1844
bindclip_hardneg,Q92769,1,近 0.5–0.7,2.0,11,18.1818
bindclip_hardneg,Q92793,1,远 0.35–0.5,22.0,27,81.4815
bindclip_hardneg,Q92793,1,近 0.5–0.7,34.0,39,87.1795
bindclip_hardneg,Q92793,1,全新 <0.35,11.0,370,2.9730
bindclip_hardneg,Q92993,0,全新 <0.35,7.0,66,10.6061
bindclip_hardneg,Q92993,0,远 0.35–0.5,1.0,27,3.7037
bindclip_hardneg,Q93009,1,远 0.35–0.5,38.0,134,28.3582
bindclip_hardneg,Q93009,1,全新 <0.35,15.0,133,11.2782
bindclip_hardneg,Q93009,1,近 0.5–0.7,22.0,24,91.6667
bindclip_hardneg,Q96RI1,1,全新 <0.35,2.0,23,8.6957
bindclip_hardneg,Q96RI1,1,远 0.35–0.5,25.0,38,65.7895
bindclip_hardneg,Q99640,1,全新 <0.35,63.0,281,22.4199
bindclip_hardneg,Q99640,1,远 0.35–0.5,0.0,5,0.0000
bindclip_hardneg,Q99683,1,远 0.35–0.5,0.0,23,0.0000
bindclip_hardneg,Q99683,1,近 0.5–0.7,0.0,7,0.0000
bindclip_hardneg,Q99683,1,全新 <0.35,0.0,46,0.0000
bindclip_hardneg,Q99814,1,全新 <0.35,0.0,114,0.0000
bindclip_hardneg,Q9BY41,1,全新 <0.35,121.5,342,35.5263
bindclip_hardneg,Q9BY41,1,远 0.35–0.5,29.0,44,65.9091
bindclip_hardneg,Q9BY41,1,近 0.5–0.7,2.0,6,33.3333
bindclip_hardneg,Q9H3N8,0,远 0.35–0.5,3.0,14,21.4286
bindclip_hardneg,Q9H3N8,0,全新 <0.35,2.0,41,4.8780
bindclip_hardneg,Q9H8M2,1,远 0.35–0.5,25.0,63,39.6825
bindclip_hardneg,Q9H8M2,1,全新 <0.35,45.0,320,14.0625
bindclip_hardneg,Q9H8M2,1,近 0.5–0.7,1.0,8,12.5000
bindclip_hardneg,Q9HAZ1,1,全新 <0.35,1.0,126,0.7937
bindclip_hardneg,Q9HAZ1,1,远 0.35–0.5,1.0,7,14.2857
bindclip_hardneg,Q9HBH9,1,远 0.35–0.5,6.0,54,11.1111
bindclip_hardneg,Q9HBH9,1,全新 <0.35,3.0,50,6.0000
bindclip_hardneg,Q9NSY1,1,全新 <0.35,0.0,67,0.0000
bindclip_hardneg,Q9NWZ3,1,全新 <0.35,137.0,1157,11.8410
bindclip_hardneg,Q9NWZ3,1,远 0.35–0.5,40.0,273,14.6520
bindclip_hardneg,Q9NWZ3,1,近 0.5–0.7,0.0,27,0.0000
bindclip_hardneg,Q9NYV4,1,近 0.5–0.7,0.0,37,0.0000
bindclip_hardneg,Q9NYV4,1,全新 <0.35,22.0,157,14.0127
bindclip_hardneg,Q9NYV4,1,远 0.35–0.5,2.0,88,2.2727
bindclip_hardneg,Q9P2K8,0,全新 <0.35,6.0,52,11.5385
bindclip_hardneg,Q9P2K8,0,远 0.35–0.5,2.0,34,5.8824
bindclip_hardneg,Q9UGN5,1,全新 <0.35,3.0,146,2.0548
bindclip_hardneg,Q9UGN5,1,近 0.5–0.7,8.0,9,88.8889
bindclip_hardneg,Q9UGN5,1,远 0.35–0.5,4.0,9,44.4444
bindclip_hardneg,Q9UNA0,1,全新 <0.35,17.0,74,22.9730
bindclip_hardneg,Q9UNA0,1,远 0.35–0.5,6.0,6,100.0000
bindclip_hardneg,Q9Y5Y9,0,全新 <0.35,0.0,500,0.0000
bindclip_hardneg,Q9Y5Y9,0,远 0.35–0.5,0.0,132,0.0000
bindclip_hardneg,Q9Y5Z0,1,全新 <0.35,120.0,280,42.8571
bindclip_hardneg,Q9Y5Z0,1,远 0.35–0.5,34.0,37,91.8919
bindclip_hardneg,C7FF05,0,远 0.35–0.5,1.0,34,2.9412
bindclip_hardneg,C7FF05,0,全新 <0.35,1.0,49,2.0408
bindclip_hardneg,C7FF05,0,近 0.5–0.7,0.0,7,0.0000
bindclip_hardneg,O14638,0,全新 <0.35,5.0,89,5.6180
bindclip_hardneg,O94921,0,全新 <0.35,8.0,69,11.5942
bindclip_hardneg,O94921,0,远 0.35–0.5,8.0,31,25.8065
bindclip_hardneg,P01111,0,全新 <0.35,88.0,469,18.7633
bindclip_hardneg,P05622,0,远 0.35–0.5,0.0,81,0.0000
bindclip_hardneg,P05622,0,全新 <0.35,0.0,256,0.0000
bindclip_hardneg,P05622,0,极近 ≥0.7,0.0,8,0.0000
bindclip_hardneg,P05622,0,近 0.5–0.7,0.0,33,0.0000
bindclip_hardneg,P08519,1,全新 <0.35,2.0,73,2.7397
bindclip_hardneg,P28347,0,全新 <0.35,0.0,226,0.0000
bindclip_hardneg,P28347,0,远 0.35–0.5,0.0,12,0.0000
bindclip_hardneg,P37288,0,全新 <0.35,0.0,108,0.0000
bindclip_hardneg,P43220,1,近 0.5–0.7,0.0,8,0.0000
bindclip_hardneg,P43220,1,远 0.35–0.5,0.0,16,0.0000
bindclip_hardneg,P43220,1,全新 <0.35,0.0,105,0.0000
bindclip_hardneg,P56528,0,全新 <0.35,0.0,92,0.0000
bindclip_hardneg,P56528,0,远 0.35–0.5,0.0,11,0.0000
bindclip_hardneg,P97821,0,全新 <0.35,19.0,83,22.8916
bindclip_hardneg,Q15562,1,远 0.35–0.5,0.0,3,0.0000
bindclip_hardneg,Q15562,1,全新 <0.35,1.0,177,0.5650
bindclip_hardneg,Q15878,0,全新 <0.35,0.0,142,0.0000
bindclip_hardneg,Q15878,0,远 0.35–0.5,0.0,9,0.0000
bindclip_hardneg,Q92830,0,全新 <0.35,0.0,159,0.0000
bindclip_hardneg,Q96LB1,0,全新 <0.35,0.0,62,0.0000
bindclip_hardneg,Q96LB1,0,远 0.35–0.5,0.0,7,0.0000
bindclip_hardneg,Q99594,0,全新 <0.35,0.0,102,0.0000
bindclip_hardneg,J9SQF3,0,全新 <0.35,0.0,645,0.0000
bindclip_hardneg,J9SQF3,0,远 0.35–0.5,0.0,5,0.0000
bindclip_hardneg,O00411,0,全新 <0.35,0.0,211,0.0000
bindclip_hardneg,O00411,0,远 0.35–0.5,0.0,15,0.0000
bindclip_hardneg,O00443,1,全新 <0.35,6.0,75,8.0000
bindclip_hardneg,O00443,1,远 0.35–0.5,3.0,24,12.5000
bindclip_hardneg,O14578,0,远 0.35–0.5,1.0,85,1.1765
bindclip_hardneg,O14578,0,全新 <0.35,4.0,66,6.0606
bindclip_hardneg,O14874,0,远 0.35–0.5,26.0,75,34.6667
bindclip_hardneg,O14874,0,全新 <0.35,1.0,20,5.0000
bindclip_hardneg,O14874,0,近 0.5–0.7,10.0,10,100.0000
bindclip_hardneg,O42275,0,近 0.5–0.7,29.0,46,63.0435
bindclip_hardneg,O42275,0,远 0.35–0.5,7.0,39,17.9487
bindclip_hardneg,O42275,0,全新 <0.35,1.0,32,3.1250
bindclip_hardneg,O60427,0,全新 <0.35,1.0,234,0.4274
bindclip_hardneg,O88634,0,全新 <0.35,0.0,52,0.0000
bindclip_hardneg,O88634,0,远 0.35–0.5,0.0,12,0.0000
bindclip_hardneg,O94782,1,全新 <0.35,6.0,394,1.5228
bindclip_hardneg,O94782,1,远 0.35–0.5,2.0,11,18.1818
bindclip_hardneg,O95835,0,远 0.35–0.5,25.0,60,41.6667
bindclip_hardneg,O95835,0,全新 <0.35,0.0,12,0.0000
bindclip_hardneg,P08546,0,全新 <0.35,4.0,79,5.0633
bindclip_hardneg,P08546,0,远 0.35–0.5,0.0,3,0.0000
bindclip_hardneg,P09871,0,全新 <0.35,5.0,419,1.1933
bindclip_hardneg,P0AES4,0,远 0.35–0.5,0.0,47,0.0000
bindclip_hardneg,P0AES4,0,近 0.5–0.7,0.0,5,0.0000
bindclip_hardneg,P0AES4,0,全新 <0.35,0.0,81,0.0000
bindclip_hardneg,P14060,0,全新 <0.35,3.0,74,4.0541
bindclip_hardneg,P14416,0,全新 <0.35,2.0,291,0.6873
bindclip_hardneg,P14416,0,远 0.35–0.5,3.0,24,12.5000
bindclip_hardneg,P14416,0,近 0.5–0.7,1.0,5,20.0000
bindclip_hardneg,P16788,0,远 0.35–0.5,0.0,10,0.0000
bindclip_hardneg,P16788,0,全新 <0.35,0.0,444,0.0000
bindclip_hardneg,P17927,0,全新 <0.35,0.0,69,0.0000
bindclip_hardneg,P17948,1,近 0.5–0.7,4.0,39,10.2564
bindclip_hardneg,P17948,1,远 0.35–0.5,2.0,25,8.0000
bindclip_hardneg,P17948,1,极近 ≥0.7,3.0,10,30.0000
bindclip_hardneg,P17948,1,全新 <0.35,0.0,20,0.0000
bindclip_hardneg,P19525,0,全新 <0.35,0.0,165,0.0000
bindclip_hardneg,P19525,0,远 0.35–0.5,0.0,16,0.0000
bindclip_hardneg,P20648,0,近 0.5–0.7,10.0,29,34.4828
bindclip_hardneg,P20648,0,全新 <0.35,2.0,40,5.0000
bindclip_hardneg,P20648,0,远 0.35–0.5,7.0,42,16.6667
bindclip_hardneg,P21917,0,全新 <0.35,0.0,30,0.0000
bindclip_hardneg,P21917,0,远 0.35–0.5,2.0,31,6.4516
bindclip_hardneg,P21917,0,近 0.5–0.7,0.0,4,0.0000
bindclip_hardneg,P22001,0,全新 <0.35,0.0,338,0.0000
bindclip_hardneg,P22001,0,远 0.35–0.5,0.0,13,0.0000
bindclip_hardneg,P25929,0,全新 <0.35,0.0,74,0.0000
bindclip_hardneg,P25929,0,远 0.35–0.5,0.0,28,0.0000
bindclip_hardneg,P28223,0,全新 <0.35,10.0,971,1.0299
bindclip_hardneg,P28223,0,远 0.35–0.5,5.0,190,2.6316
bindclip_hardneg,P28223,0,近 0.5–0.7,3.0,38,7.8947
bindclip_hardneg,P30990,1,远 0.35–0.5,0.0,25,0.0000
bindclip_hardneg,P30990,1,全新 <0.35,0.0,51,0.0000
bindclip_hardneg,P34969,0,远 0.35–0.5,1.0,18,5.5556
bindclip_hardneg,P34969,0,全新 <0.35,1.0,74,1.3514
bindclip_hardneg,P34969,0,近 0.5–0.7,3.0,8,37.5000
bindclip_hardneg,P35462,0,全新 <0.35,0.0,84,0.0000
bindclip_hardneg,P35462,0,远 0.35–0.5,1.0,22,4.5455
bindclip_hardneg,P35462,0,近 0.5–0.7,0.0,3,0.0000
bindclip_hardneg,P37840,0,全新 <0.35,1.0,113,0.8850
bindclip_hardneg,P50052,1,全新 <0.35,3.0,198,1.5152
bindclip_hardneg,P50052,1,远 0.35–0.5,4.0,11,36.3636
bindclip_hardneg,P50052,1,近 0.5–0.7,0.0,5,0.0000
bindclip_hardneg,P52429,0,全新 <0.35,0.0,74,0.0000
bindclip_hardneg,P52429,0,远 0.35–0.5,0.0,7,0.0000
bindclip_hardneg,P54278,0,远 0.35–0.5,12.0,32,37.5000
bindclip_hardneg,P54278,0,全新 <0.35,29.0,53,54.7170
bindclip_hardneg,P57059,0,远 0.35–0.5,4.0,19,21.0526
bindclip_hardneg,P57059,0,近 0.5–0.7,0.0,29,0.0000
bindclip_hardneg,P57059,0,极近 ≥0.7,0.0,5,0.0000
bindclip_hardneg,P57059,0,全新 <0.35,5.0,31,16.1290
bindclip_hardneg,Q08211,1,全新 <0.35,3.0,597,0.5025
bindclip_hardneg,Q08211,1,远 0.35–0.5,0.0,109,0.0000
bindclip_hardneg,Q08828,0,远 0.35–0.5,0.0,6,0.0000
bindclip_hardneg,Q08828,0,全新 <0.35,0.0,61,0.0000
bindclip_hardneg,Q10469,0,全新 <0.35,0.0,171,0.0000
bindclip_hardneg,Q13191,1,全新 <0.35,6.0,1194,0.5025
bindclip_hardneg,Q13191,1,远 0.35–0.5,0.0,38,0.0000
bindclip_hardneg,Q13233,0,远 0.35–0.5,0.0,39,0.0000
bindclip_hardneg,Q13233,0,近 0.5–0.7,0.0,7,0.0000
bindclip_hardneg,Q13233,0,全新 <0.35,0.0,9,0.0000
bindclip_hardneg,Q13233,0,极近 ≥0.7,0.0,3,0.0000
bindclip_hardneg,Q13574,1,全新 <0.35,22.0,576,3.8194
bindclip_hardneg,Q16739,0,全新 <0.35,0.0,281,0.0000
bindclip_hardneg,Q16739,0,远 0.35–0.5,0.0,28,0.0000
bindclip_hardneg,Q16832,1,远 0.35–0.5,34.0,94,36.1702
bindclip_hardneg,Q16832,1,全新 <0.35,39.0,215,18.1395
bindclip_hardneg,Q16832,1,近 0.5–0.7,5.0,14,35.7143
bindclip_hardneg,Q16832,1,极近 ≥0.7,0.0,3,0.0000
bindclip_hardneg,Q5JRX3,0,全新 <0.35,0.0,47,0.0000
bindclip_hardneg,Q5JRX3,0,远 0.35–0.5,0.0,10,0.0000
bindclip_hardneg,Q6SZW1,0,近 0.5–0.7,0.0,3,0.0000
bindclip_hardneg,Q6SZW1,0,全新 <0.35,1.0,156,0.6410
bindclip_hardneg,Q6SZW1,0,远 0.35–0.5,0.0,84,0.0000
bindclip_hardneg,Q7Z3E1,0,全新 <0.35,9.0,401,2.2444
bindclip_hardneg,Q7Z3E1,0,远 0.35–0.5,72.0,84,85.7143
bindclip_hardneg,Q7Z3E1,0,近 0.5–0.7,86.5,88,98.2955
bindclip_hardneg,Q86SK9,0,远 0.35–0.5,0.0,25,0.0000
bindclip_hardneg,Q86SK9,0,全新 <0.35,0.0,29,0.0000
bindclip_hardneg,Q86UE8,0,远 0.35–0.5,0.0,29,0.0000
bindclip_hardneg,Q86UE8,0,近 0.5–0.7,0.0,32,0.0000
bindclip_hardneg,Q86UE8,0,全新 <0.35,0.0,3,0.0000
bindclip_hardneg,Q86UE8,0,极近 ≥0.7,0.0,4,0.0000
bindclip_hardneg,Q8N1C3,0,全新 <0.35,0.0,199,0.0000
bindclip_hardneg,Q8WYB5,0,全新 <0.35,1.0,177,0.5650
bindclip_hardneg,Q8WYB5,0,远 0.35–0.5,1.0,15,6.6667
bindclip_hardneg,Q92551,0,全新 <0.35,1.0,145,0.6897
bindclip_hardneg,Q92551,0,远 0.35–0.5,8.0,46,17.3913
bindclip_hardneg,Q96DB2,0,近 0.5–0.7,3.0,9,33.3333
bindclip_hardneg,Q96DB2,0,远 0.35–0.5,16.0,44,36.3636
bindclip_hardneg,Q96DB2,0,极近 ≥0.7,3.0,4,75.0000
bindclip_hardneg,Q96DB2,0,全新 <0.35,3.0,14,21.4286
bindclip_hardneg,Q96GX5,1,全新 <0.35,7.0,252,2.7778
bindclip_hardneg,Q96GX5,1,远 0.35–0.5,0.0,6,0.0000
bindclip_hardneg,Q9H0K1,0,远 0.35–0.5,0.0,22,0.0000
bindclip_hardneg,Q9H0K1,0,全新 <0.35,6.5,51,12.7451
bindclip_hardneg,Q9H0K1,0,近 0.5–0.7,0.0,29,0.0000
bindclip_hardneg,Q9H0K1,0,极近 ≥0.7,0.0,7,0.0000
bindclip_hardneg,Q9HCE5,1,全新 <0.35,0.0,187,0.0000
bindclip_hardneg,Q9HCE5,1,远 0.35–0.5,0.0,5,0.0000
bindclip_hardneg,Q9NPH5,0,全新 <0.35,0.0,90,0.0000
bindclip_hardneg,Q9NPH5,0,远 0.35–0.5,0.0,6,0.0000
bindclip_hardneg,Q9NR19,0,全新 <0.35,1.0,95,1.0526
bindclip_hardneg,Q9NR19,0,远 0.35–0.5,0.0,47,0.0000
bindclip_hardneg,Q9ULV8,0,全新 <0.35,62.0,551,11.2523
bindclip_hardneg,Q9ULV8,0,远 0.35–0.5,15.0,18,83.3333
bindclip_hardneg,Q9Y2I7,0,全新 <0.35,2.0,282,0.7092
bindclip_hardneg,Q9Y2I7,0,远 0.35–0.5,2.0,102,1.9608
bindclip_hardneg,Q9Y2I7,0,近 0.5–0.7,0.0,8,0.0000
ligunity_pocket_ranking,O15379,1,近 0.5–0.7,0.0,58,0.0000
ligunity_pocket_ranking,O15379,1,极近 ≥0.7,0.0,69,0.0000
ligunity_pocket_ranking,O15379,1,远 0.35–0.5,0.0,14,0.0000
ligunity_pocket_ranking,O43353,1,近 0.5–0.7,111.0,179,62.0112
ligunity_pocket_ranking,O43353,1,远 0.35–0.5,0.0,9,0.0000
ligunity_pocket_ranking,O43353,1,极近 ≥0.7,15.0,58,25.8621
ligunity_pocket_ranking,O60341,1,极近 ≥0.7,24.0,44,54.5455
ligunity_pocket_ranking,O60341,1,近 0.5–0.7,5.0,27,18.5185
ligunity_pocket_ranking,O60341,1,远 0.35–0.5,0.0,32,0.0000
ligunity_pocket_ranking,O60674,1,极近 ≥0.7,5.0,122,4.0984
ligunity_pocket_ranking,O60674,1,近 0.5–0.7,2.0,85,2.3529
ligunity_pocket_ranking,O60674,1,远 0.35–0.5,1.0,21,4.7619
ligunity_pocket_ranking,O60885,1,极近 ≥0.7,30.0,56,53.5714
ligunity_pocket_ranking,O75469,1,极近 ≥0.7,41.0,78,52.5641
ligunity_pocket_ranking,O75469,1,近 0.5–0.7,1.0,4,25.0000
ligunity_pocket_ranking,P00734,1,极近 ≥0.7,59.0,145,40.6897
ligunity_pocket_ranking,P00734,1,近 0.5–0.7,0.0,4,0.0000
ligunity_pocket_ranking,P01116,1,远 0.35–0.5,0.0,7,0.0000
ligunity_pocket_ranking,P01116,1,极近 ≥0.7,17.0,25,68.0000
ligunity_pocket_ranking,P01116,1,近 0.5–0.7,0.0,17,0.0000
ligunity_pocket_ranking,P06239,1,极近 ≥0.7,13.0,48,27.0833
ligunity_pocket_ranking,P06239,1,近 0.5–0.7,0.0,17,0.0000
ligunity_pocket_ranking,P06239,1,远 0.35–0.5,0.0,3,0.0000
ligunity_pocket_ranking,P08581,1,近 0.5–0.7,0.0,10,0.0000
ligunity_pocket_ranking,P08581,1,极近 ≥0.7,4.0,56,7.1429
ligunity_pocket_ranking,P11362,1,极近 ≥0.7,13.0,28,46.4286
ligunity_pocket_ranking,P11362,1,远 0.35–0.5,0.0,19,0.0000
ligunity_pocket_ranking,P11362,1,近 0.5–0.7,2.0,8,25.0000
ligunity_pocket_ranking,P12931,1,极近 ≥0.7,41.0,87,47.1264
ligunity_pocket_ranking,P12931,1,近 0.5–0.7,0.0,4,0.0000
ligunity_pocket_ranking,P15056,1,近 0.5–0.7,9.0,18,50.0000
ligunity_pocket_ranking,P15056,1,远 0.35–0.5,0.0,7,0.0000
ligunity_pocket_ranking,P15056,1,极近 ≥0.7,15.0,33,45.4545
ligunity_pocket_ranking,P18031,1,远 0.35–0.5,5.0,7,71.4286
ligunity_pocket_ranking,P18031,1,全新 <0.35,25.0,85,29.4118
ligunity_pocket_ranking,P18031,1,近 0.5–0.7,1.0,6,16.6667
ligunity_pocket_ranking,P18031,1,极近 ≥0.7,13.0,18,72.2222
ligunity_pocket_ranking,P21554,1,极近 ≥0.7,23.0,30,76.6667
ligunity_pocket_ranking,P21554,1,近 0.5–0.7,21.0,53,39.6226
ligunity_pocket_ranking,P21554,1,远 0.35–0.5,4.0,16,25.0000
ligunity_pocket_ranking,P22413,1,远 0.35–0.5,17.0,102,16.6667
ligunity_pocket_ranking,P22413,1,全新 <0.35,1.0,38,2.6316
ligunity_pocket_ranking,P22413,1,极近 ≥0.7,3.0,9,33.3333
ligunity_pocket_ranking,P22413,1,近 0.5–0.7,7.0,40,17.5000
ligunity_pocket_ranking,P22455,1,极近 ≥0.7,1.0,30,3.3333
ligunity_pocket_ranking,P22455,1,远 0.35–0.5,0.0,19,0.0000
ligunity_pocket_ranking,P22455,1,近 0.5–0.7,0.0,5,0.0000
ligunity_pocket_ranking,P27338,1,极近 ≥0.7,26.0,43,60.4651
ligunity_pocket_ranking,P27338,1,近 0.5–0.7,17.0,92,18.4783
ligunity_pocket_ranking,P27338,1,远 0.35–0.5,0.0,20,0.0000
ligunity_pocket_ranking,P28335,1,近 0.5–0.7,0.0,23,0.0000
ligunity_pocket_ranking,P28335,1,远 0.35–0.5,5.0,29,17.2414
ligunity_pocket_ranking,P28335,1,极近 ≥0.7,7.0,24,29.1667
ligunity_pocket_ranking,P28335,1,全新 <0.35,1.0,4,25.0000
ligunity_pocket_ranking,P30530,1,近 0.5–0.7,3.0,5,60.0000
ligunity_pocket_ranking,P30530,1,极近 ≥0.7,9.0,45,20.0000
ligunity_pocket_ranking,P31153,1,远 0.35–0.5,0.0,5,0.0000
ligunity_pocket_ranking,P31153,1,全新 <0.35,0.0,5,0.0000
ligunity_pocket_ranking,P31153,1,近 0.5–0.7,0.0,34,0.0000
ligunity_pocket_ranking,P31153,1,极近 ≥0.7,0.0,19,0.0000
ligunity_pocket_ranking,P34913,1,极近 ≥0.7,31.0,76,40.7895
ligunity_pocket_ranking,P34913,1,近 0.5–0.7,33.0,48,68.7500
ligunity_pocket_ranking,P34914,1,极近 ≥0.7,18.0,26,69.2308
ligunity_pocket_ranking,P34914,1,远 0.35–0.5,0.0,13,0.0000
ligunity_pocket_ranking,P34914,1,近 0.5–0.7,33.0,60,55.0000
ligunity_pocket_ranking,P35968,1,近 0.5–0.7,13.0,39,33.3333
ligunity_pocket_ranking,P35968,1,极近 ≥0.7,38.0,92,41.3043
ligunity_pocket_ranking,P35968,1,远 0.35–0.5,1.0,5,20.0000
ligunity_pocket_ranking,P36888,1,极近 ≥0.7,11.0,55,20.0000
ligunity_pocket_ranking,P36888,1,近 0.5–0.7,4.0,17,23.5294
ligunity_pocket_ranking,P36888,1,远 0.35–0.5,3.0,8,37.5000
ligunity_pocket_ranking,P36888,1,全新 <0.35,4.0,4,100.0000
ligunity_pocket_ranking,P41182,1,极近 ≥0.7,30.0,52,57.6923
ligunity_pocket_ranking,P41182,1,近 0.5–0.7,3.0,11,27.2727
ligunity_pocket_ranking,P47989,1,远 0.35–0.5,8.0,39,20.5128
ligunity_pocket_ranking,P47989,1,近 0.5–0.7,1.0,8,12.5000
ligunity_pocket_ranking,P47989,1,极近 ≥0.7,3.0,8,37.5000
ligunity_pocket_ranking,P49327,1,极近 ≥0.7,339.0,656,51.6768
ligunity_pocket_ranking,P49327,1,近 0.5–0.7,0.0,9,0.0000
ligunity_pocket_ranking,P50406,1,极近 ≥0.7,12.0,21,57.1429
ligunity_pocket_ranking,P50406,1,远 0.35–0.5,2.0,10,20.0000
ligunity_pocket_ranking,P50406,1,近 0.5–0.7,19.0,36,52.7778
ligunity_pocket_ranking,P52333,1,近 0.5–0.7,39.5,117,33.7607
ligunity_pocket_ranking,P52333,1,极近 ≥0.7,65.5,119,55.0420
ligunity_pocket_ranking,P52333,1,远 0.35–0.5,5.0,20,25.0000
ligunity_pocket_ranking,P53634,1,近 0.5–0.7,22.0,44,50.0000
ligunity_pocket_ranking,P53634,1,远 0.35–0.5,1.0,3,33.3333
ligunity_pocket_ranking,P53634,1,极近 ≥0.7,4.0,8,50.0000
ligunity_pocket_ranking,P53634,1,全新 <0.35,0.0,3,0.0000
ligunity_pocket_ranking,P56817,1,极近 ≥0.7,86.5,154,56.1688
ligunity_pocket_ranking,P56817,1,近 0.5–0.7,46.5,105,44.2857
ligunity_pocket_ranking,Q05397,1,极近 ≥0.7,25.0,47,53.1915
ligunity_pocket_ranking,Q05397,1,近 0.5–0.7,8.0,37,21.6216
ligunity_pocket_ranking,Q05397,1,远 0.35–0.5,0.0,6,0.0000
ligunity_pocket_ranking,Q13188,1,极近 ≥0.7,21.0,43,48.8372
ligunity_pocket_ranking,Q13188,1,近 0.5–0.7,4.0,7,57.1429
ligunity_pocket_ranking,Q13547,1,极近 ≥0.7,66.0,148,44.5946
ligunity_pocket_ranking,Q13547,1,近 0.5–0.7,65.0,148,43.9189
ligunity_pocket_ranking,Q13547,1,远 0.35–0.5,19.0,65,29.2308
ligunity_pocket_ranking,Q13627,1,极近 ≥0.7,36.0,77,46.7532
ligunity_pocket_ranking,Q13627,1,近 0.5–0.7,7.0,32,21.8750
ligunity_pocket_ranking,Q16678,1,极近 ≥0.7,13.0,21,61.9048
ligunity_pocket_ranking,Q16678,1,近 0.5–0.7,6.0,63,9.5238
ligunity_pocket_ranking,Q16678,1,远 0.35–0.5,0.0,23,0.0000
ligunity_pocket_ranking,Q92769,1,近 0.5–0.7,29.0,58,50.0000
ligunity_pocket_ranking,Q92769,1,极近 ≥0.7,26.0,55,47.2727
ligunity_pocket_ranking,Q92769,1,远 0.35–0.5,9.0,14,64.2857
ligunity_pocket_ranking,Q92918,1,极近 ≥0.7,46.0,84,54.7619
ligunity_pocket_ranking,Q92918,1,近 0.5–0.7,35.0,72,48.6111
ligunity_pocket_ranking,Q92918,1,远 0.35–0.5,0.0,5,0.0000
ligunity_pocket_ranking,Q9BY41,1,极近 ≥0.7,20.0,44,45.4545
ligunity_pocket_ranking,Q9BY41,1,远 0.35–0.5,8.0,19,42.1053
ligunity_pocket_ranking,Q9BY41,1,近 0.5–0.7,21.0,41,51.2195
ligunity_pocket_ranking,Q9NWZ3,1,远 0.35–0.5,20.0,50,40.0000
ligunity_pocket_ranking,Q9NWZ3,1,近 0.5–0.7,10.0,23,43.4783
ligunity_pocket_ranking,Q9NWZ3,1,极近 ≥0.7,6.0,12,50.0000
ligunity_pocket_ranking,Q9NWZ3,1,全新 <0.35,4.0,6,66.6667
ligunity_pocket_ranking,Q9NZQ7,1,极近 ≥0.7,9.0,43,20.9302
ligunity_pocket_ranking,Q9NZQ7,1,近 0.5–0.7,10.0,37,27.0270
ligunity_pocket_ranking,Q9NZQ7,1,远 0.35–0.5,0.0,4,0.0000
ligunity_pocket_ranking,Q9Y5Z0,1,极近 ≥0.7,74.0,136,54.4118
ligunity_pocket_ranking,Q9Y5Z0,1,近 0.5–0.7,42.0,91,46.1538
ligunity_pocket_ranking,O14684,1,远 0.35–0.5,2.0,114,1.7544
ligunity_pocket_ranking,O14684,1,近 0.5–0.7,0.0,11,0.0000
ligunity_pocket_ranking,O14744,1,极近 ≥0.7,4.0,32,12.5000
ligunity_pocket_ranking,O14744,1,近 0.5–0.7,44.0,76,57.8947
ligunity_pocket_ranking,O14744,1,远 0.35–0.5,330.0,555,59.4595
ligunity_pocket_ranking,O14744,1,全新 <0.35,30.0,151,19.8675
ligunity_pocket_ranking,O14757,1,近 0.5–0.7,9.0,19,47.3684
ligunity_pocket_ranking,O14757,1,远 0.35–0.5,79.0,147,53.7415
ligunity_pocket_ranking,O14757,1,全新 <0.35,9.0,24,37.5000
ligunity_pocket_ranking,O15379,1,近 0.5–0.7,0.0,162,0.0000
ligunity_pocket_ranking,O15379,1,极近 ≥0.7,0.0,36,0.0000
ligunity_pocket_ranking,O15379,1,远 0.35–0.5,0.0,183,0.0000
ligunity_pocket_ranking,O15379,1,全新 <0.35,0.0,32,0.0000
ligunity_pocket_ranking,O43570,1,近 0.5–0.7,80.0,170,47.0588
ligunity_pocket_ranking,O43570,1,极近 ≥0.7,6.0,18,33.3333
ligunity_pocket_ranking,O43570,1,远 0.35–0.5,25.0,51,49.0196
ligunity_pocket_ranking,O43613,1,远 0.35–0.5,42.0,83,50.6024
ligunity_pocket_ranking,O43613,1,近 0.5–0.7,9.0,10,90.0000
ligunity_pocket_ranking,O43613,1,全新 <0.35,0.0,6,0.0000
ligunity_pocket_ranking,O43614,1,远 0.35–0.5,59.0,80,73.7500
ligunity_pocket_ranking,O43614,1,全新 <0.35,1.0,56,1.7857
ligunity_pocket_ranking,O43614,1,近 0.5–0.7,9.0,9,100.0000
ligunity_pocket_ranking,O60341,1,近 0.5–0.7,116.0,198,58.5859
ligunity_pocket_ranking,O60341,1,远 0.35–0.5,245.0,506,48.4190
ligunity_pocket_ranking,O60341,1,全新 <0.35,18.0,80,22.5000
ligunity_pocket_ranking,O60341,1,极近 ≥0.7,14.0,23,60.8696
ligunity_pocket_ranking,O60502,1,远 0.35–0.5,71.0,136,52.2059
ligunity_pocket_ranking,O60502,1,近 0.5–0.7,35.5,76,46.7105
ligunity_pocket_ranking,O60502,1,全新 <0.35,45.5,89,51.1236
ligunity_pocket_ranking,O60885,1,远 0.35–0.5,119.0,253,47.0356
ligunity_pocket_ranking,O60885,1,全新 <0.35,20.0,59,33.8983
ligunity_pocket_ranking,O60885,1,近 0.5–0.7,126.0,220,57.2727
ligunity_pocket_ranking,O60885,1,极近 ≥0.7,24.0,44,54.5455
ligunity_pocket_ranking,O75116,1,近 0.5–0.7,31.0,57,54.3860
ligunity_pocket_ranking,O75116,1,远 0.35–0.5,66.0,212,31.1321
ligunity_pocket_ranking,O75116,1,全新 <0.35,5.0,28,17.8571
ligunity_pocket_ranking,O75116,1,极近 ≥0.7,3.0,4,75.0000
ligunity_pocket_ranking,O75173,1,近 0.5–0.7,32.0,67,47.7612
ligunity_pocket_ranking,O75173,1,远 0.35–0.5,11.0,15,73.3333
ligunity_pocket_ranking,O75385,1,远 0.35–0.5,128.75,281,45.8185
ligunity_pocket_ranking,O75385,1,近 0.5–0.7,1.0,19,5.2632
ligunity_pocket_ranking,O75385,1,全新 <0.35,60.25,107,56.3084
ligunity_pocket_ranking,O95497,1,远 0.35–0.5,29.0,88,32.9545
ligunity_pocket_ranking,O95497,1,近 0.5–0.7,4.0,7,57.1429
ligunity_pocket_ranking,O95497,1,全新 <0.35,0.0,22,0.0000
ligunity_pocket_ranking,O95819,1,全新 <0.35,0.0,39,0.0000
ligunity_pocket_ranking,O95819,1,远 0.35–0.5,0.0,24,0.0000
ligunity_pocket_ranking,O96017,1,远 0.35–0.5,29.0,60,48.3333
ligunity_pocket_ranking,O96017,1,近 0.5–0.7,1.0,5,20.0000
ligunity_pocket_ranking,O96028,1,远 0.35–0.5,0.0,26,0.0000
ligunity_pocket_ranking,O96028,1,全新 <0.35,0.0,33,0.0000
ligunity_pocket_ranking,O96028,1,近 0.5–0.7,3.0,12,25.0000
ligunity_pocket_ranking,O96028,1,极近 ≥0.7,0.0,6,0.0000
ligunity_pocket_ranking,P00519,1,近 0.5–0.7,10.0,177,5.6497
ligunity_pocket_ranking,P00519,1,远 0.35–0.5,0.0,108,0.0000
ligunity_pocket_ranking,P00519,1,极近 ≥0.7,3.0,5,60.0000
ligunity_pocket_ranking,P00519,1,全新 <0.35,0.0,4,0.0000
ligunity_pocket_ranking,P00533,1,近 0.5–0.7,149.0,534,27.9026
ligunity_pocket_ranking,P00533,1,远 0.35–0.5,74.0,972,7.6132
ligunity_pocket_ranking,P00533,1,全新 <0.35,12.0,470,2.5532
ligunity_pocket_ranking,P00533,1,极近 ≥0.7,13.0,71,18.3099
ligunity_pocket_ranking,P00734,1,极近 ≥0.7,2.0,9,22.2222
ligunity_pocket_ranking,P00734,1,近 0.5–0.7,25.0,45,55.5556
ligunity_pocket_ranking,P00734,1,远 0.35–0.5,1.0,18,5.5556
ligunity_pocket_ranking,P00742,1,近 0.5–0.7,15.0,41,36.5854
ligunity_pocket_ranking,P00742,1,极近 ≥0.7,3.0,9,33.3333
ligunity_pocket_ranking,P00742,1,远 0.35–0.5,8.0,16,50.0000
ligunity_pocket_ranking,P00746,1,近 0.5–0.7,149.0,216,68.9815
ligunity_pocket_ranking,P00746,1,远 0.35–0.5,33.0,110,30.0000
ligunity_pocket_ranking,P00746,1,全新 <0.35,0.0,36,0.0000
ligunity_pocket_ranking,P03372,1,远 0.35–0.5,23.0,110,20.9091
ligunity_pocket_ranking,P03372,1,全新 <0.35,0.0,9,0.0000
ligunity_pocket_ranking,P03372,1,近 0.5–0.7,31.0,98,31.6327
ligunity_pocket_ranking,P03951,1,远 0.35–0.5,45.0,84,53.5714
ligunity_pocket_ranking,P03951,1,全新 <0.35,6.0,14,42.8571
ligunity_pocket_ranking,P03952,1,远 0.35–0.5,58.0,111,52.2523
ligunity_pocket_ranking,P03952,1,全新 <0.35,8.0,16,50.0000
ligunity_pocket_ranking,P03952,1,近 0.5–0.7,0.0,3,0.0000
ligunity_pocket_ranking,P04150,1,近 0.5–0.7,16.0,23,69.5652
ligunity_pocket_ranking,P04150,1,远 0.35–0.5,58.0,228,25.4386
ligunity_pocket_ranking,P04150,1,全新 <0.35,4.0,35,11.4286
ligunity_pocket_ranking,P04293,1,远 0.35–0.5,41.0,162,25.3086
ligunity_pocket_ranking,P04293,1,全新 <0.35,4.0,193,2.0725
ligunity_pocket_ranking,P04626,1,远 0.35–0.5,210.0,798,26.3158
ligunity_pocket_ranking,P04626,1,近 0.5–0.7,17.0,89,19.1011
ligunity_pocket_ranking,P04626,1,全新 <0.35,17.0,105,16.1905
ligunity_pocket_ranking,P04626,1,极近 ≥0.7,2.0,12,16.6667
ligunity_pocket_ranking,P06239,1,近 0.5–0.7,31.0,130,23.8462
ligunity_pocket_ranking,P06239,1,极近 ≥0.7,8.0,16,50.0000
ligunity_pocket_ranking,P06239,1,远 0.35–0.5,5.0,131,3.8168
ligunity_pocket_ranking,P06239,1,全新 <0.35,0.0,438,0.0000
ligunity_pocket_ranking,P06241,1,远 0.35–0.5,0.0,39,0.0000
ligunity_pocket_ranking,P06241,1,近 0.5–0.7,1.0,10,10.0000
ligunity_pocket_ranking,P06241,1,全新 <0.35,0.0,4,0.0000
ligunity_pocket_ranking,P06276,1,近 0.5–0.7,54.0,87,62.0690
ligunity_pocket_ranking,P06276,1,极近 ≥0.7,7.0,22,31.8182
ligunity_pocket_ranking,P06276,1,远 0.35–0.5,6.0,28,21.4286
ligunity_pocket_ranking,P07333,1,近 0.5–0.7,72.0,153,47.0588
ligunity_pocket_ranking,P07333,1,远 0.35–0.5,141.0,505,27.9208
ligunity_pocket_ranking,P07333,1,全新 <0.35,57.0,112,50.8929
ligunity_pocket_ranking,P07333,1,极近 ≥0.7,1.0,3,33.3333
ligunity_pocket_ranking,P07711,1,极近 ≥0.7,0.0,29,0.0000
ligunity_pocket_ranking,P07711,1,远 0.35–0.5,12.0,18,66.6667
ligunity_pocket_ranking,P07711,1,近 0.5–0.7,10.0,63,15.8730
ligunity_pocket_ranking,P07711,1,全新 <0.35,0.0,3,0.0000
ligunity_pocket_ranking,P07949,1,近 0.5–0.7,114.0,166,68.6747
ligunity_pocket_ranking,P07949,1,远 0.35–0.5,14.0,83,16.8675
ligunity_pocket_ranking,P07949,1,极近 ≥0.7,7.0,13,53.8462
ligunity_pocket_ranking,P08069,1,极近 ≥0.7,6.0,34,17.6471
ligunity_pocket_ranking,P08069,1,近 0.5–0.7,18.2,166,10.9639
ligunity_pocket_ranking,P08069,1,远 0.35–0.5,17.0,158,10.7595
ligunity_pocket_ranking,P08173,1,全新 <0.35,0.0,32,0.0000
ligunity_pocket_ranking,P08173,1,远 0.35–0.5,0.0,38,0.0000
ligunity_pocket_ranking,P08173,1,近 0.5–0.7,1.0,8,12.5000
ligunity_pocket_ranking,P08581,1,远 0.35–0.5,41.0,367,11.1717
ligunity_pocket_ranking,P08581,1,近 0.5–0.7,92.0,434,21.1982
ligunity_pocket_ranking,P08581,1,极近 ≥0.7,6.0,17,35.2941
ligunity_pocket_ranking,P08581,1,全新 <0.35,6.0,13,46.1538
ligunity_pocket_ranking,P08908,1,全新 <0.35,2.0,5,40.0000
ligunity_pocket_ranking,P08908,1,近 0.5–0.7,31.0,73,42.4658
ligunity_pocket_ranking,P08908,1,远 0.35–0.5,54.0,126,42.8571
ligunity_pocket_ranking,P08908,1,极近 ≥0.7,2.0,3,66.6667
ligunity_pocket_ranking,P08922,1,近 0.5–0.7,6.0,21,28.5714
ligunity_pocket_ranking,P08922,1,远 0.35–0.5,10.0,26,38.4615
ligunity_pocket_ranking,P08922,1,极近 ≥0.7,2.0,3,66.6667
ligunity_pocket_ranking,P0DMS8,1,远 0.35–0.5,18.0,33,54.5455
ligunity_pocket_ranking,P0DMS8,1,全新 <0.35,1.0,10,10.0000
ligunity_pocket_ranking,P0DMS8,1,近 0.5–0.7,4.0,6,66.6667
ligunity_pocket_ranking,P10398,1,远 0.35–0.5,0.0,22,0.0000
ligunity_pocket_ranking,P10398,1,近 0.5–0.7,0.0,80,0.0000
ligunity_pocket_ranking,P11309,1,全新 <0.35,0.0,9,0.0000
ligunity_pocket_ranking,P11309,1,远 0.35–0.5,0.0,27,0.0000
ligunity_pocket_ranking,P11309,1,近 0.5–0.7,9.0,22,40.9091
ligunity_pocket_ranking,P11309,1,极近 ≥0.7,7.0,8,87.5000
ligunity_pocket_ranking,P11362,1,远 0.35–0.5,142.0,328,43.2927
ligunity_pocket_ranking,P11362,1,近 0.5–0.7,59.0,101,58.4158
ligunity_pocket_ranking,P11362,1,全新 <0.35,6.0,66,9.0909
ligunity_pocket_ranking,P11362,1,极近 ≥0.7,3.0,6,50.0000
ligunity_pocket_ranking,P11474,1,远 0.35–0.5,7.0,162,4.3210
ligunity_pocket_ranking,P11474,1,全新 <0.35,2.0,35,5.7143
ligunity_pocket_ranking,P11802,1,远 0.35–0.5,187.0,605,30.9091
ligunity_pocket_ranking,P11802,1,全新 <0.35,42.0,691,6.0781
ligunity_pocket_ranking,P11802,1,近 0.5–0.7,45.0,91,49.4505
ligunity_pocket_ranking,P11802,1,极近 ≥0.7,13.25,15,88.3333
ligunity_pocket_ranking,P14756,1,全新 <0.35,1.0,15,6.6667
ligunity_pocket_ranking,P14756,1,远 0.35–0.5,20.0,39,51.2821
ligunity_pocket_ranking,P14756,1,近 0.5–0.7,15.0,16,93.7500
ligunity_pocket_ranking,P15428,1,远 0.35–0.5,105.0,281,37.3665
ligunity_pocket_ranking,P15428,1,全新 <0.35,1.0,44,2.2727
ligunity_pocket_ranking,P15428,1,近 0.5–0.7,19.0,36,52.7778
ligunity_pocket_ranking,P18825,1,远 0.35–0.5,0.0,57,0.0000
ligunity_pocket_ranking,P18825,1,全新 <0.35,1.0,67,1.4925
ligunity_pocket_ranking,P20618,1,远 0.35–0.5,0.0,62,0.0000
ligunity_pocket_ranking,P20618,1,近 0.5–0.7,0.0,11,0.0000
ligunity_pocket_ranking,P21554,1,近 0.5–0.7,19.0,38,50.0000
ligunity_pocket_ranking,P21554,1,极近 ≥0.7,0.0,6,0.0000
ligunity_pocket_ranking,P21554,1,远 0.35–0.5,5.0,8,62.5000
ligunity_pocket_ranking,P21802,1,远 0.35–0.5,94.0,326,28.8344
ligunity_pocket_ranking,P21802,1,全新 <0.35,4.0,66,6.0606
ligunity_pocket_ranking,P21802,1,近 0.5–0.7,35.0,90,38.8889
ligunity_pocket_ranking,P22413,1,全新 <0.35,9.0,148,6.0811
ligunity_pocket_ranking,P22413,1,远 0.35–0.5,29.0,299,9.6990
ligunity_pocket_ranking,P22413,1,近 0.5–0.7,45.0,62,72.5806
ligunity_pocket_ranking,P22413,1,极近 ≥0.7,13.0,15,86.6667
ligunity_pocket_ranking,P22455,1,远 0.35–0.5,2.0,24,8.3333
ligunity_pocket_ranking,P22455,1,极近 ≥0.7,1.0,24,4.1667
ligunity_pocket_ranking,P22455,1,近 0.5–0.7,5.0,66,7.5758
ligunity_pocket_ranking,P22607,1,远 0.35–0.5,105.0,261,40.2299
ligunity_pocket_ranking,P22607,1,近 0.5–0.7,28.0,54,51.8519
ligunity_pocket_ranking,P22607,1,全新 <0.35,6.0,65,9.2308
ligunity_pocket_ranking,P22607,1,极近 ≥0.7,4.0,4,100.0000
ligunity_pocket_ranking,P23458,1,近 0.5–0.7,129.0,219,58.9041
ligunity_pocket_ranking,P23458,1,远 0.35–0.5,126.0,317,39.7476
ligunity_pocket_ranking,P23458,1,极近 ≥0.7,23.0,35,65.7143
ligunity_pocket_ranking,P23458,1,全新 <0.35,5.0,51,9.8039
ligunity_pocket_ranking,P23946,1,全新 <0.35,3.0,19,15.7895
ligunity_pocket_ranking,P23946,1,远 0.35–0.5,2.0,52,3.8462
ligunity_pocket_ranking,P24941,1,远 0.35–0.5,142.6,740,19.2703
ligunity_pocket_ranking,P24941,1,全新 <0.35,59.0,750,7.8667
ligunity_pocket_ranking,P24941,1,近 0.5–0.7,89.0,136,65.4412
ligunity_pocket_ranking,P24941,1,极近 ≥0.7,1.0,3,33.3333
ligunity_pocket_ranking,P27338,1,近 0.5–0.7,14.0,53,26.4151
ligunity_pocket_ranking,P27338,1,极近 ≥0.7,18.0,24,75.0000
ligunity_pocket_ranking,P27338,1,远 0.35–0.5,4.0,45,8.8889
ligunity_pocket_ranking,P27487,1,远 0.35–0.5,10.0,51,19.6078
ligunity_pocket_ranking,P27487,1,近 0.5–0.7,18.0,47,38.2979
ligunity_pocket_ranking,P27487,1,全新 <0.35,0.0,6,0.0000
ligunity_pocket_ranking,P27487,1,极近 ≥0.7,12.0,12,100.0000
ligunity_pocket_ranking,P28074,1,远 0.35–0.5,123.5,258,47.8682
ligunity_pocket_ranking,P28074,1,近 0.5–0.7,27.5,42,65.4762
ligunity_pocket_ranking,P28074,1,全新 <0.35,3.0,24,12.5000
ligunity_pocket_ranking,P28335,1,近 0.5–0.7,5.0,70,7.1429
ligunity_pocket_ranking,P28335,1,极近 ≥0.7,5.0,51,9.8039
ligunity_pocket_ranking,P28335,1,远 0.35–0.5,4.0,80,5.0000
ligunity_pocket_ranking,P28335,1,全新 <0.35,1.0,95,1.0526
ligunity_pocket_ranking,P28482,1,近 0.5–0.7,21.0,21,100.0000
ligunity_pocket_ranking,P28482,1,远 0.35–0.5,52.25,126,41.4683
ligunity_pocket_ranking,P28482,1,全新 <0.35,0.0,518,0.0000
ligunity_pocket_ranking,P29274,1,远 0.35–0.5,222.33333333333334,411,54.0957
ligunity_pocket_ranking,P29274,1,全新 <0.35,155.66666666666666,325,47.8974
ligunity_pocket_ranking,P29274,1,近 0.5–0.7,13.0,34,38.2353
ligunity_pocket_ranking,P29274,1,极近 ≥0.7,0.0,7,0.0000
ligunity_pocket_ranking,P29275,1,远 0.35–0.5,84.33333333333334,192,43.9236
ligunity_pocket_ranking,P29275,1,全新 <0.35,76.66666666666666,163,47.0348
ligunity_pocket_ranking,P29275,1,近 0.5–0.7,2.0,3,66.6667
ligunity_pocket_ranking,P30530,1,远 0.35–0.5,112.0,450,24.8889
ligunity_pocket_ranking,P30530,1,近 0.5–0.7,176.0,433,40.6467
ligunity_pocket_ranking,P30530,1,极近 ≥0.7,6.0,20,30.0000
ligunity_pocket_ranking,P30530,1,全新 <0.35,16.0,25,64.0000
ligunity_pocket_ranking,P30542,1,近 0.5–0.7,9.0,9,100.0000
ligunity_pocket_ranking,P30542,1,远 0.35–0.5,14.0,62,22.5806
ligunity_pocket_ranking,P30542,1,极近 ≥0.7,3.0,3,100.0000
ligunity_pocket_ranking,P30542,1,全新 <0.35,14.0,40,35.0000
ligunity_pocket_ranking,P31391,1,远 0.35–0.5,25.0,80,31.2500
ligunity_pocket_ranking,P31391,1,全新 <0.35,3.0,15,20.0000
ligunity_pocket_ranking,P31391,1,近 0.5–0.7,0.0,5,0.0000
ligunity_pocket_ranking,P31645,1,远 0.35–0.5,8.0,87,9.1954
ligunity_pocket_ranking,P31645,1,近 0.5–0.7,9.0,11,81.8182
ligunity_pocket_ranking,P31645,1,全新 <0.35,0.0,10,0.0000
ligunity_pocket_ranking,P31749,1,极近 ≥0.7,0.0,19,0.0000
ligunity_pocket_ranking,P31749,1,近 0.5–0.7,3.0,181,1.6575
ligunity_pocket_ranking,P31749,1,远 0.35–0.5,1.0,13,7.6923
ligunity_pocket_ranking,P31751,1,近 0.5–0.7,0.0,105,0.0000
ligunity_pocket_ranking,P31751,1,极近 ≥0.7,0.0,8,0.0000
ligunity_pocket_ranking,P31751,1,远 0.35–0.5,0.0,5,0.0000
ligunity_pocket_ranking,P32245,1,全新 <0.35,0.0,184,0.0000
ligunity_pocket_ranking,P32245,1,远 0.35–0.5,0.0,23,0.0000
ligunity_pocket_ranking,P34914,1,近 0.5–0.7,36.0,85,42.3529
ligunity_pocket_ranking,P34914,1,远 0.35–0.5,34.0,111,30.6306
ligunity_pocket_ranking,P34972,1,全新 <0.35,19.0,43,44.1860
ligunity_pocket_ranking,P34972,1,远 0.35–0.5,6.0,9,66.6667
ligunity_pocket_ranking,P34972,1,近 0.5–0.7,3.0,10,30.0000
ligunity_pocket_ranking,P35968,1,远 0.35–0.5,60.0,428,14.0187
ligunity_pocket_ranking,P35968,1,近 0.5–0.7,156.0,477,32.7044
ligunity_pocket_ranking,P35968,1,极近 ≥0.7,10.0,18,55.5556
ligunity_pocket_ranking,P35968,1,全新 <0.35,0.0,4,0.0000
ligunity_pocket_ranking,P36888,1,近 0.5–0.7,25.0,118,21.1864
ligunity_pocket_ranking,P36888,1,远 0.35–0.5,36.0,291,12.3711
ligunity_pocket_ranking,P36888,1,全新 <0.35,1.0,90,1.1111
ligunity_pocket_ranking,P36888,1,极近 ≥0.7,5.0,7,71.4286
ligunity_pocket_ranking,P39900,1,远 0.35–0.5,24.0,51,47.0588
ligunity_pocket_ranking,P39900,1,全新 <0.35,11.0,32,34.3750
ligunity_pocket_ranking,P41146,1,全新 <0.35,11.0,53,20.7547
ligunity_pocket_ranking,P41240,1,极近 ≥0.7,6.0,13,46.1538
ligunity_pocket_ranking,P41240,1,近 0.5–0.7,20.0,116,17.2414
ligunity_pocket_ranking,P41240,1,远 0.35–0.5,1.0,45,2.2222
ligunity_pocket_ranking,P42330,1,近 0.5–0.7,13.0,41,31.7073
ligunity_pocket_ranking,P42330,1,远 0.35–0.5,4.0,33,12.1212
ligunity_pocket_ranking,P42330,1,极近 ≥0.7,2.0,3,66.6667
ligunity_pocket_ranking,P42345,1,全新 <0.35,0.0,6,0.0000
ligunity_pocket_ranking,P42345,1,近 0.5–0.7,0.0,46,0.0000
ligunity_pocket_ranking,P42345,1,极近 ≥0.7,0.0,8,0.0000
ligunity_pocket_ranking,P42345,1,远 0.35–0.5,0.0,20,0.0000
ligunity_pocket_ranking,P43405,1,近 0.5–0.7,21.0,38,55.2632
ligunity_pocket_ranking,P43405,1,远 0.35–0.5,19.0,57,33.3333
ligunity_pocket_ranking,P43405,1,全新 <0.35,0.0,3,0.0000
ligunity_pocket_ranking,P43405,1,极近 ≥0.7,4.0,6,66.6667
ligunity_pocket_ranking,P43490,1,近 0.5–0.7,89.0,202,44.0594
ligunity_pocket_ranking,P43490,1,全新 <0.35,6.0,10,60.0000
ligunity_pocket_ranking,P43490,1,远 0.35–0.5,140.0,246,56.9106
ligunity_pocket_ranking,P43490,1,极近 ≥0.7,11.0,24,45.8333
ligunity_pocket_ranking,P47205,1,近 0.5–0.7,70.0,89,78.6517
ligunity_pocket_ranking,P47205,1,远 0.35–0.5,1.0,37,2.7027
ligunity_pocket_ranking,P47205,1,全新 <0.35,0.0,17,0.0000
ligunity_pocket_ranking,P47205,1,极近 ≥0.7,4.0,4,100.0000
ligunity_pocket_ranking,P48729,1,近 0.5–0.7,0.0,35,0.0000
ligunity_pocket_ranking,P48729,1,远 0.35–0.5,0.0,91,0.0000
ligunity_pocket_ranking,P48729,1,全新 <0.35,0.0,8,0.0000
ligunity_pocket_ranking,P48730,1,近 0.5–0.7,10.0,43,23.2558
ligunity_pocket_ranking,P48730,1,远 0.35–0.5,9.0,94,9.5745
ligunity_pocket_ranking,P48730,1,全新 <0.35,0.0,7,0.0000
ligunity_pocket_ranking,P49759,1,全新 <0.35,31.0,121,25.6198
ligunity_pocket_ranking,P49759,1,远 0.35–0.5,2.0,7,28.5714
ligunity_pocket_ranking,P49759,1,近 0.5–0.7,1.0,5,20.0000
ligunity_pocket_ranking,P49760,1,近 0.5–0.7,31.0,77,40.2597
ligunity_pocket_ranking,P49760,1,全新 <0.35,46.0,123,37.3984
ligunity_pocket_ranking,P49760,1,远 0.35–0.5,11.0,56,19.6429
ligunity_pocket_ranking,P49841,1,远 0.35–0.5,11.0,645,1.7054
ligunity_pocket_ranking,P49841,1,全新 <0.35,6.0,651,0.9217
ligunity_pocket_ranking,P49841,1,近 0.5–0.7,31.0,109,28.4404
ligunity_pocket_ranking,P50053,1,远 0.35–0.5,16.0,298,5.3691
ligunity_pocket_ranking,P50053,1,全新 <0.35,7.0,636,1.1006
ligunity_pocket_ranking,P50053,1,近 0.5–0.7,8.0,9,88.8889
ligunity_pocket_ranking,P50406,1,近 0.5–0.7,6.0,31,19.3548
ligunity_pocket_ranking,P50406,1,远 0.35–0.5,2.0,23,8.6957
ligunity_pocket_ranking,P51531,1,近 0.5–0.7,2.0,17,11.7647
ligunity_pocket_ranking,P51531,1,远 0.35–0.5,0.0,52,0.0000
ligunity_pocket_ranking,P51531,1,全新 <0.35,0.0,22,0.0000
ligunity_pocket_ranking,P51532,1,近 0.5–0.7,2.0,17,11.7647
ligunity_pocket_ranking,P51532,1,远 0.35–0.5,0.0,49,0.0000
ligunity_pocket_ranking,P51532,1,全新 <0.35,0.0,16,0.0000
ligunity_pocket_ranking,P53350,1,远 0.35–0.5,0.0,12,0.0000
ligunity_pocket_ranking,P53350,1,极近 ≥0.7,0.0,11,0.0000
ligunity_pocket_ranking,P53350,1,近 0.5–0.7,0.0,84,0.0000
ligunity_pocket_ranking,P53396,1,远 0.35–0.5,2.5,7,35.7143
ligunity_pocket_ranking,P53396,1,全新 <0.35,28.5,51,55.8824
ligunity_pocket_ranking,P53634,1,近 0.5–0.7,74.0,165,44.8485
ligunity_pocket_ranking,P53634,1,远 0.35–0.5,35.0,129,27.1318
ligunity_pocket_ranking,P53634,1,全新 <0.35,5.0,106,4.7170
ligunity_pocket_ranking,P53634,1,极近 ≥0.7,1.0,15,6.6667
ligunity_pocket_ranking,P53667,1,近 0.5–0.7,1.0,12,8.3333
ligunity_pocket_ranking,P53667,1,远 0.35–0.5,0.0,48,0.0000
ligunity_pocket_ranking,P53671,1,近 0.5–0.7,5.0,16,31.2500
ligunity_pocket_ranking,P53671,1,远 0.35–0.5,9.0,48,18.7500
ligunity_pocket_ranking,P53779,1,极近 ≥0.7,0.0,9,0.0000
ligunity_pocket_ranking,P53779,1,近 0.5–0.7,3.0,35,8.5714
ligunity_pocket_ranking,P53779,1,远 0.35–0.5,1.0,21,4.7619
ligunity_pocket_ranking,P56817,1,近 0.5–0.7,118.0,213,55.3991
ligunity_pocket_ranking,P56817,1,远 0.35–0.5,28.0,87,32.1839
ligunity_pocket_ranking,P56817,1,极近 ≥0.7,34.0,50,68.0000
ligunity_pocket_ranking,P61073,1,近 0.5–0.7,10.0,39,25.6410
ligunity_pocket_ranking,P61073,1,远 0.35–0.5,1.0,5,20.0000
ligunity_pocket_ranking,P61073,1,极近 ≥0.7,0.0,5,0.0000
ligunity_pocket_ranking,P61073,1,全新 <0.35,0.0,3,0.0000
ligunity_pocket_ranking,P61964,1,远 0.35–0.5,2.0,37,5.4054
ligunity_pocket_ranking,P61964,1,近 0.5–0.7,1.0,8,12.5000
ligunity_pocket_ranking,P61964,1,极近 ≥0.7,5.0,5,100.0000
ligunity_pocket_ranking,P78527,1,近 0.5–0.7,98.0,131,74.8092
ligunity_pocket_ranking,P78527,1,远 0.35–0.5,72.0,346,20.8092
ligunity_pocket_ranking,P78527,1,全新 <0.35,2.0,144,1.3889
ligunity_pocket_ranking,P78527,1,极近 ≥0.7,10.0,11,90.9091
ligunity_pocket_ranking,P80192,1,远 0.35–0.5,0.0,33,0.0000
ligunity_pocket_ranking,P80192,1,全新 <0.35,0.0,25,0.0000
ligunity_pocket_ranking,Q03111,1,远 0.35–0.5,13.0,81,16.0494
ligunity_pocket_ranking,Q03111,1,全新 <0.35,0.0,15,0.0000
ligunity_pocket_ranking,Q03111,1,近 0.5–0.7,2.0,4,50.0000
ligunity_pocket_ranking,Q06124,1,远 0.35–0.5,134.0,263,50.9506
ligunity_pocket_ranking,Q06124,1,近 0.5–0.7,97.0,155,62.5806
ligunity_pocket_ranking,Q06124,1,全新 <0.35,2.0,52,3.8462
ligunity_pocket_ranking,Q06124,1,极近 ≥0.7,16.0,17,94.1176
ligunity_pocket_ranking,Q06187,1,近 0.5–0.7,193.0,324,59.5679
ligunity_pocket_ranking,Q06187,1,远 0.35–0.5,121.0,515,23.4951
ligunity_pocket_ranking,Q06187,1,全新 <0.35,15.0,54,27.7778
ligunity_pocket_ranking,Q06187,1,极近 ≥0.7,81.0,84,96.4286
ligunity_pocket_ranking,Q07817,1,近 0.5–0.7,17.0,123,13.8211
ligunity_pocket_ranking,Q07817,1,远 0.35–0.5,20.0,57,35.0877
ligunity_pocket_ranking,Q07817,1,全新 <0.35,151.0,197,76.6497
ligunity_pocket_ranking,Q09472,1,近 0.5–0.7,3.0,38,7.8947
ligunity_pocket_ranking,Q09472,1,全新 <0.35,3.0,7,42.8571
ligunity_pocket_ranking,Q09472,1,远 0.35–0.5,29.0,59,49.1525
ligunity_pocket_ranking,Q09472,1,极近 ≥0.7,0.0,8,0.0000
ligunity_pocket_ranking,Q13315,1,远 0.35–0.5,12.0,147,8.1633
ligunity_pocket_ranking,Q13315,1,极近 ≥0.7,7.0,7,100.0000
ligunity_pocket_ranking,Q13315,1,近 0.5–0.7,35.0,47,74.4681
ligunity_pocket_ranking,Q13315,1,全新 <0.35,4.0,15,26.6667
ligunity_pocket_ranking,Q13464,1,近 0.5–0.7,16.0,27,59.2593
ligunity_pocket_ranking,Q13464,1,远 0.35–0.5,53.0,152,34.8684
ligunity_pocket_ranking,Q13464,1,全新 <0.35,0.0,3,0.0000
ligunity_pocket_ranking,Q13546,1,远 0.35–0.5,127.0,462,27.4892
ligunity_pocket_ranking,Q13546,1,全新 <0.35,35.0,85,41.1765
ligunity_pocket_ranking,Q13546,1,近 0.5–0.7,9.0,41,21.9512
ligunity_pocket_ranking,Q13547,1,近 0.5–0.7,171.0,394,43.4010
ligunity_pocket_ranking,Q13547,1,远 0.35–0.5,131.0,481,27.2349
ligunity_pocket_ranking,Q13547,1,极近 ≥0.7,35.5,85,41.7647
ligunity_pocket_ranking,Q13547,1,全新 <0.35,7.0,84,8.3333
ligunity_pocket_ranking,Q14145,1,远 0.35–0.5,8.0,32,25.0000
ligunity_pocket_ranking,Q14145,1,极近 ≥0.7,5.0,7,71.4286
ligunity_pocket_ranking,Q14145,1,近 0.5–0.7,49.0,75,65.3333
ligunity_pocket_ranking,Q14145,1,全新 <0.35,0.0,10,0.0000
ligunity_pocket_ranking,Q14833,1,远 0.35–0.5,0.0,117,0.0000
ligunity_pocket_ranking,Q14833,1,全新 <0.35,0.0,54,0.0000
ligunity_pocket_ranking,Q15125,1,全新 <0.35,8.0,120,6.6667
ligunity_pocket_ranking,Q15125,1,远 0.35–0.5,1.0,55,1.8182
ligunity_pocket_ranking,Q15858,1,远 0.35–0.5,66.0,296,22.2973
ligunity_pocket_ranking,Q15858,1,全新 <0.35,18.0,273,6.5934
ligunity_pocket_ranking,Q15858,1,近 0.5–0.7,24.0,91,26.3736
ligunity_pocket_ranking,Q15910,1,全新 <0.35,0.0,56,0.0000
ligunity_pocket_ranking,Q15910,1,远 0.35–0.5,21.0,53,39.6226
ligunity_pocket_ranking,Q15910,1,近 0.5–0.7,299.0,532,56.2030
ligunity_pocket_ranking,Q15910,1,极近 ≥0.7,9.0,94,9.5745
ligunity_pocket_ranking,Q16288,1,近 0.5–0.7,22.0,49,44.8980
ligunity_pocket_ranking,Q16288,1,极近 ≥0.7,1.0,5,20.0000
ligunity_pocket_ranking,Q16288,1,远 0.35–0.5,27.0,84,32.1429
ligunity_pocket_ranking,Q16288,1,全新 <0.35,2.0,28,7.1429
ligunity_pocket_ranking,Q16552,1,全新 <0.35,0.0,176,0.0000
ligunity_pocket_ranking,Q16552,1,远 0.35–0.5,0.0,86,0.0000
ligunity_pocket_ranking,Q16620,1,近 0.5–0.7,13.0,59,22.0339
ligunity_pocket_ranking,Q16620,1,极近 ≥0.7,0.0,5,0.0000
ligunity_pocket_ranking,Q16620,1,远 0.35–0.5,11.0,115,9.5652
ligunity_pocket_ranking,Q16620,1,全新 <0.35,1.0,9,11.1111
ligunity_pocket_ranking,Q16769,1,近 0.5–0.7,13.0,17,76.4706
ligunity_pocket_ranking,Q16769,1,远 0.35–0.5,3.0,38,7.8947
ligunity_pocket_ranking,Q16769,1,极近 ≥0.7,9.0,12,75.0000
ligunity_pocket_ranking,Q32ZE1,1,远 0.35–0.5,0.0,119,0.0000
ligunity_pocket_ranking,Q32ZE1,1,全新 <0.35,0.0,31,0.0000
ligunity_pocket_ranking,Q6V1X1,1,近 0.5–0.7,3.0,9,33.3333
ligunity_pocket_ranking,Q6V1X1,1,远 0.35–0.5,26.0,59,44.0678
ligunity_pocket_ranking,Q72547,1,近 0.5–0.7,30.0,53,56.6038
ligunity_pocket_ranking,Q72547,1,极近 ≥0.7,3.0,9,33.3333
ligunity_pocket_ranking,Q86TI2,1,近 0.5–0.7,4.0,9,44.4444
ligunity_pocket_ranking,Q86TI2,1,远 0.35–0.5,23.0,47,48.9362
ligunity_pocket_ranking,Q86W56,1,远 0.35–0.5,56.0,171,32.7485
ligunity_pocket_ranking,Q86W56,1,近 0.5–0.7,80.0,128,62.5000
ligunity_pocket_ranking,Q86W56,1,极近 ≥0.7,38.0,42,90.4762
ligunity_pocket_ranking,Q86WV6,1,近 0.5–0.7,17.0,20,85.0000
ligunity_pocket_ranking,Q86WV6,1,极近 ≥0.7,8.0,8,100.0000
ligunity_pocket_ranking,Q86WV6,1,远 0.35–0.5,7.0,66,10.6061
ligunity_pocket_ranking,Q86WV6,1,全新 <0.35,8.0,76,10.5263
ligunity_pocket_ranking,Q8IVH8,1,全新 <0.35,0.0,164,0.0000
ligunity_pocket_ranking,Q8IVH8,1,远 0.35–0.5,3.0,162,1.8519
ligunity_pocket_ranking,Q8IVH8,1,近 0.5–0.7,3.0,6,50.0000
ligunity_pocket_ranking,Q8N884,1,远 0.35–0.5,15.0,76,19.7368
ligunity_pocket_ranking,Q8N884,1,近 0.5–0.7,1.0,12,8.3333
ligunity_pocket_ranking,Q8N884,1,全新 <0.35,9.0,218,4.1284
ligunity_pocket_ranking,Q8NEB9,1,全新 <0.35,12.0,37,32.4324
ligunity_pocket_ranking,Q8NEB9,1,远 0.35–0.5,5.0,20,25.0000
ligunity_pocket_ranking,Q8R4B8,1,全新 <0.35,1.0,38,2.6316
ligunity_pocket_ranking,Q8R4B8,1,近 0.5–0.7,3.0,5,60.0000
ligunity_pocket_ranking,Q8R4B8,1,远 0.35–0.5,0.0,14,0.0000
ligunity_pocket_ranking,Q92633,1,全新 <0.35,5.0,479,1.0438
ligunity_pocket_ranking,Q92633,1,远 0.35–0.5,0.0,80,0.0000
ligunity_pocket_ranking,Q92769,1,极近 ≥0.7,16.0,35,45.7143
ligunity_pocket_ranking,Q92769,1,近 0.5–0.7,72.0,130,55.3846
ligunity_pocket_ranking,Q92769,1,远 0.35–0.5,71.0,140,50.7143
ligunity_pocket_ranking,Q92769,1,全新 <0.35,14.0,33,42.4242
ligunity_pocket_ranking,Q92793,1,近 0.5–0.7,60.0,60,100.0000
ligunity_pocket_ranking,Q92793,1,极近 ≥0.7,7.0,7,100.0000
ligunity_pocket_ranking,Q92793,1,全新 <0.35,62.0,301,20.5980
ligunity_pocket_ranking,Q92793,1,远 0.35–0.5,26.0,69,37.6812
ligunity_pocket_ranking,Q92993,1,远 0.35–0.5,0.0,70,0.0000
ligunity_pocket_ranking,Q92993,1,近 0.5–0.7,0.0,3,0.0000
ligunity_pocket_ranking,Q92993,1,全新 <0.35,0.0,20,0.0000
ligunity_pocket_ranking,Q93009,1,近 0.5–0.7,123.0,184,66.8478
ligunity_pocket_ranking,Q93009,1,远 0.35–0.5,1.0,70,1.4286
ligunity_pocket_ranking,Q93009,1,极近 ≥0.7,26.0,39,66.6667
ligunity_pocket_ranking,Q96RI1,1,远 0.35–0.5,0.0,7,0.0000
ligunity_pocket_ranking,Q96RI1,1,近 0.5–0.7,20.0,43,46.5116
ligunity_pocket_ranking,Q96RI1,1,极近 ≥0.7,11.0,11,100.0000
ligunity_pocket_ranking,Q99640,1,近 0.5–0.7,62.0,88,70.4545
ligunity_pocket_ranking,Q99640,1,极近 ≥0.7,3.0,3,100.0000
ligunity_pocket_ranking,Q99640,1,全新 <0.35,2.0,126,1.5873
ligunity_pocket_ranking,Q99640,1,远 0.35–0.5,18.0,69,26.0870
ligunity_pocket_ranking,Q99683,1,近 0.5–0.7,0.0,64,0.0000
ligunity_pocket_ranking,Q99683,1,远 0.35–0.5,0.0,6,0.0000
ligunity_pocket_ranking,Q99683,1,极近 ≥0.7,0.0,4,0.0000
ligunity_pocket_ranking,Q99814,1,全新 <0.35,2.0,113,1.7699
ligunity_pocket_ranking,Q9BY41,1,近 0.5–0.7,16.0,87,18.3908
ligunity_pocket_ranking,Q9BY41,1,远 0.35–0.5,146.0,248,58.8710
ligunity_pocket_ranking,Q9BY41,1,全新 <0.35,24.0,44,54.5455
ligunity_pocket_ranking,Q9BY41,1,极近 ≥0.7,4.0,14,28.5714
ligunity_pocket_ranking,Q9H3N8,1,极近 ≥0.7,10.0,12,83.3333
ligunity_pocket_ranking,Q9H3N8,1,近 0.5–0.7,13.0,38,34.2105
ligunity_pocket_ranking,Q9H3N8,1,远 0.35–0.5,0.0,5,0.0000
ligunity_pocket_ranking,Q9H8M2,1,近 0.5–0.7,24.0,60,40.0000
ligunity_pocket_ranking,Q9H8M2,1,远 0.35–0.5,172.0,315,54.6032
ligunity_pocket_ranking,Q9H8M2,1,全新 <0.35,3.0,12,25.0000
ligunity_pocket_ranking,Q9H8M2,1,极近 ≥0.7,1.0,4,25.0000
ligunity_pocket_ranking,Q9HAZ1,1,全新 <0.35,2.0,121,1.6529
ligunity_pocket_ranking,Q9HAZ1,1,远 0.35–0.5,2.0,9,22.2222
ligunity_pocket_ranking,Q9HAZ1,1,近 0.5–0.7,2.0,4,50.0000
ligunity_pocket_ranking,Q9HBH9,1,近 0.5–0.7,16.0,28,57.1429
ligunity_pocket_ranking,Q9HBH9,1,远 0.35–0.5,26.0,75,34.6667
ligunity_pocket_ranking,Q9NSY1,1,全新 <0.35,0.0,16,0.0000
ligunity_pocket_ranking,Q9NSY1,1,远 0.35–0.5,1.0,52,1.9231
ligunity_pocket_ranking,Q9NWZ3,1,近 0.5–0.7,129.0,237,54.4304
ligunity_pocket_ranking,Q9NWZ3,1,远 0.35–0.5,399.0,925,43.1351
ligunity_pocket_ranking,Q9NWZ3,1,全新 <0.35,33.0,294,11.2245
ligunity_pocket_ranking,Q9NYV4,1,极近 ≥0.7,30.0,33,90.9091
ligunity_pocket_ranking,Q9NYV4,1,远 0.35–0.5,24.0,115,20.8696
ligunity_pocket_ranking,Q9NYV4,1,近 0.5–0.7,33.0,63,52.3810
ligunity_pocket_ranking,Q9NYV4,1,全新 <0.35,16.0,71,22.5352
ligunity_pocket_ranking,Q9Y5Y9,1,全新 <0.35,2.0,194,1.0309
ligunity_pocket_ranking,Q9Y5Y9,1,远 0.35–0.5,37.0,375,9.8667
ligunity_pocket_ranking,Q9Y5Y9,1,近 0.5–0.7,2.0,63,3.1746
ligunity_pocket_ranking,Q9Y5Z0,1,近 0.5–0.7,106.0,193,54.9223
ligunity_pocket_ranking,Q9Y5Z0,1,远 0.35–0.5,27.0,77,35.0649
ligunity_pocket_ranking,Q9Y5Z0,1,极近 ≥0.7,29.0,47,61.7021
ligunity_pocket_ranking,C7FF05,0,远 0.35–0.5,11.0,42,26.1905
ligunity_pocket_ranking,C7FF05,0,极近 ≥0.7,1.0,13,7.6923
ligunity_pocket_ranking,C7FF05,0,近 0.5–0.7,2.0,35,5.7143
ligunity_pocket_ranking,O14638,0,全新 <0.35,1.0,50,2.0000
ligunity_pocket_ranking,O14638,0,远 0.35–0.5,1.0,40,2.5000
ligunity_pocket_ranking,O94921,0,远 0.35–0.5,7.0,38,18.4211
ligunity_pocket_ranking,O94921,0,近 0.5–0.7,34.0,59,57.6271
ligunity_pocket_ranking,P01111,0,全新 <0.35,0.0,469,0.0000
ligunity_pocket_ranking,P05622,0,近 0.5–0.7,0.0,106,0.0000
ligunity_pocket_ranking,P05622,0,极近 ≥0.7,0.0,48,0.0000
ligunity_pocket_ranking,P05622,0,远 0.35–0.5,0.0,163,0.0000
ligunity_pocket_ranking,P05622,0,全新 <0.35,0.0,61,0.0000
ligunity_pocket_ranking,P08519,1,全新 <0.35,0.0,28,0.0000
ligunity_pocket_ranking,P08519,1,远 0.35–0.5,0.0,47,0.0000
ligunity_pocket_ranking,P28347,0,全新 <0.35,0.0,96,0.0000
ligunity_pocket_ranking,P28347,0,远 0.35–0.5,0.0,137,0.0000
ligunity_pocket_ranking,P28347,0,近 0.5–0.7,0.0,5,0.0000
ligunity_pocket_ranking,P37288,0,远 0.35–0.5,0.0,26,0.0000
ligunity_pocket_ranking,P37288,0,全新 <0.35,0.0,82,0.0000
ligunity_pocket_ranking,P43220,1,极近 ≥0.7,0.0,8,0.0000
ligunity_pocket_ranking,P43220,1,远 0.35–0.5,1.0,24,4.1667
ligunity_pocket_ranking,P43220,1,全新 <0.35,0.0,83,0.0000
ligunity_pocket_ranking,P43220,1,近 0.5–0.7,3.0,14,21.4286
ligunity_pocket_ranking,P56528,0,远 0.35–0.5,0.0,96,0.0000
ligunity_pocket_ranking,P56528,0,全新 <0.35,0.0,6,0.0000
ligunity_pocket_ranking,P97821,0,近 0.5–0.7,29.0,63,46.0317
ligunity_pocket_ranking,P97821,0,远 0.35–0.5,2.0,6,33.3333
ligunity_pocket_ranking,P97821,0,极近 ≥0.7,1.0,14,7.1429
ligunity_pocket_ranking,Q15562,1,远 0.35–0.5,0.0,99,0.0000
ligunity_pocket_ranking,Q15562,1,全新 <0.35,0.0,81,0.0000
ligunity_pocket_ranking,Q15878,0,全新 <0.35,0.0,88,0.0000
ligunity_pocket_ranking,Q15878,0,远 0.35–0.5,0.0,63,0.0000
ligunity_pocket_ranking,Q92830,0,全新 <0.35,0.0,152,0.0000
ligunity_pocket_ranking,Q92830,0,远 0.35–0.5,0.0,7,0.0000
ligunity_pocket_ranking,Q96LB1,0,远 0.35–0.5,0.0,15,0.0000
ligunity_pocket_ranking,Q96LB1,0,全新 <0.35,0.0,42,0.0000
ligunity_pocket_ranking,Q96LB1,0,近 0.5–0.7,0.0,10,0.0000
ligunity_pocket_ranking,Q99594,0,远 0.35–0.5,0.0,56,0.0000
ligunity_pocket_ranking,Q99594,0,全新 <0.35,0.0,46,0.0000
ligunity_pocket_ranking,J9SQF3,0,远 0.35–0.5,0.0,612,0.0000
ligunity_pocket_ranking,J9SQF3,0,全新 <0.35,0.0,38,0.0000
ligunity_pocket_ranking,O00411,0,远 0.35–0.5,0.0,191,0.0000
ligunity_pocket_ranking,O00411,0,全新 <0.35,0.0,13,0.0000
ligunity_pocket_ranking,O00411,0,近 0.5–0.7,0.0,23,0.0000
ligunity_pocket_ranking,O00443,1,极近 ≥0.7,0.0,5,0.0000
ligunity_pocket_ranking,O00443,1,远 0.35–0.5,0.0,54,0.0000
ligunity_pocket_ranking,O00443,1,近 0.5–0.7,0.0,38,0.0000
ligunity_pocket_ranking,O14578,0,近 0.5–0.7,18.0,51,35.2941
ligunity_pocket_ranking,O14578,0,远 0.35–0.5,21.0,98,21.4286
ligunity_pocket_ranking,O14578,0,极近 ≥0.7,1.0,3,33.3333
ligunity_pocket_ranking,O14874,0,远 0.35–0.5,36.0,78,46.1538
ligunity_pocket_ranking,O14874,0,近 0.5–0.7,14.0,24,58.3333
ligunity_pocket_ranking,O14874,0,全新 <0.35,0.0,3,0.0000
ligunity_pocket_ranking,O42275,0,近 0.5–0.7,30.0,52,57.6923
ligunity_pocket_ranking,O42275,0,极近 ≥0.7,29.0,46,63.0435
ligunity_pocket_ranking,O42275,0,远 0.35–0.5,2.0,19,10.5263
ligunity_pocket_ranking,O60427,0,远 0.35–0.5,0.0,77,0.0000
ligunity_pocket_ranking,O60427,0,全新 <0.35,0.0,158,0.0000
ligunity_pocket_ranking,O88634,0,全新 <0.35,0.0,41,0.0000
ligunity_pocket_ranking,O88634,0,远 0.35–0.5,0.0,21,0.0000
ligunity_pocket_ranking,O88634,0,近 0.5–0.7,0.0,4,0.0000
ligunity_pocket_ranking,O94782,0,全新 <0.35,0.0,326,0.0000
ligunity_pocket_ranking,O94782,0,远 0.35–0.5,0.0,73,0.0000
ligunity_pocket_ranking,O94782,0,近 0.5–0.7,0.0,5,0.0000
ligunity_pocket_ranking,O95835,0,远 0.35–0.5,2.0,67,2.9851
ligunity_pocket_ranking,O95835,0,全新 <0.35,0.0,4,0.0000
ligunity_pocket_ranking,P08546,0,全新 <0.35,2.0,47,4.2553
ligunity_pocket_ranking,P08546,0,远 0.35–0.5,0.0,35,0.0000
ligunity_pocket_ranking,P09871,0,远 0.35–0.5,70.0,108,64.8148
ligunity_pocket_ranking,P09871,0,全新 <0.35,129.0,313,41.2141
ligunity_pocket_ranking,P0AES4,0,远 0.35–0.5,9.0,80,11.2500
ligunity_pocket_ranking,P0AES4,0,极近 ≥0.7,0.0,10,0.0000
ligunity_pocket_ranking,P0AES4,0,近 0.5–0.7,3.0,31,9.6774
ligunity_pocket_ranking,P0AES4,0,全新 <0.35,0.0,12,0.0000
ligunity_pocket_ranking,P14060,0,远 0.35–0.5,0.0,29,0.0000
ligunity_pocket_ranking,P14060,0,全新 <0.35,0.0,45,0.0000
ligunity_pocket_ranking,P14416,0,极近 ≥0.7,13.0,44,29.5455
ligunity_pocket_ranking,P14416,0,远 0.35–0.5,34.0,157,21.6561
ligunity_pocket_ranking,P14416,0,近 0.5–0.7,35.0,113,30.9735
ligunity_pocket_ranking,P14416,0,全新 <0.35,1.0,6,16.6667
ligunity_pocket_ranking,P16788,0,全新 <0.35,0.0,214,0.0000
ligunity_pocket_ranking,P16788,0,远 0.35–0.5,0.0,240,0.0000
ligunity_pocket_ranking,P17927,0,极近 ≥0.7,26.0,54,48.1481
ligunity_pocket_ranking,P17927,0,近 0.5–0.7,8.0,15,53.3333
ligunity_pocket_ranking,P17948,1,近 0.5–0.7,30.0,49,61.2245
ligunity_pocket_ranking,P17948,1,远 0.35–0.5,4.0,21,19.0476
ligunity_pocket_ranking,P17948,1,极近 ≥0.7,10.0,22,45.4545
ligunity_pocket_ranking,P19525,0,近 0.5–0.7,0.0,38,0.0000
ligunity_pocket_ranking,P19525,0,远 0.35–0.5,0.0,57,0.0000
ligunity_pocket_ranking,P19525,0,极近 ≥0.7,0.0,82,0.0000
ligunity_pocket_ranking,P19525,0,全新 <0.35,0.0,4,0.0000
ligunity_pocket_ranking,P20648,0,远 0.35–0.5,1.0,54,1.8519
ligunity_pocket_ranking,P20648,0,全新 <0.35,0.0,58,0.0000
ligunity_pocket_ranking,P21917,0,远 0.35–0.5,2.0,19,10.5263
ligunity_pocket_ranking,P21917,0,全新 <0.35,0.0,3,0.0000
ligunity_pocket_ranking,P21917,0,近 0.5–0.7,3.0,19,15.7895
ligunity_pocket_ranking,P21917,0,极近 ≥0.7,1.0,24,4.1667
ligunity_pocket_ranking,P22001,0,全新 <0.35,0.0,261,0.0000
ligunity_pocket_ranking,P22001,0,远 0.35–0.5,0.0,86,0.0000
ligunity_pocket_ranking,P22001,0,近 0.5–0.7,0.0,4,0.0000
ligunity_pocket_ranking,P25929,0,远 0.35–0.5,6.0,46,13.0435
ligunity_pocket_ranking,P25929,0,全新 <0.35,1.0,45,2.2222
ligunity_pocket_ranking,P25929,0,近 0.5–0.7,6.5,11,59.0909
ligunity_pocket_ranking,P28223,0,近 0.5–0.7,110.0,255,43.1373
ligunity_pocket_ranking,P28223,0,极近 ≥0.7,62.0,100,62.0000
ligunity_pocket_ranking,P28223,0,全新 <0.35,15.0,119,12.6050
ligunity_pocket_ranking,P28223,0,远 0.35–0.5,122.0,726,16.8044
ligunity_pocket_ranking,P30990,0,近 0.5–0.7,0.0,12,0.0000
ligunity_pocket_ranking,P30990,0,远 0.35–0.5,0.0,59,0.0000
ligunity_pocket_ranking,P30990,0,全新 <0.35,0.0,5,0.0000
ligunity_pocket_ranking,P34969,0,极近 ≥0.7,19.0,32,59.3750
ligunity_pocket_ranking,P34969,0,近 0.5–0.7,20.0,50,40.0000
ligunity_pocket_ranking,P34969,0,远 0.35–0.5,6.0,18,33.3333
ligunity_pocket_ranking,P35462,0,极近 ≥0.7,12.0,22,54.5455
ligunity_pocket_ranking,P35462,0,远 0.35–0.5,11.0,63,17.4603
ligunity_pocket_ranking,P35462,0,近 0.5–0.7,9.5,20,47.5000
ligunity_pocket_ranking,P35462,0,全新 <0.35,0.0,4,0.0000
ligunity_pocket_ranking,P37840,0,远 0.35–0.5,0.0,23,0.0000
ligunity_pocket_ranking,P37840,0,全新 <0.35,1.0,90,1.1111
ligunity_pocket_ranking,P50052,1,远 0.35–0.5,3.0,116,2.5862
ligunity_pocket_ranking,P50052,1,全新 <0.35,2.0,88,2.2727
ligunity_pocket_ranking,P50052,1,近 0.5–0.7,1.0,7,14.2857
ligunity_pocket_ranking,P50052,1,极近 ≥0.7,0.0,3,0.0000
ligunity_pocket_ranking,P52429,0,远 0.35–0.5,0.0,81,0.0000
ligunity_pocket_ranking,P54278,0,远 0.35–0.5,27.0,61,44.2623
ligunity_pocket_ranking,P54278,0,近 0.5–0.7,6.0,9,66.6667
ligunity_pocket_ranking,P54278,0,全新 <0.35,7.0,15,46.6667
ligunity_pocket_ranking,P57059,0,远 0.35–0.5,6.0,38,15.7895
ligunity_pocket_ranking,P57059,0,近 0.5–0.7,1.0,4,25.0000
ligunity_pocket_ranking,P57059,0,极近 ≥0.7,1.0,35,2.8571
ligunity_pocket_ranking,P57059,0,全新 <0.35,0.0,7,0.0000
ligunity_pocket_ranking,Q08211,1,远 0.35–0.5,117.0,479,24.4259
ligunity_pocket_ranking,Q08211,1,全新 <0.35,44.25,218,20.2982
ligunity_pocket_ranking,Q08211,1,近 0.5–0.7,6.0,10,60.0000
ligunity_pocket_ranking,Q08828,0,远 0.35–0.5,0.0,65,0.0000
ligunity_pocket_ranking,Q10469,0,全新 <0.35,0.0,167,0.0000
ligunity_pocket_ranking,Q10469,0,远 0.35–0.5,0.0,4,0.0000
ligunity_pocket_ranking,Q13191,0,全新 <0.35,0.0,1129,0.0000
ligunity_pocket_ranking,Q13191,0,远 0.35–0.5,0.0,101,0.0000
ligunity_pocket_ranking,Q13233,0,近 0.5–0.7,0.0,23,0.0000
ligunity_pocket_ranking,Q13233,0,远 0.35–0.5,1.0,25,4.0000
ligunity_pocket_ranking,Q13233,0,极近 ≥0.7,0.0,8,0.0000
ligunity_pocket_ranking,Q13574,0,远 0.35–0.5,0.0,19,0.0000
ligunity_pocket_ranking,Q13574,0,全新 <0.35,96.0,557,17.2352
ligunity_pocket_ranking,Q16739,0,全新 <0.35,6.0,40,15.0000
ligunity_pocket_ranking,Q16739,0,远 0.35–0.5,6.0,267,2.2472
ligunity_pocket_ranking,Q16832,1,近 0.5–0.7,37.0,49,75.5102
ligunity_pocket_ranking,Q16832,1,全新 <0.35,0.0,78,0.0000
ligunity_pocket_ranking,Q16832,1,远 0.35–0.5,29.0,189,15.3439
ligunity_pocket_ranking,Q16832,1,极近 ≥0.7,2.0,10,20.0000
ligunity_pocket_ranking,Q5JRX3,0,极近 ≥0.7,0.0,21,0.0000
ligunity_pocket_ranking,Q5JRX3,0,近 0.5–0.7,0.0,19,0.0000
ligunity_pocket_ranking,Q5JRX3,0,远 0.35–0.5,0.0,17,0.0000
ligunity_pocket_ranking,Q6SZW1,0,近 0.5–0.7,1.0,51,1.9608
ligunity_pocket_ranking,Q6SZW1,0,远 0.35–0.5,9.0,152,5.9211
ligunity_pocket_ranking,Q6SZW1,0,全新 <0.35,4.0,39,10.2564
ligunity_pocket_ranking,Q7Z3E1,0,远 0.35–0.5,28.0,197,14.2132
ligunity_pocket_ranking,Q7Z3E1,0,近 0.5–0.7,132.0,272,48.5294
ligunity_pocket_ranking,Q7Z3E1,0,极近 ≥0.7,2.0,20,10.0000
ligunity_pocket_ranking,Q7Z3E1,0,全新 <0.35,2.0,85,2.3529
ligunity_pocket_ranking,Q86SK9,0,远 0.35–0.5,0.0,44,0.0000
ligunity_pocket_ranking,Q86SK9,0,近 0.5–0.7,0.0,4,0.0000
ligunity_pocket_ranking,Q86SK9,0,全新 <0.35,0.0,6,0.0000
ligunity_pocket_ranking,Q86UE8,0,近 0.5–0.7,15.0,56,26.7857
ligunity_pocket_ranking,Q86UE8,0,极近 ≥0.7,1.0,9,11.1111
ligunity_pocket_ranking,Q86UE8,0,远 0.35–0.5,0.0,3,0.0000
ligunity_pocket_ranking,Q8N1C3,0,远 0.35–0.5,3.0,44,6.8182
ligunity_pocket_ranking,Q8N1C3,0,全新 <0.35,1.0,154,0.6494
ligunity_pocket_ranking,Q8N1C3,0,极近 ≥0.7,1.0,3,33.3333
ligunity_pocket_ranking,Q8WYB5,0,远 0.35–0.5,21.0,145,14.4828
ligunity_pocket_ranking,Q8WYB5,0,全新 <0.35,4.0,44,9.0909
ligunity_pocket_ranking,Q8WYB5,0,近 0.5–0.7,0.0,3,0.0000
ligunity_pocket_ranking,Q92551,0,极近 ≥0.7,0.0,3,0.0000
ligunity_pocket_ranking,Q92551,0,近 0.5–0.7,0.0,37,0.0000
ligunity_pocket_ranking,Q92551,0,远 0.35–0.5,0.0,135,0.0000
ligunity_pocket_ranking,Q92551,0,全新 <0.35,0.0,17,0.0000
ligunity_pocket_ranking,Q96DB2,0,极近 ≥0.7,4.0,22,18.1818
ligunity_pocket_ranking,Q96DB2,0,近 0.5–0.7,0.0,25,0.0000
ligunity_pocket_ranking,Q96DB2,0,远 0.35–0.5,0.0,23,0.0000
ligunity_pocket_ranking,Q96GX5,1,全新 <0.35,11.0,124,8.8710
ligunity_pocket_ranking,Q96GX5,1,远 0.35–0.5,3.0,130,2.3077
ligunity_pocket_ranking,Q96GX5,1,近 0.5–0.7,0.0,3,0.0000
ligunity_pocket_ranking,Q9H0K1,0,远 0.35–0.5,3.0,49,6.1224
ligunity_pocket_ranking,Q9H0K1,0,近 0.5–0.7,0.0,6,0.0000
ligunity_pocket_ranking,Q9H0K1,0,极近 ≥0.7,0.0,37,0.0000
ligunity_pocket_ranking,Q9H0K1,0,全新 <0.35,5.0,17,29.4118
ligunity_pocket_ranking,Q9HCE5,0,远 0.35–0.5,0.0,115,0.0000
ligunity_pocket_ranking,Q9HCE5,0,全新 <0.35,0.0,67,0.0000
ligunity_pocket_ranking,Q9HCE5,0,近 0.5–0.7,0.0,7,0.0000
ligunity_pocket_ranking,Q9HCE5,0,极近 ≥0.7,0.0,4,0.0000
ligunity_pocket_ranking,Q9NPH5,0,远 0.35–0.5,0.0,36,0.0000
ligunity_pocket_ranking,Q9NPH5,0,全新 <0.35,0.0,52,0.0000
ligunity_pocket_ranking,Q9NPH5,0,近 0.5–0.7,0.0,7,0.0000
ligunity_pocket_ranking,Q9NR19,0,远 0.35–0.5,0.0,127,0.0000
ligunity_pocket_ranking,Q9NR19,0,全新 <0.35,0.0,9,0.0000
ligunity_pocket_ranking,Q9NR19,0,近 0.5–0.7,0.0,6,0.0000
ligunity_pocket_ranking,Q9Y2I7,0,远 0.35–0.5,0.0,327,0.0000
ligunity_pocket_ranking,Q9Y2I7,0,近 0.5–0.7,0.0,43,0.0000
ligunity_pocket_ranking,Q9Y2I7,0,全新 <0.35,0.0,8,0.0000
ligunity_pocket_ranking,Q9Y2I7,0,极近 ≥0.7,0.0,16,0.0000
ligunity_protein_ranking,O15379,1,近 0.5–0.7,22.0,58,37.9310
ligunity_protein_ranking,O15379,1,极近 ≥0.7,41.0,69,59.4203
ligunity_protein_ranking,O15379,1,远 0.35–0.5,7.0,14,50.0000
ligunity_protein_ranking,O43353,1,近 0.5–0.7,100.0,179,55.8659
ligunity_protein_ranking,O43353,1,远 0.35–0.5,0.0,9,0.0000
ligunity_protein_ranking,O43353,1,极近 ≥0.7,26.0,58,44.8276
ligunity_protein_ranking,O60341,1,极近 ≥0.7,26.0,44,59.0909
ligunity_protein_ranking,O60341,1,近 0.5–0.7,6.0,27,22.2222
ligunity_protein_ranking,O60341,1,远 0.35–0.5,0.0,32,0.0000
ligunity_protein_ranking,O60674,1,极近 ≥0.7,27.0,122,22.1311
ligunity_protein_ranking,O60674,1,近 0.5–0.7,55.0,85,64.7059
ligunity_protein_ranking,O60674,1,远 0.35–0.5,9.0,21,42.8571
ligunity_protein_ranking,O60885,1,极近 ≥0.7,30.0,56,53.5714
ligunity_protein_ranking,O75469,1,极近 ≥0.7,41.0,78,52.5641
ligunity_protein_ranking,O75469,1,近 0.5–0.7,1.0,4,25.0000
ligunity_protein_ranking,P00734,1,极近 ≥0.7,22.0,145,15.1724
ligunity_protein_ranking,P00734,1,近 0.5–0.7,0.0,4,0.0000
ligunity_protein_ranking,P01116,1,远 0.35–0.5,0.0,7,0.0000
ligunity_protein_ranking,P01116,1,极近 ≥0.7,17.0,25,68.0000
ligunity_protein_ranking,P01116,1,近 0.5–0.7,0.0,17,0.0000
ligunity_protein_ranking,P06239,1,极近 ≥0.7,6.0,48,12.5000
ligunity_protein_ranking,P06239,1,近 0.5–0.7,8.0,17,47.0588
ligunity_protein_ranking,P06239,1,远 0.35–0.5,1.0,3,33.3333
ligunity_protein_ranking,P08581,1,近 0.5–0.7,3.0,10,30.0000
ligunity_protein_ranking,P08581,1,极近 ≥0.7,19.0,56,33.9286
ligunity_protein_ranking,P11362,1,极近 ≥0.7,15.0,28,53.5714
ligunity_protein_ranking,P11362,1,远 0.35–0.5,0.0,19,0.0000
ligunity_protein_ranking,P11362,1,近 0.5–0.7,1.0,8,12.5000
ligunity_protein_ranking,P12931,1,极近 ≥0.7,6.0,87,6.8966
ligunity_protein_ranking,P12931,1,近 0.5–0.7,0.0,4,0.0000
ligunity_protein_ranking,P15056,1,近 0.5–0.7,8.0,18,44.4444
ligunity_protein_ranking,P15056,1,远 0.35–0.5,1.0,7,14.2857
ligunity_protein_ranking,P15056,1,极近 ≥0.7,15.0,33,45.4545
ligunity_protein_ranking,P18031,1,远 0.35–0.5,0.0,7,0.0000
ligunity_protein_ranking,P18031,1,全新 <0.35,31.0,85,36.4706
ligunity_protein_ranking,P18031,1,近 0.5–0.7,1.0,6,16.6667
ligunity_protein_ranking,P18031,1,极近 ≥0.7,13.0,18,72.2222
ligunity_protein_ranking,P21554,1,极近 ≥0.7,23.0,30,76.6667
ligunity_protein_ranking,P21554,1,近 0.5–0.7,24.0,53,45.2830
ligunity_protein_ranking,P21554,1,远 0.35–0.5,4.0,16,25.0000
ligunity_protein_ranking,P22413,1,远 0.35–0.5,19.0,102,18.6275
ligunity_protein_ranking,P22413,1,全新 <0.35,1.0,38,2.6316
ligunity_protein_ranking,P22413,1,极近 ≥0.7,3.0,9,33.3333
ligunity_protein_ranking,P22413,1,近 0.5–0.7,8.0,40,20.0000
ligunity_protein_ranking,P22455,1,极近 ≥0.7,23.0,30,76.6667
ligunity_protein_ranking,P22455,1,远 0.35–0.5,0.0,19,0.0000
ligunity_protein_ranking,P22455,1,近 0.5–0.7,4.0,5,80.0000
ligunity_protein_ranking,P27338,1,极近 ≥0.7,22.0,43,51.1628
ligunity_protein_ranking,P27338,1,近 0.5–0.7,17.0,92,18.4783
ligunity_protein_ranking,P27338,1,远 0.35–0.5,0.0,20,0.0000
ligunity_protein_ranking,P28335,1,近 0.5–0.7,3.0,23,13.0435
ligunity_protein_ranking,P28335,1,远 0.35–0.5,12.0,29,41.3793
ligunity_protein_ranking,P28335,1,极近 ≥0.7,12.0,24,50.0000
ligunity_protein_ranking,P28335,1,全新 <0.35,2.0,4,50.0000
ligunity_protein_ranking,P30530,1,近 0.5–0.7,1.0,5,20.0000
ligunity_protein_ranking,P30530,1,极近 ≥0.7,23.0,45,51.1111
ligunity_protein_ranking,P31153,1,远 0.35–0.5,1.0,5,20.0000
ligunity_protein_ranking,P31153,1,全新 <0.35,0.0,5,0.0000
ligunity_protein_ranking,P31153,1,近 0.5–0.7,20.0,34,58.8235
ligunity_protein_ranking,P31153,1,极近 ≥0.7,12.0,19,63.1579
ligunity_protein_ranking,P34913,1,极近 ≥0.7,36.0,76,47.3684
ligunity_protein_ranking,P34913,1,近 0.5–0.7,28.0,48,58.3333
ligunity_protein_ranking,P34914,1,极近 ≥0.7,20.0,26,76.9231
ligunity_protein_ranking,P34914,1,远 0.35–0.5,0.0,13,0.0000
ligunity_protein_ranking,P34914,1,近 0.5–0.7,31.0,60,51.6667
ligunity_protein_ranking,P35968,1,近 0.5–0.7,0.0,39,0.0000
ligunity_protein_ranking,P35968,1,极近 ≥0.7,22.0,92,23.9130
ligunity_protein_ranking,P35968,1,远 0.35–0.5,0.0,5,0.0000
ligunity_protein_ranking,P36888,1,极近 ≥0.7,19.0,55,34.5455
ligunity_protein_ranking,P36888,1,近 0.5–0.7,4.0,17,23.5294
ligunity_protein_ranking,P36888,1,远 0.35–0.5,4.0,8,50.0000
ligunity_protein_ranking,P36888,1,全新 <0.35,4.0,4,100.0000
ligunity_protein_ranking,P41182,1,极近 ≥0.7,30.0,52,57.6923
ligunity_protein_ranking,P41182,1,近 0.5–0.7,3.0,11,27.2727
ligunity_protein_ranking,P47989,1,远 0.35–0.5,2.0,39,5.1282
ligunity_protein_ranking,P47989,1,近 0.5–0.7,1.0,8,12.5000
ligunity_protein_ranking,P47989,1,极近 ≥0.7,6.0,8,75.0000
ligunity_protein_ranking,P49327,1,极近 ≥0.7,339.0,656,51.6768
ligunity_protein_ranking,P49327,1,近 0.5–0.7,0.0,9,0.0000
ligunity_protein_ranking,P50406,1,极近 ≥0.7,14.0,21,66.6667
ligunity_protein_ranking,P50406,1,远 0.35–0.5,3.0,10,30.0000
ligunity_protein_ranking,P50406,1,近 0.5–0.7,14.0,36,38.8889
ligunity_protein_ranking,P52333,1,近 0.5–0.7,55.0,117,47.0085
ligunity_protein_ranking,P52333,1,极近 ≥0.7,63.0,119,52.9412
ligunity_protein_ranking,P52333,1,远 0.35–0.5,5.0,20,25.0000
ligunity_protein_ranking,P53634,1,近 0.5–0.7,20.0,44,45.4545
ligunity_protein_ranking,P53634,1,远 0.35–0.5,2.0,3,66.6667
ligunity_protein_ranking,P53634,1,极近 ≥0.7,5.0,8,62.5000
ligunity_protein_ranking,P53634,1,全新 <0.35,3.0,3,100.0000
ligunity_protein_ranking,P56817,1,极近 ≥0.7,54.0,154,35.0649
ligunity_protein_ranking,P56817,1,近 0.5–0.7,23.0,105,21.9048
ligunity_protein_ranking,Q05397,1,极近 ≥0.7,24.0,47,51.0638
ligunity_protein_ranking,Q05397,1,近 0.5–0.7,5.0,37,13.5135
ligunity_protein_ranking,Q05397,1,远 0.35–0.5,1.0,6,16.6667
ligunity_protein_ranking,Q13188,1,极近 ≥0.7,24.0,43,55.8140
ligunity_protein_ranking,Q13188,1,近 0.5–0.7,2.0,7,28.5714
ligunity_protein_ranking,Q13547,1,极近 ≥0.7,49.33333333333333,148,33.3333
ligunity_protein_ranking,Q13547,1,近 0.5–0.7,81.66666666666666,148,55.1802
ligunity_protein_ranking,Q13547,1,远 0.35–0.5,49.0,65,75.3846
ligunity_protein_ranking,Q13627,1,极近 ≥0.7,46.0,77,59.7403
ligunity_protein_ranking,Q13627,1,近 0.5–0.7,7.0,32,21.8750
ligunity_protein_ranking,Q16678,1,极近 ≥0.7,10.0,21,47.6190
ligunity_protein_ranking,Q16678,1,近 0.5–0.7,2.0,63,3.1746
ligunity_protein_ranking,Q16678,1,远 0.35–0.5,0.0,23,0.0000
ligunity_protein_ranking,Q92769,1,近 0.5–0.7,33.0,58,56.8966
ligunity_protein_ranking,Q92769,1,极近 ≥0.7,25.0,55,45.4545
ligunity_protein_ranking,Q92769,1,远 0.35–0.5,6.0,14,42.8571
ligunity_protein_ranking,Q92918,1,极近 ≥0.7,56.0,84,66.6667
ligunity_protein_ranking,Q92918,1,近 0.5–0.7,27.0,72,37.5000
ligunity_protein_ranking,Q92918,1,远 0.35–0.5,0.0,5,0.0000
ligunity_protein_ranking,Q9BY41,1,极近 ≥0.7,21.0,44,47.7273
ligunity_protein_ranking,Q9BY41,1,远 0.35–0.5,6.0,19,31.5789
ligunity_protein_ranking,Q9BY41,1,近 0.5–0.7,16.0,41,39.0244
ligunity_protein_ranking,Q9NWZ3,1,远 0.35–0.5,17.0,50,34.0000
ligunity_protein_ranking,Q9NWZ3,1,近 0.5–0.7,9.0,23,39.1304
ligunity_protein_ranking,Q9NWZ3,1,极近 ≥0.7,7.0,12,58.3333
ligunity_protein_ranking,Q9NWZ3,1,全新 <0.35,4.0,6,66.6667
ligunity_protein_ranking,Q9NZQ7,1,极近 ≥0.7,21.0,43,48.8372
ligunity_protein_ranking,Q9NZQ7,1,近 0.5–0.7,22.0,37,59.4595
ligunity_protein_ranking,Q9NZQ7,1,远 0.35–0.5,0.0,4,0.0000
ligunity_protein_ranking,Q9Y5Z0,1,极近 ≥0.7,77.0,136,56.6176
ligunity_protein_ranking,Q9Y5Z0,1,近 0.5–0.7,39.0,91,42.8571
ligunity_protein_ranking,O14684,1,远 0.35–0.5,13.0,114,11.4035
ligunity_protein_ranking,O14684,1,近 0.5–0.7,1.0,11,9.0909
ligunity_protein_ranking,O14744,1,极近 ≥0.7,26.0,32,81.2500
ligunity_protein_ranking,O14744,1,近 0.5–0.7,47.0,76,61.8421
ligunity_protein_ranking,O14744,1,远 0.35–0.5,306.0,555,55.1351
ligunity_protein_ranking,O14744,1,全新 <0.35,30.0,151,19.8675
ligunity_protein_ranking,O14757,1,近 0.5–0.7,7.0,19,36.8421
ligunity_protein_ranking,O14757,1,远 0.35–0.5,75.0,147,51.0204
ligunity_protein_ranking,O14757,1,全新 <0.35,12.0,24,50.0000
ligunity_protein_ranking,O15379,1,近 0.5–0.7,80.0,162,49.3827
ligunity_protein_ranking,O15379,1,极近 ≥0.7,11.0,36,30.5556
ligunity_protein_ranking,O15379,1,远 0.35–0.5,96.0,183,52.4590
ligunity_protein_ranking,O15379,1,全新 <0.35,20.0,32,62.5000
ligunity_protein_ranking,O43570,1,近 0.5–0.7,84.0,170,49.4118
ligunity_protein_ranking,O43570,1,极近 ≥0.7,4.0,18,22.2222
ligunity_protein_ranking,O43570,1,远 0.35–0.5,26.0,51,50.9804
ligunity_protein_ranking,O43613,1,远 0.35–0.5,41.0,83,49.3976
ligunity_protein_ranking,O43613,1,近 0.5–0.7,9.0,10,90.0000
ligunity_protein_ranking,O43613,1,全新 <0.35,0.0,6,0.0000
ligunity_protein_ranking,O43614,1,远 0.35–0.5,50.0,80,62.5000
ligunity_protein_ranking,O43614,1,全新 <0.35,0.0,56,0.0000
ligunity_protein_ranking,O43614,1,近 0.5–0.7,9.0,9,100.0000
ligunity_protein_ranking,O60341,1,近 0.5–0.7,113.0,198,57.0707
ligunity_protein_ranking,O60341,1,远 0.35–0.5,237.0,506,46.8379
ligunity_protein_ranking,O60341,1,全新 <0.35,29.0,80,36.2500
ligunity_protein_ranking,O60341,1,极近 ≥0.7,17.0,23,73.9130
ligunity_protein_ranking,O60502,1,远 0.35–0.5,76.0,136,55.8824
ligunity_protein_ranking,O60502,1,近 0.5–0.7,58.0,76,76.3158
ligunity_protein_ranking,O60502,1,全新 <0.35,20.0,89,22.4719
ligunity_protein_ranking,O60885,1,远 0.35–0.5,86.5,253,34.1897
ligunity_protein_ranking,O60885,1,全新 <0.35,23.0,59,38.9831
ligunity_protein_ranking,O60885,1,近 0.5–0.7,140.5,220,63.8636
ligunity_protein_ranking,O60885,1,极近 ≥0.7,36.0,44,81.8182
ligunity_protein_ranking,O75116,1,近 0.5–0.7,25.666666666666668,57,45.0292
ligunity_protein_ranking,O75116,1,远 0.35–0.5,85.66666666666667,212,40.4088
ligunity_protein_ranking,O75116,1,全新 <0.35,10.0,28,35.7143
ligunity_protein_ranking,O75116,1,极近 ≥0.7,3.0,4,75.0000
ligunity_protein_ranking,O75173,1,近 0.5–0.7,35.0,67,52.2388
ligunity_protein_ranking,O75173,1,远 0.35–0.5,7.0,15,46.6667
ligunity_protein_ranking,O75385,1,远 0.35–0.5,57.0,281,20.2847
ligunity_protein_ranking,O75385,1,近 0.5–0.7,7.0,19,36.8421
ligunity_protein_ranking,O75385,1,全新 <0.35,40.0,107,37.3832
ligunity_protein_ranking,O95497,1,远 0.35–0.5,28.0,88,31.8182
ligunity_protein_ranking,O95497,1,近 0.5–0.7,5.0,7,71.4286
ligunity_protein_ranking,O95497,1,全新 <0.35,1.0,22,4.5455
ligunity_protein_ranking,O95819,1,全新 <0.35,0.0,39,0.0000
ligunity_protein_ranking,O95819,1,远 0.35–0.5,0.0,24,0.0000
ligunity_protein_ranking,O96017,1,远 0.35–0.5,2.0,60,3.3333
ligunity_protein_ranking,O96017,1,近 0.5–0.7,1.0,5,20.0000
ligunity_protein_ranking,O96028,1,远 0.35–0.5,0.0,26,0.0000
ligunity_protein_ranking,O96028,1,全新 <0.35,0.0,33,0.0000
ligunity_protein_ranking,O96028,1,近 0.5–0.7,0.0,12,0.0000
ligunity_protein_ranking,O96028,1,极近 ≥0.7,0.0,6,0.0000
ligunity_protein_ranking,P00519,1,近 0.5–0.7,20.0,177,11.2994
ligunity_protein_ranking,P00519,1,远 0.35–0.5,23.0,108,21.2963
ligunity_protein_ranking,P00519,1,极近 ≥0.7,1.0,5,20.0000
ligunity_protein_ranking,P00519,1,全新 <0.35,0.0,4,0.0000
ligunity_protein_ranking,P00533,1,近 0.5–0.7,173.5,534,32.4906
ligunity_protein_ranking,P00533,1,远 0.35–0.5,149.0,972,15.3292
ligunity_protein_ranking,P00533,1,全新 <0.35,43.0,470,9.1489
ligunity_protein_ranking,P00533,1,极近 ≥0.7,9.0,71,12.6761
ligunity_protein_ranking,P00734,1,极近 ≥0.7,2.0,9,22.2222
ligunity_protein_ranking,P00734,1,近 0.5–0.7,27.0,45,60.0000
ligunity_protein_ranking,P00734,1,远 0.35–0.5,3.0,18,16.6667
ligunity_protein_ranking,P00742,1,近 0.5–0.7,17.0,41,41.4634
ligunity_protein_ranking,P00742,1,极近 ≥0.7,5.0,9,55.5556
ligunity_protein_ranking,P00742,1,远 0.35–0.5,9.0,16,56.2500
ligunity_protein_ranking,P00746,1,近 0.5–0.7,104.5,216,48.3796
ligunity_protein_ranking,P00746,1,远 0.35–0.5,57.5,110,52.2727
ligunity_protein_ranking,P00746,1,全新 <0.35,23.0,36,63.8889
ligunity_protein_ranking,P03372,1,远 0.35–0.5,9.0,110,8.1818
ligunity_protein_ranking,P03372,1,全新 <0.35,0.0,9,0.0000
ligunity_protein_ranking,P03372,1,近 0.5–0.7,18.0,98,18.3673
ligunity_protein_ranking,P03951,1,远 0.35–0.5,37.0,84,44.0476
ligunity_protein_ranking,P03951,1,全新 <0.35,8.0,14,57.1429
ligunity_protein_ranking,P03952,1,远 0.35–0.5,58.0,111,52.2523
ligunity_protein_ranking,P03952,1,全新 <0.35,9.0,16,56.2500
ligunity_protein_ranking,P03952,1,近 0.5–0.7,0.0,3,0.0000
ligunity_protein_ranking,P04150,1,近 0.5–0.7,14.0,23,60.8696
ligunity_protein_ranking,P04150,1,远 0.35–0.5,61.0,228,26.7544
ligunity_protein_ranking,P04150,1,全新 <0.35,11.333333333333334,35,32.3810
ligunity_protein_ranking,P04293,1,远 0.35–0.5,0.0,162,0.0000
ligunity_protein_ranking,P04293,1,全新 <0.35,0.0,193,0.0000
ligunity_protein_ranking,P04626,1,远 0.35–0.5,130.0,798,16.2907
ligunity_protein_ranking,P04626,1,近 0.5–0.7,18.0,89,20.2247
ligunity_protein_ranking,P04626,1,全新 <0.35,8.0,105,7.6190
ligunity_protein_ranking,P04626,1,极近 ≥0.7,3.0,12,25.0000
ligunity_protein_ranking,P06239,1,近 0.5–0.7,17.0,130,13.0769
ligunity_protein_ranking,P06239,1,极近 ≥0.7,1.0,16,6.2500
ligunity_protein_ranking,P06239,1,远 0.35–0.5,5.0,131,3.8168
ligunity_protein_ranking,P06239,1,全新 <0.35,1.0,438,0.2283
ligunity_protein_ranking,P06241,1,远 0.35–0.5,2.0,39,5.1282
ligunity_protein_ranking,P06241,1,近 0.5–0.7,1.0,10,10.0000
ligunity_protein_ranking,P06241,1,全新 <0.35,0.0,4,0.0000
ligunity_protein_ranking,P06276,1,近 0.5–0.7,56.0,87,64.3678
ligunity_protein_ranking,P06276,1,极近 ≥0.7,7.0,22,31.8182
ligunity_protein_ranking,P06276,1,远 0.35–0.5,6.0,28,21.4286
ligunity_protein_ranking,P07333,1,近 0.5–0.7,92.0,153,60.1307
ligunity_protein_ranking,P07333,1,远 0.35–0.5,174.0,505,34.4554
ligunity_protein_ranking,P07333,1,全新 <0.35,63.0,112,56.2500
ligunity_protein_ranking,P07333,1,极近 ≥0.7,0.0,3,0.0000
ligunity_protein_ranking,P07711,1,极近 ≥0.7,0.0,29,0.0000
ligunity_protein_ranking,P07711,1,远 0.35–0.5,11.0,18,61.1111
ligunity_protein_ranking,P07711,1,近 0.5–0.7,5.0,63,7.9365
ligunity_protein_ranking,P07711,1,全新 <0.35,0.0,3,0.0000
ligunity_protein_ranking,P07949,1,近 0.5–0.7,116.0,166,69.8795
ligunity_protein_ranking,P07949,1,远 0.35–0.5,12.0,83,14.4578
ligunity_protein_ranking,P07949,1,极近 ≥0.7,7.0,13,53.8462
ligunity_protein_ranking,P08069,1,极近 ≥0.7,14.0,34,41.1765
ligunity_protein_ranking,P08069,1,近 0.5–0.7,79.0,166,47.5904
ligunity_protein_ranking,P08069,1,远 0.35–0.5,25.0,158,15.8228
ligunity_protein_ranking,P08173,1,全新 <0.35,0.0,32,0.0000
ligunity_protein_ranking,P08173,1,远 0.35–0.5,7.0,38,18.4211
ligunity_protein_ranking,P08173,1,近 0.5–0.7,4.0,8,50.0000
ligunity_protein_ranking,P08581,1,远 0.35–0.5,100.0,367,27.2480
ligunity_protein_ranking,P08581,1,近 0.5–0.7,212.0,434,48.8479
ligunity_protein_ranking,P08581,1,极近 ≥0.7,9.0,17,52.9412
ligunity_protein_ranking,P08581,1,全新 <0.35,0.0,13,0.0000
ligunity_protein_ranking,P08908,1,全新 <0.35,1.0,5,20.0000
ligunity_protein_ranking,P08908,1,近 0.5–0.7,47.0,73,64.3836
ligunity_protein_ranking,P08908,1,远 0.35–0.5,43.0,126,34.1270
ligunity_protein_ranking,P08908,1,极近 ≥0.7,3.0,3,100.0000
ligunity_protein_ranking,P08922,1,近 0.5–0.7,8.0,21,38.0952
ligunity_protein_ranking,P08922,1,远 0.35–0.5,6.0,26,23.0769
ligunity_protein_ranking,P08922,1,极近 ≥0.7,3.0,3,100.0000
ligunity_protein_ranking,P0DMS8,1,远 0.35–0.5,19.0,33,57.5758
ligunity_protein_ranking,P0DMS8,1,全新 <0.35,2.0,10,20.0000
ligunity_protein_ranking,P0DMS8,1,近 0.5–0.7,4.0,6,66.6667
ligunity_protein_ranking,P10398,1,远 0.35–0.5,13.0,22,59.0909
ligunity_protein_ranking,P10398,1,近 0.5–0.7,33.0,80,41.2500
ligunity_protein_ranking,P11309,1,全新 <0.35,1.0,9,11.1111
ligunity_protein_ranking,P11309,1,远 0.35–0.5,1.0,27,3.7037
ligunity_protein_ranking,P11309,1,近 0.5–0.7,5.0,22,22.7273
ligunity_protein_ranking,P11309,1,极近 ≥0.7,5.0,8,62.5000
ligunity_protein_ranking,P11362,1,远 0.35–0.5,62.0,328,18.9024
ligunity_protein_ranking,P11362,1,近 0.5–0.7,55.0,101,54.4554
ligunity_protein_ranking,P11362,1,全新 <0.35,2.0,66,3.0303
ligunity_protein_ranking,P11362,1,极近 ≥0.7,3.0,6,50.0000
ligunity_protein_ranking,P11474,1,远 0.35–0.5,26.0,162,16.0494
ligunity_protein_ranking,P11474,1,全新 <0.35,9.0,35,25.7143
ligunity_protein_ranking,P11802,1,远 0.35–0.5,206.0,605,34.0496
ligunity_protein_ranking,P11802,1,全新 <0.35,9.0,691,1.3025
ligunity_protein_ranking,P11802,1,近 0.5–0.7,48.0,91,52.7473
ligunity_protein_ranking,P11802,1,极近 ≥0.7,14.0,15,93.3333
ligunity_protein_ranking,P14756,1,全新 <0.35,0.0,15,0.0000
ligunity_protein_ranking,P14756,1,远 0.35–0.5,19.0,39,48.7179
ligunity_protein_ranking,P14756,1,近 0.5–0.7,15.0,16,93.7500
ligunity_protein_ranking,P15428,1,远 0.35–0.5,98.0,281,34.8754
ligunity_protein_ranking,P15428,1,全新 <0.35,3.0,44,6.8182
ligunity_protein_ranking,P15428,1,近 0.5–0.7,27.0,36,75.0000
ligunity_protein_ranking,P18825,1,远 0.35–0.5,0.0,57,0.0000
ligunity_protein_ranking,P18825,1,全新 <0.35,0.0,67,0.0000
ligunity_protein_ranking,P20618,1,远 0.35–0.5,27.0,62,43.5484
ligunity_protein_ranking,P20618,1,近 0.5–0.7,4.0,11,36.3636
ligunity_protein_ranking,P21554,1,近 0.5–0.7,18.0,38,47.3684
ligunity_protein_ranking,P21554,1,极近 ≥0.7,4.0,6,66.6667
ligunity_protein_ranking,P21554,1,远 0.35–0.5,4.0,8,50.0000
ligunity_protein_ranking,P21802,1,远 0.35–0.5,132.0,326,40.4908
ligunity_protein_ranking,P21802,1,全新 <0.35,3.0,66,4.5455
ligunity_protein_ranking,P21802,1,近 0.5–0.7,68.0,90,75.5556
ligunity_protein_ranking,P22413,1,全新 <0.35,4.0,148,2.7027
ligunity_protein_ranking,P22413,1,远 0.35–0.5,38.0,299,12.7090
ligunity_protein_ranking,P22413,1,近 0.5–0.7,52.0,62,83.8710
ligunity_protein_ranking,P22413,1,极近 ≥0.7,14.0,15,93.3333
ligunity_protein_ranking,P22455,1,远 0.35–0.5,1.0,24,4.1667
ligunity_protein_ranking,P22455,1,极近 ≥0.7,16.0,24,66.6667
ligunity_protein_ranking,P22455,1,近 0.5–0.7,43.0,66,65.1515
ligunity_protein_ranking,P22607,1,远 0.35–0.5,101.5,261,38.8889
ligunity_protein_ranking,P22607,1,近 0.5–0.7,36.0,54,66.6667
ligunity_protein_ranking,P22607,1,全新 <0.35,3.0,65,4.6154
ligunity_protein_ranking,P22607,1,极近 ≥0.7,4.0,4,100.0000
ligunity_protein_ranking,P23458,1,近 0.5–0.7,133.0,219,60.7306
ligunity_protein_ranking,P23458,1,远 0.35–0.5,136.0,317,42.9022
ligunity_protein_ranking,P23458,1,极近 ≥0.7,23.0,35,65.7143
ligunity_protein_ranking,P23458,1,全新 <0.35,7.0,51,13.7255
ligunity_protein_ranking,P23946,1,全新 <0.35,8.0,19,42.1053
ligunity_protein_ranking,P23946,1,远 0.35–0.5,5.0,52,9.6154
ligunity_protein_ranking,P24941,1,远 0.35–0.5,134.0,740,18.1081
ligunity_protein_ranking,P24941,1,全新 <0.35,67.0,750,8.9333
ligunity_protein_ranking,P24941,1,近 0.5–0.7,84.0,136,61.7647
ligunity_protein_ranking,P24941,1,极近 ≥0.7,0.0,3,0.0000
ligunity_protein_ranking,P27338,1,近 0.5–0.7,17.0,53,32.0755
ligunity_protein_ranking,P27338,1,极近 ≥0.7,15.0,24,62.5000
ligunity_protein_ranking,P27338,1,远 0.35–0.5,7.0,45,15.5556
ligunity_protein_ranking,P27487,1,远 0.35–0.5,12.0,51,23.5294
ligunity_protein_ranking,P27487,1,近 0.5–0.7,18.0,47,38.2979
ligunity_protein_ranking,P27487,1,全新 <0.35,0.0,6,0.0000
ligunity_protein_ranking,P27487,1,极近 ≥0.7,6.0,12,50.0000
ligunity_protein_ranking,P28074,1,远 0.35–0.5,124.0,258,48.0620
ligunity_protein_ranking,P28074,1,近 0.5–0.7,24.0,42,57.1429
ligunity_protein_ranking,P28074,1,全新 <0.35,6.0,24,25.0000
ligunity_protein_ranking,P28335,1,近 0.5–0.7,36.5,70,52.1429
ligunity_protein_ranking,P28335,1,极近 ≥0.7,34.0,51,66.6667
ligunity_protein_ranking,P28335,1,远 0.35–0.5,12.0,80,15.0000
ligunity_protein_ranking,P28335,1,全新 <0.35,1.0,95,1.0526
ligunity_protein_ranking,P28482,1,近 0.5–0.7,9.0,21,42.8571
ligunity_protein_ranking,P28482,1,远 0.35–0.5,4.0,126,3.1746
ligunity_protein_ranking,P28482,1,全新 <0.35,0.0,518,0.0000
ligunity_protein_ranking,P29274,1,远 0.35–0.5,165.0,411,40.1460
ligunity_protein_ranking,P29274,1,全新 <0.35,79.0,325,24.3077
ligunity_protein_ranking,P29274,1,近 0.5–0.7,10.0,34,29.4118
ligunity_protein_ranking,P29274,1,极近 ≥0.7,0.0,7,0.0000
ligunity_protein_ranking,P29275,1,远 0.35–0.5,89.0,192,46.3542
ligunity_protein_ranking,P29275,1,全新 <0.35,60.0,163,36.8098
ligunity_protein_ranking,P29275,1,近 0.5–0.7,2.0,3,66.6667
ligunity_protein_ranking,P30530,1,远 0.35–0.5,136.0,450,30.2222
ligunity_protein_ranking,P30530,1,近 0.5–0.7,278.0,433,64.2032
ligunity_protein_ranking,P30530,1,极近 ≥0.7,17.0,20,85.0000
ligunity_protein_ranking,P30530,1,全新 <0.35,11.0,25,44.0000
ligunity_protein_ranking,P30542,1,近 0.5–0.7,8.0,9,88.8889
ligunity_protein_ranking,P30542,1,远 0.35–0.5,14.0,62,22.5806
ligunity_protein_ranking,P30542,1,极近 ≥0.7,3.0,3,100.0000
ligunity_protein_ranking,P30542,1,全新 <0.35,11.0,40,27.5000
ligunity_protein_ranking,P31391,1,远 0.35–0.5,1.0,80,1.2500
ligunity_protein_ranking,P31391,1,全新 <0.35,1.0,15,6.6667
ligunity_protein_ranking,P31391,1,近 0.5–0.7,0.0,5,0.0000
ligunity_protein_ranking,P31645,1,远 0.35–0.5,21.0,87,24.1379
ligunity_protein_ranking,P31645,1,近 0.5–0.7,9.0,11,81.8182
ligunity_protein_ranking,P31645,1,全新 <0.35,2.0,10,20.0000
ligunity_protein_ranking,P31749,1,极近 ≥0.7,11.0,19,57.8947
ligunity_protein_ranking,P31749,1,近 0.5–0.7,96.0,181,53.0387
ligunity_protein_ranking,P31749,1,远 0.35–0.5,2.0,13,15.3846
ligunity_protein_ranking,P31751,1,近 0.5–0.7,55.0,105,52.3810
ligunity_protein_ranking,P31751,1,极近 ≥0.7,5.0,8,62.5000
ligunity_protein_ranking,P31751,1,远 0.35–0.5,1.0,5,20.0000
ligunity_protein_ranking,P32245,1,全新 <0.35,0.0,184,0.0000
ligunity_protein_ranking,P32245,1,远 0.35–0.5,0.0,23,0.0000
ligunity_protein_ranking,P34914,1,近 0.5–0.7,43.0,85,50.5882
ligunity_protein_ranking,P34914,1,远 0.35–0.5,47.0,111,42.3423
ligunity_protein_ranking,P34972,1,全新 <0.35,22.0,43,51.1628
ligunity_protein_ranking,P34972,1,远 0.35–0.5,3.0,9,33.3333
ligunity_protein_ranking,P34972,1,近 0.5–0.7,3.0,10,30.0000
ligunity_protein_ranking,P35968,1,远 0.35–0.5,34.0,428,7.9439
ligunity_protein_ranking,P35968,1,近 0.5–0.7,69.16666666666667,477,14.5003
ligunity_protein_ranking,P35968,1,极近 ≥0.7,4.0,18,22.2222
ligunity_protein_ranking,P35968,1,全新 <0.35,0.0,4,0.0000
ligunity_protein_ranking,P36888,1,近 0.5–0.7,17.0,118,14.4068
ligunity_protein_ranking,P36888,1,远 0.35–0.5,50.0,291,17.1821
ligunity_protein_ranking,P36888,1,全新 <0.35,5.0,90,5.5556
ligunity_protein_ranking,P36888,1,极近 ≥0.7,5.0,7,71.4286
ligunity_protein_ranking,P39900,1,远 0.35–0.5,16.0,51,31.3725
ligunity_protein_ranking,P39900,1,全新 <0.35,13.0,32,40.6250
ligunity_protein_ranking,P41146,1,全新 <0.35,16.0,53,30.1887
ligunity_protein_ranking,P41240,1,极近 ≥0.7,5.0,13,38.4615
ligunity_protein_ranking,P41240,1,近 0.5–0.7,8.0,116,6.8966
ligunity_protein_ranking,P41240,1,远 0.35–0.5,0.0,45,0.0000
ligunity_protein_ranking,P42330,1,近 0.5–0.7,13.0,41,31.7073
ligunity_protein_ranking,P42330,1,远 0.35–0.5,5.0,33,15.1515
ligunity_protein_ranking,P42330,1,极近 ≥0.7,2.0,3,66.6667
ligunity_protein_ranking,P42345,1,全新 <0.35,0.0,6,0.0000
ligunity_protein_ranking,P42345,1,近 0.5–0.7,0.0,46,0.0000
ligunity_protein_ranking,P42345,1,极近 ≥0.7,0.0,8,0.0000
ligunity_protein_ranking,P42345,1,远 0.35–0.5,0.0,20,0.0000
ligunity_protein_ranking,P43405,1,近 0.5–0.7,27.0,38,71.0526
ligunity_protein_ranking,P43405,1,远 0.35–0.5,19.0,57,33.3333
ligunity_protein_ranking,P43405,1,全新 <0.35,0.0,3,0.0000
ligunity_protein_ranking,P43405,1,极近 ≥0.7,5.0,6,83.3333
ligunity_protein_ranking,P43490,1,近 0.5–0.7,106.33333333333333,202,52.6403
ligunity_protein_ranking,P43490,1,全新 <0.35,2.0,10,20.0000
ligunity_protein_ranking,P43490,1,远 0.35–0.5,123.66666666666667,246,50.2710
ligunity_protein_ranking,P43490,1,极近 ≥0.7,10.0,24,41.6667
ligunity_protein_ranking,P47205,1,近 0.5–0.7,71.0,89,79.7753
ligunity_protein_ranking,P47205,1,远 0.35–0.5,1.0,37,2.7027
ligunity_protein_ranking,P47205,1,全新 <0.35,0.0,17,0.0000
ligunity_protein_ranking,P47205,1,极近 ≥0.7,3.0,4,75.0000
ligunity_protein_ranking,P48729,1,近 0.5–0.7,1.0,35,2.8571
ligunity_protein_ranking,P48729,1,远 0.35–0.5,28.0,91,30.7692
ligunity_protein_ranking,P48729,1,全新 <0.35,0.0,8,0.0000
ligunity_protein_ranking,P48730,1,近 0.5–0.7,6.0,43,13.9535
ligunity_protein_ranking,P48730,1,远 0.35–0.5,23.0,94,24.4681
ligunity_protein_ranking,P48730,1,全新 <0.35,0.0,7,0.0000
ligunity_protein_ranking,P49759,1,全新 <0.35,26.0,121,21.4876
ligunity_protein_ranking,P49759,1,远 0.35–0.5,2.0,7,28.5714
ligunity_protein_ranking,P49759,1,近 0.5–0.7,2.0,5,40.0000
ligunity_protein_ranking,P49760,1,近 0.5–0.7,32.0,77,41.5584
ligunity_protein_ranking,P49760,1,全新 <0.35,36.0,123,29.2683
ligunity_protein_ranking,P49760,1,远 0.35–0.5,27.0,56,48.2143
ligunity_protein_ranking,P49841,1,远 0.35–0.5,440.33333333333337,645,68.2687
ligunity_protein_ranking,P49841,1,全新 <0.35,166.66666666666669,651,25.6016
ligunity_protein_ranking,P49841,1,近 0.5–0.7,58.0,109,53.2110
ligunity_protein_ranking,P50053,1,远 0.35–0.5,52.0,298,17.4497
ligunity_protein_ranking,P50053,1,全新 <0.35,154.4,636,24.2767
ligunity_protein_ranking,P50053,1,近 0.5–0.7,8.0,9,88.8889
ligunity_protein_ranking,P50406,1,近 0.5–0.7,15.0,31,48.3871
ligunity_protein_ranking,P50406,1,远 0.35–0.5,4.0,23,17.3913
ligunity_protein_ranking,P51531,1,近 0.5–0.7,1.0,17,5.8824
ligunity_protein_ranking,P51531,1,远 0.35–0.5,2.0,52,3.8462
ligunity_protein_ranking,P51531,1,全新 <0.35,0.0,22,0.0000
ligunity_protein_ranking,P51532,1,近 0.5–0.7,1.0,17,5.8824
ligunity_protein_ranking,P51532,1,远 0.35–0.5,2.0,49,4.0816
ligunity_protein_ranking,P51532,1,全新 <0.35,0.0,16,0.0000
ligunity_protein_ranking,P53350,1,远 0.35–0.5,5.0,12,41.6667
ligunity_protein_ranking,P53350,1,极近 ≥0.7,0.0,11,0.0000
ligunity_protein_ranking,P53350,1,近 0.5–0.7,7.0,84,8.3333
ligunity_protein_ranking,P53396,1,远 0.35–0.5,4.0,7,57.1429
ligunity_protein_ranking,P53396,1,全新 <0.35,27.0,51,52.9412
ligunity_protein_ranking,P53634,1,近 0.5–0.7,108.0,165,65.4545
ligunity_protein_ranking,P53634,1,远 0.35–0.5,57.0,129,44.1860
ligunity_protein_ranking,P53634,1,全新 <0.35,17.0,106,16.0377
ligunity_protein_ranking,P53634,1,极近 ≥0.7,12.0,15,80.0000
ligunity_protein_ranking,P53667,1,近 0.5–0.7,10.0,12,83.3333
ligunity_protein_ranking,P53667,1,远 0.35–0.5,19.0,48,39.5833
ligunity_protein_ranking,P53671,1,近 0.5–0.7,13.0,16,81.2500
ligunity_protein_ranking,P53671,1,远 0.35–0.5,19.0,48,39.5833
ligunity_protein_ranking,P53779,1,极近 ≥0.7,2.0,9,22.2222
ligunity_protein_ranking,P53779,1,近 0.5–0.7,20.0,35,57.1429
ligunity_protein_ranking,P53779,1,远 0.35–0.5,3.0,21,14.2857
ligunity_protein_ranking,P56817,1,近 0.5–0.7,39.5,213,18.5446
ligunity_protein_ranking,P56817,1,远 0.35–0.5,9.0,87,10.3448
ligunity_protein_ranking,P56817,1,极近 ≥0.7,13.0,50,26.0000
ligunity_protein_ranking,P61073,1,近 0.5–0.7,9.0,39,23.0769
ligunity_protein_ranking,P61073,1,远 0.35–0.5,0.0,5,0.0000
ligunity_protein_ranking,P61073,1,极近 ≥0.7,0.0,5,0.0000
ligunity_protein_ranking,P61073,1,全新 <0.35,0.0,3,0.0000
ligunity_protein_ranking,P61964,1,远 0.35–0.5,16.0,37,43.2432
ligunity_protein_ranking,P61964,1,近 0.5–0.7,6.0,8,75.0000
ligunity_protein_ranking,P61964,1,极近 ≥0.7,2.0,5,40.0000
ligunity_protein_ranking,P78527,1,近 0.5–0.7,112.0,131,85.4962
ligunity_protein_ranking,P78527,1,远 0.35–0.5,98.0,346,28.3237
ligunity_protein_ranking,P78527,1,全新 <0.35,24.0,144,16.6667
ligunity_protein_ranking,P78527,1,极近 ≥0.7,11.0,11,100.0000
ligunity_protein_ranking,P80192,1,远 0.35–0.5,2.0,33,6.0606
ligunity_protein_ranking,P80192,1,全新 <0.35,4.0,25,16.0000
ligunity_protein_ranking,Q03111,1,远 0.35–0.5,7.0,81,8.6420
ligunity_protein_ranking,Q03111,1,全新 <0.35,1.0,15,6.6667
ligunity_protein_ranking,Q03111,1,近 0.5–0.7,2.0,4,50.0000
ligunity_protein_ranking,Q06124,1,远 0.35–0.5,130.0,263,49.4297
ligunity_protein_ranking,Q06124,1,近 0.5–0.7,93.0,155,60.0000
ligunity_protein_ranking,Q06124,1,全新 <0.35,15.0,52,28.8462
ligunity_protein_ranking,Q06124,1,极近 ≥0.7,10.0,17,58.8235
ligunity_protein_ranking,Q06187,1,近 0.5–0.7,215.5,324,66.5123
ligunity_protein_ranking,Q06187,1,远 0.35–0.5,190.5,515,36.9903
ligunity_protein_ranking,Q06187,1,全新 <0.35,4.0,54,7.4074
ligunity_protein_ranking,Q06187,1,极近 ≥0.7,80.0,84,95.2381
ligunity_protein_ranking,Q07817,1,近 0.5–0.7,121.0,123,98.3740
ligunity_protein_ranking,Q07817,1,远 0.35–0.5,31.0,57,54.3860
ligunity_protein_ranking,Q07817,1,全新 <0.35,26.0,197,13.1980
ligunity_protein_ranking,Q09472,1,近 0.5–0.7,26.0,38,68.4211
ligunity_protein_ranking,Q09472,1,全新 <0.35,4.0,7,57.1429
ligunity_protein_ranking,Q09472,1,远 0.35–0.5,22.0,59,37.2881
ligunity_protein_ranking,Q09472,1,极近 ≥0.7,6.0,8,75.0000
ligunity_protein_ranking,Q13315,1,远 0.35–0.5,30.0,147,20.4082
ligunity_protein_ranking,Q13315,1,极近 ≥0.7,7.0,7,100.0000
ligunity_protein_ranking,Q13315,1,近 0.5–0.7,39.0,47,82.9787
ligunity_protein_ranking,Q13315,1,全新 <0.35,5.0,15,33.3333
ligunity_protein_ranking,Q13464,1,近 0.5–0.7,17.0,27,62.9630
ligunity_protein_ranking,Q13464,1,远 0.35–0.5,34.5,152,22.6974
ligunity_protein_ranking,Q13464,1,全新 <0.35,1.0,3,33.3333
ligunity_protein_ranking,Q13546,1,远 0.35–0.5,141.5,462,30.6277
ligunity_protein_ranking,Q13546,1,全新 <0.35,25.0,85,29.4118
ligunity_protein_ranking,Q13546,1,近 0.5–0.7,20.0,41,48.7805
ligunity_protein_ranking,Q13547,1,近 0.5–0.7,215.5,394,54.6954
ligunity_protein_ranking,Q13547,1,远 0.35–0.5,239.5,481,49.7921
ligunity_protein_ranking,Q13547,1,极近 ≥0.7,32.0,85,37.6471
ligunity_protein_ranking,Q13547,1,全新 <0.35,33.0,84,39.2857
ligunity_protein_ranking,Q14145,1,远 0.35–0.5,5.0,32,15.6250
ligunity_protein_ranking,Q14145,1,极近 ≥0.7,5.0,7,71.4286
ligunity_protein_ranking,Q14145,1,近 0.5–0.7,52.0,75,69.3333
ligunity_protein_ranking,Q14145,1,全新 <0.35,1.0,10,10.0000
ligunity_protein_ranking,Q14833,1,远 0.35–0.5,0.0,117,0.0000
ligunity_protein_ranking,Q14833,1,全新 <0.35,0.0,54,0.0000
ligunity_protein_ranking,Q15125,1,全新 <0.35,3.0,120,2.5000
ligunity_protein_ranking,Q15125,1,远 0.35–0.5,1.0,55,1.8182
ligunity_protein_ranking,Q15858,1,远 0.35–0.5,70.0,296,23.6486
ligunity_protein_ranking,Q15858,1,全新 <0.35,17.0,273,6.2271
ligunity_protein_ranking,Q15858,1,近 0.5–0.7,27.0,91,29.6703
ligunity_protein_ranking,Q15910,1,全新 <0.35,0.0,56,0.0000
ligunity_protein_ranking,Q15910,1,远 0.35–0.5,20.0,53,37.7358
ligunity_protein_ranking,Q15910,1,近 0.5–0.7,295.0,532,55.4511
ligunity_protein_ranking,Q15910,1,极近 ≥0.7,9.0,94,9.5745
ligunity_protein_ranking,Q16288,1,近 0.5–0.7,13.0,49,26.5306
ligunity_protein_ranking,Q16288,1,极近 ≥0.7,1.0,5,20.0000
ligunity_protein_ranking,Q16288,1,远 0.35–0.5,13.0,84,15.4762
ligunity_protein_ranking,Q16288,1,全新 <0.35,2.0,28,7.1429
ligunity_protein_ranking,Q16552,1,全新 <0.35,24.0,176,13.6364
ligunity_protein_ranking,Q16552,1,远 0.35–0.5,17.0,86,19.7674
ligunity_protein_ranking,Q16620,1,近 0.5–0.7,14.0,59,23.7288
ligunity_protein_ranking,Q16620,1,极近 ≥0.7,1.0,5,20.0000
ligunity_protein_ranking,Q16620,1,远 0.35–0.5,12.0,115,10.4348
ligunity_protein_ranking,Q16620,1,全新 <0.35,2.0,9,22.2222
ligunity_protein_ranking,Q16769,1,近 0.5–0.7,13.0,17,76.4706
ligunity_protein_ranking,Q16769,1,远 0.35–0.5,5.0,38,13.1579
ligunity_protein_ranking,Q16769,1,极近 ≥0.7,9.0,12,75.0000
ligunity_protein_ranking,Q32ZE1,1,远 0.35–0.5,0.0,119,0.0000
ligunity_protein_ranking,Q32ZE1,1,全新 <0.35,0.0,31,0.0000
ligunity_protein_ranking,Q6V1X1,1,近 0.5–0.7,3.0,9,33.3333
ligunity_protein_ranking,Q6V1X1,1,远 0.35–0.5,29.5,59,50.0000
ligunity_protein_ranking,Q72547,1,近 0.5–0.7,23.0,53,43.3962
ligunity_protein_ranking,Q72547,1,极近 ≥0.7,9.0,9,100.0000
ligunity_protein_ranking,Q86TI2,1,近 0.5–0.7,3.0,9,33.3333
ligunity_protein_ranking,Q86TI2,1,远 0.35–0.5,23.0,47,48.9362
ligunity_protein_ranking,Q86W56,1,远 0.35–0.5,89.33333333333333,171,52.2417
ligunity_protein_ranking,Q86W56,1,近 0.5–0.7,59.0,128,46.0938
ligunity_protein_ranking,Q86W56,1,极近 ≥0.7,25.666666666666664,42,61.1111
ligunity_protein_ranking,Q86WV6,1,近 0.5–0.7,19.0,20,95.0000
ligunity_protein_ranking,Q86WV6,1,极近 ≥0.7,8.0,8,100.0000
ligunity_protein_ranking,Q86WV6,1,远 0.35–0.5,23.0,66,34.8485
ligunity_protein_ranking,Q86WV6,1,全新 <0.35,5.0,76,6.5789
ligunity_protein_ranking,Q8IVH8,1,全新 <0.35,0.0,164,0.0000
ligunity_protein_ranking,Q8IVH8,1,远 0.35–0.5,1.0,162,0.6173
ligunity_protein_ranking,Q8IVH8,1,近 0.5–0.7,1.0,6,16.6667
ligunity_protein_ranking,Q8N884,1,远 0.35–0.5,34.0,76,44.7368
ligunity_protein_ranking,Q8N884,1,近 0.5–0.7,10.0,12,83.3333
ligunity_protein_ranking,Q8N884,1,全新 <0.35,55.0,218,25.2294
ligunity_protein_ranking,Q8NEB9,1,全新 <0.35,10.0,37,27.0270
ligunity_protein_ranking,Q8NEB9,1,远 0.35–0.5,11.0,20,55.0000
ligunity_protein_ranking,Q8R4B8,1,全新 <0.35,1.0,38,2.6316
ligunity_protein_ranking,Q8R4B8,1,近 0.5–0.7,3.0,5,60.0000
ligunity_protein_ranking,Q8R4B8,1,远 0.35–0.5,3.0,14,21.4286
ligunity_protein_ranking,Q92633,1,全新 <0.35,2.0,479,0.4175
ligunity_protein_ranking,Q92633,1,远 0.35–0.5,0.0,80,0.0000
ligunity_protein_ranking,Q92769,1,极近 ≥0.7,16.0,35,45.7143
ligunity_protein_ranking,Q92769,1,近 0.5–0.7,72.0,130,55.3846
ligunity_protein_ranking,Q92769,1,远 0.35–0.5,74.0,140,52.8571
ligunity_protein_ranking,Q92769,1,全新 <0.35,11.0,33,33.3333
ligunity_protein_ranking,Q92793,1,近 0.5–0.7,60.0,60,100.0000
ligunity_protein_ranking,Q92793,1,极近 ≥0.7,7.0,7,100.0000
ligunity_protein_ranking,Q92793,1,全新 <0.35,5.0,301,1.6611
ligunity_protein_ranking,Q92793,1,远 0.35–0.5,19.0,69,27.5362
ligunity_protein_ranking,Q92993,1,远 0.35–0.5,0.0,70,0.0000
ligunity_protein_ranking,Q92993,1,近 0.5–0.7,0.0,3,0.0000
ligunity_protein_ranking,Q92993,1,全新 <0.35,0.0,20,0.0000
ligunity_protein_ranking,Q93009,1,近 0.5–0.7,124.0,184,67.3913
ligunity_protein_ranking,Q93009,1,远 0.35–0.5,1.0,70,1.4286
ligunity_protein_ranking,Q93009,1,极近 ≥0.7,25.0,39,64.1026
ligunity_protein_ranking,Q96RI1,1,远 0.35–0.5,1.0,7,14.2857
ligunity_protein_ranking,Q96RI1,1,近 0.5–0.7,21.0,43,48.8372
ligunity_protein_ranking,Q96RI1,1,极近 ≥0.7,9.0,11,81.8182
ligunity_protein_ranking,Q99640,1,近 0.5–0.7,77.0,88,87.5000
ligunity_protein_ranking,Q99640,1,极近 ≥0.7,3.0,3,100.0000
ligunity_protein_ranking,Q99640,1,全新 <0.35,2.0,126,1.5873
ligunity_protein_ranking,Q99640,1,远 0.35–0.5,21.0,69,30.4348
ligunity_protein_ranking,Q99683,1,近 0.5–0.7,35.0,64,54.6875
ligunity_protein_ranking,Q99683,1,远 0.35–0.5,2.0,6,33.3333
ligunity_protein_ranking,Q99683,1,极近 ≥0.7,2.0,4,50.0000
ligunity_protein_ranking,Q99814,1,全新 <0.35,29.0,113,25.6637
ligunity_protein_ranking,Q9BY41,1,近 0.5–0.7,67.0,87,77.0115
ligunity_protein_ranking,Q9BY41,1,远 0.35–0.5,69.0,248,27.8226
ligunity_protein_ranking,Q9BY41,1,全新 <0.35,14.0,44,31.8182
ligunity_protein_ranking,Q9BY41,1,极近 ≥0.7,9.0,14,64.2857
ligunity_protein_ranking,Q9H3N8,1,极近 ≥0.7,11.0,12,91.6667
ligunity_protein_ranking,Q9H3N8,1,近 0.5–0.7,17.0,38,44.7368
ligunity_protein_ranking,Q9H3N8,1,远 0.35–0.5,1.0,5,20.0000
ligunity_protein_ranking,Q9H8M2,1,近 0.5–0.7,29.0,60,48.3333
ligunity_protein_ranking,Q9H8M2,1,远 0.35–0.5,167.0,315,53.0159
ligunity_protein_ranking,Q9H8M2,1,全新 <0.35,3.0,12,25.0000
ligunity_protein_ranking,Q9H8M2,1,极近 ≥0.7,1.0,4,25.0000
ligunity_protein_ranking,Q9HAZ1,1,全新 <0.35,29.0,121,23.9669
ligunity_protein_ranking,Q9HAZ1,1,远 0.35–0.5,4.0,9,44.4444
ligunity_protein_ranking,Q9HAZ1,1,近 0.5–0.7,2.0,4,50.0000
ligunity_protein_ranking,Q9HBH9,1,近 0.5–0.7,16.0,28,57.1429
ligunity_protein_ranking,Q9HBH9,1,远 0.35–0.5,17.0,75,22.6667
ligunity_protein_ranking,Q9NSY1,1,全新 <0.35,0.0,16,0.0000
ligunity_protein_ranking,Q9NSY1,1,远 0.35–0.5,1.0,52,1.9231
ligunity_protein_ranking,Q9NWZ3,1,近 0.5–0.7,125.0,237,52.7426
ligunity_protein_ranking,Q9NWZ3,1,远 0.35–0.5,350.6666666666667,925,37.9099
ligunity_protein_ranking,Q9NWZ3,1,全新 <0.35,52.33333333333333,294,17.8005
ligunity_protein_ranking,Q9NYV4,1,极近 ≥0.7,19.0,33,57.5758
ligunity_protein_ranking,Q9NYV4,1,远 0.35–0.5,29.0,115,25.2174
ligunity_protein_ranking,Q9NYV4,1,近 0.5–0.7,16.0,63,25.3968
ligunity_protein_ranking,Q9NYV4,1,全新 <0.35,59.0,71,83.0986
ligunity_protein_ranking,Q9Y5Y9,1,全新 <0.35,37.0,194,19.0722
ligunity_protein_ranking,Q9Y5Y9,1,远 0.35–0.5,209.0,375,55.7333
ligunity_protein_ranking,Q9Y5Y9,1,近 0.5–0.7,5.0,63,7.9365
ligunity_protein_ranking,Q9Y5Z0,1,近 0.5–0.7,107.0,193,55.4404
ligunity_protein_ranking,Q9Y5Z0,1,远 0.35–0.5,19.0,77,24.6753
ligunity_protein_ranking,Q9Y5Z0,1,极近 ≥0.7,36.0,47,76.5957
ligunity_protein_ranking,C7FF05,0,远 0.35–0.5,7.0,42,16.6667
ligunity_protein_ranking,C7FF05,0,极近 ≥0.7,4.0,13,30.7692
ligunity_protein_ranking,C7FF05,0,近 0.5–0.7,10.0,35,28.5714
ligunity_protein_ranking,O14638,0,全新 <0.35,0.0,50,0.0000
ligunity_protein_ranking,O14638,0,远 0.35–0.5,0.0,40,0.0000
ligunity_protein_ranking,O94921,0,远 0.35–0.5,0.0,38,0.0000
ligunity_protein_ranking,O94921,0,近 0.5–0.7,4.0,59,6.7797
ligunity_protein_ranking,P01111,0,全新 <0.35,7.0,469,1.4925
ligunity_protein_ranking,P05622,0,近 0.5–0.7,0.0,106,0.0000
ligunity_protein_ranking,P05622,0,极近 ≥0.7,1.0,48,2.0833
ligunity_protein_ranking,P05622,0,远 0.35–0.5,0.0,163,0.0000
ligunity_protein_ranking,P05622,0,全新 <0.35,0.0,61,0.0000
ligunity_protein_ranking,P08519,1,全新 <0.35,16.0,28,57.1429
ligunity_protein_ranking,P08519,1,远 0.35–0.5,14.0,47,29.7872
ligunity_protein_ranking,P28347,0,全新 <0.35,0.0,96,0.0000
ligunity_protein_ranking,P28347,0,远 0.35–0.5,2.0,137,1.4599
ligunity_protein_ranking,P28347,0,近 0.5–0.7,0.0,5,0.0000
ligunity_protein_ranking,P37288,0,远 0.35–0.5,5.0,26,19.2308
ligunity_protein_ranking,P37288,0,全新 <0.35,2.0,82,2.4390
ligunity_protein_ranking,P43220,1,极近 ≥0.7,0.0,8,0.0000
ligunity_protein_ranking,P43220,1,远 0.35–0.5,3.0,24,12.5000
ligunity_protein_ranking,P43220,1,全新 <0.35,14.0,83,16.8675
ligunity_protein_ranking,P43220,1,近 0.5–0.7,0.0,14,0.0000
ligunity_protein_ranking,P56528,0,远 0.35–0.5,0.0,96,0.0000
ligunity_protein_ranking,P56528,0,全新 <0.35,0.0,6,0.0000
ligunity_protein_ranking,P97821,0,近 0.5–0.7,31.0,63,49.2063
ligunity_protein_ranking,P97821,0,远 0.35–0.5,5.0,6,83.3333
ligunity_protein_ranking,P97821,0,极近 ≥0.7,6.0,14,42.8571
ligunity_protein_ranking,Q15562,1,远 0.35–0.5,1.0,99,1.0101
ligunity_protein_ranking,Q15562,1,全新 <0.35,0.0,81,0.0000
ligunity_protein_ranking,Q15878,0,全新 <0.35,0.0,88,0.0000
ligunity_protein_ranking,Q15878,0,远 0.35–0.5,0.0,63,0.0000
ligunity_protein_ranking,Q92830,0,全新 <0.35,0.0,152,0.0000
ligunity_protein_ranking,Q92830,0,远 0.35–0.5,0.0,7,0.0000
ligunity_protein_ranking,Q96LB1,0,远 0.35–0.5,0.0,15,0.0000
ligunity_protein_ranking,Q96LB1,0,全新 <0.35,0.0,42,0.0000
ligunity_protein_ranking,Q96LB1,0,近 0.5–0.7,0.0,10,0.0000
ligunity_protein_ranking,Q99594,0,远 0.35–0.5,1.0,56,1.7857
ligunity_protein_ranking,Q99594,0,全新 <0.35,0.0,46,0.0000
ligunity_protein_ranking,J9SQF3,0,远 0.35–0.5,0.0,612,0.0000
ligunity_protein_ranking,J9SQF3,0,全新 <0.35,0.0,38,0.0000
ligunity_protein_ranking,O00411,0,远 0.35–0.5,0.0,191,0.0000
ligunity_protein_ranking,O00411,0,全新 <0.35,0.0,13,0.0000
ligunity_protein_ranking,O00411,0,近 0.5–0.7,0.0,23,0.0000
ligunity_protein_ranking,O00443,1,极近 ≥0.7,0.0,5,0.0000
ligunity_protein_ranking,O00443,1,远 0.35–0.5,0.0,54,0.0000
ligunity_protein_ranking,O00443,1,近 0.5–0.7,0.0,38,0.0000
ligunity_protein_ranking,O14578,0,近 0.5–0.7,24.0,51,47.0588
ligunity_protein_ranking,O14578,0,远 0.35–0.5,30.0,98,30.6122
ligunity_protein_ranking,O14578,0,极近 ≥0.7,2.0,3,66.6667
ligunity_protein_ranking,O14874,0,远 0.35–0.5,0.0,78,0.0000
ligunity_protein_ranking,O14874,0,近 0.5–0.7,0.0,24,0.0000
ligunity_protein_ranking,O14874,0,全新 <0.35,0.0,3,0.0000
ligunity_protein_ranking,O42275,0,近 0.5–0.7,31.0,52,59.6154
ligunity_protein_ranking,O42275,0,极近 ≥0.7,30.0,46,65.2174
ligunity_protein_ranking,O42275,0,远 0.35–0.5,0.0,19,0.0000
ligunity_protein_ranking,O60427,0,远 0.35–0.5,0.0,77,0.0000
ligunity_protein_ranking,O60427,0,全新 <0.35,0.0,158,0.0000
ligunity_protein_ranking,O88634,0,全新 <0.35,0.0,41,0.0000
ligunity_protein_ranking,O88634,0,远 0.35–0.5,0.0,21,0.0000
ligunity_protein_ranking,O88634,0,近 0.5–0.7,0.0,4,0.0000
ligunity_protein_ranking,O94782,0,全新 <0.35,0.0,326,0.0000
ligunity_protein_ranking,O94782,0,远 0.35–0.5,0.0,73,0.0000
ligunity_protein_ranking,O94782,0,近 0.5–0.7,0.0,5,0.0000
ligunity_protein_ranking,O95835,0,远 0.35–0.5,0.0,67,0.0000
ligunity_protein_ranking,O95835,0,全新 <0.35,0.0,4,0.0000
ligunity_protein_ranking,P08546,0,全新 <0.35,0.0,47,0.0000
ligunity_protein_ranking,P08546,0,远 0.35–0.5,0.0,35,0.0000
ligunity_protein_ranking,P09871,0,远 0.35–0.5,38.0,108,35.1852
ligunity_protein_ranking,P09871,0,全新 <0.35,151.0,313,48.2428
ligunity_protein_ranking,P0AES4,0,远 0.35–0.5,40.0,80,50.0000
ligunity_protein_ranking,P0AES4,0,极近 ≥0.7,2.0,10,20.0000
ligunity_protein_ranking,P0AES4,0,近 0.5–0.7,7.0,31,22.5806
ligunity_protein_ranking,P0AES4,0,全新 <0.35,0.0,12,0.0000
ligunity_protein_ranking,P14060,0,远 0.35–0.5,0.0,29,0.0000
ligunity_protein_ranking,P14060,0,全新 <0.35,0.0,45,0.0000
ligunity_protein_ranking,P14416,0,极近 ≥0.7,21.0,44,47.7273
ligunity_protein_ranking,P14416,0,远 0.35–0.5,64.0,157,40.7643
ligunity_protein_ranking,P14416,0,近 0.5–0.7,69.0,113,61.0619
ligunity_protein_ranking,P14416,0,全新 <0.35,0.0,6,0.0000
ligunity_protein_ranking,P16788,0,全新 <0.35,0.0,214,0.0000
ligunity_protein_ranking,P16788,0,远 0.35–0.5,0.0,240,0.0000
ligunity_protein_ranking,P17927,0,极近 ≥0.7,28.5,54,52.7778
ligunity_protein_ranking,P17927,0,近 0.5–0.7,5.5,15,36.6667
ligunity_protein_ranking,P17948,1,近 0.5–0.7,7.0,49,14.2857
ligunity_protein_ranking,P17948,1,远 0.35–0.5,2.0,21,9.5238
ligunity_protein_ranking,P17948,1,极近 ≥0.7,7.0,22,31.8182
ligunity_protein_ranking,P19525,0,近 0.5–0.7,0.0,38,0.0000
ligunity_protein_ranking,P19525,0,远 0.35–0.5,0.0,57,0.0000
ligunity_protein_ranking,P19525,0,极近 ≥0.7,0.0,82,0.0000
ligunity_protein_ranking,P19525,0,全新 <0.35,0.0,4,0.0000
ligunity_protein_ranking,P20648,0,远 0.35–0.5,13.0,54,24.0741
ligunity_protein_ranking,P20648,0,全新 <0.35,19.0,58,32.7586
ligunity_protein_ranking,P21917,0,远 0.35–0.5,1.0,19,5.2632
ligunity_protein_ranking,P21917,0,全新 <0.35,0.0,3,0.0000
ligunity_protein_ranking,P21917,0,近 0.5–0.7,13.0,19,68.4211
ligunity_protein_ranking,P21917,0,极近 ≥0.7,11.0,24,45.8333
ligunity_protein_ranking,P22001,0,全新 <0.35,2.0,261,0.7663
ligunity_protein_ranking,P22001,0,远 0.35–0.5,1.0,86,1.1628
ligunity_protein_ranking,P22001,0,近 0.5–0.7,0.0,4,0.0000
ligunity_protein_ranking,P25929,0,远 0.35–0.5,13.0,46,28.2609
ligunity_protein_ranking,P25929,0,全新 <0.35,3.0,45,6.6667
ligunity_protein_ranking,P25929,0,近 0.5–0.7,5.0,11,45.4545
ligunity_protein_ranking,P28223,0,近 0.5–0.7,192.0,255,75.2941
ligunity_protein_ranking,P28223,0,极近 ≥0.7,92.0,100,92.0000
ligunity_protein_ranking,P28223,0,全新 <0.35,19.666666666666668,119,16.5266
ligunity_protein_ranking,P28223,0,远 0.35–0.5,198.66666666666666,726,27.3646
ligunity_protein_ranking,P30990,0,近 0.5–0.7,0.0,12,0.0000
ligunity_protein_ranking,P30990,0,远 0.35–0.5,0.0,59,0.0000
ligunity_protein_ranking,P30990,0,全新 <0.35,0.0,5,0.0000
ligunity_protein_ranking,P34969,0,极近 ≥0.7,15.0,32,46.8750
ligunity_protein_ranking,P34969,0,近 0.5–0.7,5.0,50,10.0000
ligunity_protein_ranking,P34969,0,远 0.35–0.5,1.0,18,5.5556
ligunity_protein_ranking,P35462,0,极近 ≥0.7,16.0,22,72.7273
ligunity_protein_ranking,P35462,0,远 0.35–0.5,13.0,63,20.6349
ligunity_protein_ranking,P35462,0,近 0.5–0.7,13.0,20,65.0000
ligunity_protein_ranking,P35462,0,全新 <0.35,0.0,4,0.0000
ligunity_protein_ranking,P37840,0,远 0.35–0.5,0.0,23,0.0000
ligunity_protein_ranking,P37840,0,全新 <0.35,0.0,90,0.0000
ligunity_protein_ranking,P50052,1,远 0.35–0.5,0.0,116,0.0000
ligunity_protein_ranking,P50052,1,全新 <0.35,0.0,88,0.0000
ligunity_protein_ranking,P50052,1,近 0.5–0.7,4.0,7,57.1429
ligunity_protein_ranking,P50052,1,极近 ≥0.7,1.0,3,33.3333
ligunity_protein_ranking,P52429,0,远 0.35–0.5,0.0,81,0.0000
ligunity_protein_ranking,P54278,0,远 0.35–0.5,17.0,61,27.8689
ligunity_protein_ranking,P54278,0,近 0.5–0.7,5.0,9,55.5556
ligunity_protein_ranking,P54278,0,全新 <0.35,6.0,15,40.0000
ligunity_protein_ranking,P57059,0,远 0.35–0.5,3.0,38,7.8947
ligunity_protein_ranking,P57059,0,近 0.5–0.7,1.0,4,25.0000
ligunity_protein_ranking,P57059,0,极近 ≥0.7,19.0,35,54.2857
ligunity_protein_ranking,P57059,0,全新 <0.35,0.0,7,0.0000
ligunity_protein_ranking,Q08211,1,远 0.35–0.5,0.0,479,0.0000
ligunity_protein_ranking,Q08211,1,全新 <0.35,0.0,218,0.0000
ligunity_protein_ranking,Q08211,1,近 0.5–0.7,0.0,10,0.0000
ligunity_protein_ranking,Q08828,0,远 0.35–0.5,0.0,65,0.0000
ligunity_protein_ranking,Q10469,0,全新 <0.35,0.0,167,0.0000
ligunity_protein_ranking,Q10469,0,远 0.35–0.5,0.0,4,0.0000
ligunity_protein_ranking,Q13191,0,全新 <0.35,0.0,1129,0.0000
ligunity_protein_ranking,Q13191,0,远 0.35–0.5,0.0,101,0.0000
ligunity_protein_ranking,Q13233,0,近 0.5–0.7,0.0,23,0.0000
ligunity_protein_ranking,Q13233,0,远 0.35–0.5,0.0,25,0.0000
ligunity_protein_ranking,Q13233,0,极近 ≥0.7,0.0,8,0.0000
ligunity_protein_ranking,Q13574,0,远 0.35–0.5,0.0,19,0.0000
ligunity_protein_ranking,Q13574,0,全新 <0.35,2.0,557,0.3591
ligunity_protein_ranking,Q16739,0,全新 <0.35,0.0,40,0.0000
ligunity_protein_ranking,Q16739,0,远 0.35–0.5,2.0,267,0.7491
ligunity_protein_ranking,Q16832,1,近 0.5–0.7,42.0,49,85.7143
ligunity_protein_ranking,Q16832,1,全新 <0.35,22.0,78,28.2051
ligunity_protein_ranking,Q16832,1,远 0.35–0.5,54.0,189,28.5714
ligunity_protein_ranking,Q16832,1,极近 ≥0.7,5.0,10,50.0000
ligunity_protein_ranking,Q5JRX3,0,极近 ≥0.7,0.0,21,0.0000
ligunity_protein_ranking,Q5JRX3,0,近 0.5–0.7,1.0,19,5.2632
ligunity_protein_ranking,Q5JRX3,0,远 0.35–0.5,14.0,17,82.3529
ligunity_protein_ranking,Q6SZW1,0,近 0.5–0.7,0.0,51,0.0000
ligunity_protein_ranking,Q6SZW1,0,远 0.35–0.5,0.0,152,0.0000
ligunity_protein_ranking,Q6SZW1,0,全新 <0.35,0.0,39,0.0000
ligunity_protein_ranking,Q7Z3E1,0,远 0.35–0.5,0.0,197,0.0000
ligunity_protein_ranking,Q7Z3E1,0,近 0.5–0.7,0.0,272,0.0000
ligunity_protein_ranking,Q7Z3E1,0,极近 ≥0.7,0.0,20,0.0000
ligunity_protein_ranking,Q7Z3E1,0,全新 <0.35,0.0,85,0.0000
ligunity_protein_ranking,Q86SK9,0,远 0.35–0.5,4.0,44,9.0909
ligunity_protein_ranking,Q86SK9,0,近 0.5–0.7,0.0,4,0.0000
ligunity_protein_ranking,Q86SK9,0,全新 <0.35,0.0,6,0.0000
ligunity_protein_ranking,Q86UE8,0,近 0.5–0.7,4.0,56,7.1429
ligunity_protein_ranking,Q86UE8,0,极近 ≥0.7,2.0,9,22.2222
ligunity_protein_ranking,Q86UE8,0,远 0.35–0.5,0.0,3,0.0000
ligunity_protein_ranking,Q8N1C3,0,远 0.35–0.5,18.0,44,40.9091
ligunity_protein_ranking,Q8N1C3,0,全新 <0.35,48.0,154,31.1688
ligunity_protein_ranking,Q8N1C3,0,极近 ≥0.7,3.0,3,100.0000
ligunity_protein_ranking,Q8WYB5,0,远 0.35–0.5,0.0,145,0.0000
ligunity_protein_ranking,Q8WYB5,0,全新 <0.35,0.0,44,0.0000
ligunity_protein_ranking,Q8WYB5,0,近 0.5–0.7,0.0,3,0.0000
ligunity_protein_ranking,Q92551,0,极近 ≥0.7,0.0,3,0.0000
ligunity_protein_ranking,Q92551,0,近 0.5–0.7,0.0,37,0.0000
ligunity_protein_ranking,Q92551,0,远 0.35–0.5,0.0,135,0.0000
ligunity_protein_ranking,Q92551,0,全新 <0.35,0.0,17,0.0000
ligunity_protein_ranking,Q96DB2,0,极近 ≥0.7,14.0,22,63.6364
ligunity_protein_ranking,Q96DB2,0,近 0.5–0.7,8.0,25,32.0000
ligunity_protein_ranking,Q96DB2,0,远 0.35–0.5,1.0,23,4.3478
ligunity_protein_ranking,Q96GX5,1,全新 <0.35,10.0,124,8.0645
ligunity_protein_ranking,Q96GX5,1,远 0.35–0.5,2.0,130,1.5385
ligunity_protein_ranking,Q96GX5,1,近 0.5–0.7,0.0,3,0.0000
ligunity_protein_ranking,Q9H0K1,0,远 0.35–0.5,1.0,49,2.0408
ligunity_protein_ranking,Q9H0K1,0,近 0.5–0.7,0.0,6,0.0000
ligunity_protein_ranking,Q9H0K1,0,极近 ≥0.7,19.0,37,51.3514
ligunity_protein_ranking,Q9H0K1,0,全新 <0.35,0.0,17,0.0000
ligunity_protein_ranking,Q9HCE5,0,远 0.35–0.5,0.5,115,0.4348
ligunity_protein_ranking,Q9HCE5,0,全新 <0.35,0.0,67,0.0000
ligunity_protein_ranking,Q9HCE5,0,近 0.5–0.7,1.0,7,14.2857
ligunity_protein_ranking,Q9HCE5,0,极近 ≥0.7,3.0,4,75.0000
ligunity_protein_ranking,Q9NPH5,0,远 0.35–0.5,0.0,36,0.0000
ligunity_protein_ranking,Q9NPH5,0,全新 <0.35,0.0,52,0.0000
ligunity_protein_ranking,Q9NPH5,0,近 0.5–0.7,0.0,7,0.0000
ligunity_protein_ranking,Q9NR19,0,远 0.35–0.5,0.0,127,0.0000
ligunity_protein_ranking,Q9NR19,0,全新 <0.35,0.0,9,0.0000
ligunity_protein_ranking,Q9NR19,0,近 0.5–0.7,0.0,6,0.0000
ligunity_protein_ranking,Q9Y2I7,0,远 0.35–0.5,0.0,327,0.0000
ligunity_protein_ranking,Q9Y2I7,0,近 0.5–0.7,0.0,43,0.0000
ligunity_protein_ranking,Q9Y2I7,0,全新 <0.35,0.0,8,0.0000
ligunity_protein_ranking,Q9Y2I7,0,极近 ≥0.7,0.0,16,0.0000
litenclip,O15379,1,近 0.5–0.7,0.0,58,0.0000
litenclip,O15379,1,极近 ≥0.7,0.0,69,0.0000
litenclip,O15379,1,远 0.35–0.5,0.0,14,0.0000
litenclip,O43353,1,近 0.5–0.7,95.0,179,53.0726
litenclip,O43353,1,远 0.35–0.5,1.0,9,11.1111
litenclip,O43353,1,极近 ≥0.7,30.0,58,51.7241
litenclip,O60341,1,极近 ≥0.7,18.0,44,40.9091
litenclip,O60341,1,近 0.5–0.7,5.0,27,18.5185
litenclip,O60341,1,远 0.35–0.5,1.0,32,3.1250
litenclip,O60674,1,极近 ≥0.7,10.0,122,8.1967
litenclip,O60674,1,近 0.5–0.7,5.0,85,5.8824
litenclip,O60674,1,远 0.35–0.5,0.0,21,0.0000
litenclip,O60885,1,极近 ≥0.7,27.0,56,48.2143
litenclip,O75469,1,极近 ≥0.7,42.0,78,53.8462
litenclip,O75469,1,近 0.5–0.7,0.0,4,0.0000
litenclip,P00734,1,极近 ≥0.7,71.0,145,48.9655
litenclip,P00734,1,近 0.5–0.7,0.0,4,0.0000
litenclip,P01116,1,远 0.35–0.5,0.0,7,0.0000
litenclip,P01116,1,极近 ≥0.7,17.0,25,68.0000
litenclip,P01116,1,近 0.5–0.7,0.0,17,0.0000
litenclip,P06239,1,极近 ≥0.7,12.0,48,25.0000
litenclip,P06239,1,近 0.5–0.7,2.0,17,11.7647
litenclip,P06239,1,远 0.35–0.5,0.0,3,0.0000
litenclip,P08581,1,近 0.5–0.7,0.0,10,0.0000
litenclip,P08581,1,极近 ≥0.7,4.0,56,7.1429
litenclip,P11362,1,极近 ≥0.7,13.0,28,46.4286
litenclip,P11362,1,远 0.35–0.5,0.0,19,0.0000
litenclip,P11362,1,近 0.5–0.7,3.0,8,37.5000
litenclip,P12931,1,极近 ≥0.7,30.0,87,34.4828
litenclip,P12931,1,近 0.5–0.7,0.0,4,0.0000
litenclip,P15056,1,近 0.5–0.7,4.0,18,22.2222
litenclip,P15056,1,远 0.35–0.5,0.0,7,0.0000
litenclip,P15056,1,极近 ≥0.7,9.0,33,27.2727
litenclip,P18031,1,远 0.35–0.5,6.0,7,85.7143
litenclip,P18031,1,全新 <0.35,36.0,85,42.3529
litenclip,P18031,1,近 0.5–0.7,1.0,6,16.6667
litenclip,P18031,1,极近 ≥0.7,12.0,18,66.6667
litenclip,P21554,1,极近 ≥0.7,22.0,30,73.3333
litenclip,P21554,1,近 0.5–0.7,16.0,53,30.1887
litenclip,P21554,1,远 0.35–0.5,3.0,16,18.7500
litenclip,P22413,1,远 0.35–0.5,6.0,102,5.8824
litenclip,P22413,1,全新 <0.35,0.0,38,0.0000
litenclip,P22413,1,极近 ≥0.7,2.0,9,22.2222
litenclip,P22413,1,近 0.5–0.7,5.0,40,12.5000
litenclip,P22455,1,极近 ≥0.7,1.0,30,3.3333
litenclip,P22455,1,远 0.35–0.5,0.0,19,0.0000
litenclip,P22455,1,近 0.5–0.7,0.0,5,0.0000
litenclip,P27338,1,极近 ≥0.7,23.0,43,53.4884
litenclip,P27338,1,近 0.5–0.7,21.0,92,22.8261
litenclip,P27338,1,远 0.35–0.5,2.0,20,10.0000
litenclip,P28335,1,近 0.5–0.7,7.0,23,30.4348
litenclip,P28335,1,远 0.35–0.5,5.0,29,17.2414
litenclip,P28335,1,极近 ≥0.7,7.0,24,29.1667
litenclip,P28335,1,全新 <0.35,0.0,4,0.0000
litenclip,P30530,1,近 0.5–0.7,1.0,5,20.0000
litenclip,P30530,1,极近 ≥0.7,6.0,45,13.3333
litenclip,P31153,1,远 0.35–0.5,0.0,5,0.0000
litenclip,P31153,1,全新 <0.35,0.0,5,0.0000
litenclip,P31153,1,近 0.5–0.7,0.0,34,0.0000
litenclip,P31153,1,极近 ≥0.7,1.0,19,5.2632
litenclip,P34913,1,极近 ≥0.7,47.0,76,61.8421
litenclip,P34913,1,近 0.5–0.7,17.0,48,35.4167
litenclip,P34914,1,极近 ≥0.7,18.0,26,69.2308
litenclip,P34914,1,远 0.35–0.5,2.0,13,15.3846
litenclip,P34914,1,近 0.5–0.7,31.0,60,51.6667
litenclip,P35968,1,近 0.5–0.7,12.0,39,30.7692
litenclip,P35968,1,极近 ≥0.7,36.0,92,39.1304
litenclip,P35968,1,远 0.35–0.5,2.0,5,40.0000
litenclip,P36888,1,极近 ≥0.7,6.0,55,10.9091
litenclip,P36888,1,近 0.5–0.7,2.0,17,11.7647
litenclip,P36888,1,远 0.35–0.5,2.0,8,25.0000
litenclip,P36888,1,全新 <0.35,0.0,4,0.0000
litenclip,P41182,1,极近 ≥0.7,30.0,52,57.6923
litenclip,P41182,1,近 0.5–0.7,3.0,11,27.2727
litenclip,P47989,1,远 0.35–0.5,12.0,39,30.7692
litenclip,P47989,1,近 0.5–0.7,5.0,8,62.5000
litenclip,P47989,1,极近 ≥0.7,2.0,8,25.0000
litenclip,P49327,1,极近 ≥0.7,339.0,656,51.6768
litenclip,P49327,1,近 0.5–0.7,0.0,9,0.0000
litenclip,P50406,1,极近 ≥0.7,13.0,21,61.9048
litenclip,P50406,1,远 0.35–0.5,2.0,10,20.0000
litenclip,P50406,1,近 0.5–0.7,16.0,36,44.4444
litenclip,P52333,1,近 0.5–0.7,35.0,117,29.9145
litenclip,P52333,1,极近 ≥0.7,61.0,119,51.2605
litenclip,P52333,1,远 0.35–0.5,1.0,20,5.0000
litenclip,P53634,1,近 0.5–0.7,18.0,44,40.9091
litenclip,P53634,1,远 0.35–0.5,1.0,3,33.3333
litenclip,P53634,1,极近 ≥0.7,2.0,8,25.0000
litenclip,P53634,1,全新 <0.35,3.0,3,100.0000
litenclip,P56817,1,极近 ≥0.7,86.0,154,55.8442
litenclip,P56817,1,近 0.5–0.7,47.0,105,44.7619
litenclip,Q05397,1,极近 ≥0.7,24.0,47,51.0638
litenclip,Q05397,1,近 0.5–0.7,9.0,37,24.3243
litenclip,Q05397,1,远 0.35–0.5,1.0,6,16.6667
litenclip,Q13188,1,极近 ≥0.7,25.0,43,58.1395
litenclip,Q13188,1,近 0.5–0.7,0.0,7,0.0000
litenclip,Q13547,1,极近 ≥0.7,62.0,148,41.8919
litenclip,Q13547,1,近 0.5–0.7,37.0,148,25.0000
litenclip,Q13547,1,远 0.35–0.5,21.0,65,32.3077
litenclip,Q13627,1,极近 ≥0.7,39.0,77,50.6494
litenclip,Q13627,1,近 0.5–0.7,6.0,32,18.7500
litenclip,Q16678,1,极近 ≥0.7,16.0,21,76.1905
litenclip,Q16678,1,近 0.5–0.7,10.0,63,15.8730
litenclip,Q16678,1,远 0.35–0.5,0.0,23,0.0000
litenclip,Q92769,1,近 0.5–0.7,2.0,58,3.4483
litenclip,Q92769,1,极近 ≥0.7,8.0,55,14.5455
litenclip,Q92769,1,远 0.35–0.5,6.0,14,42.8571
litenclip,Q92918,1,极近 ≥0.7,22.0,84,26.1905
litenclip,Q92918,1,近 0.5–0.7,43.0,72,59.7222
litenclip,Q92918,1,远 0.35–0.5,3.0,5,60.0000
litenclip,Q9BY41,1,极近 ≥0.7,13.0,44,29.5455
litenclip,Q9BY41,1,远 0.35–0.5,10.0,19,52.6316
litenclip,Q9BY41,1,近 0.5–0.7,25.0,41,60.9756
litenclip,Q9NWZ3,1,远 0.35–0.5,8.0,50,16.0000
litenclip,Q9NWZ3,1,近 0.5–0.7,3.0,23,13.0435
litenclip,Q9NWZ3,1,极近 ≥0.7,6.0,12,50.0000
litenclip,Q9NWZ3,1,全新 <0.35,0.0,6,0.0000
litenclip,Q9NZQ7,1,极近 ≥0.7,24.0,43,55.8140
litenclip,Q9NZQ7,1,近 0.5–0.7,18.0,37,48.6486
litenclip,Q9NZQ7,1,远 0.35–0.5,0.0,4,0.0000
litenclip,Q9Y5Z0,1,极近 ≥0.7,72.0,136,52.9412
litenclip,Q9Y5Z0,1,近 0.5–0.7,44.0,91,48.3516
litenclip,O14684,1,远 0.35–0.5,0.0,114,0.0000
litenclip,O14684,1,近 0.5–0.7,0.0,11,0.0000
litenclip,O14744,1,极近 ≥0.7,9.0,32,28.1250
litenclip,O14744,1,近 0.5–0.7,49.0,76,64.4737
litenclip,O14744,1,远 0.35–0.5,267.0,555,48.1081
litenclip,O14744,1,全新 <0.35,29.0,151,19.2053
litenclip,O14757,1,近 0.5–0.7,10.0,19,52.6316
litenclip,O14757,1,远 0.35–0.5,80.0,147,54.4218
litenclip,O14757,1,全新 <0.35,7.0,24,29.1667
litenclip,O15379,1,近 0.5–0.7,0.0,162,0.0000
litenclip,O15379,1,极近 ≥0.7,0.0,36,0.0000
litenclip,O15379,1,远 0.35–0.5,0.0,183,0.0000
litenclip,O15379,1,全新 <0.35,0.0,32,0.0000
litenclip,O43570,1,近 0.5–0.7,80.0,170,47.0588
litenclip,O43570,1,极近 ≥0.7,4.0,18,22.2222
litenclip,O43570,1,远 0.35–0.5,26.0,51,50.9804
litenclip,O43613,1,远 0.35–0.5,40.0,83,48.1928
litenclip,O43613,1,近 0.5–0.7,9.0,10,90.0000
litenclip,O43613,1,全新 <0.35,0.0,6,0.0000
litenclip,O43614,1,远 0.35–0.5,40.0,80,50.0000
litenclip,O43614,1,全新 <0.35,1.0,56,1.7857
litenclip,O43614,1,近 0.5–0.7,9.0,9,100.0000
litenclip,O60341,1,近 0.5–0.7,120.0,198,60.6061
litenclip,O60341,1,远 0.35–0.5,180.0,506,35.5731
litenclip,O60341,1,全新 <0.35,12.0,80,15.0000
litenclip,O60341,1,极近 ≥0.7,10.0,23,43.4783
litenclip,O60502,1,远 0.35–0.5,44.0,136,32.3529
litenclip,O60502,1,近 0.5–0.7,63.0,76,82.8947
litenclip,O60502,1,全新 <0.35,1.0,89,1.1236
litenclip,O60885,1,远 0.35–0.5,122.0,253,48.2213
litenclip,O60885,1,全新 <0.35,11.0,59,18.6441
litenclip,O60885,1,近 0.5–0.7,129.0,220,58.6364
litenclip,O60885,1,极近 ≥0.7,23.0,44,52.2727
litenclip,O75116,1,近 0.5–0.7,35.0,57,61.4035
litenclip,O75116,1,远 0.35–0.5,73.0,212,34.4340
litenclip,O75116,1,全新 <0.35,3.0,28,10.7143
litenclip,O75116,1,极近 ≥0.7,1.0,4,25.0000
litenclip,O75173,1,近 0.5–0.7,35.0,67,52.2388
litenclip,O75173,1,远 0.35–0.5,7.0,15,46.6667
litenclip,O75385,1,远 0.35–0.5,57.0,281,20.2847
litenclip,O75385,1,近 0.5–0.7,3.0,19,15.7895
litenclip,O75385,1,全新 <0.35,17.0,107,15.8879
litenclip,O95497,1,远 0.35–0.5,15.0,88,17.0455
litenclip,O95497,1,近 0.5–0.7,2.0,7,28.5714
litenclip,O95497,1,全新 <0.35,0.0,22,0.0000
litenclip,O95819,1,全新 <0.35,0.0,39,0.0000
litenclip,O95819,1,远 0.35–0.5,0.0,24,0.0000
litenclip,O96017,1,远 0.35–0.5,12.0,60,20.0000
litenclip,O96017,1,近 0.5–0.7,2.0,5,40.0000
litenclip,O96028,1,远 0.35–0.5,4.0,26,15.3846
litenclip,O96028,1,全新 <0.35,4.0,33,12.1212
litenclip,O96028,1,近 0.5–0.7,3.0,12,25.0000
litenclip,O96028,1,极近 ≥0.7,0.0,6,0.0000
litenclip,P00519,1,近 0.5–0.7,9.0,177,5.0847
litenclip,P00519,1,远 0.35–0.5,0.0,108,0.0000
litenclip,P00519,1,极近 ≥0.7,3.0,5,60.0000
litenclip,P00519,1,全新 <0.35,0.0,4,0.0000
litenclip,P00533,1,近 0.5–0.7,64.0,534,11.9850
litenclip,P00533,1,远 0.35–0.5,136.0,972,13.9918
litenclip,P00533,1,全新 <0.35,8.0,470,1.7021
litenclip,P00533,1,极近 ≥0.7,16.0,71,22.5352
litenclip,P00734,1,极近 ≥0.7,4.0,9,44.4444
litenclip,P00734,1,近 0.5–0.7,16.0,45,35.5556
litenclip,P00734,1,远 0.35–0.5,7.0,18,38.8889
litenclip,P00742,1,近 0.5–0.7,2.0,41,4.8780
litenclip,P00742,1,极近 ≥0.7,1.0,9,11.1111
litenclip,P00742,1,远 0.35–0.5,0.0,16,0.0000
litenclip,P00746,1,近 0.5–0.7,144.0,216,66.6667
litenclip,P00746,1,远 0.35–0.5,41.0,110,37.2727
litenclip,P00746,1,全新 <0.35,0.0,36,0.0000
litenclip,P03372,1,远 0.35–0.5,22.0,110,20.0000
litenclip,P03372,1,全新 <0.35,0.0,9,0.0000
litenclip,P03372,1,近 0.5–0.7,75.0,98,76.5306
litenclip,P03951,1,远 0.35–0.5,36.0,84,42.8571
litenclip,P03951,1,全新 <0.35,5.0,14,35.7143
litenclip,P03952,1,远 0.35–0.5,10.0,111,9.0090
litenclip,P03952,1,全新 <0.35,0.0,16,0.0000
litenclip,P03952,1,近 0.5–0.7,0.0,3,0.0000
litenclip,P04150,1,近 0.5–0.7,5.0,23,21.7391
litenclip,P04150,1,远 0.35–0.5,47.0,228,20.6140
litenclip,P04150,1,全新 <0.35,8.0,35,22.8571
litenclip,P04293,1,远 0.35–0.5,4.0,162,2.4691
litenclip,P04293,1,全新 <0.35,3.0,193,1.5544
litenclip,P04626,1,远 0.35–0.5,80.0,798,10.0251
litenclip,P04626,1,近 0.5–0.7,38.0,89,42.6966
litenclip,P04626,1,全新 <0.35,0.0,105,0.0000
litenclip,P04626,1,极近 ≥0.7,5.0,12,41.6667
litenclip,P06239,1,近 0.5–0.7,55.0,130,42.3077
litenclip,P06239,1,极近 ≥0.7,11.0,16,68.7500
litenclip,P06239,1,远 0.35–0.5,4.0,131,3.0534
litenclip,P06239,1,全新 <0.35,0.0,438,0.0000
litenclip,P06241,1,远 0.35–0.5,3.0,39,7.6923
litenclip,P06241,1,近 0.5–0.7,0.0,10,0.0000
litenclip,P06241,1,全新 <0.35,0.0,4,0.0000
litenclip,P06276,1,近 0.5–0.7,50.0,87,57.4713
litenclip,P06276,1,极近 ≥0.7,11.0,22,50.0000
litenclip,P06276,1,远 0.35–0.5,4.0,28,14.2857
litenclip,P07333,1,近 0.5–0.7,28.0,153,18.3007
litenclip,P07333,1,远 0.35–0.5,39.0,505,7.7228
litenclip,P07333,1,全新 <0.35,6.0,112,5.3571
litenclip,P07333,1,极近 ≥0.7,0.0,3,0.0000
litenclip,P07711,1,极近 ≥0.7,0.0,29,0.0000
litenclip,P07711,1,远 0.35–0.5,12.0,18,66.6667
litenclip,P07711,1,近 0.5–0.7,13.0,63,20.6349
litenclip,P07711,1,全新 <0.35,0.0,3,0.0000
litenclip,P07949,1,近 0.5–0.7,108.0,166,65.0602
litenclip,P07949,1,远 0.35–0.5,20.0,83,24.0964
litenclip,P07949,1,极近 ≥0.7,7.0,13,53.8462
litenclip,P08069,1,极近 ≥0.7,1.0,34,2.9412
litenclip,P08069,1,近 0.5–0.7,0.0,166,0.0000
litenclip,P08069,1,远 0.35–0.5,3.0,158,1.8987
litenclip,P08173,1,全新 <0.35,0.0,32,0.0000
litenclip,P08173,1,远 0.35–0.5,0.0,38,0.0000
litenclip,P08173,1,近 0.5–0.7,0.0,8,0.0000
litenclip,P08581,1,远 0.35–0.5,72.0,367,19.6185
litenclip,P08581,1,近 0.5–0.7,98.0,434,22.5806
litenclip,P08581,1,极近 ≥0.7,2.0,17,11.7647
litenclip,P08581,1,全新 <0.35,0.0,13,0.0000
litenclip,P08908,1,全新 <0.35,1.0,5,20.0000
litenclip,P08908,1,近 0.5–0.7,31.0,73,42.4658
litenclip,P08908,1,远 0.35–0.5,25.0,126,19.8413
litenclip,P08908,1,极近 ≥0.7,3.0,3,100.0000
litenclip,P08922,1,近 0.5–0.7,7.0,21,33.3333
litenclip,P08922,1,远 0.35–0.5,6.0,26,23.0769
litenclip,P08922,1,极近 ≥0.7,3.0,3,100.0000
litenclip,P0DMS8,1,远 0.35–0.5,15.0,33,45.4545
litenclip,P0DMS8,1,全新 <0.35,1.0,10,10.0000
litenclip,P0DMS8,1,近 0.5–0.7,6.0,6,100.0000
litenclip,P10398,1,远 0.35–0.5,0.0,22,0.0000
litenclip,P10398,1,近 0.5–0.7,0.0,80,0.0000
litenclip,P11309,1,全新 <0.35,0.0,9,0.0000
litenclip,P11309,1,远 0.35–0.5,0.0,27,0.0000
litenclip,P11309,1,近 0.5–0.7,10.0,22,45.4545
litenclip,P11309,1,极近 ≥0.7,7.0,8,87.5000
litenclip,P11362,1,远 0.35–0.5,76.0,328,23.1707
litenclip,P11362,1,近 0.5–0.7,54.0,101,53.4653
litenclip,P11362,1,全新 <0.35,1.0,66,1.5152
litenclip,P11362,1,极近 ≥0.7,4.0,6,66.6667
litenclip,P11474,1,远 0.35–0.5,5.0,162,3.0864
litenclip,P11474,1,全新 <0.35,1.0,35,2.8571
litenclip,P11802,1,远 0.35–0.5,285.0,605,47.1074
litenclip,P11802,1,全新 <0.35,12.0,691,1.7366
litenclip,P11802,1,近 0.5–0.7,38.0,91,41.7582
litenclip,P11802,1,极近 ≥0.7,13.0,15,86.6667
litenclip,P14756,1,全新 <0.35,0.0,15,0.0000
litenclip,P14756,1,远 0.35–0.5,17.0,39,43.5897
litenclip,P14756,1,近 0.5–0.7,16.0,16,100.0000
litenclip,P15428,1,远 0.35–0.5,69.0,281,24.5552
litenclip,P15428,1,全新 <0.35,0.0,44,0.0000
litenclip,P15428,1,近 0.5–0.7,19.0,36,52.7778
litenclip,P18825,1,远 0.35–0.5,0.0,57,0.0000
litenclip,P18825,1,全新 <0.35,0.0,67,0.0000
litenclip,P20618,1,远 0.35–0.5,3.0,62,4.8387
litenclip,P20618,1,近 0.5–0.7,1.0,11,9.0909
litenclip,P21554,1,近 0.5–0.7,16.0,38,42.1053
litenclip,P21554,1,极近 ≥0.7,0.0,6,0.0000
litenclip,P21554,1,远 0.35–0.5,4.0,8,50.0000
litenclip,P21802,1,远 0.35–0.5,78.0,326,23.9264
litenclip,P21802,1,全新 <0.35,1.0,66,1.5152
litenclip,P21802,1,近 0.5–0.7,45.0,90,50.0000
litenclip,P22413,1,全新 <0.35,3.0,148,2.0270
litenclip,P22413,1,远 0.35–0.5,25.0,299,8.3612
litenclip,P22413,1,近 0.5–0.7,42.0,62,67.7419
litenclip,P22413,1,极近 ≥0.7,13.0,15,86.6667
litenclip,P22455,1,远 0.35–0.5,0.0,24,0.0000
litenclip,P22455,1,极近 ≥0.7,1.0,24,4.1667
litenclip,P22455,1,近 0.5–0.7,3.0,66,4.5455
litenclip,P22607,1,远 0.35–0.5,30.0,261,11.4943
litenclip,P22607,1,近 0.5–0.7,25.0,54,46.2963
litenclip,P22607,1,全新 <0.35,1.0,65,1.5385
litenclip,P22607,1,极近 ≥0.7,4.0,4,100.0000
litenclip,P23458,1,近 0.5–0.7,76.0,219,34.7032
litenclip,P23458,1,远 0.35–0.5,150.0,317,47.3186
litenclip,P23458,1,极近 ≥0.7,11.0,35,31.4286
litenclip,P23458,1,全新 <0.35,9.0,51,17.6471
litenclip,P23946,1,全新 <0.35,0.0,19,0.0000
litenclip,P23946,1,远 0.35–0.5,0.0,52,0.0000
litenclip,P24941,1,远 0.35–0.5,79.0,740,10.6757
litenclip,P24941,1,全新 <0.35,12.0,750,1.6000
litenclip,P24941,1,近 0.5–0.7,74.0,136,54.4118
litenclip,P24941,1,极近 ≥0.7,0.0,3,0.0000
litenclip,P27338,1,近 0.5–0.7,18.0,53,33.9623
litenclip,P27338,1,极近 ≥0.7,16.0,24,66.6667
litenclip,P27338,1,远 0.35–0.5,10.0,45,22.2222
litenclip,P27487,1,远 0.35–0.5,11.0,51,21.5686
litenclip,P27487,1,近 0.5–0.7,13.0,47,27.6596
litenclip,P27487,1,全新 <0.35,0.0,6,0.0000
litenclip,P27487,1,极近 ≥0.7,8.0,12,66.6667
litenclip,P28074,1,远 0.35–0.5,135.0,258,52.3256
litenclip,P28074,1,近 0.5–0.7,21.0,42,50.0000
litenclip,P28074,1,全新 <0.35,6.0,24,25.0000
litenclip,P28335,1,近 0.5–0.7,4.0,70,5.7143
litenclip,P28335,1,极近 ≥0.7,1.0,51,1.9608
litenclip,P28335,1,远 0.35–0.5,3.0,80,3.7500
litenclip,P28335,1,全新 <0.35,0.0,95,0.0000
litenclip,P28482,1,近 0.5–0.7,5.0,21,23.8095
litenclip,P28482,1,远 0.35–0.5,9.0,126,7.1429
litenclip,P28482,1,全新 <0.35,1.0,518,0.1931
litenclip,P29274,1,远 0.35–0.5,146.0,411,35.5231
litenclip,P29274,1,全新 <0.35,109.0,325,33.5385
litenclip,P29274,1,近 0.5–0.7,19.0,34,55.8824
litenclip,P29274,1,极近 ≥0.7,7.0,7,100.0000
litenclip,P29275,1,远 0.35–0.5,66.0,192,34.3750
litenclip,P29275,1,全新 <0.35,51.0,163,31.2883
litenclip,P29275,1,近 0.5–0.7,2.0,3,66.6667
litenclip,P30530,1,远 0.35–0.5,40.0,450,8.8889
litenclip,P30530,1,近 0.5–0.7,51.0,433,11.7783
litenclip,P30530,1,极近 ≥0.7,5.0,20,25.0000
litenclip,P30530,1,全新 <0.35,5.0,25,20.0000
litenclip,P30542,1,近 0.5–0.7,9.0,9,100.0000
litenclip,P30542,1,远 0.35–0.5,14.0,62,22.5806
litenclip,P30542,1,极近 ≥0.7,3.0,3,100.0000
litenclip,P30542,1,全新 <0.35,8.0,40,20.0000
litenclip,P31391,1,远 0.35–0.5,1.0,80,1.2500
litenclip,P31391,1,全新 <0.35,0.0,15,0.0000
litenclip,P31391,1,近 0.5–0.7,0.0,5,0.0000
litenclip,P31645,1,远 0.35–0.5,4.0,87,4.5977
litenclip,P31645,1,近 0.5–0.7,8.0,11,72.7273
litenclip,P31645,1,全新 <0.35,0.0,10,0.0000
litenclip,P31749,1,极近 ≥0.7,0.0,19,0.0000
litenclip,P31749,1,近 0.5–0.7,2.0,181,1.1050
litenclip,P31749,1,远 0.35–0.5,0.0,13,0.0000
litenclip,P31751,1,近 0.5–0.7,0.0,105,0.0000
litenclip,P31751,1,极近 ≥0.7,0.0,8,0.0000
litenclip,P31751,1,远 0.35–0.5,0.0,5,0.0000
litenclip,P32245,1,全新 <0.35,0.0,184,0.0000
litenclip,P32245,1,远 0.35–0.5,0.0,23,0.0000
litenclip,P34914,1,近 0.5–0.7,22.0,85,25.8824
litenclip,P34914,1,远 0.35–0.5,23.0,111,20.7207
litenclip,P34972,1,全新 <0.35,10.0,43,23.2558
litenclip,P34972,1,远 0.35–0.5,3.0,9,33.3333
litenclip,P34972,1,近 0.5–0.7,6.0,10,60.0000
litenclip,P35968,1,远 0.35–0.5,71.0,428,16.5888
litenclip,P35968,1,近 0.5–0.7,139.0,477,29.1405
litenclip,P35968,1,极近 ≥0.7,11.0,18,61.1111
litenclip,P35968,1,全新 <0.35,0.0,4,0.0000
litenclip,P36888,1,近 0.5–0.7,4.0,118,3.3898
litenclip,P36888,1,远 0.35–0.5,9.0,291,3.0928
litenclip,P36888,1,全新 <0.35,3.0,90,3.3333
litenclip,P36888,1,极近 ≥0.7,4.0,7,57.1429
litenclip,P39900,1,远 0.35–0.5,25.0,51,49.0196
litenclip,P39900,1,全新 <0.35,7.0,32,21.8750
litenclip,P41146,1,全新 <0.35,3.0,53,5.6604
litenclip,P41240,1,极近 ≥0.7,8.0,13,61.5385
litenclip,P41240,1,近 0.5–0.7,23.0,116,19.8276
litenclip,P41240,1,远 0.35–0.5,0.0,45,0.0000
litenclip,P42330,1,近 0.5–0.7,11.0,41,26.8293
litenclip,P42330,1,远 0.35–0.5,9.0,33,27.2727
litenclip,P42330,1,极近 ≥0.7,2.0,3,66.6667
litenclip,P42345,1,全新 <0.35,0.0,6,0.0000
litenclip,P42345,1,近 0.5–0.7,0.0,46,0.0000
litenclip,P42345,1,极近 ≥0.7,0.0,8,0.0000
litenclip,P42345,1,远 0.35–0.5,0.0,20,0.0000
litenclip,P43405,1,近 0.5–0.7,18.0,38,47.3684
litenclip,P43405,1,远 0.35–0.5,12.0,57,21.0526
litenclip,P43405,1,全新 <0.35,0.0,3,0.0000
litenclip,P43405,1,极近 ≥0.7,5.0,6,83.3333
litenclip,P43490,1,近 0.5–0.7,102.0,202,50.4950
litenclip,P43490,1,全新 <0.35,1.0,10,10.0000
litenclip,P43490,1,远 0.35–0.5,121.0,246,49.1870
litenclip,P43490,1,极近 ≥0.7,10.0,24,41.6667
litenclip,P47205,1,近 0.5–0.7,66.0,89,74.1573
litenclip,P47205,1,远 0.35–0.5,1.0,37,2.7027
litenclip,P47205,1,全新 <0.35,0.0,17,0.0000
litenclip,P47205,1,极近 ≥0.7,3.0,4,75.0000
litenclip,P48729,1,近 0.5–0.7,0.0,35,0.0000
litenclip,P48729,1,远 0.35–0.5,0.0,91,0.0000
litenclip,P48729,1,全新 <0.35,0.0,8,0.0000
litenclip,P48730,1,近 0.5–0.7,4.0,43,9.3023
litenclip,P48730,1,远 0.35–0.5,2.0,94,2.1277
litenclip,P48730,1,全新 <0.35,0.0,7,0.0000
litenclip,P49759,1,全新 <0.35,0.0,121,0.0000
litenclip,P49759,1,远 0.35–0.5,0.0,7,0.0000
litenclip,P49759,1,近 0.5–0.7,0.0,5,0.0000
litenclip,P49760,1,近 0.5–0.7,19.0,77,24.6753
litenclip,P49760,1,全新 <0.35,3.0,123,2.4390
litenclip,P49760,1,远 0.35–0.5,2.0,56,3.5714
litenclip,P49841,1,远 0.35–0.5,21.0,645,3.2558
litenclip,P49841,1,全新 <0.35,13.0,651,1.9969
litenclip,P49841,1,近 0.5–0.7,29.0,109,26.6055
litenclip,P50053,1,远 0.35–0.5,29.0,298,9.7315
litenclip,P50053,1,全新 <0.35,67.0,636,10.5346
litenclip,P50053,1,近 0.5–0.7,8.0,9,88.8889
litenclip,P50406,1,近 0.5–0.7,3.0,31,9.6774
litenclip,P50406,1,远 0.35–0.5,4.0,23,17.3913
litenclip,P51531,1,近 0.5–0.7,1.0,17,5.8824
litenclip,P51531,1,远 0.35–0.5,0.0,52,0.0000
litenclip,P51531,1,全新 <0.35,0.0,22,0.0000
litenclip,P51532,1,近 0.5–0.7,1.0,17,5.8824
litenclip,P51532,1,远 0.35–0.5,0.0,49,0.0000
litenclip,P51532,1,全新 <0.35,0.0,16,0.0000
litenclip,P53350,1,远 0.35–0.5,0.0,12,0.0000
litenclip,P53350,1,极近 ≥0.7,0.0,11,0.0000
litenclip,P53350,1,近 0.5–0.7,8.0,84,9.5238
litenclip,P53396,1,远 0.35–0.5,3.0,7,42.8571
litenclip,P53396,1,全新 <0.35,28.0,51,54.9020
litenclip,P53634,1,近 0.5–0.7,57.0,165,34.5455
litenclip,P53634,1,远 0.35–0.5,19.0,129,14.7287
litenclip,P53634,1,全新 <0.35,4.0,106,3.7736
litenclip,P53634,1,极近 ≥0.7,6.0,15,40.0000
litenclip,P53667,1,近 0.5–0.7,4.0,12,33.3333
litenclip,P53667,1,远 0.35–0.5,8.0,48,16.6667
litenclip,P53671,1,近 0.5–0.7,5.0,16,31.2500
litenclip,P53671,1,远 0.35–0.5,27.0,48,56.2500
litenclip,P53779,1,极近 ≥0.7,0.0,9,0.0000
litenclip,P53779,1,近 0.5–0.7,0.0,35,0.0000
litenclip,P53779,1,远 0.35–0.5,5.0,21,23.8095
litenclip,P56817,1,近 0.5–0.7,112.0,213,52.5822
litenclip,P56817,1,远 0.35–0.5,24.0,87,27.5862
litenclip,P56817,1,极近 ≥0.7,44.0,50,88.0000
litenclip,P61073,1,近 0.5–0.7,0.0,39,0.0000
litenclip,P61073,1,远 0.35–0.5,0.0,5,0.0000
litenclip,P61073,1,极近 ≥0.7,0.0,5,0.0000
litenclip,P61073,1,全新 <0.35,0.0,3,0.0000
litenclip,P61964,1,远 0.35–0.5,13.0,37,35.1351
litenclip,P61964,1,近 0.5–0.7,5.0,8,62.5000
litenclip,P61964,1,极近 ≥0.7,2.0,5,40.0000
litenclip,P78527,1,近 0.5–0.7,84.0,131,64.1221
litenclip,P78527,1,远 0.35–0.5,93.0,346,26.8786
litenclip,P78527,1,全新 <0.35,7.0,144,4.8611
litenclip,P78527,1,极近 ≥0.7,9.0,11,81.8182
litenclip,P80192,1,远 0.35–0.5,0.0,33,0.0000
litenclip,P80192,1,全新 <0.35,0.0,25,0.0000
litenclip,Q03111,1,远 0.35–0.5,3.0,81,3.7037
litenclip,Q03111,1,全新 <0.35,0.0,15,0.0000
litenclip,Q03111,1,近 0.5–0.7,1.0,4,25.0000
litenclip,Q06124,1,远 0.35–0.5,102.0,263,38.7833
litenclip,Q06124,1,近 0.5–0.7,115.0,155,74.1935
litenclip,Q06124,1,全新 <0.35,16.0,52,30.7692
litenclip,Q06124,1,极近 ≥0.7,16.0,17,94.1176
litenclip,Q06187,1,近 0.5–0.7,135.0,324,41.6667
litenclip,Q06187,1,远 0.35–0.5,81.0,515,15.7282
litenclip,Q06187,1,全新 <0.35,1.0,54,1.8519
litenclip,Q06187,1,极近 ≥0.7,71.0,84,84.5238
litenclip,Q07817,1,近 0.5–0.7,115.0,123,93.4959
litenclip,Q07817,1,远 0.35–0.5,27.0,57,47.3684
litenclip,Q07817,1,全新 <0.35,1.0,197,0.5076
litenclip,Q09472,1,近 0.5–0.7,3.0,38,7.8947
litenclip,Q09472,1,全新 <0.35,2.0,7,28.5714
litenclip,Q09472,1,远 0.35–0.5,21.0,59,35.5932
litenclip,Q09472,1,极近 ≥0.7,0.0,8,0.0000
litenclip,Q13315,1,远 0.35–0.5,16.0,147,10.8844
litenclip,Q13315,1,极近 ≥0.7,6.0,7,85.7143
litenclip,Q13315,1,近 0.5–0.7,29.0,47,61.7021
litenclip,Q13315,1,全新 <0.35,0.0,15,0.0000
litenclip,Q13464,1,近 0.5–0.7,18.0,27,66.6667
litenclip,Q13464,1,远 0.35–0.5,49.0,152,32.2368
litenclip,Q13464,1,全新 <0.35,1.0,3,33.3333
litenclip,Q13546,1,远 0.35–0.5,105.0,462,22.7273
litenclip,Q13546,1,全新 <0.35,14.0,85,16.4706
litenclip,Q13546,1,近 0.5–0.7,8.0,41,19.5122
litenclip,Q13547,1,近 0.5–0.7,111.0,394,28.1726
litenclip,Q13547,1,远 0.35–0.5,156.0,481,32.4324
litenclip,Q13547,1,极近 ≥0.7,25.0,85,29.4118
litenclip,Q13547,1,全新 <0.35,14.0,84,16.6667
litenclip,Q14145,1,远 0.35–0.5,7.0,32,21.8750
litenclip,Q14145,1,极近 ≥0.7,6.0,7,85.7143
litenclip,Q14145,1,近 0.5–0.7,49.0,75,65.3333
litenclip,Q14145,1,全新 <0.35,0.0,10,0.0000
litenclip,Q14833,1,远 0.35–0.5,0.0,117,0.0000
litenclip,Q14833,1,全新 <0.35,0.0,54,0.0000
litenclip,Q15125,1,全新 <0.35,1.0,120,0.8333
litenclip,Q15125,1,远 0.35–0.5,1.0,55,1.8182
litenclip,Q15858,1,远 0.35–0.5,59.0,296,19.9324
litenclip,Q15858,1,全新 <0.35,12.0,273,4.3956
litenclip,Q15858,1,近 0.5–0.7,24.0,91,26.3736
litenclip,Q15910,1,全新 <0.35,0.0,56,0.0000
litenclip,Q15910,1,远 0.35–0.5,21.0,53,39.6226
litenclip,Q15910,1,近 0.5–0.7,299.0,532,56.2030
litenclip,Q15910,1,极近 ≥0.7,9.0,94,9.5745
litenclip,Q16288,1,近 0.5–0.7,18.0,49,36.7347
litenclip,Q16288,1,极近 ≥0.7,1.0,5,20.0000
litenclip,Q16288,1,远 0.35–0.5,10.0,84,11.9048
litenclip,Q16288,1,全新 <0.35,0.0,28,0.0000
litenclip,Q16552,1,全新 <0.35,14.0,176,7.9545
litenclip,Q16552,1,远 0.35–0.5,7.0,86,8.1395
litenclip,Q16620,1,近 0.5–0.7,3.0,59,5.0847
litenclip,Q16620,1,极近 ≥0.7,0.0,5,0.0000
litenclip,Q16620,1,远 0.35–0.5,1.0,115,0.8696
litenclip,Q16620,1,全新 <0.35,0.0,9,0.0000
litenclip,Q16769,1,近 0.5–0.7,13.0,17,76.4706
litenclip,Q16769,1,远 0.35–0.5,1.0,38,2.6316
litenclip,Q16769,1,极近 ≥0.7,7.0,12,58.3333
litenclip,Q32ZE1,1,远 0.35–0.5,0.0,119,0.0000
litenclip,Q32ZE1,1,全新 <0.35,0.0,31,0.0000
litenclip,Q6V1X1,1,近 0.5–0.7,4.0,9,44.4444
litenclip,Q6V1X1,1,远 0.35–0.5,29.0,59,49.1525
litenclip,Q72547,1,近 0.5–0.7,28.0,53,52.8302
litenclip,Q72547,1,极近 ≥0.7,5.0,9,55.5556
litenclip,Q86TI2,1,近 0.5–0.7,5.0,9,55.5556
litenclip,Q86TI2,1,远 0.35–0.5,22.0,47,46.8085
litenclip,Q86W56,1,远 0.35–0.5,82.0,171,47.9532
litenclip,Q86W56,1,近 0.5–0.7,68.0,128,53.1250
litenclip,Q86W56,1,极近 ≥0.7,24.0,42,57.1429
litenclip,Q86WV6,1,近 0.5–0.7,13.0,20,65.0000
litenclip,Q86WV6,1,极近 ≥0.7,8.0,8,100.0000
litenclip,Q86WV6,1,远 0.35–0.5,3.0,66,4.5455
litenclip,Q86WV6,1,全新 <0.35,5.0,76,6.5789
litenclip,Q8IVH8,1,全新 <0.35,2.0,164,1.2195
litenclip,Q8IVH8,1,远 0.35–0.5,6.0,162,3.7037
litenclip,Q8IVH8,1,近 0.5–0.7,2.0,6,33.3333
litenclip,Q8N884,1,远 0.35–0.5,5.0,76,6.5789
litenclip,Q8N884,1,近 0.5–0.7,0.0,12,0.0000
litenclip,Q8N884,1,全新 <0.35,4.0,218,1.8349
litenclip,Q8NEB9,1,全新 <0.35,14.0,37,37.8378
litenclip,Q8NEB9,1,远 0.35–0.5,8.0,20,40.0000
litenclip,Q8R4B8,1,全新 <0.35,1.0,38,2.6316
litenclip,Q8R4B8,1,近 0.5–0.7,3.0,5,60.0000
litenclip,Q8R4B8,1,远 0.35–0.5,3.0,14,21.4286
litenclip,Q92633,1,全新 <0.35,5.0,479,1.0438
litenclip,Q92633,1,远 0.35–0.5,0.0,80,0.0000
litenclip,Q92769,1,极近 ≥0.7,17.0,35,48.5714
litenclip,Q92769,1,近 0.5–0.7,73.0,130,56.1538
litenclip,Q92769,1,远 0.35–0.5,55.0,140,39.2857
litenclip,Q92769,1,全新 <0.35,6.0,33,18.1818
litenclip,Q92793,1,近 0.5–0.7,59.0,60,98.3333
litenclip,Q92793,1,极近 ≥0.7,7.0,7,100.0000
litenclip,Q92793,1,全新 <0.35,63.0,301,20.9302
litenclip,Q92793,1,远 0.35–0.5,31.0,69,44.9275
litenclip,Q92993,1,远 0.35–0.5,0.0,70,0.0000
litenclip,Q92993,1,近 0.5–0.7,0.0,3,0.0000
litenclip,Q92993,1,全新 <0.35,0.0,20,0.0000
litenclip,Q93009,1,近 0.5–0.7,97.0,184,52.7174
litenclip,Q93009,1,远 0.35–0.5,27.0,70,38.5714
litenclip,Q93009,1,极近 ≥0.7,26.0,39,66.6667
litenclip,Q96RI1,1,远 0.35–0.5,0.0,7,0.0000
litenclip,Q96RI1,1,近 0.5–0.7,20.0,43,46.5116
litenclip,Q96RI1,1,极近 ≥0.7,11.0,11,100.0000
litenclip,Q99640,1,近 0.5–0.7,56.0,88,63.6364
litenclip,Q99640,1,极近 ≥0.7,3.0,3,100.0000
litenclip,Q99640,1,全新 <0.35,2.0,126,1.5873
litenclip,Q99640,1,远 0.35–0.5,21.0,69,30.4348
litenclip,Q99683,1,近 0.5–0.7,0.0,64,0.0000
litenclip,Q99683,1,远 0.35–0.5,0.0,6,0.0000
litenclip,Q99683,1,极近 ≥0.7,0.0,4,0.0000
litenclip,Q99814,1,全新 <0.35,0.0,113,0.0000
litenclip,Q9BY41,1,近 0.5–0.7,19.0,87,21.8391
litenclip,Q9BY41,1,远 0.35–0.5,109.0,248,43.9516
litenclip,Q9BY41,1,全新 <0.35,8.0,44,18.1818
litenclip,Q9BY41,1,极近 ≥0.7,4.0,14,28.5714
litenclip,Q9H3N8,1,极近 ≥0.7,3.0,12,25.0000
litenclip,Q9H3N8,1,近 0.5–0.7,7.0,38,18.4211
litenclip,Q9H3N8,1,远 0.35–0.5,0.0,5,0.0000
litenclip,Q9H8M2,1,近 0.5–0.7,53.0,60,88.3333
litenclip,Q9H8M2,1,远 0.35–0.5,145.0,315,46.0317
litenclip,Q9H8M2,1,全新 <0.35,0.0,12,0.0000
litenclip,Q9H8M2,1,极近 ≥0.7,1.0,4,25.0000
litenclip,Q9HAZ1,1,全新 <0.35,0.0,121,0.0000
litenclip,Q9HAZ1,1,远 0.35–0.5,1.0,9,11.1111
litenclip,Q9HAZ1,1,近 0.5–0.7,1.0,4,25.0000
litenclip,Q9HBH9,1,近 0.5–0.7,10.0,28,35.7143
litenclip,Q9HBH9,1,远 0.35–0.5,13.0,75,17.3333
litenclip,Q9NSY1,1,全新 <0.35,0.0,16,0.0000
litenclip,Q9NSY1,1,远 0.35–0.5,0.0,52,0.0000
litenclip,Q9NWZ3,1,近 0.5–0.7,93.0,237,39.2405
litenclip,Q9NWZ3,1,远 0.35–0.5,211.0,925,22.8108
litenclip,Q9NWZ3,1,全新 <0.35,40.0,294,13.6054
litenclip,Q9NYV4,1,极近 ≥0.7,24.0,33,72.7273
litenclip,Q9NYV4,1,远 0.35–0.5,34.0,115,29.5652
litenclip,Q9NYV4,1,近 0.5–0.7,35.0,63,55.5556
litenclip,Q9NYV4,1,全新 <0.35,9.0,71,12.6761
litenclip,Q9Y5Y9,1,全新 <0.35,3.0,194,1.5464
litenclip,Q9Y5Y9,1,远 0.35–0.5,17.0,375,4.5333
litenclip,Q9Y5Y9,1,近 0.5–0.7,5.0,63,7.9365
litenclip,Q9Y5Z0,1,近 0.5–0.7,99.0,193,51.2953
litenclip,Q9Y5Z0,1,远 0.35–0.5,21.0,77,27.2727
litenclip,Q9Y5Z0,1,极近 ≥0.7,42.0,47,89.3617
litenclip,C7FF05,0,远 0.35–0.5,0.0,42,0.0000
litenclip,C7FF05,0,极近 ≥0.7,2.0,13,15.3846
litenclip,C7FF05,0,近 0.5–0.7,2.0,35,5.7143
litenclip,O14638,0,全新 <0.35,1.0,50,2.0000
litenclip,O14638,0,远 0.35–0.5,2.0,40,5.0000
litenclip,O94921,0,远 0.35–0.5,8.0,38,21.0526
litenclip,O94921,0,近 0.5–0.7,17.0,59,28.8136
litenclip,P01111,0,全新 <0.35,0.0,469,0.0000
litenclip,P05622,0,近 0.5–0.7,0.0,106,0.0000
litenclip,P05622,0,极近 ≥0.7,0.0,48,0.0000
litenclip,P05622,0,远 0.35–0.5,0.0,163,0.0000
litenclip,P05622,0,全新 <0.35,0.0,61,0.0000
litenclip,P08519,1,全新 <0.35,1.0,28,3.5714
litenclip,P08519,1,远 0.35–0.5,0.0,47,0.0000
litenclip,P28347,0,全新 <0.35,0.0,96,0.0000
litenclip,P28347,0,远 0.35–0.5,0.0,137,0.0000
litenclip,P28347,0,近 0.5–0.7,0.0,5,0.0000
litenclip,P37288,0,远 0.35–0.5,2.0,26,7.6923
litenclip,P37288,0,全新 <0.35,7.0,82,8.5366
litenclip,P43220,1,极近 ≥0.7,0.0,8,0.0000
litenclip,P43220,1,远 0.35–0.5,0.0,24,0.0000
litenclip,P43220,1,全新 <0.35,0.0,83,0.0000
litenclip,P43220,1,近 0.5–0.7,0.0,14,0.0000
litenclip,P56528,0,远 0.35–0.5,0.0,96,0.0000
litenclip,P56528,0,全新 <0.35,0.0,6,0.0000
litenclip,P97821,0,近 0.5–0.7,16.0,63,25.3968
litenclip,P97821,0,远 0.35–0.5,3.0,6,50.0000
litenclip,P97821,0,极近 ≥0.7,1.0,14,7.1429
litenclip,Q15562,1,远 0.35–0.5,0.0,99,0.0000
litenclip,Q15562,1,全新 <0.35,0.0,81,0.0000
litenclip,Q15878,0,全新 <0.35,1.0,88,1.1364
litenclip,Q15878,0,远 0.35–0.5,0.0,63,0.0000
litenclip,Q92830,0,全新 <0.35,0.0,152,0.0000
litenclip,Q92830,0,远 0.35–0.5,0.0,7,0.0000
litenclip,Q96LB1,0,远 0.35–0.5,0.0,15,0.0000
litenclip,Q96LB1,0,全新 <0.35,0.0,42,0.0000
litenclip,Q96LB1,0,近 0.5–0.7,0.0,10,0.0000
litenclip,Q99594,0,远 0.35–0.5,0.0,56,0.0000
litenclip,Q99594,0,全新 <0.35,0.0,46,0.0000
litenclip,J9SQF3,0,远 0.35–0.5,0.0,612,0.0000
litenclip,J9SQF3,0,全新 <0.35,0.0,38,0.0000
litenclip,O00411,0,远 0.35–0.5,0.0,191,0.0000
litenclip,O00411,0,全新 <0.35,0.0,13,0.0000
litenclip,O00411,0,近 0.5–0.7,0.0,23,0.0000
litenclip,O00443,1,极近 ≥0.7,0.0,5,0.0000
litenclip,O00443,1,远 0.35–0.5,0.0,54,0.0000
litenclip,O00443,1,近 0.5–0.7,0.0,38,0.0000
litenclip,O14578,0,近 0.5–0.7,13.0,51,25.4902
litenclip,O14578,0,远 0.35–0.5,6.0,98,6.1224
litenclip,O14578,0,极近 ≥0.7,2.0,3,66.6667
litenclip,O14874,0,远 0.35–0.5,41.0,78,52.5641
litenclip,O14874,0,近 0.5–0.7,7.0,24,29.1667
litenclip,O14874,0,全新 <0.35,1.0,3,33.3333
litenclip,O42275,0,近 0.5–0.7,33.0,52,63.4615
litenclip,O42275,0,极近 ≥0.7,28.0,46,60.8696
litenclip,O42275,0,远 0.35–0.5,0.0,19,0.0000
litenclip,O60427,0,远 0.35–0.5,0.0,77,0.0000
litenclip,O60427,0,全新 <0.35,2.0,158,1.2658
litenclip,O88634,0,全新 <0.35,6.0,41,14.6341
litenclip,O88634,0,远 0.35–0.5,0.0,21,0.0000
litenclip,O88634,0,近 0.5–0.7,0.0,4,0.0000
litenclip,O94782,0,全新 <0.35,11.0,326,3.3742
litenclip,O94782,0,远 0.35–0.5,12.0,73,16.4384
litenclip,O94782,0,近 0.5–0.7,0.0,5,0.0000
litenclip,O95835,0,远 0.35–0.5,2.0,67,2.9851
litenclip,O95835,0,全新 <0.35,0.0,4,0.0000
litenclip,P08546,0,全新 <0.35,0.0,47,0.0000
litenclip,P08546,0,远 0.35–0.5,0.0,35,0.0000
litenclip,P09871,0,远 0.35–0.5,48.0,108,44.4444
litenclip,P09871,0,全新 <0.35,136.0,313,43.4505
litenclip,P0AES4,0,远 0.35–0.5,0.0,80,0.0000
litenclip,P0AES4,0,极近 ≥0.7,0.0,10,0.0000
litenclip,P0AES4,0,近 0.5–0.7,0.0,31,0.0000
litenclip,P0AES4,0,全新 <0.35,0.0,12,0.0000
litenclip,P14060,0,远 0.35–0.5,2.0,29,6.8966
litenclip,P14060,0,全新 <0.35,4.0,45,8.8889
litenclip,P14416,0,极近 ≥0.7,31.0,44,70.4545
litenclip,P14416,0,远 0.35–0.5,31.0,157,19.7452
litenclip,P14416,0,近 0.5–0.7,51.0,113,45.1327
litenclip,P14416,0,全新 <0.35,2.0,6,33.3333
litenclip,P16788,0,全新 <0.35,0.0,214,0.0000
litenclip,P16788,0,远 0.35–0.5,0.0,240,0.0000
litenclip,P17927,0,极近 ≥0.7,22.0,54,40.7407
litenclip,P17927,0,近 0.5–0.7,6.0,15,40.0000
litenclip,P17948,1,近 0.5–0.7,7.0,49,14.2857
litenclip,P17948,1,远 0.35–0.5,0.0,21,0.0000
litenclip,P17948,1,极近 ≥0.7,12.0,22,54.5455
litenclip,P19525,0,近 0.5–0.7,0.0,38,0.0000
litenclip,P19525,0,远 0.35–0.5,1.0,57,1.7544
litenclip,P19525,0,极近 ≥0.7,0.0,82,0.0000
litenclip,P19525,0,全新 <0.35,0.0,4,0.0000
litenclip,P20648,0,远 0.35–0.5,1.0,54,1.8519
litenclip,P20648,0,全新 <0.35,1.0,58,1.7241
litenclip,P21917,0,远 0.35–0.5,1.0,19,5.2632
litenclip,P21917,0,全新 <0.35,0.0,3,0.0000
litenclip,P21917,0,近 0.5–0.7,4.0,19,21.0526
litenclip,P21917,0,极近 ≥0.7,8.0,24,33.3333
litenclip,P22001,0,全新 <0.35,0.0,261,0.0000
litenclip,P22001,0,远 0.35–0.5,0.0,86,0.0000
litenclip,P22001,0,近 0.5–0.7,0.0,4,0.0000
litenclip,P25929,0,远 0.35–0.5,0.0,46,0.0000
litenclip,P25929,0,全新 <0.35,0.0,45,0.0000
litenclip,P25929,0,近 0.5–0.7,0.0,11,0.0000
litenclip,P28223,0,近 0.5–0.7,63.0,255,24.7059
litenclip,P28223,0,极近 ≥0.7,45.0,100,45.0000
litenclip,P28223,0,全新 <0.35,12.0,119,10.0840
litenclip,P28223,0,远 0.35–0.5,57.0,726,7.8512
litenclip,P30990,0,近 0.5–0.7,0.0,12,0.0000
litenclip,P30990,0,远 0.35–0.5,0.0,59,0.0000
litenclip,P30990,0,全新 <0.35,0.0,5,0.0000
litenclip,P34969,0,极近 ≥0.7,19.0,32,59.3750
litenclip,P34969,0,近 0.5–0.7,15.0,50,30.0000
litenclip,P34969,0,远 0.35–0.5,0.0,18,0.0000
litenclip,P35462,0,极近 ≥0.7,11.0,22,50.0000
litenclip,P35462,0,远 0.35–0.5,15.0,63,23.8095
litenclip,P35462,0,近 0.5–0.7,1.0,20,5.0000
litenclip,P35462,0,全新 <0.35,1.0,4,25.0000
litenclip,P37840,0,远 0.35–0.5,2.0,23,8.6957
litenclip,P37840,0,全新 <0.35,3.0,90,3.3333
litenclip,P50052,1,远 0.35–0.5,56.0,116,48.2759
litenclip,P50052,1,全新 <0.35,14.0,88,15.9091
litenclip,P50052,1,近 0.5–0.7,0.0,7,0.0000
litenclip,P50052,1,极近 ≥0.7,0.0,3,0.0000
litenclip,P52429,0,远 0.35–0.5,0.0,81,0.0000
litenclip,P54278,0,远 0.35–0.5,23.0,61,37.7049
litenclip,P54278,0,近 0.5–0.7,3.0,9,33.3333
litenclip,P54278,0,全新 <0.35,4.0,15,26.6667
litenclip,P57059,0,远 0.35–0.5,3.0,38,7.8947
litenclip,P57059,0,近 0.5–0.7,0.0,4,0.0000
litenclip,P57059,0,极近 ≥0.7,10.0,35,28.5714
litenclip,P57059,0,全新 <0.35,0.0,7,0.0000
litenclip,Q08211,1,远 0.35–0.5,75.0,479,15.6576
litenclip,Q08211,1,全新 <0.35,24.0,218,11.0092
litenclip,Q08211,1,近 0.5–0.7,6.0,10,60.0000
litenclip,Q08828,0,远 0.35–0.5,0.0,65,0.0000
litenclip,Q10469,0,全新 <0.35,0.0,167,0.0000
litenclip,Q10469,0,远 0.35–0.5,0.0,4,0.0000
litenclip,Q13191,0,全新 <0.35,2.0,1129,0.1771
litenclip,Q13191,0,远 0.35–0.5,0.0,101,0.0000
litenclip,Q13233,0,近 0.5–0.7,0.0,23,0.0000
litenclip,Q13233,0,远 0.35–0.5,0.0,25,0.0000
litenclip,Q13233,0,极近 ≥0.7,0.0,8,0.0000
litenclip,Q13574,0,远 0.35–0.5,0.0,19,0.0000
litenclip,Q13574,0,全新 <0.35,2.0,557,0.3591
litenclip,Q16739,0,全新 <0.35,0.0,40,0.0000
litenclip,Q16739,0,远 0.35–0.5,3.0,267,1.1236
litenclip,Q16832,1,近 0.5–0.7,21.0,49,42.8571
litenclip,Q16832,1,全新 <0.35,0.0,78,0.0000
litenclip,Q16832,1,远 0.35–0.5,8.0,189,4.2328
litenclip,Q16832,1,极近 ≥0.7,6.0,10,60.0000
litenclip,Q5JRX3,0,极近 ≥0.7,0.0,21,0.0000
litenclip,Q5JRX3,0,近 0.5–0.7,0.0,19,0.0000
litenclip,Q5JRX3,0,远 0.35–0.5,0.0,17,0.0000
litenclip,Q6SZW1,0,近 0.5–0.7,1.0,51,1.9608
litenclip,Q6SZW1,0,远 0.35–0.5,1.0,152,0.6579
litenclip,Q6SZW1,0,全新 <0.35,0.0,39,0.0000
litenclip,Q7Z3E1,0,远 0.35–0.5,27.0,197,13.7056
litenclip,Q7Z3E1,0,近 0.5–0.7,93.0,272,34.1912
litenclip,Q7Z3E1,0,极近 ≥0.7,5.0,20,25.0000
litenclip,Q7Z3E1,0,全新 <0.35,0.0,85,0.0000
litenclip,Q86SK9,0,远 0.35–0.5,0.0,44,0.0000
litenclip,Q86SK9,0,近 0.5–0.7,0.0,4,0.0000
litenclip,Q86SK9,0,全新 <0.35,0.0,6,0.0000
litenclip,Q86UE8,0,近 0.5–0.7,19.0,56,33.9286
litenclip,Q86UE8,0,极近 ≥0.7,2.0,9,22.2222
litenclip,Q86UE8,0,远 0.35–0.5,2.0,3,66.6667
litenclip,Q8N1C3,0,远 0.35–0.5,0.0,44,0.0000
litenclip,Q8N1C3,0,全新 <0.35,6.0,154,3.8961
litenclip,Q8N1C3,0,极近 ≥0.7,0.0,3,0.0000
litenclip,Q8WYB5,0,远 0.35–0.5,0.0,145,0.0000
litenclip,Q8WYB5,0,全新 <0.35,0.0,44,0.0000
litenclip,Q8WYB5,0,近 0.5–0.7,0.0,3,0.0000
litenclip,Q92551,0,极近 ≥0.7,0.0,3,0.0000
litenclip,Q92551,0,近 0.5–0.7,0.0,37,0.0000
litenclip,Q92551,0,远 0.35–0.5,0.0,135,0.0000
litenclip,Q92551,0,全新 <0.35,0.0,17,0.0000
litenclip,Q96DB2,0,极近 ≥0.7,0.0,22,0.0000
litenclip,Q96DB2,0,近 0.5–0.7,1.0,25,4.0000
litenclip,Q96DB2,0,远 0.35–0.5,0.0,23,0.0000
litenclip,Q96GX5,1,全新 <0.35,11.0,124,8.8710
litenclip,Q96GX5,1,远 0.35–0.5,3.0,130,2.3077
litenclip,Q96GX5,1,近 0.5–0.7,0.0,3,0.0000
litenclip,Q9H0K1,0,远 0.35–0.5,1.0,49,2.0408
litenclip,Q9H0K1,0,近 0.5–0.7,0.0,6,0.0000
litenclip,Q9H0K1,0,极近 ≥0.7,6.0,37,16.2162
litenclip,Q9H0K1,0,全新 <0.35,0.0,17,0.0000
litenclip,Q9HCE5,0,远 0.35–0.5,0.0,115,0.0000
litenclip,Q9HCE5,0,全新 <0.35,0.0,67,0.0000
litenclip,Q9HCE5,0,近 0.5–0.7,0.0,7,0.0000
litenclip,Q9HCE5,0,极近 ≥0.7,0.0,4,0.0000
litenclip,Q9NPH5,0,远 0.35–0.5,0.0,36,0.0000
litenclip,Q9NPH5,0,全新 <0.35,0.0,52,0.0000
litenclip,Q9NPH5,0,近 0.5–0.7,0.0,7,0.0000
litenclip,Q9NR19,0,远 0.35–0.5,1.0,127,0.7874
litenclip,Q9NR19,0,全新 <0.35,0.0,9,0.0000
litenclip,Q9NR19,0,近 0.5–0.7,0.0,6,0.0000
litenclip,Q9Y2I7,0,远 0.35–0.5,0.0,327,0.0000
litenclip,Q9Y2I7,0,近 0.5–0.7,0.0,43,0.0000
litenclip,Q9Y2I7,0,全新 <0.35,0.0,8,0.0000
litenclip,Q9Y2I7,0,极近 ≥0.7,0.0,16,0.0000
hypseek_rk,O15379,1,近 0.5–0.7,0.0,58,0.0000
hypseek_rk,O15379,1,极近 ≥0.7,0.0,69,0.0000
hypseek_rk,O15379,1,远 0.35–0.5,0.0,14,0.0000
hypseek_rk,O43353,1,近 0.5–0.7,85.0,179,47.4860
hypseek_rk,O43353,1,远 0.35–0.5,2.0,9,22.2222
hypseek_rk,O43353,1,极近 ≥0.7,15.0,58,25.8621
hypseek_rk,O60341,1,极近 ≥0.7,12.0,44,27.2727
hypseek_rk,O60341,1,近 0.5–0.7,3.0,27,11.1111
hypseek_rk,O60341,1,远 0.35–0.5,0.0,32,0.0000
hypseek_rk,O60674,1,极近 ≥0.7,20.0,122,16.3934
hypseek_rk,O60674,1,近 0.5–0.7,1.0,85,1.1765
hypseek_rk,O60674,1,远 0.35–0.5,0.0,21,0.0000
hypseek_rk,O60885,1,极近 ≥0.7,30.0,56,53.5714
hypseek_rk,O75469,1,极近 ≥0.7,40.0,78,51.2821
hypseek_rk,O75469,1,近 0.5–0.7,2.0,4,50.0000
hypseek_rk,P00734,1,极近 ≥0.7,75.0,145,51.7241
hypseek_rk,P00734,1,近 0.5–0.7,0.0,4,0.0000
hypseek_rk,P01116,1,远 0.35–0.5,0.0,7,0.0000
hypseek_rk,P01116,1,极近 ≥0.7,17.0,25,68.0000
hypseek_rk,P01116,1,近 0.5–0.7,0.0,17,0.0000
hypseek_rk,P06239,1,极近 ≥0.7,21.0,48,43.7500
hypseek_rk,P06239,1,近 0.5–0.7,6.0,17,35.2941
hypseek_rk,P06239,1,远 0.35–0.5,1.0,3,33.3333
hypseek_rk,P08581,1,近 0.5–0.7,2.0,10,20.0000
hypseek_rk,P08581,1,极近 ≥0.7,23.0,56,41.0714
hypseek_rk,P11362,1,极近 ≥0.7,17.0,28,60.7143
hypseek_rk,P11362,1,远 0.35–0.5,0.0,19,0.0000
hypseek_rk,P11362,1,近 0.5–0.7,2.0,8,25.0000
hypseek_rk,P18031,1,远 0.35–0.5,4.0,7,57.1429
hypseek_rk,P18031,1,全新 <0.35,44.0,85,51.7647
hypseek_rk,P18031,1,近 0.5–0.7,0.0,6,0.0000
hypseek_rk,P18031,1,极近 ≥0.7,8.0,18,44.4444
hypseek_rk,P21554,1,极近 ≥0.7,19.0,30,63.3333
hypseek_rk,P21554,1,近 0.5–0.7,9.0,53,16.9811
hypseek_rk,P21554,1,远 0.35–0.5,4.0,16,25.0000
hypseek_rk,P22413,1,远 0.35–0.5,4.0,102,3.9216
hypseek_rk,P22413,1,全新 <0.35,0.0,38,0.0000
hypseek_rk,P22413,1,极近 ≥0.7,2.0,9,22.2222
hypseek_rk,P22413,1,近 0.5–0.7,4.0,40,10.0000
hypseek_rk,P22455,1,极近 ≥0.7,16.0,30,53.3333
hypseek_rk,P22455,1,远 0.35–0.5,0.0,19,0.0000
hypseek_rk,P22455,1,近 0.5–0.7,0.0,5,0.0000
hypseek_rk,P27338,1,极近 ≥0.7,21.0,43,48.8372
hypseek_rk,P27338,1,近 0.5–0.7,28.0,92,30.4348
hypseek_rk,P27338,1,远 0.35–0.5,0.0,20,0.0000
hypseek_rk,P28335,1,近 0.5–0.7,2.0,23,8.6957
hypseek_rk,P28335,1,远 0.35–0.5,1.0,29,3.4483
hypseek_rk,P28335,1,极近 ≥0.7,11.0,24,45.8333
hypseek_rk,P28335,1,全新 <0.35,0.0,4,0.0000
hypseek_rk,P30530,1,近 0.5–0.7,1.0,5,20.0000
hypseek_rk,P30530,1,极近 ≥0.7,24.0,45,53.3333
hypseek_rk,P31153,1,远 0.35–0.5,0.0,5,0.0000
hypseek_rk,P31153,1,全新 <0.35,0.0,5,0.0000
hypseek_rk,P31153,1,近 0.5–0.7,0.0,34,0.0000
hypseek_rk,P31153,1,极近 ≥0.7,0.0,19,0.0000
hypseek_rk,P34913,1,极近 ≥0.7,40.0,76,52.6316
hypseek_rk,P34913,1,近 0.5–0.7,24.0,48,50.0000
hypseek_rk,P34914,1,极近 ≥0.7,19.0,26,73.0769
hypseek_rk,P34914,1,远 0.35–0.5,0.0,13,0.0000
hypseek_rk,P34914,1,近 0.5–0.7,30.0,60,50.0000
hypseek_rk,P35968,1,近 0.5–0.7,10.0,39,25.6410
hypseek_rk,P35968,1,极近 ≥0.7,42.0,92,45.6522
hypseek_rk,P35968,1,远 0.35–0.5,1.0,5,20.0000
hypseek_rk,P36888,1,极近 ≥0.7,23.0,55,41.8182
hypseek_rk,P36888,1,近 0.5–0.7,4.0,17,23.5294
hypseek_rk,P36888,1,远 0.35–0.5,1.0,8,12.5000
hypseek_rk,P36888,1,全新 <0.35,1.0,4,25.0000
hypseek_rk,P41182,1,极近 ≥0.7,29.0,52,55.7692
hypseek_rk,P41182,1,近 0.5–0.7,4.0,11,36.3636
hypseek_rk,P47989,1,远 0.35–0.5,3.0,39,7.6923
hypseek_rk,P47989,1,近 0.5–0.7,1.0,8,12.5000
hypseek_rk,P47989,1,极近 ≥0.7,6.0,8,75.0000
hypseek_rk,P49327,1,极近 ≥0.7,339.0,656,51.6768
hypseek_rk,P49327,1,近 0.5–0.7,0.0,9,0.0000
hypseek_rk,P50406,1,极近 ≥0.7,15.0,21,71.4286
hypseek_rk,P50406,1,远 0.35–0.5,2.0,10,20.0000
hypseek_rk,P50406,1,近 0.5–0.7,10.0,36,27.7778
hypseek_rk,P52333,1,近 0.5–0.7,43.0,117,36.7521
hypseek_rk,P52333,1,极近 ≥0.7,79.0,119,66.3866
hypseek_rk,P52333,1,远 0.35–0.5,1.0,20,5.0000
hypseek_rk,P53634,1,近 0.5–0.7,0.0,44,0.0000
hypseek_rk,P53634,1,远 0.35–0.5,0.0,3,0.0000
hypseek_rk,P53634,1,极近 ≥0.7,3.0,8,37.5000
hypseek_rk,P53634,1,全新 <0.35,0.0,3,0.0000
hypseek_rk,P56817,1,极近 ≥0.7,85.0,154,55.1948
hypseek_rk,P56817,1,近 0.5–0.7,48.0,105,45.7143
hypseek_rk,Q05397,1,极近 ≥0.7,23.0,47,48.9362
hypseek_rk,Q05397,1,近 0.5–0.7,17.0,37,45.9459
hypseek_rk,Q05397,1,远 0.35–0.5,0.0,6,0.0000
hypseek_rk,Q13188,1,极近 ≥0.7,20.0,43,46.5116
hypseek_rk,Q13188,1,近 0.5–0.7,3.0,7,42.8571
hypseek_rk,Q13547,1,极近 ≥0.7,47.0,148,31.7568
hypseek_rk,Q13547,1,近 0.5–0.7,14.0,148,9.4595
hypseek_rk,Q13547,1,远 0.35–0.5,0.0,65,0.0000
hypseek_rk,Q13627,1,极近 ≥0.7,46.0,77,59.7403
hypseek_rk,Q13627,1,近 0.5–0.7,6.0,32,18.7500
hypseek_rk,Q16678,1,极近 ≥0.7,13.0,21,61.9048
hypseek_rk,Q16678,1,近 0.5–0.7,7.0,63,11.1111
hypseek_rk,Q16678,1,远 0.35–0.5,0.0,23,0.0000
hypseek_rk,Q92769,1,近 0.5–0.7,23.0,58,39.6552
hypseek_rk,Q92769,1,极近 ≥0.7,32.0,55,58.1818
hypseek_rk,Q92769,1,远 0.35–0.5,3.0,14,21.4286
hypseek_rk,Q92918,1,极近 ≥0.7,11.0,84,13.0952
hypseek_rk,Q92918,1,近 0.5–0.7,4.0,72,5.5556
hypseek_rk,Q92918,1,远 0.35–0.5,0.0,5,0.0000
hypseek_rk,Q9BY41,1,极近 ≥0.7,26.0,44,59.0909
hypseek_rk,Q9BY41,1,远 0.35–0.5,7.0,19,36.8421
hypseek_rk,Q9BY41,1,近 0.5–0.7,15.0,41,36.5854
hypseek_rk,Q9NWZ3,1,远 0.35–0.5,15.0,50,30.0000
hypseek_rk,Q9NWZ3,1,近 0.5–0.7,6.0,23,26.0870
hypseek_rk,Q9NWZ3,1,极近 ≥0.7,6.0,12,50.0000
hypseek_rk,Q9NWZ3,1,全新 <0.35,2.0,6,33.3333
hypseek_rk,Q9NZQ7,1,极近 ≥0.7,22.0,43,51.1628
hypseek_rk,Q9NZQ7,1,近 0.5–0.7,21.0,37,56.7568
hypseek_rk,Q9NZQ7,1,远 0.35–0.5,0.0,4,0.0000
hypseek_rk,Q9Y5Z0,1,极近 ≥0.7,72.0,136,52.9412
hypseek_rk,Q9Y5Z0,1,近 0.5–0.7,44.0,91,48.3516
hypseek_rk,O14684,1,远 0.35–0.5,6.0,114,5.2632
hypseek_rk,O14684,1,近 0.5–0.7,1.0,11,9.0909
hypseek_rk,O14744,1,极近 ≥0.7,27.0,32,84.3750
hypseek_rk,O14744,1,近 0.5–0.7,41.0,76,53.9474
hypseek_rk,O14744,1,远 0.35–0.5,171.0,555,30.8108
hypseek_rk,O14744,1,全新 <0.35,20.0,151,13.2450
hypseek_rk,O14757,1,近 0.5–0.7,7.0,19,36.8421
hypseek_rk,O14757,1,远 0.35–0.5,76.0,147,51.7007
hypseek_rk,O14757,1,全新 <0.35,14.0,24,58.3333
hypseek_rk,O15379,1,近 0.5–0.7,0.0,162,0.0000
hypseek_rk,O15379,1,极近 ≥0.7,0.0,36,0.0000
hypseek_rk,O15379,1,远 0.35–0.5,0.0,183,0.0000
hypseek_rk,O15379,1,全新 <0.35,0.0,32,0.0000
hypseek_rk,O43570,1,近 0.5–0.7,82.0,170,48.2353
hypseek_rk,O43570,1,极近 ≥0.7,3.0,18,16.6667
hypseek_rk,O43570,1,远 0.35–0.5,25.0,51,49.0196
hypseek_rk,O43613,1,远 0.35–0.5,37.0,83,44.5783
hypseek_rk,O43613,1,近 0.5–0.7,8.0,10,80.0000
hypseek_rk,O43613,1,全新 <0.35,3.0,6,50.0000
hypseek_rk,O43614,1,远 0.35–0.5,44.0,80,55.0000
hypseek_rk,O43614,1,全新 <0.35,6.0,56,10.7143
hypseek_rk,O43614,1,近 0.5–0.7,8.0,9,88.8889
hypseek_rk,O60341,1,近 0.5–0.7,28.0,198,14.1414
hypseek_rk,O60341,1,远 0.35–0.5,71.0,506,14.0316
hypseek_rk,O60341,1,全新 <0.35,14.0,80,17.5000
hypseek_rk,O60341,1,极近 ≥0.7,6.0,23,26.0870
hypseek_rk,O60502,1,远 0.35–0.5,69.0,136,50.7353
hypseek_rk,O60502,1,近 0.5–0.7,43.0,76,56.5789
hypseek_rk,O60502,1,全新 <0.35,17.0,89,19.1011
hypseek_rk,O60885,1,远 0.35–0.5,150.0,253,59.2885
hypseek_rk,O60885,1,全新 <0.35,7.0,59,11.8644
hypseek_rk,O60885,1,近 0.5–0.7,110.0,220,50.0000
hypseek_rk,O60885,1,极近 ≥0.7,23.0,44,52.2727
hypseek_rk,O75116,1,近 0.5–0.7,27.0,57,47.3684
hypseek_rk,O75116,1,远 0.35–0.5,81.0,212,38.2075
hypseek_rk,O75116,1,全新 <0.35,0.0,28,0.0000
hypseek_rk,O75116,1,极近 ≥0.7,2.0,4,50.0000
hypseek_rk,O75173,1,近 0.5–0.7,31.0,67,46.2687
hypseek_rk,O75173,1,远 0.35–0.5,11.0,15,73.3333
hypseek_rk,O75385,1,远 0.35–0.5,9.0,281,3.2028
hypseek_rk,O75385,1,近 0.5–0.7,6.0,19,31.5789
hypseek_rk,O75385,1,全新 <0.35,3.0,107,2.8037
hypseek_rk,O95497,1,远 0.35–0.5,0.0,88,0.0000
hypseek_rk,O95497,1,近 0.5–0.7,0.0,7,0.0000
hypseek_rk,O95497,1,全新 <0.35,0.0,22,0.0000
hypseek_rk,O95819,1,全新 <0.35,17.0,39,43.5897
hypseek_rk,O95819,1,远 0.35–0.5,3.0,24,12.5000
hypseek_rk,O96017,1,远 0.35–0.5,25.0,60,41.6667
hypseek_rk,O96017,1,近 0.5–0.7,2.0,5,40.0000
hypseek_rk,O96028,1,远 0.35–0.5,7.0,26,26.9231
hypseek_rk,O96028,1,全新 <0.35,2.0,33,6.0606
hypseek_rk,O96028,1,近 0.5–0.7,3.0,12,25.0000
hypseek_rk,O96028,1,极近 ≥0.7,0.0,6,0.0000
hypseek_rk,P00519,1,近 0.5–0.7,15.0,177,8.4746
hypseek_rk,P00519,1,远 0.35–0.5,2.0,108,1.8519
hypseek_rk,P00519,1,极近 ≥0.7,4.0,5,80.0000
hypseek_rk,P00519,1,全新 <0.35,0.0,4,0.0000
hypseek_rk,P00533,1,近 0.5–0.7,308.0,534,57.6779
hypseek_rk,P00533,1,远 0.35–0.5,75.0,972,7.7160
hypseek_rk,P00533,1,全新 <0.35,18.0,470,3.8298
hypseek_rk,P00533,1,极近 ≥0.7,54.0,71,76.0563
hypseek_rk,P00734,1,极近 ≥0.7,6.0,9,66.6667
hypseek_rk,P00734,1,近 0.5–0.7,21.0,45,46.6667
hypseek_rk,P00734,1,远 0.35–0.5,2.0,18,11.1111
hypseek_rk,P00742,1,近 0.5–0.7,16.0,41,39.0244
hypseek_rk,P00742,1,极近 ≥0.7,3.0,9,33.3333
hypseek_rk,P00742,1,远 0.35–0.5,8.0,16,50.0000
hypseek_rk,P00746,1,近 0.5–0.7,142.0,216,65.7407
hypseek_rk,P00746,1,远 0.35–0.5,38.0,110,34.5455
hypseek_rk,P00746,1,全新 <0.35,3.0,36,8.3333
hypseek_rk,P03372,1,远 0.35–0.5,31.0,110,28.1818
hypseek_rk,P03372,1,全新 <0.35,0.0,9,0.0000
hypseek_rk,P03372,1,近 0.5–0.7,66.0,98,67.3469
hypseek_rk,P03951,1,远 0.35–0.5,38.0,84,45.2381
hypseek_rk,P03951,1,全新 <0.35,5.0,14,35.7143
hypseek_rk,P03952,1,远 0.35–0.5,58.0,111,52.2523
hypseek_rk,P03952,1,全新 <0.35,6.0,16,37.5000
hypseek_rk,P03952,1,近 0.5–0.7,0.0,3,0.0000
hypseek_rk,P04150,1,近 0.5–0.7,18.0,23,78.2609
hypseek_rk,P04150,1,远 0.35–0.5,102.0,228,44.7368
hypseek_rk,P04150,1,全新 <0.35,3.0,35,8.5714
hypseek_rk,P04293,1,远 0.35–0.5,0.0,162,0.0000
hypseek_rk,P04293,1,全新 <0.35,0.0,193,0.0000
hypseek_rk,P04626,1,远 0.35–0.5,397.0,798,49.7494
hypseek_rk,P04626,1,近 0.5–0.7,40.0,89,44.9438
hypseek_rk,P04626,1,全新 <0.35,37.0,105,35.2381
hypseek_rk,P04626,1,极近 ≥0.7,5.0,12,41.6667
hypseek_rk,P06239,1,近 0.5–0.7,12.0,130,9.2308
hypseek_rk,P06239,1,极近 ≥0.7,3.0,16,18.7500
hypseek_rk,P06239,1,远 0.35–0.5,4.0,131,3.0534
hypseek_rk,P06239,1,全新 <0.35,0.0,438,0.0000
hypseek_rk,P06241,1,远 0.35–0.5,2.0,39,5.1282
hypseek_rk,P06241,1,近 0.5–0.7,0.0,10,0.0000
hypseek_rk,P06241,1,全新 <0.35,0.0,4,0.0000
hypseek_rk,P06276,1,近 0.5–0.7,51.0,87,58.6207
hypseek_rk,P06276,1,极近 ≥0.7,8.0,22,36.3636
hypseek_rk,P06276,1,远 0.35–0.5,5.0,28,17.8571
hypseek_rk,P07333,1,近 0.5–0.7,30.0,153,19.6078
hypseek_rk,P07333,1,远 0.35–0.5,31.0,505,6.1386
hypseek_rk,P07333,1,全新 <0.35,23.0,112,20.5357
hypseek_rk,P07333,1,极近 ≥0.7,1.0,3,33.3333
hypseek_rk,P07711,1,极近 ≥0.7,6.0,29,20.6897
hypseek_rk,P07711,1,远 0.35–0.5,8.0,18,44.4444
hypseek_rk,P07711,1,近 0.5–0.7,27.0,63,42.8571
hypseek_rk,P07711,1,全新 <0.35,0.0,3,0.0000
hypseek_rk,P07949,1,近 0.5–0.7,98.0,166,59.0361
hypseek_rk,P07949,1,远 0.35–0.5,25.0,83,30.1205
hypseek_rk,P07949,1,极近 ≥0.7,8.0,13,61.5385
hypseek_rk,P08069,1,极近 ≥0.7,16.0,34,47.0588
hypseek_rk,P08069,1,近 0.5–0.7,47.0,166,28.3133
hypseek_rk,P08069,1,远 0.35–0.5,14.0,158,8.8608
hypseek_rk,P08173,1,全新 <0.35,1.0,32,3.1250
hypseek_rk,P08173,1,远 0.35–0.5,0.0,38,0.0000
hypseek_rk,P08173,1,近 0.5–0.7,1.0,8,12.5000
hypseek_rk,P08581,1,远 0.35–0.5,75.0,367,20.4360
hypseek_rk,P08581,1,近 0.5–0.7,219.0,434,50.4608
hypseek_rk,P08581,1,极近 ≥0.7,10.0,17,58.8235
hypseek_rk,P08581,1,全新 <0.35,0.0,13,0.0000
hypseek_rk,P08908,1,全新 <0.35,1.0,5,20.0000
hypseek_rk,P08908,1,近 0.5–0.7,38.0,73,52.0548
hypseek_rk,P08908,1,远 0.35–0.5,53.0,126,42.0635
hypseek_rk,P08908,1,极近 ≥0.7,3.0,3,100.0000
hypseek_rk,P08922,1,近 0.5–0.7,9.0,21,42.8571
hypseek_rk,P08922,1,远 0.35–0.5,6.0,26,23.0769
hypseek_rk,P08922,1,极近 ≥0.7,1.0,3,33.3333
hypseek_rk,P0DMS8,1,远 0.35–0.5,18.0,33,54.5455
hypseek_rk,P0DMS8,1,全新 <0.35,2.0,10,20.0000
hypseek_rk,P0DMS8,1,近 0.5–0.7,4.0,6,66.6667
hypseek_rk,P10398,1,远 0.35–0.5,3.0,22,13.6364
hypseek_rk,P10398,1,近 0.5–0.7,19.0,80,23.7500
hypseek_rk,P11309,1,全新 <0.35,1.0,9,11.1111
hypseek_rk,P11309,1,远 0.35–0.5,3.0,27,11.1111
hypseek_rk,P11309,1,近 0.5–0.7,5.0,22,22.7273
hypseek_rk,P11309,1,极近 ≥0.7,7.0,8,87.5000
hypseek_rk,P11362,1,远 0.35–0.5,75.0,328,22.8659
hypseek_rk,P11362,1,近 0.5–0.7,54.0,101,53.4653
hypseek_rk,P11362,1,全新 <0.35,1.0,66,1.5152
hypseek_rk,P11362,1,极近 ≥0.7,5.0,6,83.3333
hypseek_rk,P11474,1,远 0.35–0.5,2.0,162,1.2346
hypseek_rk,P11474,1,全新 <0.35,3.0,35,8.5714
hypseek_rk,P11802,1,远 0.35–0.5,138.0,605,22.8099
hypseek_rk,P11802,1,全新 <0.35,17.0,691,2.4602
hypseek_rk,P11802,1,近 0.5–0.7,29.0,91,31.8681
hypseek_rk,P11802,1,极近 ≥0.7,6.0,15,40.0000
hypseek_rk,P14756,1,全新 <0.35,0.0,15,0.0000
hypseek_rk,P14756,1,远 0.35–0.5,19.0,39,48.7179
hypseek_rk,P14756,1,近 0.5–0.7,16.0,16,100.0000
hypseek_rk,P15428,1,远 0.35–0.5,33.0,281,11.7438
hypseek_rk,P15428,1,全新 <0.35,0.0,44,0.0000
hypseek_rk,P15428,1,近 0.5–0.7,9.0,36,25.0000
hypseek_rk,P18825,1,远 0.35–0.5,0.0,57,0.0000
hypseek_rk,P18825,1,全新 <0.35,1.0,67,1.4925
hypseek_rk,P20618,1,远 0.35–0.5,4.0,62,6.4516
hypseek_rk,P20618,1,近 0.5–0.7,5.0,11,45.4545
hypseek_rk,P21554,1,近 0.5–0.7,7.0,38,18.4211
hypseek_rk,P21554,1,极近 ≥0.7,0.0,6,0.0000
hypseek_rk,P21554,1,远 0.35–0.5,6.0,8,75.0000
hypseek_rk,P21802,1,远 0.35–0.5,83.0,326,25.4601
hypseek_rk,P21802,1,全新 <0.35,0.0,66,0.0000
hypseek_rk,P21802,1,近 0.5–0.7,52.0,90,57.7778
hypseek_rk,P22413,1,全新 <0.35,1.0,148,0.6757
hypseek_rk,P22413,1,远 0.35–0.5,4.0,299,1.3378
hypseek_rk,P22413,1,近 0.5–0.7,11.0,62,17.7419
hypseek_rk,P22413,1,极近 ≥0.7,11.0,15,73.3333
hypseek_rk,P22455,1,远 0.35–0.5,2.0,24,8.3333
hypseek_rk,P22455,1,极近 ≥0.7,8.0,24,33.3333
hypseek_rk,P22455,1,近 0.5–0.7,20.0,66,30.3030
hypseek_rk,P22607,1,远 0.35–0.5,41.0,261,15.7088
hypseek_rk,P22607,1,近 0.5–0.7,28.0,54,51.8519
hypseek_rk,P22607,1,全新 <0.35,0.0,65,0.0000
hypseek_rk,P22607,1,极近 ≥0.7,4.0,4,100.0000
hypseek_rk,P23458,1,近 0.5–0.7,91.0,219,41.5525
hypseek_rk,P23458,1,远 0.35–0.5,99.0,317,31.2303
hypseek_rk,P23458,1,极近 ≥0.7,23.0,35,65.7143
hypseek_rk,P23458,1,全新 <0.35,6.0,51,11.7647
hypseek_rk,P23946,1,全新 <0.35,0.0,19,0.0000
hypseek_rk,P23946,1,远 0.35–0.5,0.0,52,0.0000
hypseek_rk,P24941,1,远 0.35–0.5,53.0,740,7.1622
hypseek_rk,P24941,1,全新 <0.35,9.0,750,1.2000
hypseek_rk,P24941,1,近 0.5–0.7,68.0,136,50.0000
hypseek_rk,P24941,1,极近 ≥0.7,2.0,3,66.6667
hypseek_rk,P27338,1,近 0.5–0.7,12.0,53,22.6415
hypseek_rk,P27338,1,极近 ≥0.7,16.0,24,66.6667
hypseek_rk,P27338,1,远 0.35–0.5,5.0,45,11.1111
hypseek_rk,P27487,1,远 0.35–0.5,9.0,51,17.6471
hypseek_rk,P27487,1,近 0.5–0.7,18.0,47,38.2979
hypseek_rk,P27487,1,全新 <0.35,0.0,6,0.0000
hypseek_rk,P27487,1,极近 ≥0.7,11.0,12,91.6667
hypseek_rk,P28074,1,远 0.35–0.5,99.0,258,38.3721
hypseek_rk,P28074,1,近 0.5–0.7,29.0,42,69.0476
hypseek_rk,P28074,1,全新 <0.35,5.0,24,20.8333
hypseek_rk,P28335,1,近 0.5–0.7,30.0,70,42.8571
hypseek_rk,P28335,1,极近 ≥0.7,25.0,51,49.0196
hypseek_rk,P28335,1,远 0.35–0.5,3.0,80,3.7500
hypseek_rk,P28335,1,全新 <0.35,2.0,95,2.1053
hypseek_rk,P28482,1,近 0.5–0.7,20.0,21,95.2381
hypseek_rk,P28482,1,远 0.35–0.5,55.0,126,43.6508
hypseek_rk,P28482,1,全新 <0.35,0.0,518,0.0000
hypseek_rk,P29274,1,远 0.35–0.5,184.0,411,44.7689
hypseek_rk,P29274,1,全新 <0.35,140.0,325,43.0769
hypseek_rk,P29274,1,近 0.5–0.7,15.0,34,44.1176
hypseek_rk,P29274,1,极近 ≥0.7,4.0,7,57.1429
hypseek_rk,P29275,1,远 0.35–0.5,71.0,192,36.9792
hypseek_rk,P29275,1,全新 <0.35,72.0,163,44.1718
hypseek_rk,P29275,1,近 0.5–0.7,2.0,3,66.6667
hypseek_rk,P30530,1,远 0.35–0.5,71.0,450,15.7778
hypseek_rk,P30530,1,近 0.5–0.7,173.0,433,39.9538
hypseek_rk,P30530,1,极近 ≥0.7,18.0,20,90.0000
hypseek_rk,P30530,1,全新 <0.35,15.0,25,60.0000
hypseek_rk,P30542,1,近 0.5–0.7,7.0,9,77.7778
hypseek_rk,P30542,1,远 0.35–0.5,13.0,62,20.9677
hypseek_rk,P30542,1,极近 ≥0.7,2.0,3,66.6667
hypseek_rk,P30542,1,全新 <0.35,4.0,40,10.0000
hypseek_rk,P31391,1,远 0.35–0.5,0.0,80,0.0000
hypseek_rk,P31391,1,全新 <0.35,0.0,15,0.0000
hypseek_rk,P31391,1,近 0.5–0.7,0.0,5,0.0000
hypseek_rk,P31645,1,远 0.35–0.5,7.0,87,8.0460
hypseek_rk,P31645,1,近 0.5–0.7,10.0,11,90.9091
hypseek_rk,P31645,1,全新 <0.35,1.0,10,10.0000
hypseek_rk,P31749,1,极近 ≥0.7,13.0,19,68.4211
hypseek_rk,P31749,1,近 0.5–0.7,93.0,181,51.3812
hypseek_rk,P31749,1,远 0.35–0.5,2.0,13,15.3846
hypseek_rk,P31751,1,近 0.5–0.7,27.0,105,25.7143
hypseek_rk,P31751,1,极近 ≥0.7,4.0,8,50.0000
hypseek_rk,P31751,1,远 0.35–0.5,2.0,5,40.0000
hypseek_rk,P32245,1,全新 <0.35,0.0,184,0.0000
hypseek_rk,P32245,1,远 0.35–0.5,0.0,23,0.0000
hypseek_rk,P34914,1,近 0.5–0.7,18.0,85,21.1765
hypseek_rk,P34914,1,远 0.35–0.5,8.0,111,7.2072
hypseek_rk,P34972,1,全新 <0.35,17.0,43,39.5349
hypseek_rk,P34972,1,远 0.35–0.5,4.0,9,44.4444
hypseek_rk,P34972,1,近 0.5–0.7,4.0,10,40.0000
hypseek_rk,P35968,1,远 0.35–0.5,35.0,428,8.1776
hypseek_rk,P35968,1,近 0.5–0.7,134.0,477,28.0922
hypseek_rk,P35968,1,极近 ≥0.7,9.0,18,50.0000
hypseek_rk,P35968,1,全新 <0.35,0.0,4,0.0000
hypseek_rk,P36888,1,近 0.5–0.7,29.0,118,24.5763
hypseek_rk,P36888,1,远 0.35–0.5,36.0,291,12.3711
hypseek_rk,P36888,1,全新 <0.35,1.0,90,1.1111
hypseek_rk,P36888,1,极近 ≥0.7,3.0,7,42.8571
hypseek_rk,P39900,1,远 0.35–0.5,20.0,51,39.2157
hypseek_rk,P39900,1,全新 <0.35,11.0,32,34.3750
hypseek_rk,P41146,1,全新 <0.35,7.0,53,13.2075
hypseek_rk,P41240,1,极近 ≥0.7,3.0,13,23.0769
hypseek_rk,P41240,1,近 0.5–0.7,5.0,116,4.3103
hypseek_rk,P41240,1,远 0.35–0.5,0.0,45,0.0000
hypseek_rk,P42330,1,近 0.5–0.7,13.0,41,31.7073
hypseek_rk,P42330,1,远 0.35–0.5,3.0,33,9.0909
hypseek_rk,P42330,1,极近 ≥0.7,2.0,3,66.6667
hypseek_rk,P42345,1,全新 <0.35,1.0,6,16.6667
hypseek_rk,P42345,1,近 0.5–0.7,13.0,46,28.2609
hypseek_rk,P42345,1,极近 ≥0.7,4.0,8,50.0000
hypseek_rk,P42345,1,远 0.35–0.5,4.0,20,20.0000
hypseek_rk,P43405,1,近 0.5–0.7,0.0,38,0.0000
hypseek_rk,P43405,1,远 0.35–0.5,4.0,57,7.0175
hypseek_rk,P43405,1,全新 <0.35,0.0,3,0.0000
hypseek_rk,P43405,1,极近 ≥0.7,0.0,6,0.0000
hypseek_rk,P43490,1,近 0.5–0.7,101.0,202,50.0000
hypseek_rk,P43490,1,全新 <0.35,1.0,10,10.0000
hypseek_rk,P43490,1,远 0.35–0.5,126.0,246,51.2195
hypseek_rk,P43490,1,极近 ≥0.7,10.0,24,41.6667
hypseek_rk,P47205,1,近 0.5–0.7,68.0,89,76.4045
hypseek_rk,P47205,1,远 0.35–0.5,1.0,37,2.7027
hypseek_rk,P47205,1,全新 <0.35,0.0,17,0.0000
hypseek_rk,P47205,1,极近 ≥0.7,4.0,4,100.0000
hypseek_rk,P48729,1,近 0.5–0.7,0.0,35,0.0000
hypseek_rk,P48729,1,远 0.35–0.5,0.0,91,0.0000
hypseek_rk,P48729,1,全新 <0.35,0.0,8,0.0000
hypseek_rk,P48730,1,近 0.5–0.7,27.0,43,62.7907
hypseek_rk,P48730,1,远 0.35–0.5,7.0,94,7.4468
hypseek_rk,P48730,1,全新 <0.35,1.0,7,14.2857
hypseek_rk,P49759,1,全新 <0.35,16.0,121,13.2231
hypseek_rk,P49759,1,远 0.35–0.5,0.0,7,0.0000
hypseek_rk,P49759,1,近 0.5–0.7,0.0,5,0.0000
hypseek_rk,P49760,1,近 0.5–0.7,22.0,77,28.5714
hypseek_rk,P49760,1,全新 <0.35,46.0,123,37.3984
hypseek_rk,P49760,1,远 0.35–0.5,6.0,56,10.7143
hypseek_rk,P49841,1,远 0.35–0.5,295.0,645,45.7364
hypseek_rk,P49841,1,全新 <0.35,172.0,651,26.4209
hypseek_rk,P49841,1,近 0.5–0.7,80.0,109,73.3945
hypseek_rk,P50053,1,远 0.35–0.5,0.0,298,0.0000
hypseek_rk,P50053,1,全新 <0.35,0.0,636,0.0000
hypseek_rk,P50053,1,近 0.5–0.7,0.0,9,0.0000
hypseek_rk,P50406,1,近 0.5–0.7,3.0,31,9.6774
hypseek_rk,P50406,1,远 0.35–0.5,2.0,23,8.6957
hypseek_rk,P51531,1,近 0.5–0.7,2.0,17,11.7647
hypseek_rk,P51531,1,远 0.35–0.5,0.0,52,0.0000
hypseek_rk,P51531,1,全新 <0.35,0.0,22,0.0000
hypseek_rk,P51532,1,近 0.5–0.7,2.0,17,11.7647
hypseek_rk,P51532,1,远 0.35–0.5,9.0,49,18.3673
hypseek_rk,P51532,1,全新 <0.35,0.0,16,0.0000
hypseek_rk,P53350,1,远 0.35–0.5,0.0,12,0.0000
hypseek_rk,P53350,1,极近 ≥0.7,1.0,11,9.0909
hypseek_rk,P53350,1,近 0.5–0.7,36.0,84,42.8571
hypseek_rk,P53396,1,远 0.35–0.5,2.0,7,28.5714
hypseek_rk,P53396,1,全新 <0.35,29.0,51,56.8627
hypseek_rk,P53634,1,近 0.5–0.7,1.0,165,0.6061
hypseek_rk,P53634,1,远 0.35–0.5,9.0,129,6.9767
hypseek_rk,P53634,1,全新 <0.35,2.0,106,1.8868
hypseek_rk,P53634,1,极近 ≥0.7,0.0,15,0.0000
hypseek_rk,P53667,1,近 0.5–0.7,5.0,12,41.6667
hypseek_rk,P53667,1,远 0.35–0.5,0.0,48,0.0000
hypseek_rk,P53671,1,近 0.5–0.7,13.0,16,81.2500
hypseek_rk,P53671,1,远 0.35–0.5,3.0,48,6.2500
hypseek_rk,P53779,1,极近 ≥0.7,0.0,9,0.0000
hypseek_rk,P53779,1,近 0.5–0.7,4.0,35,11.4286
hypseek_rk,P53779,1,远 0.35–0.5,1.0,21,4.7619
hypseek_rk,P56817,1,近 0.5–0.7,117.0,213,54.9296
hypseek_rk,P56817,1,远 0.35–0.5,42.0,87,48.2759
hypseek_rk,P56817,1,极近 ≥0.7,21.0,50,42.0000
hypseek_rk,P61073,1,近 0.5–0.7,24.0,39,61.5385
hypseek_rk,P61073,1,远 0.35–0.5,0.0,5,0.0000
hypseek_rk,P61073,1,极近 ≥0.7,3.0,5,60.0000
hypseek_rk,P61073,1,全新 <0.35,0.0,3,0.0000
hypseek_rk,P61964,1,远 0.35–0.5,0.0,37,0.0000
hypseek_rk,P61964,1,近 0.5–0.7,1.0,8,12.5000
hypseek_rk,P61964,1,极近 ≥0.7,2.0,5,40.0000
hypseek_rk,P78527,1,近 0.5–0.7,82.0,131,62.5954
hypseek_rk,P78527,1,远 0.35–0.5,105.0,346,30.3468
hypseek_rk,P78527,1,全新 <0.35,11.0,144,7.6389
hypseek_rk,P78527,1,极近 ≥0.7,10.0,11,90.9091
hypseek_rk,P80192,1,远 0.35–0.5,0.0,33,0.0000
hypseek_rk,P80192,1,全新 <0.35,0.0,25,0.0000
hypseek_rk,Q03111,1,远 0.35–0.5,4.0,81,4.9383
hypseek_rk,Q03111,1,全新 <0.35,0.0,15,0.0000
hypseek_rk,Q03111,1,近 0.5–0.7,1.0,4,25.0000
hypseek_rk,Q06124,1,远 0.35–0.5,108.0,263,41.0646
hypseek_rk,Q06124,1,近 0.5–0.7,92.0,155,59.3548
hypseek_rk,Q06124,1,全新 <0.35,6.0,52,11.5385
hypseek_rk,Q06124,1,极近 ≥0.7,8.0,17,47.0588
hypseek_rk,Q06187,1,近 0.5–0.7,174.0,324,53.7037
hypseek_rk,Q06187,1,远 0.35–0.5,148.0,515,28.7379
hypseek_rk,Q06187,1,全新 <0.35,4.0,54,7.4074
hypseek_rk,Q06187,1,极近 ≥0.7,78.0,84,92.8571
hypseek_rk,Q07817,1,近 0.5–0.7,93.0,123,75.6098
hypseek_rk,Q07817,1,远 0.35–0.5,30.0,57,52.6316
hypseek_rk,Q07817,1,全新 <0.35,47.0,197,23.8579
hypseek_rk,Q09472,1,近 0.5–0.7,5.0,38,13.1579
hypseek_rk,Q09472,1,全新 <0.35,1.0,7,14.2857
hypseek_rk,Q09472,1,远 0.35–0.5,12.0,59,20.3390
hypseek_rk,Q09472,1,极近 ≥0.7,2.0,8,25.0000
hypseek_rk,Q13315,1,远 0.35–0.5,30.0,147,20.4082
hypseek_rk,Q13315,1,极近 ≥0.7,7.0,7,100.0000
hypseek_rk,Q13315,1,近 0.5–0.7,35.0,47,74.4681
hypseek_rk,Q13315,1,全新 <0.35,1.0,15,6.6667
hypseek_rk,Q13464,1,近 0.5–0.7,14.0,27,51.8519
hypseek_rk,Q13464,1,远 0.35–0.5,57.0,152,37.5000
hypseek_rk,Q13464,1,全新 <0.35,0.0,3,0.0000
hypseek_rk,Q13546,1,远 0.35–0.5,78.0,462,16.8831
hypseek_rk,Q13546,1,全新 <0.35,3.0,85,3.5294
hypseek_rk,Q13546,1,近 0.5–0.7,18.0,41,43.9024
hypseek_rk,Q13547,1,近 0.5–0.7,42.0,394,10.6599
hypseek_rk,Q13547,1,远 0.35–0.5,36.0,481,7.4844
hypseek_rk,Q13547,1,极近 ≥0.7,17.0,85,20.0000
hypseek_rk,Q13547,1,全新 <0.35,21.0,84,25.0000
hypseek_rk,Q14145,1,远 0.35–0.5,5.0,32,15.6250
hypseek_rk,Q14145,1,极近 ≥0.7,5.0,7,71.4286
hypseek_rk,Q14145,1,近 0.5–0.7,54.0,75,72.0000
hypseek_rk,Q14145,1,全新 <0.35,0.0,10,0.0000
hypseek_rk,Q14833,1,远 0.35–0.5,0.0,117,0.0000
hypseek_rk,Q14833,1,全新 <0.35,0.0,54,0.0000
hypseek_rk,Q15125,1,全新 <0.35,0.0,120,0.0000
hypseek_rk,Q15125,1,远 0.35–0.5,0.0,55,0.0000
hypseek_rk,Q15858,1,远 0.35–0.5,14.0,296,4.7297
hypseek_rk,Q15858,1,全新 <0.35,0.0,273,0.0000
hypseek_rk,Q15858,1,近 0.5–0.7,0.0,91,0.0000
hypseek_rk,Q15910,1,全新 <0.35,0.0,56,0.0000
hypseek_rk,Q15910,1,远 0.35–0.5,20.0,53,37.7358
hypseek_rk,Q15910,1,近 0.5–0.7,250.0,532,46.9925
hypseek_rk,Q15910,1,极近 ≥0.7,7.0,94,7.4468
hypseek_rk,Q16288,1,近 0.5–0.7,25.0,49,51.0204
hypseek_rk,Q16288,1,极近 ≥0.7,1.0,5,20.0000
hypseek_rk,Q16288,1,远 0.35–0.5,19.0,84,22.6190
hypseek_rk,Q16288,1,全新 <0.35,2.0,28,7.1429
hypseek_rk,Q16552,1,全新 <0.35,23.0,176,13.0682
hypseek_rk,Q16552,1,远 0.35–0.5,3.0,86,3.4884
hypseek_rk,Q16620,1,近 0.5–0.7,18.0,59,30.5085
hypseek_rk,Q16620,1,极近 ≥0.7,1.0,5,20.0000
hypseek_rk,Q16620,1,远 0.35–0.5,19.0,115,16.5217
hypseek_rk,Q16620,1,全新 <0.35,2.0,9,22.2222
hypseek_rk,Q16769,1,近 0.5–0.7,13.0,17,76.4706
hypseek_rk,Q16769,1,远 0.35–0.5,4.0,38,10.5263
hypseek_rk,Q16769,1,极近 ≥0.7,12.0,12,100.0000
hypseek_rk,Q32ZE1,1,远 0.35–0.5,0.0,119,0.0000
hypseek_rk,Q32ZE1,1,全新 <0.35,0.0,31,0.0000
hypseek_rk,Q6V1X1,1,近 0.5–0.7,4.0,9,44.4444
hypseek_rk,Q6V1X1,1,远 0.35–0.5,15.0,59,25.4237
hypseek_rk,Q72547,1,近 0.5–0.7,25.0,53,47.1698
hypseek_rk,Q72547,1,极近 ≥0.7,8.0,9,88.8889
hypseek_rk,Q86TI2,1,近 0.5–0.7,5.0,9,55.5556
hypseek_rk,Q86TI2,1,远 0.35–0.5,15.0,47,31.9149
hypseek_rk,Q86W56,1,远 0.35–0.5,42.0,171,24.5614
hypseek_rk,Q86W56,1,近 0.5–0.7,92.0,128,71.8750
hypseek_rk,Q86W56,1,极近 ≥0.7,38.0,42,90.4762
hypseek_rk,Q86WV6,1,近 0.5–0.7,12.0,20,60.0000
hypseek_rk,Q86WV6,1,极近 ≥0.7,2.0,8,25.0000
hypseek_rk,Q86WV6,1,远 0.35–0.5,0.0,66,0.0000
hypseek_rk,Q86WV6,1,全新 <0.35,0.0,76,0.0000
hypseek_rk,Q8IVH8,1,全新 <0.35,40.0,164,24.3902
hypseek_rk,Q8IVH8,1,远 0.35–0.5,30.0,162,18.5185
hypseek_rk,Q8IVH8,1,近 0.5–0.7,2.0,6,33.3333
hypseek_rk,Q8N884,1,远 0.35–0.5,16.0,76,21.0526
hypseek_rk,Q8N884,1,近 0.5–0.7,5.0,12,41.6667
hypseek_rk,Q8N884,1,全新 <0.35,11.0,218,5.0459
hypseek_rk,Q8NEB9,1,全新 <0.35,0.0,37,0.0000
hypseek_rk,Q8NEB9,1,远 0.35–0.5,0.0,20,0.0000
hypseek_rk,Q8R4B8,1,全新 <0.35,0.0,38,0.0000
hypseek_rk,Q8R4B8,1,近 0.5–0.7,3.0,5,60.0000
hypseek_rk,Q8R4B8,1,远 0.35–0.5,4.0,14,28.5714
hypseek_rk,Q92633,1,全新 <0.35,0.0,479,0.0000
hypseek_rk,Q92633,1,远 0.35–0.5,1.0,80,1.2500
hypseek_rk,Q92769,1,极近 ≥0.7,18.0,35,51.4286
hypseek_rk,Q92769,1,近 0.5–0.7,65.0,130,50.0000
hypseek_rk,Q92769,1,远 0.35–0.5,76.0,140,54.2857
hypseek_rk,Q92769,1,全新 <0.35,13.0,33,39.3939
hypseek_rk,Q92793,1,近 0.5–0.7,57.0,60,95.0000
hypseek_rk,Q92793,1,极近 ≥0.7,7.0,7,100.0000
hypseek_rk,Q92793,1,全新 <0.35,4.0,301,1.3289
hypseek_rk,Q92793,1,远 0.35–0.5,16.0,69,23.1884
hypseek_rk,Q92993,1,远 0.35–0.5,0.0,70,0.0000
hypseek_rk,Q92993,1,近 0.5–0.7,0.0,3,0.0000
hypseek_rk,Q92993,1,全新 <0.35,0.0,20,0.0000
hypseek_rk,Q93009,1,近 0.5–0.7,109.0,184,59.2391
hypseek_rk,Q93009,1,远 0.35–0.5,2.0,70,2.8571
hypseek_rk,Q93009,1,极近 ≥0.7,30.0,39,76.9231
hypseek_rk,Q96RI1,1,远 0.35–0.5,1.0,7,14.2857
hypseek_rk,Q96RI1,1,近 0.5–0.7,20.0,43,46.5116
hypseek_rk,Q96RI1,1,极近 ≥0.7,10.0,11,90.9091
hypseek_rk,Q99640,1,近 0.5–0.7,53.0,88,60.2273
hypseek_rk,Q99640,1,极近 ≥0.7,2.0,3,66.6667
hypseek_rk,Q99640,1,全新 <0.35,27.0,126,21.4286
hypseek_rk,Q99640,1,远 0.35–0.5,17.0,69,24.6377
hypseek_rk,Q99683,1,近 0.5–0.7,25.0,64,39.0625
hypseek_rk,Q99683,1,远 0.35–0.5,0.0,6,0.0000
hypseek_rk,Q99683,1,极近 ≥0.7,1.0,4,25.0000
hypseek_rk,Q99814,1,全新 <0.35,0.0,113,0.0000
hypseek_rk,Q9BY41,1,近 0.5–0.7,62.0,87,71.2644
hypseek_rk,Q9BY41,1,远 0.35–0.5,75.0,248,30.2419
hypseek_rk,Q9BY41,1,全新 <0.35,8.0,44,18.1818
hypseek_rk,Q9BY41,1,极近 ≥0.7,11.0,14,78.5714
hypseek_rk,Q9H3N8,1,极近 ≥0.7,9.0,12,75.0000
hypseek_rk,Q9H3N8,1,近 0.5–0.7,13.0,38,34.2105
hypseek_rk,Q9H3N8,1,远 0.35–0.5,1.0,5,20.0000
hypseek_rk,Q9H8M2,1,近 0.5–0.7,33.0,60,55.0000
hypseek_rk,Q9H8M2,1,远 0.35–0.5,163.0,315,51.7460
hypseek_rk,Q9H8M2,1,全新 <0.35,2.0,12,16.6667
hypseek_rk,Q9H8M2,1,极近 ≥0.7,1.0,4,25.0000
hypseek_rk,Q9HAZ1,1,全新 <0.35,18.0,121,14.8760
hypseek_rk,Q9HAZ1,1,远 0.35–0.5,1.0,9,11.1111
hypseek_rk,Q9HAZ1,1,近 0.5–0.7,0.0,4,0.0000
hypseek_rk,Q9HBH9,1,近 0.5–0.7,9.0,28,32.1429
hypseek_rk,Q9HBH9,1,远 0.35–0.5,8.0,75,10.6667
hypseek_rk,Q9NSY1,1,全新 <0.35,0.0,16,0.0000
hypseek_rk,Q9NSY1,1,远 0.35–0.5,3.0,52,5.7692
hypseek_rk,Q9NWZ3,1,近 0.5–0.7,63.0,237,26.5823
hypseek_rk,Q9NWZ3,1,远 0.35–0.5,157.0,925,16.9730
hypseek_rk,Q9NWZ3,1,全新 <0.35,32.0,294,10.8844
hypseek_rk,Q9NYV4,1,极近 ≥0.7,27.0,33,81.8182
hypseek_rk,Q9NYV4,1,远 0.35–0.5,24.0,115,20.8696
hypseek_rk,Q9NYV4,1,近 0.5–0.7,34.0,63,53.9683
hypseek_rk,Q9NYV4,1,全新 <0.35,7.0,71,9.8592
hypseek_rk,Q9Y5Y9,1,全新 <0.35,1.0,194,0.5155
hypseek_rk,Q9Y5Y9,1,远 0.35–0.5,3.0,375,0.8000
hypseek_rk,Q9Y5Y9,1,近 0.5–0.7,0.0,63,0.0000
hypseek_rk,Q9Y5Z0,1,近 0.5–0.7,102.0,193,52.8497
hypseek_rk,Q9Y5Z0,1,远 0.35–0.5,40.0,77,51.9481
hypseek_rk,Q9Y5Z0,1,极近 ≥0.7,20.0,47,42.5532
hypseek_rk,C7FF05,0,远 0.35–0.5,2.0,42,4.7619
hypseek_rk,C7FF05,0,极近 ≥0.7,5.0,13,38.4615
hypseek_rk,C7FF05,0,近 0.5–0.7,3.0,35,8.5714
hypseek_rk,O14638,0,全新 <0.35,0.0,50,0.0000
hypseek_rk,O14638,0,远 0.35–0.5,0.0,40,0.0000
hypseek_rk,O94921,0,远 0.35–0.5,7.0,38,18.4211
hypseek_rk,O94921,0,近 0.5–0.7,29.0,59,49.1525
hypseek_rk,P01111,0,全新 <0.35,0.0,469,0.0000
hypseek_rk,P05622,0,近 0.5–0.7,2.0,106,1.8868
hypseek_rk,P05622,0,极近 ≥0.7,0.0,48,0.0000
hypseek_rk,P05622,0,远 0.35–0.5,0.0,163,0.0000
hypseek_rk,P05622,0,全新 <0.35,0.0,61,0.0000
hypseek_rk,P08519,1,全新 <0.35,10.0,28,35.7143
hypseek_rk,P08519,1,远 0.35–0.5,4.0,47,8.5106
hypseek_rk,P28347,0,全新 <0.35,0.0,96,0.0000
hypseek_rk,P28347,0,远 0.35–0.5,2.0,137,1.4599
hypseek_rk,P28347,0,近 0.5–0.7,0.0,5,0.0000
hypseek_rk,P37288,0,远 0.35–0.5,0.0,26,0.0000
hypseek_rk,P37288,0,全新 <0.35,0.0,82,0.0000
hypseek_rk,P43220,1,极近 ≥0.7,0.0,8,0.0000
hypseek_rk,P43220,1,远 0.35–0.5,6.0,24,25.0000
hypseek_rk,P43220,1,全新 <0.35,13.0,83,15.6627
hypseek_rk,P43220,1,近 0.5–0.7,0.0,14,0.0000
hypseek_rk,P56528,0,远 0.35–0.5,0.0,96,0.0000
hypseek_rk,P56528,0,全新 <0.35,0.0,6,0.0000
hypseek_rk,P97821,0,近 0.5–0.7,4.0,63,6.3492
hypseek_rk,P97821,0,远 0.35–0.5,1.0,6,16.6667
hypseek_rk,P97821,0,极近 ≥0.7,1.0,14,7.1429
hypseek_rk,Q15562,1,远 0.35–0.5,1.0,99,1.0101
hypseek_rk,Q15562,1,全新 <0.35,0.0,81,0.0000
hypseek_rk,Q15878,0,全新 <0.35,0.0,88,0.0000
hypseek_rk,Q15878,0,远 0.35–0.5,0.0,63,0.0000
hypseek_rk,Q92830,0,全新 <0.35,0.0,152,0.0000
hypseek_rk,Q92830,0,远 0.35–0.5,0.0,7,0.0000
hypseek_rk,Q96LB1,0,远 0.35–0.5,0.0,15,0.0000
hypseek_rk,Q96LB1,0,全新 <0.35,0.0,42,0.0000
hypseek_rk,Q96LB1,0,近 0.5–0.7,0.0,10,0.0000
hypseek_rk,Q99594,0,远 0.35–0.5,0.0,56,0.0000
hypseek_rk,Q99594,0,全新 <0.35,0.0,46,0.0000
hypseek_rk,J9SQF3,0,远 0.35–0.5,0.0,612,0.0000
hypseek_rk,J9SQF3,0,全新 <0.35,0.0,38,0.0000
hypseek_rk,O00411,0,远 0.35–0.5,0.0,191,0.0000
hypseek_rk,O00411,0,全新 <0.35,0.0,13,0.0000
hypseek_rk,O00411,0,近 0.5–0.7,0.0,23,0.0000
hypseek_rk,O00443,1,极近 ≥0.7,0.0,5,0.0000
hypseek_rk,O00443,1,远 0.35–0.5,0.0,54,0.0000
hypseek_rk,O00443,1,近 0.5–0.7,0.0,38,0.0000
hypseek_rk,O14578,0,近 0.5–0.7,10.0,51,19.6078
hypseek_rk,O14578,0,远 0.35–0.5,14.0,98,14.2857
hypseek_rk,O14578,0,极近 ≥0.7,2.0,3,66.6667
hypseek_rk,O14874,0,远 0.35–0.5,9.0,78,11.5385
hypseek_rk,O14874,0,近 0.5–0.7,9.0,24,37.5000
hypseek_rk,O14874,0,全新 <0.35,0.0,3,0.0000
hypseek_rk,O42275,0,近 0.5–0.7,31.0,52,59.6154
hypseek_rk,O42275,0,极近 ≥0.7,29.0,46,63.0435
hypseek_rk,O42275,0,远 0.35–0.5,0.0,19,0.0000
hypseek_rk,O60427,0,远 0.35–0.5,10.0,77,12.9870
hypseek_rk,O60427,0,全新 <0.35,17.0,158,10.7595
hypseek_rk,O88634,0,全新 <0.35,0.0,41,0.0000
hypseek_rk,O88634,0,远 0.35–0.5,0.0,21,0.0000
hypseek_rk,O88634,0,近 0.5–0.7,0.0,4,0.0000
hypseek_rk,O94782,0,全新 <0.35,0.0,326,0.0000
hypseek_rk,O94782,0,远 0.35–0.5,0.0,73,0.0000
hypseek_rk,O94782,0,近 0.5–0.7,0.0,5,0.0000
hypseek_rk,O95835,0,远 0.35–0.5,2.0,67,2.9851
hypseek_rk,O95835,0,全新 <0.35,0.0,4,0.0000
hypseek_rk,P08546,0,全新 <0.35,0.0,47,0.0000
hypseek_rk,P08546,0,远 0.35–0.5,0.0,35,0.0000
hypseek_rk,P09871,0,远 0.35–0.5,60.0,108,55.5556
hypseek_rk,P09871,0,全新 <0.35,133.0,313,42.4920
hypseek_rk,P0AES4,0,远 0.35–0.5,1.0,80,1.2500
hypseek_rk,P0AES4,0,极近 ≥0.7,0.0,10,0.0000
hypseek_rk,P0AES4,0,近 0.5–0.7,0.0,31,0.0000
hypseek_rk,P0AES4,0,全新 <0.35,0.0,12,0.0000
hypseek_rk,P14060,0,远 0.35–0.5,0.0,29,0.0000
hypseek_rk,P14060,0,全新 <0.35,0.0,45,0.0000
hypseek_rk,P14416,0,极近 ≥0.7,27.0,44,61.3636
hypseek_rk,P14416,0,远 0.35–0.5,45.0,157,28.6624
hypseek_rk,P14416,0,近 0.5–0.7,59.0,113,52.2124
hypseek_rk,P14416,0,全新 <0.35,1.0,6,16.6667
hypseek_rk,P16788,0,全新 <0.35,0.0,214,0.0000
hypseek_rk,P16788,0,远 0.35–0.5,0.0,240,0.0000
hypseek_rk,P17927,0,极近 ≥0.7,23.0,54,42.5926
hypseek_rk,P17927,0,近 0.5–0.7,2.0,15,13.3333
hypseek_rk,P17948,1,近 0.5–0.7,23.0,49,46.9388
hypseek_rk,P17948,1,远 0.35–0.5,2.0,21,9.5238
hypseek_rk,P17948,1,极近 ≥0.7,13.0,22,59.0909
hypseek_rk,P19525,0,近 0.5–0.7,0.0,38,0.0000
hypseek_rk,P19525,0,远 0.35–0.5,0.0,57,0.0000
hypseek_rk,P19525,0,极近 ≥0.7,0.0,82,0.0000
hypseek_rk,P19525,0,全新 <0.35,0.0,4,0.0000
hypseek_rk,P20648,0,远 0.35–0.5,0.0,54,0.0000
hypseek_rk,P20648,0,全新 <0.35,0.0,58,0.0000
hypseek_rk,P21917,0,远 0.35–0.5,1.0,19,5.2632
hypseek_rk,P21917,0,全新 <0.35,0.0,3,0.0000
hypseek_rk,P21917,0,近 0.5–0.7,5.0,19,26.3158
hypseek_rk,P21917,0,极近 ≥0.7,3.0,24,12.5000
hypseek_rk,P22001,0,全新 <0.35,0.0,261,0.0000
hypseek_rk,P22001,0,远 0.35–0.5,0.0,86,0.0000
hypseek_rk,P22001,0,近 0.5–0.7,0.0,4,0.0000
hypseek_rk,P25929,0,远 0.35–0.5,3.0,46,6.5217
hypseek_rk,P25929,0,全新 <0.35,12.0,45,26.6667
hypseek_rk,P25929,0,近 0.5–0.7,0.0,11,0.0000
hypseek_rk,P28223,0,近 0.5–0.7,105.0,255,41.1765
hypseek_rk,P28223,0,极近 ≥0.7,62.0,100,62.0000
hypseek_rk,P28223,0,全新 <0.35,13.0,119,10.9244
hypseek_rk,P28223,0,远 0.35–0.5,97.0,726,13.3609
hypseek_rk,P30990,0,近 0.5–0.7,0.0,12,0.0000
hypseek_rk,P30990,0,远 0.35–0.5,0.0,59,0.0000
hypseek_rk,P30990,0,全新 <0.35,0.0,5,0.0000
hypseek_rk,P34969,0,极近 ≥0.7,17.0,32,53.1250
hypseek_rk,P34969,0,近 0.5–0.7,7.0,50,14.0000
hypseek_rk,P34969,0,远 0.35–0.5,2.0,18,11.1111
hypseek_rk,P35462,0,极近 ≥0.7,5.0,22,22.7273
hypseek_rk,P35462,0,远 0.35–0.5,4.0,63,6.3492
hypseek_rk,P35462,0,近 0.5–0.7,8.0,20,40.0000
hypseek_rk,P35462,0,全新 <0.35,0.0,4,0.0000
hypseek_rk,P37840,0,远 0.35–0.5,0.0,23,0.0000
hypseek_rk,P37840,0,全新 <0.35,0.0,90,0.0000
hypseek_rk,P50052,1,远 0.35–0.5,0.0,116,0.0000
hypseek_rk,P50052,1,全新 <0.35,1.0,88,1.1364
hypseek_rk,P50052,1,近 0.5–0.7,1.0,7,14.2857
hypseek_rk,P50052,1,极近 ≥0.7,0.0,3,0.0000
hypseek_rk,P52429,0,远 0.35–0.5,0.0,81,0.0000
hypseek_rk,P54278,0,远 0.35–0.5,27.0,61,44.2623
hypseek_rk,P54278,0,近 0.5–0.7,6.0,9,66.6667
hypseek_rk,P54278,0,全新 <0.35,5.0,15,33.3333
hypseek_rk,P57059,0,远 0.35–0.5,7.0,38,18.4211
hypseek_rk,P57059,0,近 0.5–0.7,0.0,4,0.0000
hypseek_rk,P57059,0,极近 ≥0.7,0.0,35,0.0000
hypseek_rk,P57059,0,全新 <0.35,0.0,7,0.0000
hypseek_rk,Q08211,1,远 0.35–0.5,0.0,479,0.0000
hypseek_rk,Q08211,1,全新 <0.35,0.0,218,0.0000
hypseek_rk,Q08211,1,近 0.5–0.7,0.0,10,0.0000
hypseek_rk,Q08828,0,远 0.35–0.5,0.0,65,0.0000
hypseek_rk,Q10469,0,全新 <0.35,0.0,167,0.0000
hypseek_rk,Q10469,0,远 0.35–0.5,0.0,4,0.0000
hypseek_rk,Q13191,0,全新 <0.35,0.0,1129,0.0000
hypseek_rk,Q13191,0,远 0.35–0.5,0.0,101,0.0000
hypseek_rk,Q13233,0,近 0.5–0.7,0.0,23,0.0000
hypseek_rk,Q13233,0,远 0.35–0.5,4.0,25,16.0000
hypseek_rk,Q13233,0,极近 ≥0.7,1.0,8,12.5000
hypseek_rk,Q13574,0,远 0.35–0.5,0.0,19,0.0000
hypseek_rk,Q13574,0,全新 <0.35,3.0,557,0.5386
hypseek_rk,Q16739,0,全新 <0.35,0.0,40,0.0000
hypseek_rk,Q16739,0,远 0.35–0.5,114.0,267,42.6966
hypseek_rk,Q16832,1,近 0.5–0.7,38.0,49,77.5510
hypseek_rk,Q16832,1,全新 <0.35,0.0,78,0.0000
hypseek_rk,Q16832,1,远 0.35–0.5,34.0,189,17.9894
hypseek_rk,Q16832,1,极近 ≥0.7,6.0,10,60.0000
hypseek_rk,Q5JRX3,0,极近 ≥0.7,0.0,21,0.0000
hypseek_rk,Q5JRX3,0,近 0.5–0.7,0.0,19,0.0000
hypseek_rk,Q5JRX3,0,远 0.35–0.5,0.0,17,0.0000
hypseek_rk,Q6SZW1,0,近 0.5–0.7,1.0,51,1.9608
hypseek_rk,Q6SZW1,0,远 0.35–0.5,2.0,152,1.3158
hypseek_rk,Q6SZW1,0,全新 <0.35,0.0,39,0.0000
hypseek_rk,Q7Z3E1,0,远 0.35–0.5,18.0,197,9.1371
hypseek_rk,Q7Z3E1,0,近 0.5–0.7,82.0,272,30.1471
hypseek_rk,Q7Z3E1,0,极近 ≥0.7,1.0,20,5.0000
hypseek_rk,Q7Z3E1,0,全新 <0.35,3.0,85,3.5294
hypseek_rk,Q86SK9,0,远 0.35–0.5,0.0,44,0.0000
hypseek_rk,Q86SK9,0,近 0.5–0.7,0.0,4,0.0000
hypseek_rk,Q86SK9,0,全新 <0.35,0.0,6,0.0000
hypseek_rk,Q86UE8,0,近 0.5–0.7,6.0,56,10.7143
hypseek_rk,Q86UE8,0,极近 ≥0.7,2.0,9,22.2222
hypseek_rk,Q86UE8,0,远 0.35–0.5,0.0,3,0.0000
hypseek_rk,Q8N1C3,0,远 0.35–0.5,8.0,44,18.1818
hypseek_rk,Q8N1C3,0,全新 <0.35,21.0,154,13.6364
hypseek_rk,Q8N1C3,0,极近 ≥0.7,1.0,3,33.3333
hypseek_rk,Q8WYB5,0,远 0.35–0.5,4.0,145,2.7586
hypseek_rk,Q8WYB5,0,全新 <0.35,4.0,44,9.0909
hypseek_rk,Q8WYB5,0,近 0.5–0.7,0.0,3,0.0000
hypseek_rk,Q92551,0,极近 ≥0.7,0.0,3,0.0000
hypseek_rk,Q92551,0,近 0.5–0.7,0.0,37,0.0000
hypseek_rk,Q92551,0,远 0.35–0.5,0.0,135,0.0000
hypseek_rk,Q92551,0,全新 <0.35,0.0,17,0.0000
hypseek_rk,Q96DB2,0,极近 ≥0.7,0.0,22,0.0000
hypseek_rk,Q96DB2,0,近 0.5–0.7,0.0,25,0.0000
hypseek_rk,Q96DB2,0,远 0.35–0.5,0.0,23,0.0000
hypseek_rk,Q96GX5,1,全新 <0.35,12.0,124,9.6774
hypseek_rk,Q96GX5,1,远 0.35–0.5,2.0,130,1.5385
hypseek_rk,Q96GX5,1,近 0.5–0.7,0.0,3,0.0000
hypseek_rk,Q9H0K1,0,远 0.35–0.5,11.0,49,22.4490
hypseek_rk,Q9H0K1,0,近 0.5–0.7,0.0,6,0.0000
hypseek_rk,Q9H0K1,0,极近 ≥0.7,10.0,37,27.0270
hypseek_rk,Q9H0K1,0,全新 <0.35,1.0,17,5.8824
hypseek_rk,Q9HCE5,0,远 0.35–0.5,0.0,115,0.0000
hypseek_rk,Q9HCE5,0,全新 <0.35,0.0,67,0.0000
hypseek_rk,Q9HCE5,0,近 0.5–0.7,1.0,7,14.2857
hypseek_rk,Q9HCE5,0,极近 ≥0.7,1.0,4,25.0000
hypseek_rk,Q9NPH5,0,远 0.35–0.5,0.0,36,0.0000
hypseek_rk,Q9NPH5,0,全新 <0.35,0.0,52,0.0000
hypseek_rk,Q9NPH5,0,近 0.5–0.7,0.0,7,0.0000
hypseek_rk,Q9NR19,0,远 0.35–0.5,0.0,127,0.0000
hypseek_rk,Q9NR19,0,全新 <0.35,0.0,9,0.0000
hypseek_rk,Q9NR19,0,近 0.5–0.7,0.0,6,0.0000
hypseek_rk,Q9Y2I7,0,远 0.35–0.5,0.0,327,0.0000
hypseek_rk,Q9Y2I7,0,近 0.5–0.7,0.0,43,0.0000
hypseek_rk,Q9Y2I7,0,全新 <0.35,0.0,8,0.0000
hypseek_rk,Q9Y2I7,0,极近 ≥0.7,0.0,16,0.0000
conplex,O15379,0,近 0.5–0.7,1.0,7,14.2857
conplex,O15379,0,全新 <0.35,0.0,72,0.0000
conplex,O15379,0,远 0.35–0.5,2.0,60,3.3333
conplex,O43353,1,全新 <0.35,2.309899569583933,230,1.0043
conplex,O43353,1,远 0.35–0.5,0.10043041606886656,10,1.0043
conplex,O43353,1,极近 ≥0.7,0.03012912482065997,3,1.0043
conplex,O43353,1,近 0.5–0.7,0.03012912482065997,3,1.0043
conplex,O60341,0,全新 <0.35,0.0,85,0.0000
conplex,O60341,0,远 0.35–0.5,0.0,17,0.0000
conplex,O60674,1,全新 <0.35,3.0,159,1.8868
conplex,O60674,1,远 0.35–0.5,3.0,47,6.3830
conplex,O60674,1,近 0.5–0.7,0.0,10,0.0000
conplex,O60674,1,极近 ≥0.7,4.0,12,33.3333
conplex,O60885,0,远 0.35–0.5,1.0,12,8.3333
conplex,O60885,0,极近 ≥0.7,16.0,21,76.1905
conplex,O60885,0,近 0.5–0.7,3.0,8,37.5000
conplex,O60885,0,全新 <0.35,0.0,17,0.0000
conplex,O75469,0,全新 <0.35,0.0,78,0.0000
conplex,O75469,0,远 0.35–0.5,0.0,4,0.0000
conplex,P00734,1,全新 <0.35,0.0,67,0.0000
conplex,P00734,1,远 0.35–0.5,0.0,81,0.0000
conplex,P00915,1,全新 <0.35,19.0,89,21.3483
conplex,P00915,1,极近 ≥0.7,4.0,8,50.0000
conplex,P00915,1,远 0.35–0.5,19.0,62,30.6452
conplex,P00915,1,近 0.5–0.7,5.0,10,50.0000
conplex,P01116,0,全新 <0.35,0.0,49,0.0000
conplex,P04798,0,远 0.35–0.5,0.0,9,0.0000
conplex,P04798,0,全新 <0.35,0.0,54,0.0000
conplex,P06239,1,远 0.35–0.5,0.0,21,0.0000
conplex,P06239,1,全新 <0.35,0.0,29,0.0000
conplex,P06239,1,近 0.5–0.7,1.0,11,9.0909
conplex,P06239,1,极近 ≥0.7,4.0,7,57.1429
conplex,P07333,1,极近 ≥0.7,4.0,8,50.0000
conplex,P07333,1,全新 <0.35,1.0,43,2.3256
conplex,P07333,1,远 0.35–0.5,13.0,51,25.4902
conplex,P08581,1,远 0.35–0.5,2.0,24,8.3333
conplex,P08581,1,全新 <0.35,0.0,26,0.0000
conplex,P08581,1,极近 ≥0.7,3.0,7,42.8571
conplex,P08581,1,近 0.5–0.7,5.0,9,55.5556
conplex,P0DMS8,0,近 0.5–0.7,0.0,5,0.0000
conplex,P0DMS8,0,全新 <0.35,3.0,45,6.6667
conplex,P0DMS8,0,远 0.35–0.5,1.0,18,5.5556
conplex,P11362,1,近 0.5–0.7,1.0,4,25.0000
conplex,P11362,1,全新 <0.35,0.0,30,0.0000
conplex,P11362,1,远 0.35–0.5,2.0,17,11.7647
conplex,P11362,1,极近 ≥0.7,1.0,5,20.0000
conplex,P11802,1,全新 <0.35,7.0,46,15.2174
conplex,P11802,1,远 0.35–0.5,3.0,15,20.0000
conplex,P11802,1,近 0.5–0.7,1.0,4,25.0000
conplex,P11802,1,极近 ≥0.7,1.0,6,16.6667
conplex,P12931,1,远 0.35–0.5,5.0,47,10.6383
conplex,P12931,1,全新 <0.35,0.0,11,0.0000
conplex,P12931,1,近 0.5–0.7,6.0,13,46.1538
conplex,P12931,1,极近 ≥0.7,12.0,20,60.0000
conplex,P15056,1,远 0.35–0.5,0.0,15,0.0000
conplex,P15056,1,极近 ≥0.7,0.0,5,0.0000
conplex,P15056,1,全新 <0.35,0.0,36,0.0000
conplex,P18031,1,全新 <0.35,0.0,108,0.0000
conplex,P18031,1,近 0.5–0.7,0.0,8,0.0000
conplex,P21554,0,全新 <0.35,0.0,77,0.0000
conplex,P21554,0,近 0.5–0.7,3.0,4,75.0000
conplex,P21554,0,远 0.35–0.5,2.0,14,14.2857
conplex,P21554,0,极近 ≥0.7,5.0,5,100.0000
conplex,P22413,0,全新 <0.35,0.0,158,0.0000
conplex,P22413,0,远 0.35–0.5,0.0,28,0.0000
conplex,P22455,1,全新 <0.35,1.0,37,2.7027
conplex,P22455,1,远 0.35–0.5,0.0,7,0.0000
conplex,P22455,1,近 0.5–0.7,2.0,7,28.5714
conplex,P22455,1,极近 ≥0.7,1.0,4,25.0000
conplex,P23458,1,全新 <0.35,2.0,149,1.3423
conplex,P23458,1,远 0.35–0.5,1.0,37,2.7027
conplex,P23458,1,近 0.5–0.7,0.0,3,0.0000
conplex,P23458,1,极近 ≥0.7,3.0,8,37.5000
conplex,P27338,0,远 0.35–0.5,0.0,74,0.0000
conplex,P27338,0,全新 <0.35,0.0,70,0.0000
conplex,P27338,0,近 0.5–0.7,0.0,10,0.0000
conplex,P28335,0,全新 <0.35,0.0,66,0.0000
conplex,P28335,0,远 0.35–0.5,1.0,6,16.6667
conplex,P28335,0,近 0.5–0.7,0.0,4,0.0000
conplex,P28335,0,极近 ≥0.7,2.0,4,50.0000
conplex,P29597,1,全新 <0.35,1.0,166,0.6024
conplex,P29597,1,远 0.35–0.5,1.0,13,7.6923
conplex,P29597,1,极近 ≥0.7,3.0,7,42.8571
conplex,P30530,1,远 0.35–0.5,0.0,11,0.0000
conplex,P30530,1,全新 <0.35,0.0,29,0.0000
conplex,P30530,1,极近 ≥0.7,1.0,6,16.6667
conplex,P30530,1,近 0.5–0.7,0.0,4,0.0000
conplex,P31153,0,全新 <0.35,0.0,63,0.0000
conplex,P34913,0,全新 <0.35,0.0,117,0.0000
conplex,P34913,0,远 0.35–0.5,0.0,7,0.0000
conplex,P34914,0,全新 <0.35,0.0,87,0.0000
conplex,P34914,0,远 0.35–0.5,0.0,12,0.0000
conplex,P34972,1,近 0.5–0.7,0.0,3,0.0000
conplex,P34972,1,全新 <0.35,0.0,46,0.0000
conplex,P34972,1,远 0.35–0.5,0.0,16,0.0000
conplex,P35968,1,远 0.35–0.5,1.0,34,2.9412
conplex,P35968,1,极近 ≥0.7,22.0,31,70.9677
conplex,P35968,1,近 0.5–0.7,12.0,37,32.4324
conplex,P35968,1,全新 <0.35,0.0,34,0.0000
conplex,P36888,1,极近 ≥0.7,7.0,13,53.8462
conplex,P36888,1,全新 <0.35,1.0,46,2.1739
conplex,P36888,1,远 0.35–0.5,2.0,18,11.1111
conplex,P36888,1,近 0.5–0.7,2.0,7,28.5714
conplex,P41145,0,近 0.5–0.7,6.0,9,66.6667
conplex,P41145,0,全新 <0.35,2.0,143,1.3986
conplex,P41145,0,远 0.35–0.5,2.0,37,5.4054
conplex,P41145,0,极近 ≥0.7,4.0,4,100.0000
conplex,P41182,0,全新 <0.35,0.0,63,0.0000
conplex,P41595,0,全新 <0.35,0.0,43,0.0000
conplex,P41595,0,远 0.35–0.5,0.0,31,0.0000
conplex,P41595,0,近 0.5–0.7,2.0,11,18.1818
conplex,P41595,0,极近 ≥0.7,4.0,6,66.6667
conplex,P47989,0,全新 <0.35,8.0,45,17.7778
conplex,P47989,0,远 0.35–0.5,1.0,8,12.5000
conplex,P50406,0,远 0.35–0.5,0.0,6,0.0000
conplex,P50406,0,全新 <0.35,1.0,54,1.8519
conplex,P50406,0,极近 ≥0.7,0.0,5,0.0000
conplex,P50750,1,全新 <0.35,3.0,39,7.6923
conplex,P50750,1,远 0.35–0.5,1.0,12,8.3333
conplex,P50750,1,近 0.5–0.7,0.0,10,0.0000
conplex,P50750,1,极近 ≥0.7,0.0,6,0.0000
conplex,P52333,1,远 0.35–0.5,2.0,69,2.8986
conplex,P52333,1,近 0.5–0.7,0.0,8,0.0000
conplex,P52333,1,极近 ≥0.7,3.0,10,30.0000
conplex,P52333,1,全新 <0.35,1.0,169,0.5917
conplex,P53634,1,近 0.5–0.7,5.0,43,11.6279
conplex,P53634,1,远 0.35–0.5,2.0,4,50.0000
conplex,P53634,1,全新 <0.35,3.0,9,33.3333
conplex,P56817,1,远 0.35–0.5,0.0,21,0.0000
conplex,P56817,1,全新 <0.35,1.0,239,0.4184
conplex,Q05397,1,远 0.35–0.5,8.0,53,15.0943
conplex,Q05397,1,近 0.5–0.7,0.0,7,0.0000
conplex,Q05397,1,全新 <0.35,7.0,28,25.0000
conplex,Q13188,0,远 0.35–0.5,0.0,16,0.0000
conplex,Q13188,0,全新 <0.35,0.0,32,0.0000
conplex,Q13547,1,全新 <0.35,11.0,182,6.0440
conplex,Q13547,1,远 0.35–0.5,5.0,160,3.1250
conplex,Q13547,1,极近 ≥0.7,1.0,3,33.3333
conplex,Q13547,1,近 0.5–0.7,1.0,16,6.2500
conplex,Q13627,0,远 0.35–0.5,0.0,53,0.0000
conplex,Q13627,0,近 0.5–0.7,0.0,9,0.0000
conplex,Q13627,0,全新 <0.35,0.0,44,0.0000
conplex,Q13627,0,极近 ≥0.7,1.0,5,20.0000
conplex,Q16678,0,远 0.35–0.5,1.0,25,4.0000
conplex,Q16678,0,全新 <0.35,0.0,80,0.0000
conplex,Q92769,0,全新 <0.35,3.0,75,4.0000
conplex,Q92769,0,远 0.35–0.5,0.0,42,0.0000
conplex,Q92769,0,极近 ≥0.7,1.0,3,33.3333
conplex,Q92769,0,近 0.5–0.7,0.0,7,0.0000
conplex,Q92918,1,全新 <0.35,4.0,148,2.7027
conplex,Q92918,1,远 0.35–0.5,1.0,12,8.3333
conplex,Q9BY41,1,全新 <0.35,1.0,60,1.6667
conplex,Q9BY41,1,远 0.35–0.5,0.0,37,0.0000
conplex,Q9BY41,1,近 0.5–0.7,0.0,5,0.0000
conplex,Q9NWZ3,1,全新 <0.35,0.0,86,0.0000
conplex,Q9NWZ3,1,远 0.35–0.5,0.0,3,0.0000
conplex,Q9NZQ7,0,全新 <0.35,0.0,83,0.0000
conplex,Q9Y5Z0,0,远 0.35–0.5,0.0,12,0.0000
conplex,Q9Y5Z0,0,全新 <0.35,0.0,215,0.0000
conplex,O14684,0,全新 <0.35,3.0,122,2.4590
conplex,O14684,0,远 0.35–0.5,0.0,3,0.0000
conplex,O14744,0,全新 <0.35,5.0,780,0.6410
conplex,O14744,0,远 0.35–0.5,0.0,29,0.0000
conplex,O14744,0,近 0.5–0.7,0.0,5,0.0000
conplex,O14757,1,全新 <0.35,0.0,186,0.0000
conplex,O14757,1,远 0.35–0.5,0.0,4,0.0000
conplex,O15379,0,远 0.35–0.5,0.0,44,0.0000
conplex,O15379,0,全新 <0.35,5.0,365,1.3699
conplex,O15379,0,近 0.5–0.7,0.0,4,0.0000
conplex,O43570,1,全新 <0.35,16.0,164,9.7561
conplex,O43570,1,远 0.35–0.5,12.0,70,17.1429
conplex,O43570,1,近 0.5–0.7,3.0,5,60.0000
conplex,O43613,0,全新 <0.35,0.0,99,0.0000
conplex,O43614,1,全新 <0.35,0.0,145,0.0000
conplex,O60341,0,全新 <0.35,26.0,735,3.5374
conplex,O60341,0,远 0.35–0.5,0.0,68,0.0000
conplex,O60341,0,近 0.5–0.7,0.0,4,0.0000
conplex,O60502,0,全新 <0.35,1.0,297,0.3367
conplex,O60502,0,远 0.35–0.5,0.0,4,0.0000
conplex,O60885,0,全新 <0.35,0.0,441,0.0000
conplex,O60885,0,远 0.35–0.5,1.0,84,1.1905
conplex,O60885,0,近 0.5–0.7,33.0,47,70.2128
conplex,O60885,0,极近 ≥0.7,4.0,4,100.0000
conplex,O75116,0,全新 <0.35,0.0,295,0.0000
conplex,O75116,0,远 0.35–0.5,0.0,5,0.0000
conplex,O75173,0,全新 <0.35,0.0,81,0.0000
conplex,O75385,0,全新 <0.35,0.0,354,0.0000
conplex,O75385,0,远 0.35–0.5,0.0,54,0.0000
conplex,O95497,0,全新 <0.35,0.0,118,0.0000
conplex,O95819,0,全新 <0.35,0.0,65,0.0000
conplex,O96017,0,全新 <0.35,0.0,63,0.0000
conplex,O96028,0,全新 <0.35,0.0,63,0.0000
conplex,O96028,0,远 0.35–0.5,0.0,13,0.0000
conplex,P00519,1,近 0.5–0.7,8.0,12,66.6667
conplex,P00519,1,远 0.35–0.5,1.0,44,2.2727
conplex,P00519,1,全新 <0.35,1.0,238,0.4202
conplex,P00533,1,全新 <0.35,90.0,1802,4.9945
conplex,P00533,1,远 0.35–0.5,67.0,201,33.3333
conplex,P00533,1,近 0.5–0.7,15.0,43,34.8837
conplex,P00734,1,远 0.35–0.5,0.0,4,0.0000
conplex,P00734,1,全新 <0.35,1.0,68,1.4706
conplex,P00742,1,全新 <0.35,1.0,64,1.5625
conplex,P00746,1,全新 <0.35,0.0,362,0.0000
conplex,P00751,0,全新 <0.35,0.0,146,0.0000
conplex,P01116,0,全新 <0.35,41.0,3246,1.2631
conplex,P01116,0,远 0.35–0.5,0.0,11,0.0000
conplex,P01116,0,近 0.5–0.7,0.0,4,0.0000
conplex,P03372,1,全新 <0.35,10.0,216,4.6296
conplex,P03951,1,全新 <0.35,0.0,101,0.0000
conplex,P03952,0,全新 <0.35,0.0,130,0.0000
conplex,P04049,1,全新 <0.35,1.0,608,0.1645
conplex,P04049,1,远 0.35–0.5,0.0,48,0.0000
conplex,P04150,1,全新 <0.35,3.0,286,1.0490
conplex,P04293,0,全新 <0.35,2.0,352,0.5682
conplex,P04293,0,远 0.35–0.5,0.0,3,0.0000
conplex,P04626,1,全新 <0.35,273.0,877,31.1288
conplex,P04626,1,远 0.35–0.5,44.0,104,42.3077
conplex,P04626,1,近 0.5–0.7,6.0,21,28.5714
conplex,P06239,1,全新 <0.35,2.0,702,0.2849
conplex,P06239,1,远 0.35–0.5,0.0,12,0.0000
conplex,P06241,1,全新 <0.35,1.0,49,2.0408
conplex,P06241,1,远 0.35–0.5,1.0,4,25.0000
conplex,P06276,1,全新 <0.35,0.0,55,0.0000
conplex,P06276,1,远 0.35–0.5,0.0,69,0.0000
conplex,P06276,1,近 0.5–0.7,0.0,15,0.0000
conplex,P07333,1,近 0.5–0.7,1.0,13,7.6923
conplex,P07333,1,远 0.35–0.5,14.0,112,12.5000
conplex,P07333,1,全新 <0.35,1.0,647,0.1546
conplex,P07711,0,全新 <0.35,21.0,84,25.0000
conplex,P07711,0,远 0.35–0.5,3.0,23,13.0435
conplex,P07711,0,近 0.5–0.7,1.0,6,16.6667
conplex,P07949,1,全新 <0.35,0.0,230,0.0000
conplex,P07949,1,近 0.5–0.7,13.0,15,86.6667
conplex,P07949,1,远 0.35–0.5,10.0,16,62.5000
conplex,P08069,1,远 0.35–0.5,22.0,65,33.8462
conplex,P08069,1,全新 <0.35,115.0,294,39.1156
conplex,P08173,0,全新 <0.35,6.0,71,8.4507
conplex,P08173,0,远 0.35–0.5,0.0,5,0.0000
conplex,P08581,1,远 0.35–0.5,25.0,447,5.5928
conplex,P08581,1,全新 <0.35,12.0,363,3.3058
conplex,P08581,1,近 0.5–0.7,0.0,20,0.0000
conplex,P08908,0,全新 <0.35,0.0,123,0.0000
conplex,P08908,0,近 0.5–0.7,5.0,7,71.4286
conplex,P08908,0,远 0.35–0.5,4.0,77,5.1948
conplex,P09619,1,近 0.5–0.7,4.0,7,57.1429
conplex,P09619,1,全新 <0.35,1.0,415,0.2410
conplex,P09619,1,远 0.35–0.5,0.0,7,0.0000
conplex,P0DMS8,0,全新 <0.35,3.0,50,6.0000
conplex,P10275,1,全新 <0.35,32.0,142,22.5352
conplex,P10275,1,远 0.35–0.5,2.0,3,66.6667
conplex,P10398,0,全新 <0.35,0.0,92,0.0000
conplex,P10398,0,远 0.35–0.5,0.0,11,0.0000
conplex,P10415,1,全新 <0.35,0.0,1001,0.0000
conplex,P10415,1,远 0.35–0.5,0.0,6,0.0000
conplex,P11309,1,全新 <0.35,0.0,64,0.0000
conplex,P11362,1,全新 <0.35,7.0,444,1.5766
conplex,P11362,1,远 0.35–0.5,9.0,46,19.5652
conplex,P11362,1,近 0.5–0.7,0.0,11,0.0000
conplex,P11474,0,全新 <0.35,0.0,199,0.0000
conplex,P11802,1,全新 <0.35,60.0,1362,4.4053
conplex,P11802,1,远 0.35–0.5,4.0,36,11.1111
conplex,P11802,1,近 0.5–0.7,1.0,3,33.3333
conplex,P14756,0,全新 <0.35,1.0,67,1.4925
conplex,P14756,0,远 0.35–0.5,0.0,4,0.0000
conplex,P15428,0,全新 <0.35,0.0,360,0.0000
conplex,P18825,0,全新 <0.35,0.0,124,0.0000
conplex,P20618,0,全新 <0.35,0.0,68,0.0000
conplex,P20618,0,近 0.5–0.7,0.0,3,0.0000
conplex,P21554,0,全新 <0.35,0.0,50,0.0000
conplex,P21802,1,全新 <0.35,7.0,460,1.5217
conplex,P21802,1,远 0.35–0.5,4.0,22,18.1818
conplex,P22413,0,全新 <0.35,2.0,468,0.4274
conplex,P22413,0,远 0.35–0.5,0.0,56,0.0000
conplex,P22455,1,全新 <0.35,4.0,89,4.4944
conplex,P22455,1,远 0.35–0.5,0.0,19,0.0000
conplex,P22455,1,近 0.5–0.7,0.0,8,0.0000
conplex,P22607,1,全新 <0.35,12.0,362,3.3149
conplex,P22607,1,远 0.35–0.5,6.0,19,31.5789
conplex,P22607,1,近 0.5–0.7,0.0,3,0.0000
conplex,P23458,1,全新 <0.35,4.0,595,0.6723
conplex,P23458,1,远 0.35–0.5,0.0,24,0.0000
conplex,P23946,0,全新 <0.35,0.0,61,0.0000
conplex,P23946,0,远 0.35–0.5,0.0,10,0.0000
conplex,P24941,1,全新 <0.35,24.0,1463,1.6405
conplex,P24941,1,远 0.35–0.5,6.0,166,3.6145
conplex,P27338,0,全新 <0.35,0.0,102,0.0000
conplex,P27338,0,远 0.35–0.5,0.0,22,0.0000
conplex,P27487,1,远 0.35–0.5,0.0,16,0.0000
conplex,P27487,1,全新 <0.35,0.0,100,0.0000
conplex,P28074,0,全新 <0.35,5.0,310,1.6129
conplex,P28074,0,远 0.35–0.5,0.0,12,0.0000
conplex,P28074,0,近 0.5–0.7,0.0,3,0.0000
conplex,P28335,0,全新 <0.35,4.0,287,1.3937
conplex,P28335,0,远 0.35–0.5,3.0,7,42.8571
conplex,P28482,1,全新 <0.35,44.0,660,6.6667
conplex,P28482,1,远 0.35–0.5,0.0,5,0.0000
conplex,P29274,1,全新 <0.35,235.0,777,30.2445
conplex,P29275,0,全新 <0.35,62.0,357,17.3669
conplex,P29597,1,全新 <0.35,5.0,1365,0.3663
conplex,P29597,1,远 0.35–0.5,0.0,7,0.0000
conplex,P30530,1,远 0.35–0.5,0.0,366,0.0000
conplex,P30530,1,全新 <0.35,0.0,551,0.0000
conplex,P30530,1,近 0.5–0.7,0.0,11,0.0000
conplex,P30542,0,全新 <0.35,5.0,112,4.4643
conplex,P31391,0,全新 <0.35,0.0,99,0.0000
conplex,P31645,1,全新 <0.35,1.0,104,0.9615
conplex,P31645,1,远 0.35–0.5,0.0,5,0.0000
conplex,P31749,1,全新 <0.35,1.0,209,0.4785
conplex,P31749,1,远 0.35–0.5,0.0,4,0.0000
conplex,P31751,1,全新 <0.35,1.0,118,0.8475
conplex,P32245,0,全新 <0.35,0.0,207,0.0000
conplex,P34913,0,全新 <0.35,0.0,58,0.0000
conplex,P34913,0,远 0.35–0.5,0.0,3,0.0000
conplex,P34914,0,全新 <0.35,0.0,122,0.0000
conplex,P34914,0,远 0.35–0.5,0.0,60,0.0000
conplex,P34914,0,近 0.5–0.7,0.0,16,0.0000
conplex,P34972,1,全新 <0.35,6.0,56,10.7143
conplex,P34972,1,远 0.35–0.5,0.0,7,0.0000
conplex,P35372,1,全新 <0.35,10.0,119,8.4034
conplex,P35372,1,远 0.35–0.5,26.0,72,36.1111
conplex,P35372,1,近 0.5–0.7,6.0,6,100.0000
conplex,P35916,1,近 0.5–0.7,5.0,46,10.8696
conplex,P35916,1,远 0.35–0.5,0.0,16,0.0000
conplex,P35916,1,全新 <0.35,0.0,8,0.0000
conplex,P35968,1,全新 <0.35,62.0,425,14.5882
conplex,P35968,1,远 0.35–0.5,82.0,417,19.6643
conplex,P35968,1,近 0.5–0.7,22.0,83,26.5060
conplex,P36888,1,近 0.5–0.7,5.0,17,29.4118
conplex,P36888,1,全新 <0.35,10.0,427,2.3419
conplex,P36888,1,远 0.35–0.5,13.0,59,22.0339
conplex,P36888,1,极近 ≥0.7,1.0,3,33.3333
conplex,P39900,1,全新 <0.35,0.0,83,0.0000
conplex,P41143,0,全新 <0.35,1.0,50,2.0000
conplex,P41143,0,远 0.35–0.5,8.0,39,20.5128
conplex,P41143,0,近 0.5–0.7,2.0,3,66.6667
conplex,P41145,0,全新 <0.35,8.0,394,2.0305
conplex,P41145,0,远 0.35–0.5,41.0,113,36.2832
conplex,P41145,0,近 0.5–0.7,16.0,19,84.2105
conplex,P41146,0,全新 <0.35,0.0,54,0.0000
conplex,P41240,1,全新 <0.35,0.0,165,0.0000
conplex,P41240,1,远 0.35–0.5,0.0,8,0.0000
conplex,P42330,0,远 0.35–0.5,0.0,31,0.0000
conplex,P42330,0,全新 <0.35,0.0,46,0.0000
conplex,P43405,1,全新 <0.35,0.0,82,0.0000
conplex,P43405,1,远 0.35–0.5,0.0,22,0.0000
conplex,P43490,1,全新 <0.35,0.0,415,0.0000
conplex,P43490,1,远 0.35–0.5,0.0,33,0.0000
conplex,P43490,1,近 0.5–0.7,0.0,30,0.0000
conplex,P43490,1,极近 ≥0.7,0.0,4,0.0000
conplex,P47205,0,远 0.35–0.5,0.0,4,0.0000
conplex,P47205,0,全新 <0.35,0.0,143,0.0000
conplex,P47869,0,全新 <0.35,0.0,180,0.0000
conplex,P47869,0,远 0.35–0.5,0.0,4,0.0000
conplex,P48729,1,全新 <0.35,0.0,132,0.0000
conplex,P48730,1,全新 <0.35,0.0,143,0.0000
conplex,P49759,1,全新 <0.35,0.0,129,0.0000
conplex,P49759,1,远 0.35–0.5,0.0,3,0.0000
conplex,P49760,1,远 0.35–0.5,0.0,25,0.0000
conplex,P49760,1,全新 <0.35,0.0,225,0.0000
conplex,P49760,1,近 0.5–0.7,0.0,7,0.0000
conplex,P49841,1,远 0.35–0.5,0.0,49,0.0000
conplex,P49841,1,全新 <0.35,6.0,1357,0.4422
conplex,P50053,0,全新 <0.35,0.0,940,0.0000
conplex,P50053,0,远 0.35–0.5,0.0,4,0.0000
conplex,P50406,0,全新 <0.35,0.0,48,0.0000
conplex,P50406,0,远 0.35–0.5,0.0,6,0.0000
conplex,P50750,1,全新 <0.35,0.0,133,0.0000
conplex,P50750,1,远 0.35–0.5,0.0,35,0.0000
conplex,P50750,1,近 0.5–0.7,0.0,24,0.0000
conplex,P51531,0,全新 <0.35,0.0,85,0.0000
conplex,P51531,0,远 0.35–0.5,0.0,7,0.0000
conplex,P51532,0,全新 <0.35,0.0,76,0.0000
conplex,P51532,0,远 0.35–0.5,0.0,6,0.0000
conplex,P53350,1,远 0.35–0.5,8.0,30,26.6667
conplex,P53350,1,近 0.5–0.7,2.0,67,2.9851
conplex,P53350,1,极近 ≥0.7,8.0,8,100.0000
conplex,P53396,0,全新 <0.35,0.0,57,0.0000
conplex,P53634,1,近 0.5–0.7,47.0,107,43.9252
conplex,P53634,1,远 0.35–0.5,11.0,86,12.7907
conplex,P53634,1,全新 <0.35,2.0,184,1.0870
conplex,P53634,1,极近 ≥0.7,12.0,38,31.5789
conplex,P53667,1,全新 <0.35,0.0,57,0.0000
conplex,P53667,1,远 0.35–0.5,0.0,5,0.0000
conplex,P53671,1,全新 <0.35,0.0,62,0.0000
conplex,P53671,1,远 0.35–0.5,0.0,4,0.0000
conplex,P53779,1,全新 <0.35,1.0,40,2.5000
conplex,P53779,1,远 0.35–0.5,0.0,24,0.0000
conplex,P56817,1,全新 <0.35,0.0,346,0.0000
conplex,P56817,1,远 0.35–0.5,0.0,6,0.0000
conplex,P61073,1,远 0.35–0.5,4.0,13,30.7692
conplex,P61073,1,全新 <0.35,0.0,22,0.0000
conplex,P61073,1,近 0.5–0.7,15.0,17,88.2353
conplex,P61964,1,全新 <0.35,0.0,38,0.0000
conplex,P61964,1,远 0.35–0.5,0.0,12,0.0000
conplex,P62813,1,全新 <0.35,0.0,85,0.0000
conplex,P80192,1,全新 <0.35,0.0,58,0.0000
conplex,Q00534,0,全新 <0.35,52.0,1032,5.0388
conplex,Q00534,0,远 0.35–0.5,3.0,57,5.2632
conplex,Q03111,0,全新 <0.35,0.0,99,0.0000
conplex,Q04609,1,远 0.35–0.5,10.0,61,16.3934
conplex,Q04609,1,全新 <0.35,5.0,37,13.5135
conplex,Q04609,1,近 0.5–0.7,0.0,3,0.0000
conplex,Q06124,0,全新 <0.35,0.0,484,0.0000
conplex,Q06124,0,远 0.35–0.5,0.0,3,0.0000
conplex,Q06187,1,全新 <0.35,24.0,954,2.5157
conplex,Q06187,1,远 0.35–0.5,0.0,19,0.0000
conplex,Q06187,1,近 0.5–0.7,0.0,4,0.0000
conplex,Q07817,1,全新 <0.35,0.0,376,0.0000
conplex,Q12884,0,全新 <0.35,11.0,103,10.6796
conplex,Q12884,0,远 0.35–0.5,0.0,19,0.0000
conplex,Q13464,1,全新 <0.35,0.0,180,0.0000
conplex,Q13464,1,远 0.35–0.5,0.0,3,0.0000
conplex,Q13489,1,远 0.35–0.5,0.0,12,0.0000
conplex,Q13489,1,全新 <0.35,0.0,199,0.0000
conplex,Q13546,1,全新 <0.35,4.0,582,0.6873
conplex,Q13546,1,远 0.35–0.5,0.0,6,0.0000
conplex,Q13547,1,全新 <0.35,29.0,894,3.2438
conplex,Q13547,1,远 0.35–0.5,2.0,138,1.4493
conplex,Q13547,1,近 0.5–0.7,0.0,12,0.0000
conplex,Q14145,1,全新 <0.35,0.0,112,0.0000
conplex,Q14145,1,远 0.35–0.5,0.0,8,0.0000
conplex,Q14145,1,近 0.5–0.7,0.0,4,0.0000
conplex,Q14833,0,全新 <0.35,0.0,171,0.0000
conplex,Q15119,1,全新 <0.35,0.0,112,0.0000
conplex,Q15125,0,全新 <0.35,1.0,175,0.5714
conplex,Q15858,0,全新 <0.35,5.0,660,0.7576
conplex,Q15910,0,全新 <0.35,10.0,733,1.3643
conplex,Q16288,1,全新 <0.35,6.0,129,4.6512
conplex,Q16288,1,远 0.35–0.5,3.0,17,17.6471
conplex,Q16288,1,近 0.5–0.7,17.0,18,94.4444
conplex,Q16552,0,全新 <0.35,0.0,262,0.0000
conplex,Q16584,1,全新 <0.35,0.0,89,0.0000
conplex,Q16584,1,远 0.35–0.5,0.0,4,0.0000
conplex,Q16620,1,全新 <0.35,7.0,157,4.4586
conplex,Q16620,1,远 0.35–0.5,0.0,14,0.0000
conplex,Q16620,1,近 0.5–0.7,14.0,15,93.3333
conplex,Q16769,0,全新 <0.35,0.0,64,0.0000
conplex,Q16769,0,远 0.35–0.5,0.0,3,0.0000
conplex,Q6V1X1,0,全新 <0.35,0.0,56,0.0000
conplex,Q6V1X1,0,远 0.35–0.5,0.0,13,0.0000
conplex,Q6ZQW0,0,全新 <0.35,0.0,54,0.0000
conplex,Q72547,0,远 0.35–0.5,0.0,3,0.0000
conplex,Q72547,0,全新 <0.35,3.0,61,4.9180
conplex,Q86TI2,0,全新 <0.35,0.0,44,0.0000
conplex,Q86TI2,0,远 0.35–0.5,0.0,12,0.0000
conplex,Q86W56,0,全新 <0.35,0.0,341,0.0000
conplex,Q86WV6,0,远 0.35–0.5,0.0,8,0.0000
conplex,Q86WV6,0,全新 <0.35,0.0,162,0.0000
conplex,Q8IVH8,1,全新 <0.35,16.0,326,4.9080
conplex,Q8IVH8,1,远 0.35–0.5,0.0,6,0.0000
conplex,Q8N884,0,全新 <0.35,1.0,308,0.3247
conplex,Q8NEB9,1,全新 <0.35,0.0,57,0.0000
conplex,Q8R4B8,0,全新 <0.35,0.0,56,0.0000
conplex,Q92633,0,全新 <0.35,0.0,559,0.0000
conplex,Q92769,0,远 0.35–0.5,0.0,23,0.0000
conplex,Q92769,0,全新 <0.35,4.0,313,1.2780
conplex,Q92993,0,全新 <0.35,0.0,92,0.0000
conplex,Q93009,0,全新 <0.35,1.0,293,0.3413
conplex,Q96RI1,0,全新 <0.35,1.0,56,1.7857
conplex,Q96RI1,0,远 0.35–0.5,0.0,5,0.0000
conplex,Q99640,1,全新 <0.35,0.0,271,0.0000
conplex,Q99640,1,远 0.35–0.5,0.0,15,0.0000
conplex,Q99683,1,全新 <0.35,0.0,69,0.0000
conplex,Q99683,1,远 0.35–0.5,0.0,7,0.0000
conplex,Q99814,1,全新 <0.35,0.0,114,0.0000
conplex,Q9BY41,1,全新 <0.35,0.0,383,0.0000
conplex,Q9BY41,1,远 0.35–0.5,0.0,10,0.0000
conplex,Q9H3N8,0,远 0.35–0.5,0.0,8,0.0000
conplex,Q9H3N8,0,全新 <0.35,0.0,47,0.0000
conplex,Q9H8M2,0,远 0.35–0.5,1.0,15,6.6667
conplex,Q9H8M2,0,近 0.5–0.7,0.0,5,0.0000
conplex,Q9H8M2,0,全新 <0.35,2.0,371,0.5391
conplex,Q9HAZ1,1,全新 <0.35,0.0,131,0.0000
conplex,Q9HBH9,1,全新 <0.35,0.0,100,0.0000
conplex,Q9HBH9,1,远 0.35–0.5,0.0,4,0.0000
conplex,Q9NSY1,0,全新 <0.35,18.0,68,26.4706
conplex,Q9NWZ3,1,全新 <0.35,2.0,1450,0.1379
conplex,Q9NWZ3,1,远 0.35–0.5,0.0,8,0.0000
conplex,Q9NYV4,0,全新 <0.35,1.0,276,0.3623
conplex,Q9NYV4,0,远 0.35–0.5,0.0,6,0.0000
conplex,Q9Y251,1,近 0.5–0.7,0.0,6,0.0000
conplex,Q9Y251,1,全新 <0.35,0.0,34,0.0000
conplex,Q9Y251,1,远 0.35–0.5,0.0,3,0.0000
conplex,Q9Y251,1,极近 ≥0.7,0.0,10,0.0000
conplex,Q9Y5Y9,0,全新 <0.35,0.0,554,0.0000
conplex,Q9Y5Y9,0,远 0.35–0.5,0.0,78,0.0000
conplex,Q9Y5Z0,0,全新 <0.35,0.0,315,0.0000
conplex,C7FF05,0,全新 <0.35,1.0,67,1.4925
conplex,C7FF05,0,远 0.35–0.5,4.0,18,22.2222
conplex,C7FF05,0,近 0.5–0.7,4.0,5,80.0000
conplex,O14638,0,全新 <0.35,0.0,90,0.0000
conplex,O94921,1,全新 <0.35,0.0,65,0.0000
conplex,O94921,1,远 0.35–0.5,0.0,34,0.0000
conplex,P01111,0,全新 <0.35,0.0,469,0.0000
conplex,P05622,0,远 0.35–0.5,0.0,34,0.0000
conplex,P05622,0,全新 <0.35,0.0,326,0.0000
conplex,P05622,0,近 0.5–0.7,0.0,16,0.0000
conplex,P28347,0,全新 <0.35,0.0,236,0.0000
conplex,P30405,1,全新 <0.35,0.0,74,0.0000
conplex,P30405,1,远 0.35–0.5,0.0,3,0.0000
conplex,P37288,1,全新 <0.35,0.0,109,0.0000
conplex,P43220,1,全新 <0.35,3.0,106,2.8302
conplex,P43220,1,极近 ≥0.7,6.0,8,75.0000
conplex,P43220,1,近 0.5–0.7,0.0,13,0.0000
conplex,P56528,0,全新 <0.35,0.0,103,0.0000
conplex,P97821,0,近 0.5–0.7,15.0,52,28.8462
conplex,P97821,0,远 0.35–0.5,4.0,8,50.0000
conplex,P97821,0,全新 <0.35,0.0,4,0.0000
conplex,P97821,0,极近 ≥0.7,5.0,19,26.3158
conplex,Q15562,0,全新 <0.35,0.0,179,0.0000
conplex,Q92830,1,全新 <0.35,0.0,159,0.0000
conplex,Q96LB1,0,全新 <0.35,0.0,68,0.0000
conplex,Q99594,0,全新 <0.35,0.0,102,0.0000
conplex,Q9NP56,0,全新 <0.35,1.0,69,1.4493
conplex,J9SQF3,0,全新 <0.35,0.0,644,0.0000
conplex,J9SQF3,0,远 0.35–0.5,0.0,6,0.0000
conplex,O00187,0,远 0.35–0.5,13.0,113,11.5044
conplex,O00187,0,全新 <0.35,3.0,224,1.3393
conplex,O00411,0,全新 <0.35,5.0,226,2.2124
conplex,O00443,1,全新 <0.35,0.0,97,0.0000
conplex,O14874,0,全新 <0.35,0.0,102,0.0000
conplex,O14874,0,远 0.35–0.5,0.0,3,0.0000
conplex,O42275,1,近 0.5–0.7,0.0,8,0.0000
conplex,O42275,1,远 0.35–0.5,5.0,68,7.3529
conplex,O42275,1,全新 <0.35,0.0,41,0.0000
conplex,O60427,0,全新 <0.35,0.0,236,0.0000
conplex,O75747,0,全新 <0.35,0.0,213,0.0000
conplex,O75747,0,远 0.35–0.5,0.0,12,0.0000
conplex,O75909,0,全新 <0.35,1.0,130,0.7692
conplex,O75909,0,远 0.35–0.5,0.0,37,0.0000
conplex,O88634,0,全新 <0.35,0.0,66,0.0000
conplex,O94782,0,全新 <0.35,0.0,404,0.0000
conplex,O95835,1,全新 <0.35,0.0,72,0.0000
conplex,P08546,0,全新 <0.35,0.0,82,0.0000
conplex,P09246,0,全新 <0.35,1.0,80,1.2500
conplex,P09871,0,全新 <0.35,0.0,421,0.0000
conplex,P0AES4,0,全新 <0.35,0.0,131,0.0000
conplex,P11166,0,全新 <0.35,0.0,67,0.0000
conplex,P14060,0,全新 <0.35,1.0,74,1.3514
conplex,P14416,1,极近 ≥0.7,7.0,11,63.6364
conplex,P14416,1,全新 <0.35,4.0,213,1.8779
conplex,P14416,1,远 0.35–0.5,5.0,82,6.0976
conplex,P14416,1,近 0.5–0.7,9.0,14,64.2857
conplex,P16788,0,全新 <0.35,0.0,451,0.0000
conplex,P16788,0,远 0.35–0.5,0.0,3,0.0000
conplex,P17948,1,近 0.5–0.7,13.0,50,26.0000
conplex,P17948,1,极近 ≥0.7,6.0,10,60.0000
conplex,P17948,1,远 0.35–0.5,1.0,23,4.3478
conplex,P17948,1,全新 <0.35,1.0,11,9.0909
conplex,P19525,0,全新 <0.35,0.0,181,0.0000
conplex,P20648,0,全新 <0.35,0.0,112,0.0000
conplex,P21917,0,全新 <0.35,0.0,36,0.0000
conplex,P21917,0,远 0.35–0.5,1.0,16,6.2500
conplex,P21917,0,极近 ≥0.7,2.0,7,28.5714
conplex,P21917,0,近 0.5–0.7,2.0,6,33.3333
conplex,P22001,0,全新 <0.35,0.0,349,0.0000
conplex,P24864,0,全新 <0.35,0.0,40,0.0000
conplex,P24864,0,远 0.35–0.5,0.0,27,0.0000
conplex,P25929,0,远 0.35–0.5,0.0,59,0.0000
conplex,P25929,0,全新 <0.35,0.0,40,0.0000
conplex,P25929,0,近 0.5–0.7,0.0,3,0.0000
conplex,P28223,0,全新 <0.35,17.0,930,1.8280
conplex,P28223,0,远 0.35–0.5,8.0,210,3.8095
conplex,P28223,0,近 0.5–0.7,26.0,38,68.4211
conplex,P28223,0,极近 ≥0.7,19.0,22,86.3636
conplex,P30990,0,全新 <0.35,4.0,68,5.8824
conplex,P30990,0,远 0.35–0.5,0.0,8,0.0000
conplex,P34969,1,远 0.35–0.5,2.0,22,9.0909
conplex,P34969,1,全新 <0.35,1.0,66,1.5152
conplex,P34969,1,近 0.5–0.7,2.0,9,22.2222
conplex,P34969,1,极近 ≥0.7,1.0,4,25.0000
conplex,P35462,1,极近 ≥0.7,1.0,4,25.0000
conplex,P35462,1,全新 <0.35,0.0,84,0.0000
conplex,P35462,1,远 0.35–0.5,1.0,18,5.5556
conplex,P35462,1,近 0.5–0.7,0.0,3,0.0000
conplex,P37840,0,全新 <0.35,0.0,113,0.0000
conplex,P50052,0,全新 <0.35,0.0,203,0.0000
conplex,P50052,0,远 0.35–0.5,0.0,6,0.0000
conplex,P50052,0,近 0.5–0.7,1.0,4,25.0000
conplex,P52429,0,全新 <0.35,0.0,81,0.0000
conplex,P54278,0,远 0.35–0.5,0.0,21,0.0000
conplex,P54278,0,全新 <0.35,0.0,64,0.0000
conplex,P57059,1,全新 <0.35,1.0,44,2.2727
conplex,P57059,1,极近 ≥0.7,1.0,26,3.8462
conplex,P57059,1,近 0.5–0.7,0.0,8,0.0000
conplex,P57059,1,远 0.35–0.5,0.0,6,0.0000
conplex,Q08211,0,全新 <0.35,0.0,700,0.0000
conplex,Q08211,0,远 0.35–0.5,0.0,7,0.0000
conplex,Q08828,0,全新 <0.35,0.0,67,0.0000
conplex,Q10469,0,全新 <0.35,0.0,171,0.0000
conplex,Q13191,0,全新 <0.35,90.0,1223,7.3590
conplex,Q13191,0,远 0.35–0.5,0.0,9,0.0000
conplex,Q13233,0,远 0.35–0.5,0.0,27,0.0000
conplex,Q13233,0,全新 <0.35,0.0,23,0.0000
conplex,Q13233,0,近 0.5–0.7,0.0,6,0.0000
conplex,Q13574,0,全新 <0.35,8.0,576,1.3889
conplex,Q13724,0,远 0.35–0.5,0.0,78,0.0000
conplex,Q13724,0,全新 <0.35,0.0,451,0.0000
conplex,Q15078,0,全新 <0.35,3.0,42,7.1429
conplex,Q15078,0,远 0.35–0.5,0.0,5,0.0000
conplex,Q15078,0,极近 ≥0.7,0.0,4,0.0000
conplex,Q16236,0,远 0.35–0.5,0.0,11,0.0000
conplex,Q16236,0,全新 <0.35,0.0,60,0.0000
conplex,Q16236,0,近 0.5–0.7,0.0,14,0.0000
conplex,Q16739,0,全新 <0.35,60.0,250,24.0000
conplex,Q16739,0,远 0.35–0.5,16.0,59,27.1186
conplex,Q16832,1,远 0.35–0.5,3.0,70,4.2857
conplex,Q16832,1,全新 <0.35,0.0,248,0.0000
conplex,Q16832,1,近 0.5–0.7,0.0,5,0.0000
conplex,Q16832,1,极近 ≥0.7,0.0,3,0.0000
conplex,Q5JRX3,0,全新 <0.35,0.0,57,0.0000
conplex,Q6SZW1,0,全新 <0.35,4.0,233,1.7167
conplex,Q6SZW1,0,远 0.35–0.5,0.0,10,0.0000
conplex,Q7Z3E1,0,全新 <0.35,6.0,406,1.4778
conplex,Q7Z3E1,0,远 0.35–0.5,1.0,73,1.3699
conplex,Q7Z3E1,0,近 0.5–0.7,9.0,93,9.6774
conplex,Q7Z5P4,0,全新 <0.35,9.0,866,1.0393
conplex,Q7Z5P4,0,远 0.35–0.5,0.0,28,0.0000
conplex,Q86SK9,0,全新 <0.35,4.0,53,7.5472
conplex,Q86UE8,0,远 0.35–0.5,1.0,10,10.0000
conplex,Q86UE8,0,全新 <0.35,1.0,56,1.7857
conplex,Q8N1C3,0,全新 <0.35,0.0,201,0.0000
conplex,Q92551,0,全新 <0.35,0.0,179,0.0000
conplex,Q92551,0,远 0.35–0.5,0.0,12,0.0000
conplex,Q96DB2,0,远 0.35–0.5,0.0,26,0.0000
conplex,Q96DB2,0,全新 <0.35,0.0,43,0.0000
conplex,Q96GX5,0,全新 <0.35,1.0,256,0.3906
conplex,Q96KP4,0,远 0.35–0.5,0.0,35,0.0000
conplex,Q96KP4,0,全新 <0.35,0.0,73,0.0000
conplex,Q9BQA1,0,全新 <0.35,1.0,61,1.6393
conplex,Q9H0K1,0,全新 <0.35,1.0,66,1.5152
conplex,Q9H0K1,0,极近 ≥0.7,1.0,28,3.5714
conplex,Q9H0K1,0,近 0.5–0.7,0.0,7,0.0000
conplex,Q9H0K1,0,远 0.35–0.5,0.0,8,0.0000
conplex,Q9HCE5,0,全新 <0.35,0.0,192,0.0000
conplex,Q9NPH5,0,全新 <0.35,0.0,92,0.0000
conplex,Q9NPH5,0,远 0.35–0.5,0.0,4,0.0000
conplex,Q9NR19,0,全新 <0.35,0.0,132,0.0000
conplex,Q9NR19,0,远 0.35–0.5,0.0,10,0.0000
sprint,O15379,1,远 0.35–0.5,2.0,61,3.2787
sprint,O15379,1,近 0.5–0.7,1.0,54,1.8519
sprint,O15379,1,极近 ≥0.7,1.0,24,4.1667
sprint,O43353,1,近 0.5–0.7,0.0,147,0.0000
sprint,O43353,1,远 0.35–0.5,0.0,84,0.0000
sprint,O43353,1,极近 ≥0.7,1.0,15,6.6667
sprint,O60341,0,极近 ≥0.7,0.0,17,0.0000
sprint,O60341,0,远 0.35–0.5,1.0,47,2.1277
sprint,O60341,0,近 0.5–0.7,1.0,35,2.8571
sprint,O60341,0,全新 <0.35,0.0,5,0.0000
sprint,O60674,0,远 0.35–0.5,0.0,56,0.0000
sprint,O60674,0,近 0.5–0.7,0.0,27,0.0000
sprint,O60674,0,极近 ≥0.7,0.0,42,0.0000
sprint,O60674,0,全新 <0.35,0.0,103,0.0000
sprint,O60885,0,远 0.35–0.5,0.0,11,0.0000
sprint,O60885,0,极近 ≥0.7,0.0,35,0.0000
sprint,O60885,0,近 0.5–0.7,0.0,6,0.0000
sprint,O60885,0,全新 <0.35,0.0,6,0.0000
sprint,O75469,0,极近 ≥0.7,0.0,4,0.0000
sprint,O75469,0,近 0.5–0.7,0.0,68,0.0000
sprint,O75469,0,远 0.35–0.5,0.0,10,0.0000
sprint,P00915,0,远 0.35–0.5,0.0,30,0.0000
sprint,P00915,0,全新 <0.35,0.0,5,0.0000
sprint,P00915,0,极近 ≥0.7,0.0,31,0.0000
sprint,P00915,0,近 0.5–0.7,0.0,103,0.0000
sprint,P01116,0,远 0.35–0.5,0.0,13,0.0000
sprint,P01116,0,全新 <0.35,0.0,15,0.0000
sprint,P01116,0,极近 ≥0.7,0.0,4,0.0000
sprint,P01116,0,近 0.5–0.7,0.0,19,0.0000
sprint,P04798,0,近 0.5–0.7,0.0,40,0.0000
sprint,P04798,0,远 0.35–0.5,0.0,21,0.0000
sprint,P06239,0,全新 <0.35,0.0,15,0.0000
sprint,P06239,0,近 0.5–0.7,1.0,27,3.7037
sprint,P06239,0,极近 ≥0.7,0.0,21,0.0000
sprint,P06239,0,远 0.35–0.5,0.0,5,0.0000
sprint,P07333,0,近 0.5–0.7,1.0,16,6.2500
sprint,P07333,0,全新 <0.35,0.0,5,0.0000
sprint,P07333,0,远 0.35–0.5,0.0,70,0.0000
sprint,P07333,0,极近 ≥0.7,1.0,12,8.3333
sprint,P0DMS8,0,极近 ≥0.7,0.0,8,0.0000
sprint,P0DMS8,0,远 0.35–0.5,0.0,25,0.0000
sprint,P0DMS8,0,近 0.5–0.7,0.0,36,0.0000
sprint,P0DTD1,0,全新 <0.35,0.0,109,0.0000
sprint,P0DTD1,0,远 0.35–0.5,0.0,171,0.0000
sprint,P0DTD1,0,近 0.5–0.7,0.0,99,0.0000
sprint,P0DTD1,0,极近 ≥0.7,0.0,41,0.0000
sprint,P12931,0,极近 ≥0.7,1.0,33,3.0303
sprint,P12931,0,近 0.5–0.7,2.0,47,4.2553
sprint,P12931,0,远 0.35–0.5,0.0,10,0.0000
sprint,P15056,0,远 0.35–0.5,0.0,20,0.0000
sprint,P15056,0,极近 ≥0.7,0.0,14,0.0000
sprint,P15056,0,全新 <0.35,0.0,15,0.0000
sprint,P15056,0,近 0.5–0.7,0.0,9,0.0000
sprint,P18031,0,远 0.35–0.5,0.0,10,0.0000
sprint,P18031,0,全新 <0.35,6.0,94,6.3830
sprint,P18031,0,极近 ≥0.7,2.0,6,33.3333
sprint,P18031,0,近 0.5–0.7,0.0,6,0.0000
sprint,P21554,0,近 0.5–0.7,9.0,59,15.2542
sprint,P21554,0,远 0.35–0.5,4.0,28,14.2857
sprint,P21554,0,极近 ≥0.7,4.0,13,30.7692
sprint,P22455,0,全新 <0.35,0.0,8,0.0000
sprint,P22455,0,极近 ≥0.7,1.0,11,9.0909
sprint,P22455,0,近 0.5–0.7,0.0,18,0.0000
sprint,P22455,0,远 0.35–0.5,0.0,18,0.0000
sprint,P23458,0,远 0.35–0.5,0.0,64,0.0000
sprint,P23458,0,近 0.5–0.7,0.0,13,0.0000
sprint,P23458,0,极近 ≥0.7,0.0,21,0.0000
sprint,P23458,0,全新 <0.35,0.0,99,0.0000
sprint,P27338,0,极近 ≥0.7,0.0,43,0.0000
sprint,P27338,0,远 0.35–0.5,0.0,20,0.0000
sprint,P27338,0,近 0.5–0.7,0.0,92,0.0000
sprint,P29597,0,远 0.35–0.5,2.0,54,3.7037
sprint,P29597,0,近 0.5–0.7,0.0,3,0.0000
sprint,P29597,0,极近 ≥0.7,0.0,16,0.0000
sprint,P29597,0,全新 <0.35,0.0,114,0.0000
sprint,P30530,0,近 0.5–0.7,0.0,10,0.0000
sprint,P30530,0,极近 ≥0.7,2.0,15,13.3333
sprint,P30530,0,全新 <0.35,0.0,7,0.0000
sprint,P30530,0,远 0.35–0.5,1.0,18,5.5556
sprint,P31153,0,远 0.35–0.5,0.0,36,0.0000
sprint,P31153,0,全新 <0.35,1.0,24,4.1667
sprint,P31153,0,近 0.5–0.7,0.0,3,0.0000
sprint,P34913,0,近 0.5–0.7,5.0,61,8.1967
sprint,P34913,0,远 0.35–0.5,2.0,51,3.9216
sprint,P34913,0,极近 ≥0.7,0.0,12,0.0000
sprint,P34914,0,极近 ≥0.7,0.0,11,0.0000
sprint,P34914,0,远 0.35–0.5,2.0,22,9.0909
sprint,P34914,0,近 0.5–0.7,4.0,65,6.1538
sprint,P34972,0,极近 ≥0.7,0.0,16,0.0000
sprint,P34972,0,远 0.35–0.5,0.0,31,0.0000
sprint,P34972,0,近 0.5–0.7,0.0,18,0.0000
sprint,P35968,0,近 0.5–0.7,0.0,57,0.0000
sprint,P35968,0,极近 ≥0.7,0.0,50,0.0000
sprint,P35968,0,远 0.35–0.5,0.0,29,0.0000
sprint,P36888,0,近 0.5–0.7,1.0,14,7.1429
sprint,P36888,0,全新 <0.35,0.0,8,0.0000
sprint,P36888,0,远 0.35–0.5,0.0,26,0.0000
sprint,P36888,0,极近 ≥0.7,1.0,36,2.7778
sprint,P41182,0,远 0.35–0.5,0.0,32,0.0000
sprint,P41182,0,全新 <0.35,0.0,31,0.0000
sprint,P41595,0,远 0.35–0.5,0.0,24,0.0000
sprint,P41595,0,近 0.5–0.7,2.0,40,5.0000
sprint,P41595,0,极近 ≥0.7,3.0,25,12.0000
sprint,P47989,0,远 0.35–0.5,0.0,33,0.0000
sprint,P47989,0,近 0.5–0.7,0.0,15,0.0000
sprint,P47989,0,极近 ≥0.7,0.0,6,0.0000
sprint,P49327,1,远 0.35–0.5,0.0,591,0.0000
sprint,P49327,1,全新 <0.35,0.0,72,0.0000
sprint,P50406,0,极近 ≥0.7,0.0,17,0.0000
sprint,P50406,0,远 0.35–0.5,0.0,48,0.0000
sprint,P50750,0,远 0.35–0.5,0.0,30,0.0000
sprint,P50750,0,全新 <0.35,0.0,7,0.0000
sprint,P50750,0,极近 ≥0.7,1.0,12,8.3333
sprint,P50750,0,近 0.5–0.7,0.0,18,0.0000
sprint,P52333,0,远 0.35–0.5,0.0,58,0.0000
sprint,P52333,0,近 0.5–0.7,0.0,66,0.0000
sprint,P52333,0,极近 ≥0.7,1.0,38,2.6316
sprint,P52333,0,全新 <0.35,0.0,94,0.0000
sprint,P53634,0,远 0.35–0.5,0.0,47,0.0000
sprint,P53634,0,全新 <0.35,0.0,8,0.0000
sprint,P56817,0,远 0.35–0.5,0.0,27,0.0000
sprint,P56817,0,全新 <0.35,0.0,216,0.0000
sprint,P56817,0,近 0.5–0.7,0.0,9,0.0000
sprint,P56817,0,极近 ≥0.7,0.0,8,0.0000
sprint,Q05397,0,远 0.35–0.5,2.0,46,4.3478
sprint,Q05397,0,近 0.5–0.7,4.0,29,13.7931
sprint,Q05397,0,极近 ≥0.7,1.0,14,7.1429
sprint,Q13188,0,近 0.5–0.7,0.0,27,0.0000
sprint,Q13188,0,远 0.35–0.5,0.0,18,0.0000
sprint,Q13188,0,极近 ≥0.7,0.0,5,0.0000
sprint,Q13627,1,极近 ≥0.7,17.0,53,32.0755
sprint,Q13627,1,近 0.5–0.7,0.0,32,0.0000
sprint,Q13627,1,远 0.35–0.5,0.0,22,0.0000
sprint,Q13627,1,全新 <0.35,0.0,4,0.0000
sprint,Q16678,0,极近 ≥0.7,3.0,19,15.7895
sprint,Q16678,0,近 0.5–0.7,1.0,65,1.5385
sprint,Q16678,0,远 0.35–0.5,0.0,23,0.0000
sprint,Q92769,0,远 0.35–0.5,3.0,50,6.0000
sprint,Q92769,0,近 0.5–0.7,4.0,52,7.6923
sprint,Q92769,0,极近 ≥0.7,4.0,22,18.1818
sprint,Q92769,0,全新 <0.35,0.0,3,0.0000
sprint,Q92918,0,全新 <0.35,0.0,133,0.0000
sprint,Q92918,0,远 0.35–0.5,0.0,25,0.0000
sprint,Q9BY41,0,极近 ≥0.7,4.0,20,20.0000
sprint,Q9BY41,0,远 0.35–0.5,8.0,40,20.0000
sprint,Q9BY41,0,全新 <0.35,0.0,4,0.0000
sprint,Q9BY41,0,近 0.5–0.7,6.0,40,15.0000
sprint,Q9NWZ3,0,远 0.35–0.5,0.0,53,0.0000
sprint,Q9NWZ3,0,全新 <0.35,1.0,28,3.5714
sprint,Q9NWZ3,0,近 0.5–0.7,0.0,6,0.0000
sprint,Q9NWZ3,0,极近 ≥0.7,0.0,4,0.0000
sprint,Q9UBN7,0,近 0.5–0.7,3.0,135,2.2222
sprint,Q9UBN7,0,远 0.35–0.5,3.0,205,1.4634
sprint,Q9UBN7,0,全新 <0.35,1.0,30,3.3333
sprint,Q9UBN7,0,极近 ≥0.7,9.0,56,16.0714
sprint,Q9Y5Z0,0,远 0.35–0.5,0.0,23,0.0000
sprint,Q9Y5Z0,0,全新 <0.35,0.0,204,0.0000
sprint,O14684,0,远 0.35–0.5,0.0,91,0.0000
sprint,O14684,0,全新 <0.35,0.0,26,0.0000
sprint,O14684,0,近 0.5–0.7,0.0,8,0.0000
sprint,O14757,0,远 0.35–0.5,11.0,53,20.7547
sprint,O14757,0,全新 <0.35,7.0,134,5.2239
sprint,O14757,0,近 0.5–0.7,1.0,3,33.3333
sprint,O15379,1,远 0.35–0.5,5.0,161,3.1056
sprint,O15379,1,极近 ≥0.7,1.0,4,25.0000
sprint,O15379,1,近 0.5–0.7,0.0,52,0.0000
sprint,O15379,1,全新 <0.35,2.0,196,1.0204
sprint,O43570,0,远 0.35–0.5,1.0,126,0.7937
sprint,O43570,0,近 0.5–0.7,0.0,101,0.0000
sprint,O43570,0,极近 ≥0.7,0.0,11,0.0000
sprint,O43613,1,远 0.35–0.5,0.0,83,0.0000
sprint,O43613,1,全新 <0.35,0.0,9,0.0000
sprint,O43613,1,近 0.5–0.7,0.0,7,0.0000
sprint,O43614,0,远 0.35–0.5,0.0,92,0.0000
sprint,O43614,0,全新 <0.35,0.0,45,0.0000
sprint,O43614,0,近 0.5–0.7,0.0,7,0.0000
sprint,O60341,0,远 0.35–0.5,2.0,282,0.7092
sprint,O60341,0,全新 <0.35,22.0,489,4.4990
sprint,O60341,0,近 0.5–0.7,0.0,34,0.0000
sprint,O60885,0,远 0.35–0.5,0.0,216,0.0000
sprint,O60885,0,全新 <0.35,0.0,284,0.0000
sprint,O60885,0,近 0.5–0.7,0.0,66,0.0000
sprint,O60885,0,极近 ≥0.7,0.0,10,0.0000
sprint,O75173,0,远 0.35–0.5,0.0,19,0.0000
sprint,O75173,0,全新 <0.35,0.0,64,0.0000
sprint,O75385,0,远 0.35–0.5,0.0,20,0.0000
sprint,O75385,0,全新 <0.35,2.0,387,0.5168
sprint,O95819,0,全新 <0.35,1.0,54,1.8519
sprint,O95819,0,远 0.35–0.5,0.0,10,0.0000
sprint,O96017,0,全新 <0.35,0.0,55,0.0000
sprint,O96017,0,远 0.35–0.5,0.0,9,0.0000
sprint,P00519,0,近 0.5–0.7,0.0,15,0.0000
sprint,P00519,0,远 0.35–0.5,0.0,271,0.0000
sprint,P00519,0,全新 <0.35,0.0,6,0.0000
sprint,P00533,0,全新 <0.35,47.0,1019,4.6124
sprint,P00533,0,远 0.35–0.5,21.0,900,2.3333
sprint,P00533,0,近 0.5–0.7,0.0,115,0.0000
sprint,P00533,0,极近 ≥0.7,0.0,13,0.0000
sprint,P00746,0,远 0.35–0.5,20.0,219,9.1324
sprint,P00746,0,全新 <0.35,7.0,145,4.8276
sprint,P01116,0,远 0.35–0.5,0.0,315,0.0000
sprint,P01116,0,全新 <0.35,17.0,2907,0.5848
sprint,P01116,0,近 0.5–0.7,1.0,39,2.5641
sprint,P03372,0,远 0.35–0.5,1.0,51,1.9608
sprint,P03372,0,全新 <0.35,3.0,159,1.8868
sprint,P03372,0,近 0.5–0.7,0.0,8,0.0000
sprint,P03951,0,全新 <0.35,0.0,40,0.0000
sprint,P03951,0,远 0.35–0.5,0.0,60,0.0000
sprint,P04049,0,全新 <0.35,0.0,169,0.0000
sprint,P04049,0,远 0.35–0.5,0.0,480,0.0000
sprint,P04049,0,近 0.5–0.7,0.0,6,0.0000
sprint,P04293,0,远 0.35–0.5,0.0,186,0.0000
sprint,P04293,0,全新 <0.35,0.0,169,0.0000
sprint,P04626,0,远 0.35–0.5,0.0,544,0.0000
sprint,P04626,0,近 0.5–0.7,0.0,47,0.0000
sprint,P04626,0,全新 <0.35,0.0,411,0.0000
sprint,P06239,0,全新 <0.35,0.0,504,0.0000
sprint,P06239,0,远 0.35–0.5,2.0,115,1.7391
sprint,P06239,0,极近 ≥0.7,0.0,8,0.0000
sprint,P06239,0,近 0.5–0.7,0.0,88,0.0000
sprint,P06241,0,远 0.35–0.5,0.0,45,0.0000
sprint,P06241,0,全新 <0.35,0.0,7,0.0000
sprint,P06276,0,远 0.35–0.5,4.0,62,6.4516
sprint,P06276,0,近 0.5–0.7,1.0,64,1.5625
sprint,P06276,0,极近 ≥0.7,0.0,11,0.0000
sprint,P07333,0,近 0.5–0.7,2.0,43,4.6512
sprint,P07333,0,远 0.35–0.5,2.0,469,0.4264
sprint,P07333,0,全新 <0.35,0.0,256,0.0000
sprint,P07333,0,极近 ≥0.7,0.0,5,0.0000
sprint,P07711,0,远 0.35–0.5,1.0,66,1.5152
sprint,P07711,0,近 0.5–0.7,2.0,7,28.5714
sprint,P07711,0,全新 <0.35,0.0,40,0.0000
sprint,P07949,0,全新 <0.35,1.0,160,0.6250
sprint,P07949,0,远 0.35–0.5,0.0,94,0.0000
sprint,P07949,0,近 0.5–0.7,0.0,8,0.0000
sprint,P08069,0,远 0.35–0.5,10.0,282,3.5461
sprint,P08069,0,近 0.5–0.7,2.0,20,10.0000
sprint,P08069,0,全新 <0.35,0.0,56,0.0000
sprint,P08173,1,全新 <0.35,0.0,16,0.0000
sprint,P08173,1,远 0.35–0.5,0.0,50,0.0000
sprint,P08173,1,近 0.5–0.7,0.0,10,0.0000
sprint,P08922,0,全新 <0.35,0.0,29,0.0000
sprint,P08922,0,远 0.35–0.5,0.0,16,0.0000
sprint,P08922,0,近 0.5–0.7,0.0,6,0.0000
sprint,P0DMS8,0,远 0.35–0.5,2.0,34,5.8824
sprint,P0DMS8,0,全新 <0.35,0.0,13,0.0000
sprint,P10275,0,极近 ≥0.7,0.0,6,0.0000
sprint,P10275,0,全新 <0.35,0.0,26,0.0000
sprint,P10275,0,远 0.35–0.5,1.0,84,1.1905
sprint,P10275,0,近 0.5–0.7,0.0,29,0.0000
sprint,P10415,0,远 0.35–0.5,0.0,423,0.0000
sprint,P10415,0,全新 <0.35,0.0,291,0.0000
sprint,P10415,0,近 0.5–0.7,0.0,291,0.0000
sprint,P11309,0,全新 <0.35,0.0,8,0.0000
sprint,P11309,0,远 0.35–0.5,3.0,48,6.2500
sprint,P11309,0,近 0.5–0.7,1.0,8,12.5000
sprint,P11474,0,远 0.35–0.5,0.0,147,0.0000
sprint,P11474,0,全新 <0.35,0.0,46,0.0000
sprint,P11474,0,近 0.5–0.7,0.0,6,0.0000
sprint,P15428,0,近 0.5–0.7,0.0,66,0.0000
sprint,P15428,0,远 0.35–0.5,2.0,251,0.7968
sprint,P15428,0,全新 <0.35,0.0,44,0.0000
sprint,P18825,0,远 0.35–0.5,4.0,105,3.8095
sprint,P18825,0,全新 <0.35,1.0,13,7.6923
sprint,P18825,0,近 0.5–0.7,0.0,7,0.0000
sprint,P20618,0,远 0.35–0.5,0.0,36,0.0000
sprint,P20618,0,全新 <0.35,0.0,30,0.0000
sprint,P20618,0,近 0.5–0.7,0.0,7,0.0000
sprint,P21554,0,近 0.5–0.7,8.0,35,22.8571
sprint,P21554,0,远 0.35–0.5,0.0,12,0.0000
sprint,P21554,0,全新 <0.35,2.0,6,33.3333
sprint,P21802,0,远 0.35–0.5,3.0,123,2.4390
sprint,P21802,0,全新 <0.35,2.0,346,0.5780
sprint,P21802,0,近 0.5–0.7,8.0,15,53.3333
sprint,P22455,0,远 0.35–0.5,1.0,68,1.4706
sprint,P22455,0,全新 <0.35,0.0,34,0.0000
sprint,P22455,0,近 0.5–0.7,0.0,13,0.0000
sprint,P22607,0,远 0.35–0.5,0.0,98,0.0000
sprint,P22607,0,全新 <0.35,0.0,282,0.0000
sprint,P22607,0,近 0.5–0.7,0.0,4,0.0000
sprint,P23458,0,全新 <0.35,0.0,436,0.0000
sprint,P23458,0,远 0.35–0.5,2.0,170,1.1765
sprint,P23458,0,近 0.5–0.7,0.0,15,0.0000
sprint,P24941,0,远 0.35–0.5,1.0,414,0.2415
sprint,P24941,0,全新 <0.35,8.0,1152,0.6944
sprint,P24941,0,近 0.5–0.7,1.0,56,1.7857
sprint,P24941,0,极近 ≥0.7,0.0,7,0.0000
sprint,P27338,0,极近 ≥0.7,0.0,22,0.0000
sprint,P27338,0,近 0.5–0.7,0.0,61,0.0000
sprint,P27338,0,远 0.35–0.5,0.0,41,0.0000
sprint,P27487,0,全新 <0.35,1.0,41,2.4390
sprint,P27487,0,远 0.35–0.5,0.0,57,0.0000
sprint,P27487,0,近 0.5–0.7,0.0,18,0.0000
sprint,P28074,0,全新 <0.35,0.0,139,0.0000
sprint,P28074,0,远 0.35–0.5,0.0,174,0.0000
sprint,P28074,0,近 0.5–0.7,0.0,12,0.0000
sprint,P28482,0,远 0.35–0.5,0.0,168,0.0000
sprint,P28482,0,全新 <0.35,0.0,495,0.0000
sprint,P29274,0,远 0.35–0.5,6.0,321,1.8692
sprint,P29274,0,全新 <0.35,0.0,419,0.0000
sprint,P29274,0,近 0.5–0.7,0.0,33,0.0000
sprint,P29274,0,极近 ≥0.7,0.0,4,0.0000
sprint,P29275,0,远 0.35–0.5,5.0,168,2.9762
sprint,P29275,0,全新 <0.35,6.0,186,3.2258
sprint,P29275,0,近 0.5–0.7,0.0,4,0.0000
sprint,P29597,0,全新 <0.35,1.0,1180,0.0847
sprint,P29597,0,远 0.35–0.5,0.0,188,0.0000
sprint,P29597,0,近 0.5–0.7,0.0,4,0.0000
sprint,P30530,0,远 0.35–0.5,32.0,774,4.1344
sprint,P30530,0,近 0.5–0.7,10.0,65,15.3846
sprint,P30530,0,全新 <0.35,1.0,88,1.1364
sprint,P30542,0,远 0.35–0.5,5.0,85,5.8824
sprint,P30542,0,全新 <0.35,0.0,24,0.0000
sprint,P30542,0,近 0.5–0.7,0.0,5,0.0000
sprint,P31391,0,远 0.35–0.5,0.0,68,0.0000
sprint,P31391,0,全新 <0.35,0.0,15,0.0000
sprint,P31391,0,近 0.5–0.7,0.0,17,0.0000
sprint,P31645,0,远 0.35–0.5,0.0,92,0.0000
sprint,P31645,0,全新 <0.35,0.0,10,0.0000
sprint,P31645,0,近 0.5–0.7,0.0,5,0.0000
sprint,P31749,1,近 0.5–0.7,1.0,154,0.6494
sprint,P31749,1,极近 ≥0.7,0.0,4,0.0000
sprint,P31749,1,远 0.35–0.5,2.0,55,3.6364
sprint,P31751,1,远 0.35–0.5,3.0,34,8.8235
sprint,P31751,1,近 0.5–0.7,10.0,83,12.0482
sprint,P32245,1,全新 <0.35,0.0,158,0.0000
sprint,P32245,1,远 0.35–0.5,0.0,49,0.0000
sprint,P34913,0,近 0.5–0.7,5.0,16,31.2500
sprint,P34913,0,远 0.35–0.5,6.0,44,13.6364
sprint,P34914,0,远 0.35–0.5,2.0,129,1.5504
sprint,P34914,0,近 0.5–0.7,0.0,67,0.0000
sprint,P34972,0,全新 <0.35,0.0,47,0.0000
sprint,P34972,0,远 0.35–0.5,0.0,8,0.0000
sprint,P34972,0,近 0.5–0.7,0.0,8,0.0000
sprint,P35968,0,远 0.35–0.5,29.0,637,4.5526
sprint,P35968,0,全新 <0.35,0.0,43,0.0000
sprint,P35968,0,近 0.5–0.7,0.0,229,0.0000
sprint,P35968,0,极近 ≥0.7,0.0,18,0.0000
sprint,P36888,0,近 0.5–0.7,3.0,46,6.5217
sprint,P36888,0,远 0.35–0.5,5.0,269,1.8587
sprint,P36888,0,全新 <0.35,1.0,180,0.5556
sprint,P36888,0,极近 ≥0.7,1.0,11,9.0909
sprint,P39900,0,远 0.35–0.5,4.0,32,12.5000
sprint,P39900,0,全新 <0.35,4.0,51,7.8431
sprint,P41143,0,远 0.35–0.5,0.0,66,0.0000
sprint,P41143,0,近 0.5–0.7,0.0,19,0.0000
sprint,P41143,0,全新 <0.35,0.0,6,0.0000
sprint,P41146,0,全新 <0.35,0.0,54,0.0000
sprint,P41240,0,极近 ≥0.7,0.0,9,0.0000
sprint,P41240,0,近 0.5–0.7,0.0,91,0.0000
sprint,P41240,0,远 0.35–0.5,0.0,72,0.0000
sprint,P42345,0,全新 <0.35,0.0,6,0.0000
sprint,P42345,0,远 0.35–0.5,0.0,47,0.0000
sprint,P42345,0,近 0.5–0.7,0.0,23,0.0000
sprint,P42345,0,极近 ≥0.7,0.0,4,0.0000
sprint,P43405,0,全新 <0.35,0.0,23,0.0000
sprint,P43405,0,远 0.35–0.5,3.0,78,3.8462
sprint,P43490,0,近 0.5–0.7,0.0,70,0.0000
sprint,P43490,0,远 0.35–0.5,15.0,335,4.4776
sprint,P43490,0,全新 <0.35,5.0,72,6.9444
sprint,P43490,0,极近 ≥0.7,0.0,5,0.0000
sprint,P47205,0,远 0.35–0.5,0.0,81,0.0000
sprint,P47205,0,全新 <0.35,0.0,66,0.0000
sprint,P48729,0,远 0.35–0.5,2.0,80,2.5000
sprint,P48729,0,全新 <0.35,1.0,53,1.8868
sprint,P48730,0,近 0.5–0.7,0.0,9,0.0000
sprint,P48730,0,远 0.35–0.5,0.0,74,0.0000
sprint,P48730,0,全新 <0.35,3.0,61,4.9180
sprint,P49759,0,全新 <0.35,0.0,123,0.0000
sprint,P49759,0,远 0.35–0.5,0.0,5,0.0000
sprint,P49759,0,近 0.5–0.7,0.0,6,0.0000
sprint,P49760,0,远 0.35–0.5,10.0,94,10.6383
sprint,P49760,0,近 0.5–0.7,1.0,15,6.6667
sprint,P49760,0,全新 <0.35,6.0,147,4.0816
sprint,P49841,1,远 0.35–0.5,0.0,366,0.0000
sprint,P49841,1,全新 <0.35,0.0,1016,0.0000
sprint,P49841,1,近 0.5–0.7,0.0,22,0.0000
sprint,P49841,1,极近 ≥0.7,0.0,3,0.0000
sprint,P50053,0,远 0.35–0.5,0.0,321,0.0000
sprint,P50053,0,全新 <0.35,0.0,621,0.0000
sprint,P50406,0,极近 ≥0.7,0.0,3,0.0000
sprint,P50406,0,远 0.35–0.5,1.0,37,2.7027
sprint,P50406,0,近 0.5–0.7,0.0,15,0.0000
sprint,P50750,0,全新 <0.35,1.0,36,2.7778
sprint,P50750,0,远 0.35–0.5,0.0,120,0.0000
sprint,P50750,0,近 0.5–0.7,0.0,33,0.0000
sprint,P50750,0,极近 ≥0.7,0.0,3,0.0000
sprint,P51531,1,远 0.35–0.5,0.0,52,0.0000
sprint,P51531,1,全新 <0.35,0.0,36,0.0000
sprint,P51531,1,近 0.5–0.7,0.0,3,0.0000
sprint,P51532,1,远 0.35–0.5,0.0,48,0.0000
sprint,P51532,1,全新 <0.35,0.0,31,0.0000
sprint,P51532,1,近 0.5–0.7,0.0,3,0.0000
sprint,P53350,1,近 0.5–0.7,2.0,77,2.5974
sprint,P53350,1,远 0.35–0.5,0.0,21,0.0000
sprint,P53350,1,极近 ≥0.7,0.0,9,0.0000
sprint,P53396,0,全新 <0.35,0.0,46,0.0000
sprint,P53396,0,远 0.35–0.5,0.0,12,0.0000
sprint,P53634,0,远 0.35–0.5,1.0,137,0.7299
sprint,P53634,0,全新 <0.35,2.0,222,0.9009
sprint,P53634,0,近 0.5–0.7,1.0,40,2.5000
sprint,P53634,0,极近 ≥0.7,1.0,16,6.2500
sprint,P53667,0,远 0.35–0.5,1.0,54,1.8519
sprint,P53667,0,近 0.5–0.7,0.0,6,0.0000
sprint,P53779,0,远 0.35–0.5,1.0,59,1.6949
sprint,P53779,0,全新 <0.35,0.0,3,0.0000
sprint,P56817,0,全新 <0.35,4.0,321,1.2461
sprint,P56817,0,远 0.35–0.5,0.0,16,0.0000
sprint,P56817,0,近 0.5–0.7,0.0,14,0.0000
sprint,P61073,0,近 0.5–0.7,0.0,26,0.0000
sprint,P61073,0,远 0.35–0.5,1.0,20,5.0000
sprint,P61073,0,全新 <0.35,0.0,4,0.0000
sprint,P61964,0,远 0.35–0.5,0.0,48,0.0000
sprint,P78527,0,全新 <0.35,42.0,380,11.0526
sprint,P78527,0,远 0.35–0.5,29.0,242,11.9835
sprint,P78527,0,近 0.5–0.7,0.0,10,0.0000
sprint,P80192,0,全新 <0.35,0.0,23,0.0000
sprint,P80192,0,远 0.35–0.5,0.0,35,0.0000
sprint,Q00534,0,近 0.5–0.7,4.0,48,8.3333
sprint,Q00534,0,极近 ≥0.7,0.0,8,0.0000
sprint,Q00534,0,远 0.35–0.5,6.0,298,2.0134
sprint,Q00534,0,全新 <0.35,3.0,737,0.4071
sprint,Q03111,0,远 0.35–0.5,1.0,94,1.0638
sprint,Q03111,0,全新 <0.35,0.0,5,0.0000
sprint,Q04609,0,远 0.35–0.5,1.0,56,1.7857
sprint,Q04609,0,全新 <0.35,0.0,31,0.0000
sprint,Q04609,0,近 0.5–0.7,3.0,14,21.4286
sprint,Q06124,0,全新 <0.35,0.0,405,0.0000
sprint,Q06124,0,远 0.35–0.5,3.0,73,4.1096
sprint,Q06124,0,近 0.5–0.7,0.0,7,0.0000
sprint,Q06187,0,近 0.5–0.7,0.0,13,0.0000
sprint,Q06187,0,远 0.35–0.5,0.0,304,0.0000
sprint,Q06187,0,全新 <0.35,0.0,656,0.0000
sprint,Q06187,0,极近 ≥0.7,1.0,4,25.0000
sprint,Q07817,0,远 0.35–0.5,0.0,114,0.0000
sprint,Q07817,0,全新 <0.35,0.0,226,0.0000
sprint,Q07817,0,近 0.5–0.7,0.0,37,0.0000
sprint,Q09472,0,全新 <0.35,0.0,47,0.0000
sprint,Q09472,0,远 0.35–0.5,2.0,59,3.3898
sprint,Q09472,0,近 0.5–0.7,1.0,6,16.6667
sprint,Q12884,0,远 0.35–0.5,0.0,27,0.0000
sprint,Q12884,0,全新 <0.35,1.0,93,1.0753
sprint,Q13315,1,近 0.5–0.7,0.0,12,0.0000
sprint,Q13315,1,远 0.35–0.5,0.0,114,0.0000
sprint,Q13315,1,全新 <0.35,0.0,90,0.0000
sprint,Q13464,0,远 0.35–0.5,2.0,108,1.8519
sprint,Q13464,0,近 0.5–0.7,0.0,22,0.0000
sprint,Q13464,0,全新 <0.35,1.0,51,1.9608
sprint,Q13546,0,远 0.35–0.5,8.0,342,2.3392
sprint,Q13546,0,全新 <0.35,1.0,185,0.5405
sprint,Q13546,0,近 0.5–0.7,0.0,61,0.0000
sprint,Q14145,0,远 0.35–0.5,0.0,78,0.0000
sprint,Q14145,0,近 0.5–0.7,0.0,8,0.0000
sprint,Q14145,0,全新 <0.35,0.0,37,0.0000
sprint,Q14833,0,远 0.35–0.5,0.0,139,0.0000
sprint,Q14833,0,全新 <0.35,0.0,31,0.0000
sprint,Q15119,0,全新 <0.35,0.0,98,0.0000
sprint,Q15119,0,远 0.35–0.5,0.0,13,0.0000
sprint,Q15858,0,远 0.35–0.5,1.0,282,0.3546
sprint,Q15858,0,全新 <0.35,3.0,341,0.8798
sprint,Q15858,0,近 0.5–0.7,0.0,37,0.0000
sprint,Q15910,0,全新 <0.35,0.0,587,0.0000
sprint,Q15910,0,远 0.35–0.5,0.0,145,0.0000
sprint,Q15910,0,近 0.5–0.7,1.0,3,33.3333
sprint,Q16288,0,全新 <0.35,0.0,109,0.0000
sprint,Q16288,0,远 0.35–0.5,0.0,52,0.0000
sprint,Q16288,0,近 0.5–0.7,0.0,4,0.0000
sprint,Q16620,0,全新 <0.35,0.0,82,0.0000
sprint,Q16620,0,远 0.35–0.5,0.0,89,0.0000
sprint,Q16620,0,近 0.5–0.7,0.0,15,0.0000
sprint,Q16769,0,全新 <0.35,1.0,30,3.3333
sprint,Q16769,0,远 0.35–0.5,2.0,33,6.0606
sprint,Q16769,0,近 0.5–0.7,0.0,3,0.0000
sprint,Q5S007,0,全新 <0.35,0.0,616,0.0000
sprint,Q5S007,0,远 0.35–0.5,1.0,137,0.7299
sprint,Q5S007,0,近 0.5–0.7,0.0,6,0.0000
sprint,Q6V1X1,0,近 0.5–0.7,0.0,6,0.0000
sprint,Q6V1X1,0,远 0.35–0.5,4.0,47,8.5106
sprint,Q6V1X1,0,全新 <0.35,0.0,16,0.0000
sprint,Q72547,0,远 0.35–0.5,3.0,38,7.8947
sprint,Q72547,0,全新 <0.35,3.0,24,12.5000
sprint,Q86TI2,0,近 0.5–0.7,0.0,5,0.0000
sprint,Q86TI2,0,远 0.35–0.5,0.0,41,0.0000
sprint,Q86TI2,0,全新 <0.35,0.0,10,0.0000
sprint,Q86W56,0,全新 <0.35,3.0,328,0.9146
sprint,Q86W56,0,远 0.35–0.5,0.0,10,0.0000
sprint,Q86W56,0,近 0.5–0.7,0.0,3,0.0000
sprint,Q86WV6,0,远 0.35–0.5,0.0,75,0.0000
sprint,Q86WV6,0,全新 <0.35,0.0,91,0.0000
sprint,Q86WV6,0,近 0.5–0.7,0.0,3,0.0000
sprint,Q8IVH8,0,全新 <0.35,4.0,235,1.7021
sprint,Q8IVH8,0,远 0.35–0.5,0.0,93,0.0000
sprint,Q8IVH8,0,近 0.5–0.7,0.0,4,0.0000
sprint,Q8NEB9,0,全新 <0.35,0.0,42,0.0000
sprint,Q8NEB9,0,远 0.35–0.5,0.0,15,0.0000
sprint,Q8R4B8,0,近 0.5–0.7,1.0,4,25.0000
sprint,Q8R4B8,0,远 0.35–0.5,13.0,45,28.8889
sprint,Q8R4B8,0,全新 <0.35,0.0,8,0.0000
sprint,Q92633,0,远 0.35–0.5,0.0,113,0.0000
sprint,Q92633,0,全新 <0.35,1.0,447,0.2237
sprint,Q92769,0,极近 ≥0.7,1.0,4,25.0000
sprint,Q92769,0,近 0.5–0.7,0.0,36,0.0000
sprint,Q92769,0,远 0.35–0.5,5.0,119,4.2017
sprint,Q92769,0,全新 <0.35,2.0,179,1.1173
sprint,Q92793,0,远 0.35–0.5,2.0,165,1.2121
sprint,Q92793,0,全新 <0.35,0.0,271,0.0000
sprint,Q92993,0,远 0.35–0.5,0.0,51,0.0000
sprint,Q92993,0,近 0.5–0.7,0.0,3,0.0000
sprint,Q92993,0,全新 <0.35,0.0,39,0.0000
sprint,Q93009,0,远 0.35–0.5,0.0,85,0.0000
sprint,Q93009,0,全新 <0.35,0.0,192,0.0000
sprint,Q93009,0,近 0.5–0.7,0.0,13,0.0000
sprint,Q93009,0,极近 ≥0.7,0.0,3,0.0000
sprint,Q96RI1,0,远 0.35–0.5,0.0,56,0.0000
sprint,Q96RI1,0,近 0.5–0.7,0.0,5,0.0000
sprint,Q99683,0,远 0.35–0.5,0.0,69,0.0000
sprint,Q99683,0,近 0.5–0.7,0.0,3,0.0000
sprint,Q99683,0,全新 <0.35,0.0,4,0.0000
sprint,Q99814,1,全新 <0.35,0.0,112,0.0000
sprint,Q9BY41,0,全新 <0.35,12.0,288,4.1667
sprint,Q9BY41,0,远 0.35–0.5,3.0,88,3.4091
sprint,Q9BY41,0,近 0.5–0.7,1.0,17,5.8824
sprint,Q9H3N8,0,远 0.35–0.5,9.0,52,17.3077
sprint,Q9H8M2,0,远 0.35–0.5,0.0,20,0.0000
sprint,Q9H8M2,0,全新 <0.35,7.0,371,1.8868
sprint,Q9HAZ1,0,全新 <0.35,0.0,123,0.0000
sprint,Q9HAZ1,0,近 0.5–0.7,0.0,7,0.0000
sprint,Q9HAZ1,0,远 0.35–0.5,1.0,5,20.0000
sprint,Q9HBH9,0,远 0.35–0.5,0.0,82,0.0000
sprint,Q9HBH9,0,全新 <0.35,0.0,4,0.0000
sprint,Q9HBH9,0,近 0.5–0.7,1.0,17,5.8824
sprint,Q9NSY1,0,全新 <0.35,0.0,51,0.0000
sprint,Q9NSY1,0,远 0.35–0.5,0.0,17,0.0000
sprint,Q9NWZ3,0,全新 <0.35,2.0,894,0.2237
sprint,Q9NWZ3,0,远 0.35–0.5,0.0,540,0.0000
sprint,Q9NWZ3,0,近 0.5–0.7,0.0,21,0.0000
sprint,Q9NWZ3,0,极近 ≥0.7,0.0,3,0.0000
sprint,Q9P2K8,0,全新 <0.35,3.0,55,5.4545
sprint,Q9P2K8,0,远 0.35–0.5,2.0,31,6.4516
sprint,Q9UBN7,0,极近 ≥0.7,0.0,6,0.0000
sprint,Q9UBN7,0,近 0.5–0.7,4.0,155,2.5806
sprint,Q9UBN7,0,远 0.35–0.5,2.0,637,0.3140
sprint,Q9UBN7,0,全新 <0.35,0.0,603,0.0000
sprint,Q9UGN5,0,远 0.35–0.5,0.0,56,0.0000
sprint,Q9UGN5,0,全新 <0.35,1.0,104,0.9615
sprint,Q9UGN5,0,近 0.5–0.7,0.0,4,0.0000
sprint,Q9UNA0,0,远 0.35–0.5,0.0,18,0.0000
sprint,Q9UNA0,0,全新 <0.35,0.0,62,0.0000
sprint,Q9Y251,0,远 0.35–0.5,0.0,17,0.0000
sprint,Q9Y251,0,全新 <0.35,0.0,36,0.0000
sprint,Q9Y5Y9,0,全新 <0.35,0.0,187,0.0000
sprint,Q9Y5Y9,0,远 0.35–0.5,0.0,406,0.0000
sprint,Q9Y5Y9,0,近 0.5–0.7,0.0,39,0.0000
sprint,Q9Y5Z0,0,全新 <0.35,34.0,308,11.0390
sprint,Q9Y5Z0,0,远 0.35–0.5,0.0,9,0.0000
sprint,C7FF05,0,远 0.35–0.5,1.0,45,2.2222
sprint,C7FF05,0,近 0.5–0.7,0.0,27,0.0000
sprint,C7FF05,0,极近 ≥0.7,0.0,19,0.0000
sprint,O94921,0,远 0.35–0.5,2.0,47,4.2553
sprint,O94921,0,近 0.5–0.7,6.0,51,11.7647
sprint,P01111,0,全新 <0.35,15.0,469,3.1983
sprint,P05622,0,远 0.35–0.5,3.0,180,1.6667
sprint,P05622,0,近 0.5–0.7,0.0,54,0.0000
sprint,P05622,0,极近 ≥0.7,0.0,19,0.0000
sprint,P05622,0,全新 <0.35,7.0,125,5.6000
sprint,P0DTC1,0,远 0.35–0.5,10.0,300,3.3333
sprint,P0DTC1,0,全新 <0.35,54.0,550,9.8182
sprint,P0DTC1,0,近 0.5–0.7,0.0,4,0.0000
sprint,P30405,0,全新 <0.35,0.0,77,0.0000
sprint,P37288,1,远 0.35–0.5,0.0,19,0.0000
sprint,P37288,1,全新 <0.35,0.0,83,0.0000
sprint,P37288,1,极近 ≥0.7,0.0,4,0.0000
sprint,P37288,1,近 0.5–0.7,0.0,4,0.0000
sprint,P43220,0,近 0.5–0.7,0.0,5,0.0000
sprint,P43220,0,极近 ≥0.7,0.0,4,0.0000
sprint,P43220,0,远 0.35–0.5,1.0,29,3.4483
sprint,P43220,0,全新 <0.35,4.0,91,4.3956
sprint,P56528,0,远 0.35–0.5,0.0,101,0.0000
sprint,P97821,0,远 0.35–0.5,0.0,45,0.0000
sprint,P97821,0,全新 <0.35,0.0,38,0.0000
sprint,Q15562,0,远 0.35–0.5,0.0,75,0.0000
sprint,Q15562,0,全新 <0.35,0.0,103,0.0000
sprint,Q15878,0,全新 <0.35,0.0,29,0.0000
sprint,Q15878,0,远 0.35–0.5,0.0,119,0.0000
sprint,Q15878,0,近 0.5–0.7,0.0,3,0.0000
sprint,Q92830,1,全新 <0.35,0.0,159,0.0000
sprint,Q96LB1,0,全新 <0.35,0.0,42,0.0000
sprint,Q96LB1,0,远 0.35–0.5,0.0,21,0.0000
sprint,Q96LB1,0,近 0.5–0.7,0.0,6,0.0000
sprint,Q99594,0,远 0.35–0.5,0.0,45,0.0000
sprint,Q99594,0,全新 <0.35,0.0,57,0.0000
sprint,Q9NP56,0,近 0.5–0.7,0.0,28,0.0000
sprint,Q9NP56,0,远 0.35–0.5,0.0,36,0.0000
sprint,Q9NP56,0,全新 <0.35,0.0,6,0.0000
sprint,O00411,0,远 0.35–0.5,7.0,162,4.3210
sprint,O00411,0,全新 <0.35,0.0,11,0.0000
sprint,O00411,0,极近 ≥0.7,0.0,8,0.0000
sprint,O00411,0,近 0.5–0.7,0.0,46,0.0000
sprint,O00443,0,全新 <0.35,1.0,66,1.5152
sprint,O00443,0,远 0.35–0.5,1.0,14,7.1429
sprint,O00443,0,近 0.5–0.7,0.0,19,0.0000
sprint,O14578,0,远 0.35–0.5,0.0,114,0.0000
sprint,O14578,0,近 0.5–0.7,0.0,6,0.0000
sprint,O14578,0,全新 <0.35,0.0,30,0.0000
sprint,O42275,0,远 0.35–0.5,0.0,45,0.0000
sprint,O42275,0,极近 ≥0.7,0.0,6,0.0000
sprint,O42275,0,近 0.5–0.7,1.0,67,1.4925
sprint,O60427,0,近 0.5–0.7,0.0,3,0.0000
sprint,O60427,0,远 0.35–0.5,0.0,84,0.0000
sprint,O60427,0,全新 <0.35,0.0,149,0.0000
sprint,O75747,0,远 0.35–0.5,0.0,59,0.0000
sprint,O75747,0,近 0.5–0.7,0.0,141,0.0000
sprint,O75747,0,极近 ≥0.7,0.0,29,0.0000
sprint,O75909,0,远 0.35–0.5,2.0,83,2.4096
sprint,O75909,0,近 0.5–0.7,4.0,34,11.7647
sprint,O75909,0,极近 ≥0.7,2.0,13,15.3846
sprint,O75909,0,全新 <0.35,0.0,39,0.0000
sprint,O88634,0,远 0.35–0.5,0.0,17,0.0000
sprint,O88634,0,全新 <0.35,0.0,45,0.0000
sprint,O88634,0,近 0.5–0.7,0.0,4,0.0000
sprint,O95835,0,近 0.5–0.7,0.0,8,0.0000
sprint,O95835,0,远 0.35–0.5,0.0,60,0.0000
sprint,O95835,0,全新 <0.35,0.0,4,0.0000
sprint,P08546,0,全新 <0.35,0.0,13,0.0000
sprint,P08546,0,远 0.35–0.5,0.0,64,0.0000
sprint,P08546,0,近 0.5–0.7,0.0,5,0.0000
sprint,P09871,0,远 0.35–0.5,0.0,41,0.0000
sprint,P09871,0,全新 <0.35,6.0,380,1.5789
sprint,P0AES4,0,近 0.5–0.7,0.0,10,0.0000
sprint,P0AES4,0,远 0.35–0.5,0.0,102,0.0000
sprint,P0AES4,0,全新 <0.35,0.0,20,0.0000
sprint,P11166,0,近 0.5–0.7,0.0,17,0.0000
sprint,P11166,0,远 0.35–0.5,0.0,9,0.0000
sprint,P11166,0,极近 ≥0.7,0.0,43,0.0000
sprint,P14060,0,远 0.35–0.5,1.0,23,4.3478
sprint,P14060,0,全新 <0.35,3.0,51,5.8824
sprint,P14416,1,极近 ≥0.7,0.0,44,0.0000
sprint,P14416,1,远 0.35–0.5,2.0,194,1.0309
sprint,P14416,1,全新 <0.35,0.0,23,0.0000
sprint,P14416,1,近 0.5–0.7,1.0,59,1.6949
sprint,P16788,0,全新 <0.35,0.0,183,0.0000
sprint,P16788,0,远 0.35–0.5,0.0,271,0.0000
sprint,P17927,0,全新 <0.35,0.0,59,0.0000
sprint,P17927,0,远 0.35–0.5,0.0,10,0.0000
sprint,P17948,0,近 0.5–0.7,0.0,42,0.0000
sprint,P17948,0,极近 ≥0.7,1.0,18,5.5556
sprint,P17948,0,远 0.35–0.5,0.0,31,0.0000
sprint,P17948,0,全新 <0.35,0.0,3,0.0000
sprint,P19525,0,远 0.35–0.5,4.0,74,5.4054
sprint,P19525,0,全新 <0.35,0.0,101,0.0000
sprint,P19525,0,近 0.5–0.7,0.0,6,0.0000
sprint,P20648,0,远 0.35–0.5,0.0,85,0.0000
sprint,P20648,0,全新 <0.35,0.0,27,0.0000
sprint,P21917,0,极近 ≥0.7,1.0,24,4.1667
sprint,P21917,0,近 0.5–0.7,1.0,32,3.1250
sprint,P21917,0,远 0.35–0.5,0.0,9,0.0000
sprint,P22001,0,远 0.35–0.5,0.0,118,0.0000
sprint,P22001,0,全新 <0.35,0.0,226,0.0000
sprint,P22001,0,近 0.5–0.7,0.0,5,0.0000
sprint,P25929,0,全新 <0.35,0.0,73,0.0000
sprint,P25929,0,远 0.35–0.5,0.0,29,0.0000
sprint,P30990,0,近 0.5–0.7,0.0,11,0.0000
sprint,P30990,0,远 0.35–0.5,0.0,59,0.0000
sprint,P30990,0,全新 <0.35,0.0,5,0.0000
sprint,P34969,0,极近 ≥0.7,0.0,29,0.0000
sprint,P34969,0,远 0.35–0.5,0.0,55,0.0000
sprint,P34969,0,近 0.5–0.7,0.0,16,0.0000
sprint,P35462,1,极近 ≥0.7,4.0,25,16.0000
sprint,P35462,1,远 0.35–0.5,6.0,43,13.9535
sprint,P35462,1,近 0.5–0.7,2.0,18,11.1111
sprint,P35462,1,全新 <0.35,0.0,23,0.0000
sprint,P37840,1,远 0.35–0.5,0.0,24,0.0000
sprint,P37840,1,全新 <0.35,0.0,87,0.0000
sprint,P37840,1,近 0.5–0.7,0.0,4,0.0000
sprint,P50052,0,远 0.35–0.5,1.0,128,0.7812
sprint,P50052,0,近 0.5–0.7,5.0,20,25.0000
sprint,P50052,0,全新 <0.35,1.0,63,1.5873
sprint,P50052,0,极近 ≥0.7,0.0,3,0.0000
sprint,P52429,0,远 0.35–0.5,0.0,48,0.0000
sprint,P52429,0,全新 <0.35,0.0,33,0.0000
sprint,P54278,0,远 0.35–0.5,3.0,47,6.3830
sprint,P54278,0,近 0.5–0.7,0.0,10,0.0000
sprint,P54278,0,全新 <0.35,9.0,28,32.1429
sprint,P57059,0,远 0.35–0.5,1.0,23,4.3478
sprint,P57059,0,全新 <0.35,2.0,25,8.0000
sprint,P57059,0,极近 ≥0.7,0.0,27,0.0000
sprint,P57059,0,近 0.5–0.7,0.0,9,0.0000
sprint,Q03164,0,全新 <0.35,0.0,245,0.0000
sprint,Q03164,0,远 0.35–0.5,0.0,21,0.0000
sprint,Q08828,0,远 0.35–0.5,0.0,65,0.0000
sprint,Q10469,0,全新 <0.35,0.0,170,0.0000
sprint,Q13191,0,全新 <0.35,1.0,1111,0.0900
sprint,Q13191,0,远 0.35–0.5,0.0,120,0.0000
sprint,Q13233,0,远 0.35–0.5,0.0,31,0.0000
sprint,Q13233,0,近 0.5–0.7,0.0,16,0.0000
sprint,Q13233,0,全新 <0.35,0.0,8,0.0000
sprint,Q13233,0,极近 ≥0.7,0.0,3,0.0000
sprint,Q13574,0,远 0.35–0.5,0.0,94,0.0000
sprint,Q13574,0,全新 <0.35,0.0,481,0.0000
sprint,Q13724,0,近 0.5–0.7,0.0,36,0.0000
sprint,Q13724,0,远 0.35–0.5,4.0,447,0.8949
sprint,Q13724,0,全新 <0.35,2.0,46,4.3478
sprint,Q15078,0,远 0.35–0.5,0.0,11,0.0000
sprint,Q15078,0,全新 <0.35,1.0,28,3.5714
sprint,Q15078,0,极近 ≥0.7,0.0,11,0.0000
sprint,Q16236,1,近 0.5–0.7,0.0,25,0.0000
sprint,Q16236,1,远 0.35–0.5,0.0,55,0.0000
sprint,Q16236,1,极近 ≥0.7,0.0,5,0.0000
sprint,Q16739,0,全新 <0.35,0.0,41,0.0000
sprint,Q16739,0,远 0.35–0.5,0.0,245,0.0000
sprint,Q16739,0,近 0.5–0.7,0.0,23,0.0000
sprint,Q16832,0,远 0.35–0.5,3.0,209,1.4354
sprint,Q16832,0,全新 <0.35,5.0,101,4.9505
sprint,Q16832,0,近 0.5–0.7,0.0,10,0.0000
sprint,Q16832,0,极近 ≥0.7,0.0,6,0.0000
sprint,Q5JRX3,0,全新 <0.35,6.0,26,23.0769
sprint,Q5JRX3,0,远 0.35–0.5,0.0,30,0.0000
sprint,Q6SZW1,0,近 0.5–0.7,0.0,14,0.0000
sprint,Q6SZW1,0,远 0.35–0.5,0.0,186,0.0000
sprint,Q6SZW1,0,全新 <0.35,0.0,42,0.0000
sprint,Q7Z3E1,0,远 0.35–0.5,5.0,263,1.9011
sprint,Q7Z3E1,0,全新 <0.35,7.0,302,2.3179
sprint,Q7Z3E1,0,近 0.5–0.7,0.0,8,0.0000
sprint,Q7Z5P4,0,远 0.35–0.5,4.0,633,0.6319
sprint,Q7Z5P4,0,近 0.5–0.7,0.0,99,0.0000
sprint,Q7Z5P4,0,全新 <0.35,2.0,160,1.2500
sprint,Q86SK9,0,远 0.35–0.5,0.0,50,0.0000
sprint,Q86SK9,0,全新 <0.35,0.0,3,0.0000
sprint,Q86UE8,0,远 0.35–0.5,2.0,30,6.6667
sprint,Q86UE8,0,近 0.5–0.7,0.0,32,0.0000
sprint,Q86UE8,0,极近 ≥0.7,1.0,5,20.0000
sprint,Q8N1C3,0,全新 <0.35,0.0,158,0.0000
sprint,Q8N1C3,0,远 0.35–0.5,2.0,42,4.7619
sprint,Q8WYB5,0,远 0.35–0.5,0.0,167,0.0000
sprint,Q8WYB5,0,近 0.5–0.7,0.0,21,0.0000
sprint,Q8WYB5,0,全新 <0.35,0.0,4,0.0000
sprint,Q92551,0,极近 ≥0.7,0.0,17,0.0000
sprint,Q92551,0,远 0.35–0.5,0.0,101,0.0000
sprint,Q92551,0,近 0.5–0.7,0.0,28,0.0000
sprint,Q92551,0,全新 <0.35,0.0,46,0.0000
sprint,Q92794,0,远 0.35–0.5,0.0,580,0.0000
sprint,Q92794,0,近 0.5–0.7,0.0,67,0.0000
sprint,Q92794,0,全新 <0.35,0.0,210,0.0000
sprint,Q96DB2,0,近 0.5–0.7,1.0,14,7.1429
sprint,Q96DB2,0,极近 ≥0.7,1.0,13,7.6923
sprint,Q96DB2,0,远 0.35–0.5,2.0,40,5.0000
sprint,Q96DB2,0,全新 <0.35,0.0,4,0.0000
sprint,Q96KP4,0,近 0.5–0.7,0.0,11,0.0000
sprint,Q96KP4,0,远 0.35–0.5,5.0,98,5.1020
sprint,Q9H0K1,0,远 0.35–0.5,0.0,26,0.0000
sprint,Q9H0K1,0,全新 <0.35,1.0,44,2.2727
sprint,Q9H0K1,0,极近 ≥0.7,0.0,30,0.0000
sprint,Q9H0K1,0,近 0.5–0.7,1.0,9,11.1111
sprint,Q9HCE5,0,远 0.35–0.5,1.0,70,1.4286
sprint,Q9HCE5,0,全新 <0.35,0.0,122,0.0000
sprint,Q9NPH5,0,远 0.35–0.5,0.0,67,0.0000
sprint,Q9NPH5,0,全新 <0.35,0.0,12,0.0000
sprint,Q9NPH5,0,近 0.5–0.7,0.0,16,0.0000
sprint,Q9NR19,0,全新 <0.35,0.0,12,0.0000
sprint,Q9NR19,0,远 0.35–0.5,0.0,121,0.0000
sprint,Q9NR19,0,近 0.5–0.7,0.0,9,0.0000
sprint,Q9Y2I7,0,近 0.5–0.7,0.0,86,0.0000
sprint,Q9Y2I7,0,远 0.35–0.5,0.0,283,0.0000
sprint,Q9Y2I7,0,全新 <0.35,0.0,22,0.0000
sprint,Q9Y2I7,0,极近 ≥0.7,0.0,3,0.0000
drugjepa,O15379,1,近 0.5–0.7,0.0,58,0.0000
drugjepa,O15379,1,极近 ≥0.7,0.0,69,0.0000
drugjepa,O15379,1,远 0.35–0.5,0.0,14,0.0000
drugjepa,O43353,1,近 0.5–0.7,102.0,179,56.9832
drugjepa,O43353,1,远 0.35–0.5,1.0,9,11.1111
drugjepa,O43353,1,极近 ≥0.7,21.0,58,36.2069
drugjepa,O60341,1,极近 ≥0.7,25.0,44,56.8182
drugjepa,O60341,1,近 0.5–0.7,5.0,27,18.5185
drugjepa,O60341,1,远 0.35–0.5,0.0,32,0.0000
drugjepa,O60674,1,极近 ≥0.7,12.0,122,9.8361
drugjepa,O60674,1,近 0.5–0.7,6.0,85,7.0588
drugjepa,O60674,1,远 0.35–0.5,1.0,21,4.7619
drugjepa,O60885,1,极近 ≥0.7,30.0,56,53.5714
drugjepa,O75469,1,极近 ≥0.7,40.0,78,51.2821
drugjepa,O75469,1,近 0.5–0.7,2.0,4,50.0000
drugjepa,P00734,1,极近 ≥0.7,54.5,145,37.5862
drugjepa,P00734,1,近 0.5–0.7,0.0,4,0.0000
drugjepa,P01116,1,远 0.35–0.5,0.0,7,0.0000
drugjepa,P01116,1,极近 ≥0.7,17.0,25,68.0000
drugjepa,P01116,1,近 0.5–0.7,0.0,17,0.0000
drugjepa,P06239,1,极近 ≥0.7,13.0,48,27.0833
drugjepa,P06239,1,近 0.5–0.7,6.0,17,35.2941
drugjepa,P06239,1,远 0.35–0.5,0.0,3,0.0000
drugjepa,P08581,1,近 0.5–0.7,0.0,10,0.0000
drugjepa,P08581,1,极近 ≥0.7,2.0,56,3.5714
drugjepa,P11362,1,极近 ≥0.7,15.0,28,53.5714
drugjepa,P11362,1,远 0.35–0.5,0.0,19,0.0000
drugjepa,P11362,1,近 0.5–0.7,3.0,8,37.5000
drugjepa,P12931,1,极近 ≥0.7,29.0,87,33.3333
drugjepa,P12931,1,近 0.5–0.7,0.0,4,0.0000
drugjepa,P15056,1,近 0.5–0.7,0.0,18,0.0000
drugjepa,P15056,1,远 0.35–0.5,0.0,7,0.0000
drugjepa,P15056,1,极近 ≥0.7,10.0,33,30.3030
drugjepa,P18031,1,远 0.35–0.5,4.0,7,57.1429
drugjepa,P18031,1,全新 <0.35,32.0,85,37.6471
drugjepa,P18031,1,近 0.5–0.7,1.0,6,16.6667
drugjepa,P18031,1,极近 ≥0.7,12.0,18,66.6667
drugjepa,P21554,1,极近 ≥0.7,27.0,30,90.0000
drugjepa,P21554,1,近 0.5–0.7,17.0,53,32.0755
drugjepa,P21554,1,远 0.35–0.5,4.0,16,25.0000
drugjepa,P22413,1,远 0.35–0.5,6.0,102,5.8824
drugjepa,P22413,1,全新 <0.35,0.0,38,0.0000
drugjepa,P22413,1,极近 ≥0.7,3.0,9,33.3333
drugjepa,P22413,1,近 0.5–0.7,4.0,40,10.0000
drugjepa,P22455,1,极近 ≥0.7,8.0,30,26.6667
drugjepa,P22455,1,远 0.35–0.5,0.0,19,0.0000
drugjepa,P22455,1,近 0.5–0.7,1.0,5,20.0000
drugjepa,P27338,1,极近 ≥0.7,22.0,43,51.1628
drugjepa,P27338,1,近 0.5–0.7,23.0,92,25.0000
drugjepa,P27338,1,远 0.35–0.5,5.0,20,25.0000
drugjepa,P28335,1,近 0.5–0.7,6.0,23,26.0870
drugjepa,P28335,1,远 0.35–0.5,2.0,29,6.8966
drugjepa,P28335,1,极近 ≥0.7,9.0,24,37.5000
drugjepa,P28335,1,全新 <0.35,0.0,4,0.0000
drugjepa,P30530,1,近 0.5–0.7,1.0,5,20.0000
drugjepa,P30530,1,极近 ≥0.7,23.0,45,51.1111
drugjepa,P31153,1,远 0.35–0.5,0.0,5,0.0000
drugjepa,P31153,1,全新 <0.35,0.0,5,0.0000
drugjepa,P31153,1,近 0.5–0.7,0.0,34,0.0000
drugjepa,P31153,1,极近 ≥0.7,0.0,19,0.0000
drugjepa,P34913,1,极近 ≥0.7,42.0,76,55.2632
drugjepa,P34913,1,近 0.5–0.7,22.0,48,45.8333
drugjepa,P34914,1,极近 ≥0.7,19.0,26,73.0769
drugjepa,P34914,1,远 0.35–0.5,0.0,13,0.0000
drugjepa,P34914,1,近 0.5–0.7,32.0,60,53.3333
drugjepa,P35968,1,近 0.5–0.7,15.0,39,38.4615
drugjepa,P35968,1,极近 ≥0.7,36.0,92,39.1304
drugjepa,P35968,1,远 0.35–0.5,2.0,5,40.0000
drugjepa,P36888,1,极近 ≥0.7,13.0,55,23.6364
drugjepa,P36888,1,近 0.5–0.7,5.0,17,29.4118
drugjepa,P36888,1,远 0.35–0.5,4.0,8,50.0000
drugjepa,P36888,1,全新 <0.35,4.0,4,100.0000
drugjepa,P41182,1,极近 ≥0.7,30.0,52,57.6923
drugjepa,P41182,1,近 0.5–0.7,3.0,11,27.2727
drugjepa,P47989,1,远 0.35–0.5,10.0,39,25.6410
drugjepa,P47989,1,近 0.5–0.7,1.0,8,12.5000
drugjepa,P47989,1,极近 ≥0.7,4.0,8,50.0000
drugjepa,P49327,1,极近 ≥0.7,339.0,656,51.6768
drugjepa,P49327,1,近 0.5–0.7,0.0,9,0.0000
drugjepa,P50406,1,极近 ≥0.7,13.0,21,61.9048
drugjepa,P50406,1,远 0.35–0.5,1.0,10,10.0000
drugjepa,P50406,1,近 0.5–0.7,21.0,36,58.3333
drugjepa,P52333,1,近 0.5–0.7,41.0,117,35.0427
drugjepa,P52333,1,极近 ≥0.7,74.0,119,62.1849
drugjepa,P52333,1,远 0.35–0.5,0.0,20,0.0000
drugjepa,P53634,1,近 0.5–0.7,21.0,44,47.7273
drugjepa,P53634,1,远 0.35–0.5,1.0,3,33.3333
drugjepa,P53634,1,极近 ≥0.7,4.0,8,50.0000
drugjepa,P53634,1,全新 <0.35,1.0,3,33.3333
drugjepa,P56817,1,极近 ≥0.7,85.0,154,55.1948
drugjepa,P56817,1,近 0.5–0.7,48.0,105,45.7143
drugjepa,Q05397,1,极近 ≥0.7,27.0,47,57.4468
drugjepa,Q05397,1,近 0.5–0.7,12.0,37,32.4324
drugjepa,Q05397,1,远 0.35–0.5,0.0,6,0.0000
drugjepa,Q13188,1,极近 ≥0.7,22.0,43,51.1628
drugjepa,Q13188,1,近 0.5–0.7,4.0,7,57.1429
drugjepa,Q13547,1,极近 ≥0.7,64.0,148,43.2432
drugjepa,Q13547,1,近 0.5–0.7,57.0,148,38.5135
drugjepa,Q13547,1,远 0.35–0.5,35.0,65,53.8462
drugjepa,Q13627,1,极近 ≥0.7,35.0,77,45.4545
drugjepa,Q13627,1,近 0.5–0.7,3.0,32,9.3750
drugjepa,Q16678,1,极近 ≥0.7,7.0,21,33.3333
drugjepa,Q16678,1,近 0.5–0.7,4.0,63,6.3492
drugjepa,Q16678,1,远 0.35–0.5,0.0,23,0.0000
drugjepa,Q92769,1,近 0.5–0.7,33.5,58,57.7586
drugjepa,Q92769,1,极近 ≥0.7,22.0,55,40.0000
drugjepa,Q92769,1,远 0.35–0.5,7.5,14,53.5714
drugjepa,Q92918,1,极近 ≥0.7,62.0,84,73.8095
drugjepa,Q92918,1,近 0.5–0.7,17.0,72,23.6111
drugjepa,Q92918,1,远 0.35–0.5,0.0,5,0.0000
drugjepa,Q9BY41,1,极近 ≥0.7,17.5,44,39.7727
drugjepa,Q9BY41,1,远 0.35–0.5,8.0,19,42.1053
drugjepa,Q9BY41,1,近 0.5–0.7,24.0,41,58.5366
drugjepa,Q9NWZ3,1,远 0.35–0.5,9.0,50,18.0000
drugjepa,Q9NWZ3,1,近 0.5–0.7,4.0,23,17.3913
drugjepa,Q9NWZ3,1,极近 ≥0.7,7.0,12,58.3333
drugjepa,Q9NWZ3,1,全新 <0.35,4.0,6,66.6667
drugjepa,Q9NZQ7,1,极近 ≥0.7,21.0,43,48.8372
drugjepa,Q9NZQ7,1,近 0.5–0.7,21.0,37,56.7568
drugjepa,Q9NZQ7,1,远 0.35–0.5,0.0,4,0.0000
drugjepa,Q9Y5Z0,1,极近 ≥0.7,77.0,136,56.6176
drugjepa,Q9Y5Z0,1,近 0.5–0.7,39.0,91,42.8571
drugjepa,O14684,1,远 0.35–0.5,10.0,114,8.7719
drugjepa,O14684,1,近 0.5–0.7,2.0,11,18.1818
drugjepa,O14744,1,极近 ≥0.7,31.0,32,96.8750
drugjepa,O14744,1,近 0.5–0.7,57.5,76,75.6579
drugjepa,O14744,1,远 0.35–0.5,253.0,555,45.5856
drugjepa,O14744,1,全新 <0.35,26.0,151,17.2185
drugjepa,O14757,1,近 0.5–0.7,11.0,19,57.8947
drugjepa,O14757,1,远 0.35–0.5,78.0,147,53.0612
drugjepa,O14757,1,全新 <0.35,5.0,24,20.8333
drugjepa,O15379,1,近 0.5–0.7,0.0,162,0.0000
drugjepa,O15379,1,极近 ≥0.7,0.0,36,0.0000
drugjepa,O15379,1,远 0.35–0.5,0.0,183,0.0000
drugjepa,O15379,1,全新 <0.35,0.0,32,0.0000
drugjepa,O43570,1,近 0.5–0.7,76.0,170,44.7059
drugjepa,O43570,1,极近 ≥0.7,4.0,18,22.2222
drugjepa,O43570,1,远 0.35–0.5,32.0,51,62.7451
drugjepa,O43613,1,远 0.35–0.5,41.0,83,49.3976
drugjepa,O43613,1,近 0.5–0.7,10.0,10,100.0000
drugjepa,O43613,1,全新 <0.35,0.0,6,0.0000
drugjepa,O43614,1,远 0.35–0.5,57.0,80,71.2500
drugjepa,O43614,1,全新 <0.35,3.0,56,5.3571
drugjepa,O43614,1,近 0.5–0.7,9.0,9,100.0000
drugjepa,O60341,1,近 0.5–0.7,124.0,198,62.6263
drugjepa,O60341,1,远 0.35–0.5,239.0,506,47.2332
drugjepa,O60341,1,全新 <0.35,25.666666666666664,80,32.0833
drugjepa,O60341,1,极近 ≥0.7,16.666666666666664,23,72.4638
drugjepa,O60502,1,远 0.35–0.5,74.66666666666667,136,54.9020
drugjepa,O60502,1,近 0.5–0.7,50.0,76,65.7895
drugjepa,O60502,1,全新 <0.35,29.333333333333336,89,32.9588
drugjepa,O60885,1,远 0.35–0.5,130.0,253,51.3834
drugjepa,O60885,1,全新 <0.35,9.0,59,15.2542
drugjepa,O60885,1,近 0.5–0.7,128.0,220,58.1818
drugjepa,O60885,1,极近 ≥0.7,27.0,44,61.3636
drugjepa,O75116,1,近 0.5–0.7,35.0,57,61.4035
drugjepa,O75116,1,远 0.35–0.5,86.0,212,40.5660
drugjepa,O75116,1,全新 <0.35,5.0,28,17.8571
drugjepa,O75116,1,极近 ≥0.7,2.0,4,50.0000
drugjepa,O75173,1,近 0.5–0.7,33.0,67,49.2537
drugjepa,O75173,1,远 0.35–0.5,10.0,15,66.6667
drugjepa,O75385,1,远 0.35–0.5,99.0,281,35.2313
drugjepa,O75385,1,近 0.5–0.7,6.0,19,31.5789
drugjepa,O75385,1,全新 <0.35,18.0,107,16.8224
drugjepa,O95497,1,远 0.35–0.5,12.0,88,13.6364
drugjepa,O95497,1,近 0.5–0.7,6.0,7,85.7143
drugjepa,O95497,1,全新 <0.35,0.0,22,0.0000
drugjepa,O95819,1,全新 <0.35,0.0,39,0.0000
drugjepa,O95819,1,远 0.35–0.5,0.0,24,0.0000
drugjepa,O96017,1,远 0.35–0.5,15.5,60,25.8333
drugjepa,O96017,1,近 0.5–0.7,0.0,5,0.0000
drugjepa,O96028,1,远 0.35–0.5,7.0,26,26.9231
drugjepa,O96028,1,全新 <0.35,3.0,33,9.0909
drugjepa,O96028,1,近 0.5–0.7,7.0,12,58.3333
drugjepa,O96028,1,极近 ≥0.7,3.0,6,50.0000
drugjepa,P00519,1,近 0.5–0.7,8.0,177,4.5198
drugjepa,P00519,1,远 0.35–0.5,0.0,108,0.0000
drugjepa,P00519,1,极近 ≥0.7,4.0,5,80.0000
drugjepa,P00519,1,全新 <0.35,0.0,4,0.0000
drugjepa,P00533,1,近 0.5–0.7,166.0,534,31.0861
drugjepa,P00533,1,远 0.35–0.5,105.0,972,10.8025
drugjepa,P00533,1,全新 <0.35,19.0,470,4.0426
drugjepa,P00533,1,极近 ≥0.7,17.0,71,23.9437
drugjepa,P00734,1,极近 ≥0.7,4.0,9,44.4444
drugjepa,P00734,1,近 0.5–0.7,10.0,45,22.2222
drugjepa,P00734,1,远 0.35–0.5,9.0,18,50.0000
drugjepa,P00742,1,近 0.5–0.7,10.0,41,24.3902
drugjepa,P00742,1,极近 ≥0.7,3.0,9,33.3333
drugjepa,P00742,1,远 0.35–0.5,9.0,16,56.2500
drugjepa,P00746,1,近 0.5–0.7,148.0,216,68.5185
drugjepa,P00746,1,远 0.35–0.5,36.0,110,32.7273
drugjepa,P00746,1,全新 <0.35,0.0,36,0.0000
drugjepa,P03372,1,远 0.35–0.5,31.0,110,28.1818
drugjepa,P03372,1,全新 <0.35,1.0,9,11.1111
drugjepa,P03372,1,近 0.5–0.7,73.0,98,74.4898
drugjepa,P03951,1,远 0.35–0.5,41.0,84,48.8095
drugjepa,P03951,1,全新 <0.35,2.0,14,14.2857
drugjepa,P03952,1,远 0.35–0.5,58.0,111,52.2523
drugjepa,P03952,1,全新 <0.35,9.0,16,56.2500
drugjepa,P03952,1,近 0.5–0.7,0.0,3,0.0000
drugjepa,P04150,1,近 0.5–0.7,4.0,23,17.3913
drugjepa,P04150,1,远 0.35–0.5,60.0,228,26.3158
drugjepa,P04150,1,全新 <0.35,24.0,35,68.5714
drugjepa,P04293,1,远 0.35–0.5,2.0,162,1.2346
drugjepa,P04293,1,全新 <0.35,0.0,193,0.0000
drugjepa,P04626,1,远 0.35–0.5,413.25,798,51.7857
drugjepa,P04626,1,近 0.5–0.7,7.75,89,8.7079
drugjepa,P04626,1,全新 <0.35,83.0,105,79.0476
drugjepa,P04626,1,极近 ≥0.7,1.0,12,8.3333
drugjepa,P06239,1,近 0.5–0.7,26.0,130,20.0000
drugjepa,P06239,1,极近 ≥0.7,8.0,16,50.0000
drugjepa,P06239,1,远 0.35–0.5,0.0,131,0.0000
drugjepa,P06239,1,全新 <0.35,1.0,438,0.2283
drugjepa,P06241,1,远 0.35–0.5,0.0,39,0.0000
drugjepa,P06241,1,近 0.5–0.7,0.0,10,0.0000
drugjepa,P06241,1,全新 <0.35,0.0,4,0.0000
drugjepa,P06276,1,近 0.5–0.7,50.0,87,57.4713
drugjepa,P06276,1,极近 ≥0.7,10.0,22,45.4545
drugjepa,P06276,1,远 0.35–0.5,6.0,28,21.4286
drugjepa,P07333,1,近 0.5–0.7,24.0,153,15.6863
drugjepa,P07333,1,远 0.35–0.5,28.0,505,5.5446
drugjepa,P07333,1,全新 <0.35,2.0,112,1.7857
drugjepa,P07333,1,极近 ≥0.7,0.0,3,0.0000
drugjepa,P07711,1,极近 ≥0.7,0.0,29,0.0000
drugjepa,P07711,1,远 0.35–0.5,5.0,18,27.7778
drugjepa,P07711,1,近 0.5–0.7,6.0,63,9.5238
drugjepa,P07711,1,全新 <0.35,0.0,3,0.0000
drugjepa,P07949,1,近 0.5–0.7,114.0,166,68.6747
drugjepa,P07949,1,远 0.35–0.5,14.0,83,16.8675
drugjepa,P07949,1,极近 ≥0.7,7.0,13,53.8462
drugjepa,P08069,1,极近 ≥0.7,4.0,34,11.7647
drugjepa,P08069,1,近 0.5–0.7,25.8,166,15.5422
drugjepa,P08069,1,远 0.35–0.5,48.400000000000006,158,30.6329
drugjepa,P08173,1,全新 <0.35,0.0,32,0.0000
drugjepa,P08173,1,远 0.35–0.5,1.0,38,2.6316
drugjepa,P08173,1,近 0.5–0.7,1.0,8,12.5000
drugjepa,P08581,1,远 0.35–0.5,33.0,367,8.9918
drugjepa,P08581,1,近 0.5–0.7,31.0,434,7.1429
drugjepa,P08581,1,极近 ≥0.7,1.0,17,5.8824
drugjepa,P08581,1,全新 <0.35,4.0,13,30.7692
drugjepa,P08908,1,全新 <0.35,3.0,5,60.0000
drugjepa,P08908,1,近 0.5–0.7,35.0,73,47.9452
drugjepa,P08908,1,远 0.35–0.5,48.0,126,38.0952
drugjepa,P08908,1,极近 ≥0.7,3.0,3,100.0000
drugjepa,P08922,1,近 0.5–0.7,7.0,21,33.3333
drugjepa,P08922,1,远 0.35–0.5,8.0,26,30.7692
drugjepa,P08922,1,极近 ≥0.7,2.0,3,66.6667
drugjepa,P0DMS8,1,远 0.35–0.5,19.0,33,57.5758
drugjepa,P0DMS8,1,全新 <0.35,1.0,10,10.0000
drugjepa,P0DMS8,1,近 0.5–0.7,4.0,6,66.6667
drugjepa,P10398,1,远 0.35–0.5,0.0,22,0.0000
drugjepa,P10398,1,近 0.5–0.7,0.0,80,0.0000
drugjepa,P11309,1,全新 <0.35,0.0,9,0.0000
drugjepa,P11309,1,远 0.35–0.5,3.0,27,11.1111
drugjepa,P11309,1,近 0.5–0.7,9.0,22,40.9091
drugjepa,P11309,1,极近 ≥0.7,7.0,8,87.5000
drugjepa,P11362,1,远 0.35–0.5,134.0,328,40.8537
drugjepa,P11362,1,近 0.5–0.7,66.0,101,65.3465
drugjepa,P11362,1,全新 <0.35,2.0,66,3.0303
drugjepa,P11362,1,极近 ≥0.7,5.0,6,83.3333
drugjepa,P11474,1,远 0.35–0.5,1.0,162,0.6173
drugjepa,P11474,1,全新 <0.35,2.0,35,5.7143
drugjepa,P11802,1,远 0.35–0.5,183.0,605,30.2479
drugjepa,P11802,1,全新 <0.35,6.0,691,0.8683
drugjepa,P11802,1,近 0.5–0.7,47.0,91,51.6484
drugjepa,P11802,1,极近 ≥0.7,11.0,15,73.3333
drugjepa,P14756,1,全新 <0.35,0.0,15,0.0000
drugjepa,P14756,1,远 0.35–0.5,19.0,39,48.7179
drugjepa,P14756,1,近 0.5–0.7,14.0,16,87.5000
drugjepa,P15428,1,远 0.35–0.5,126.0,281,44.8399
drugjepa,P15428,1,全新 <0.35,4.0,44,9.0909
drugjepa,P15428,1,近 0.5–0.7,25.5,36,70.8333
drugjepa,P18825,1,远 0.35–0.5,0.0,57,0.0000
drugjepa,P18825,1,全新 <0.35,1.0,67,1.4925
drugjepa,P20618,1,远 0.35–0.5,8.0,62,12.9032
drugjepa,P20618,1,近 0.5–0.7,3.0,11,27.2727
drugjepa,P21554,1,近 0.5–0.7,22.0,38,57.8947
drugjepa,P21554,1,极近 ≥0.7,3.0,6,50.0000
drugjepa,P21554,1,远 0.35–0.5,2.0,8,25.0000
drugjepa,P21802,1,远 0.35–0.5,109.5,326,33.5890
drugjepa,P21802,1,全新 <0.35,1.0,66,1.5152
drugjepa,P21802,1,近 0.5–0.7,40.0,90,44.4444
drugjepa,P22413,1,全新 <0.35,0.0,148,0.0000
drugjepa,P22413,1,远 0.35–0.5,11.0,299,3.6789
drugjepa,P22413,1,近 0.5–0.7,40.0,62,64.5161
drugjepa,P22413,1,极近 ≥0.7,12.0,15,80.0000
drugjepa,P22455,1,远 0.35–0.5,0.0,24,0.0000
drugjepa,P22455,1,极近 ≥0.7,7.0,24,29.1667
drugjepa,P22455,1,近 0.5–0.7,14.0,66,21.2121
drugjepa,P22607,1,远 0.35–0.5,84.5,261,32.3755
drugjepa,P22607,1,近 0.5–0.7,30.0,54,55.5556
drugjepa,P22607,1,全新 <0.35,3.0,65,4.6154
drugjepa,P22607,1,极近 ≥0.7,4.0,4,100.0000
drugjepa,P23458,1,近 0.5–0.7,92.66666666666667,219,42.3135
drugjepa,P23458,1,远 0.35–0.5,120.0,317,37.8549
drugjepa,P23458,1,极近 ≥0.7,23.0,35,65.7143
drugjepa,P23458,1,全新 <0.35,8.0,51,15.6863
drugjepa,P23946,1,全新 <0.35,0.0,19,0.0000
drugjepa,P23946,1,远 0.35–0.5,0.0,52,0.0000
drugjepa,P24941,1,远 0.35–0.5,106.0,740,14.3243
drugjepa,P24941,1,全新 <0.35,3.0,750,0.4000
drugjepa,P24941,1,近 0.5–0.7,75.66666666666667,136,55.6373
drugjepa,P24941,1,极近 ≥0.7,0.0,3,0.0000
drugjepa,P27338,1,近 0.5–0.7,23.0,53,43.3962
drugjepa,P27338,1,极近 ≥0.7,20.0,24,83.3333
drugjepa,P27338,1,远 0.35–0.5,6.0,45,13.3333
drugjepa,P27487,1,远 0.35–0.5,12.0,51,23.5294
drugjepa,P27487,1,近 0.5–0.7,17.0,47,36.1702
drugjepa,P27487,1,全新 <0.35,0.0,6,0.0000
drugjepa,P27487,1,极近 ≥0.7,10.0,12,83.3333
drugjepa,P28074,1,远 0.35–0.5,124.0,258,48.0620
drugjepa,P28074,1,近 0.5–0.7,29.0,42,69.0476
drugjepa,P28074,1,全新 <0.35,3.0,24,12.5000
drugjepa,P28335,1,近 0.5–0.7,11.0,70,15.7143
drugjepa,P28335,1,极近 ≥0.7,8.0,51,15.6863
drugjepa,P28335,1,远 0.35–0.5,16.0,80,20.0000
drugjepa,P28335,1,全新 <0.35,4.0,95,4.2105
drugjepa,P28482,1,近 0.5–0.7,2.0,21,9.5238
drugjepa,P28482,1,远 0.35–0.5,30.0,126,23.8095
drugjepa,P28482,1,全新 <0.35,0.0,518,0.0000
drugjepa,P29274,1,远 0.35–0.5,209.0,411,50.8516
drugjepa,P29274,1,全新 <0.35,148.0,325,45.5385
drugjepa,P29274,1,近 0.5–0.7,21.0,34,61.7647
drugjepa,P29274,1,极近 ≥0.7,2.0,7,28.5714
drugjepa,P29275,1,远 0.35–0.5,88.0,192,45.8333
drugjepa,P29275,1,全新 <0.35,79.0,163,48.4663
drugjepa,P29275,1,近 0.5–0.7,1.0,3,33.3333
drugjepa,P30530,1,远 0.35–0.5,84.0,450,18.6667
drugjepa,P30530,1,近 0.5–0.7,204.0,433,47.1132
drugjepa,P30530,1,极近 ≥0.7,14.0,20,70.0000
drugjepa,P30530,1,全新 <0.35,20.0,25,80.0000
drugjepa,P30542,1,近 0.5–0.7,9.0,9,100.0000
drugjepa,P30542,1,远 0.35–0.5,19.0,62,30.6452
drugjepa,P30542,1,极近 ≥0.7,3.0,3,100.0000
drugjepa,P30542,1,全新 <0.35,17.0,40,42.5000
drugjepa,P31391,1,远 0.35–0.5,1.0,80,1.2500
drugjepa,P31391,1,全新 <0.35,0.0,15,0.0000
drugjepa,P31391,1,近 0.5–0.7,0.0,5,0.0000
drugjepa,P31645,1,远 0.35–0.5,12.0,87,13.7931
drugjepa,P31645,1,近 0.5–0.7,11.0,11,100.0000
drugjepa,P31645,1,全新 <0.35,1.0,10,10.0000
drugjepa,P31749,1,极近 ≥0.7,13.0,19,68.4211
drugjepa,P31749,1,近 0.5–0.7,94.0,181,51.9337
drugjepa,P31749,1,远 0.35–0.5,2.0,13,15.3846
drugjepa,P31751,1,近 0.5–0.7,24.0,105,22.8571
drugjepa,P31751,1,极近 ≥0.7,0.0,8,0.0000
drugjepa,P31751,1,远 0.35–0.5,1.0,5,20.0000
drugjepa,P32245,1,全新 <0.35,0.0,184,0.0000
drugjepa,P32245,1,远 0.35–0.5,0.0,23,0.0000
drugjepa,P34914,1,近 0.5–0.7,34.0,85,40.0000
drugjepa,P34914,1,远 0.35–0.5,18.0,111,16.2162
drugjepa,P34972,1,全新 <0.35,22.0,43,51.1628
drugjepa,P34972,1,远 0.35–0.5,4.0,9,44.4444
drugjepa,P34972,1,近 0.5–0.7,2.0,10,20.0000
drugjepa,P35968,1,远 0.35–0.5,46.2,428,10.7944
drugjepa,P35968,1,近 0.5–0.7,125.2,477,26.2474
drugjepa,P35968,1,极近 ≥0.7,6.0,18,33.3333
drugjepa,P35968,1,全新 <0.35,0.0,4,0.0000
drugjepa,P36888,1,近 0.5–0.7,28.0,118,23.7288
drugjepa,P36888,1,远 0.35–0.5,51.0,291,17.5258
drugjepa,P36888,1,全新 <0.35,10.0,90,11.1111
drugjepa,P36888,1,极近 ≥0.7,4.0,7,57.1429
drugjepa,P39900,1,远 0.35–0.5,5.0,51,9.8039
drugjepa,P39900,1,全新 <0.35,3.0,32,9.3750
drugjepa,P41146,1,全新 <0.35,18.0,53,33.9623
drugjepa,P41240,1,极近 ≥0.7,3.0,13,23.0769
drugjepa,P41240,1,近 0.5–0.7,14.0,116,12.0690
drugjepa,P41240,1,远 0.35–0.5,0.0,45,0.0000
drugjepa,P42330,1,近 0.5–0.7,14.0,41,34.1463
drugjepa,P42330,1,远 0.35–0.5,7.0,33,21.2121
drugjepa,P42330,1,极近 ≥0.7,2.0,3,66.6667
drugjepa,P42345,1,全新 <0.35,0.0,6,0.0000
drugjepa,P42345,1,近 0.5–0.7,0.0,46,0.0000
drugjepa,P42345,1,极近 ≥0.7,0.0,8,0.0000
drugjepa,P42345,1,远 0.35–0.5,0.0,20,0.0000
drugjepa,P43405,1,近 0.5–0.7,27.0,38,71.0526
drugjepa,P43405,1,远 0.35–0.5,19.0,57,33.3333
drugjepa,P43405,1,全新 <0.35,0.0,3,0.0000
drugjepa,P43405,1,极近 ≥0.7,5.0,6,83.3333
drugjepa,P43490,1,近 0.5–0.7,91.0,202,45.0495
drugjepa,P43490,1,全新 <0.35,3.5,10,35.0000
drugjepa,P43490,1,远 0.35–0.5,140.5,246,57.1138
drugjepa,P43490,1,极近 ≥0.7,11.0,24,45.8333
drugjepa,P47205,1,近 0.5–0.7,70.0,89,78.6517
drugjepa,P47205,1,远 0.35–0.5,1.0,37,2.7027
drugjepa,P47205,1,全新 <0.35,0.0,17,0.0000
drugjepa,P47205,1,极近 ≥0.7,4.0,4,100.0000
drugjepa,P48729,1,近 0.5–0.7,0.0,35,0.0000
drugjepa,P48729,1,远 0.35–0.5,0.0,91,0.0000
drugjepa,P48729,1,全新 <0.35,0.0,8,0.0000
drugjepa,P48730,1,近 0.5–0.7,8.0,43,18.6047
drugjepa,P48730,1,远 0.35–0.5,62.0,94,65.9574
drugjepa,P48730,1,全新 <0.35,2.0,7,28.5714
drugjepa,P49759,1,全新 <0.35,45.0,121,37.1901
drugjepa,P49759,1,远 0.35–0.5,3.0,7,42.8571
drugjepa,P49759,1,近 0.5–0.7,1.0,5,20.0000
drugjepa,P49760,1,近 0.5–0.7,22.0,77,28.5714
drugjepa,P49760,1,全新 <0.35,58.0,123,47.1545
drugjepa,P49760,1,远 0.35–0.5,14.0,56,25.0000
drugjepa,P49841,1,远 0.35–0.5,438.5,645,67.9845
drugjepa,P49841,1,全新 <0.35,231.5,651,35.5607
drugjepa,P49841,1,近 0.5–0.7,45.0,109,41.2844
drugjepa,P50053,1,远 0.35–0.5,19.0,298,6.3758
drugjepa,P50053,1,全新 <0.35,43.0,636,6.7610
drugjepa,P50053,1,近 0.5–0.7,8.0,9,88.8889
drugjepa,P50406,1,近 0.5–0.7,8.0,31,25.8065
drugjepa,P50406,1,远 0.35–0.5,5.0,23,21.7391
drugjepa,P51531,1,近 0.5–0.7,1.0,17,5.8824
drugjepa,P51531,1,远 0.35–0.5,10.0,52,19.2308
drugjepa,P51531,1,全新 <0.35,0.0,22,0.0000
drugjepa,P51532,1,近 0.5–0.7,1.0,17,5.8824
drugjepa,P51532,1,远 0.35–0.5,14.0,49,28.5714
drugjepa,P51532,1,全新 <0.35,0.0,16,0.0000
drugjepa,P53350,1,远 0.35–0.5,0.0,12,0.0000
drugjepa,P53350,1,极近 ≥0.7,0.0,11,0.0000
drugjepa,P53350,1,近 0.5–0.7,26.0,84,30.9524
drugjepa,P53396,1,远 0.35–0.5,4.0,7,57.1429
drugjepa,P53396,1,全新 <0.35,27.0,51,52.9412
drugjepa,P53634,1,近 0.5–0.7,64.0,165,38.7879
drugjepa,P53634,1,远 0.35–0.5,42.0,129,32.5581
drugjepa,P53634,1,全新 <0.35,13.0,106,12.2642
drugjepa,P53634,1,极近 ≥0.7,5.0,15,33.3333
drugjepa,P53667,1,近 0.5–0.7,7.0,12,58.3333
drugjepa,P53667,1,远 0.35–0.5,8.0,48,16.6667
drugjepa,P53671,1,近 0.5–0.7,1.0,16,6.2500
drugjepa,P53671,1,远 0.35–0.5,9.0,48,18.7500
drugjepa,P53779,1,极近 ≥0.7,0.0,9,0.0000
drugjepa,P53779,1,近 0.5–0.7,13.0,35,37.1429
drugjepa,P53779,1,远 0.35–0.5,0.0,21,0.0000
drugjepa,P56817,1,近 0.5–0.7,113.0,213,53.0516
drugjepa,P56817,1,远 0.35–0.5,19.0,87,21.8391
drugjepa,P56817,1,极近 ≥0.7,48.0,50,96.0000
drugjepa,P61073,1,近 0.5–0.7,0.0,39,0.0000
drugjepa,P61073,1,远 0.35–0.5,0.0,5,0.0000
drugjepa,P61073,1,极近 ≥0.7,0.0,5,0.0000
drugjepa,P61073,1,全新 <0.35,0.0,3,0.0000
drugjepa,P61964,1,远 0.35–0.5,3.0,37,8.1081
drugjepa,P61964,1,近 0.5–0.7,1.0,8,12.5000
drugjepa,P61964,1,极近 ≥0.7,2.0,5,40.0000
drugjepa,P78527,1,近 0.5–0.7,118.0,131,90.0763
drugjepa,P78527,1,远 0.35–0.5,109.0,346,31.5029
drugjepa,P78527,1,全新 <0.35,29.0,144,20.1389
drugjepa,P78527,1,极近 ≥0.7,11.0,11,100.0000
drugjepa,P80192,1,远 0.35–0.5,0.0,33,0.0000
drugjepa,P80192,1,全新 <0.35,0.0,25,0.0000
drugjepa,Q03111,1,远 0.35–0.5,10.0,81,12.3457
drugjepa,Q03111,1,全新 <0.35,0.0,15,0.0000
drugjepa,Q03111,1,近 0.5–0.7,2.0,4,50.0000
drugjepa,Q06124,1,远 0.35–0.5,116.0,263,44.1065
drugjepa,Q06124,1,近 0.5–0.7,114.0,155,73.5484
drugjepa,Q06124,1,全新 <0.35,5.0,52,9.6154
drugjepa,Q06124,1,极近 ≥0.7,14.0,17,82.3529
drugjepa,Q06187,1,近 0.5–0.7,239.0,324,73.7654
drugjepa,Q06187,1,远 0.35–0.5,146.33333333333331,515,28.4142
drugjepa,Q06187,1,全新 <0.35,7.0,54,12.9630
drugjepa,Q06187,1,极近 ≥0.7,77.0,84,91.6667
drugjepa,Q07817,1,近 0.5–0.7,99.0,123,80.4878
drugjepa,Q07817,1,远 0.35–0.5,34.0,57,59.6491
drugjepa,Q07817,1,全新 <0.35,55.0,197,27.9188
drugjepa,Q09472,1,近 0.5–0.7,20.0,38,52.6316
drugjepa,Q09472,1,全新 <0.35,3.0,7,42.8571
drugjepa,Q09472,1,远 0.35–0.5,25.0,59,42.3729
drugjepa,Q09472,1,极近 ≥0.7,5.0,8,62.5000
drugjepa,Q13315,1,远 0.35–0.5,34.0,147,23.1293
drugjepa,Q13315,1,极近 ≥0.7,7.0,7,100.0000
drugjepa,Q13315,1,近 0.5–0.7,37.0,47,78.7234
drugjepa,Q13315,1,全新 <0.35,0.0,15,0.0000
drugjepa,Q13464,1,近 0.5–0.7,20.0,27,74.0741
drugjepa,Q13464,1,远 0.35–0.5,43.0,152,28.2895
drugjepa,Q13464,1,全新 <0.35,1.0,3,33.3333
drugjepa,Q13546,1,远 0.35–0.5,121.0,462,26.1905
drugjepa,Q13546,1,全新 <0.35,26.0,85,30.5882
drugjepa,Q13546,1,近 0.5–0.7,8.0,41,19.5122
drugjepa,Q13547,1,近 0.5–0.7,155.0,394,39.3401
drugjepa,Q13547,1,远 0.35–0.5,156.0,481,32.4324
drugjepa,Q13547,1,极近 ≥0.7,29.0,85,34.1176
drugjepa,Q13547,1,全新 <0.35,8.0,84,9.5238
drugjepa,Q14145,1,远 0.35–0.5,5.0,32,15.6250
drugjepa,Q14145,1,极近 ≥0.7,5.0,7,71.4286
drugjepa,Q14145,1,近 0.5–0.7,54.0,75,72.0000
drugjepa,Q14145,1,全新 <0.35,0.0,10,0.0000
drugjepa,Q14833,1,远 0.35–0.5,0.0,117,0.0000
drugjepa,Q14833,1,全新 <0.35,0.0,54,0.0000
drugjepa,Q15125,1,全新 <0.35,1.0,120,0.8333
drugjepa,Q15125,1,远 0.35–0.5,2.0,55,3.6364
drugjepa,Q15858,1,远 0.35–0.5,65.0,296,21.9595
drugjepa,Q15858,1,全新 <0.35,18.0,273,6.5934
drugjepa,Q15858,1,近 0.5–0.7,27.0,91,29.6703
drugjepa,Q15910,1,全新 <0.35,0.0,56,0.0000
drugjepa,Q15910,1,远 0.35–0.5,23.0,53,43.3962
drugjepa,Q15910,1,近 0.5–0.7,303.0,532,56.9549
drugjepa,Q15910,1,极近 ≥0.7,11.0,94,11.7021
drugjepa,Q16288,1,近 0.5–0.7,28.0,49,57.1429
drugjepa,Q16288,1,极近 ≥0.7,1.0,5,20.0000
drugjepa,Q16288,1,远 0.35–0.5,37.0,84,44.0476
drugjepa,Q16288,1,全新 <0.35,1.0,28,3.5714
drugjepa,Q16552,1,全新 <0.35,0.0,176,0.0000
drugjepa,Q16552,1,远 0.35–0.5,0.0,86,0.0000
drugjepa,Q16620,1,近 0.5–0.7,23.0,59,38.9831
drugjepa,Q16620,1,极近 ≥0.7,1.0,5,20.0000
drugjepa,Q16620,1,远 0.35–0.5,27.0,115,23.4783
drugjepa,Q16620,1,全新 <0.35,2.0,9,22.2222
drugjepa,Q16769,1,近 0.5–0.7,14.0,17,82.3529
drugjepa,Q16769,1,远 0.35–0.5,5.0,38,13.1579
drugjepa,Q16769,1,极近 ≥0.7,11.0,12,91.6667
drugjepa,Q32ZE1,1,远 0.35–0.5,0.0,119,0.0000
drugjepa,Q32ZE1,1,全新 <0.35,0.0,31,0.0000
drugjepa,Q6V1X1,1,近 0.5–0.7,3.0,9,33.3333
drugjepa,Q6V1X1,1,远 0.35–0.5,33.0,59,55.9322
drugjepa,Q72547,1,近 0.5–0.7,27.0,53,50.9434
drugjepa,Q72547,1,极近 ≥0.7,6.0,9,66.6667
drugjepa,Q86TI2,1,近 0.5–0.7,4.0,9,44.4444
drugjepa,Q86TI2,1,远 0.35–0.5,24.0,47,51.0638
drugjepa,Q86W56,1,远 0.35–0.5,55.5,171,32.4561
drugjepa,Q86W56,1,近 0.5–0.7,78.5,128,61.3281
drugjepa,Q86W56,1,极近 ≥0.7,40.0,42,95.2381
drugjepa,Q86WV6,1,近 0.5–0.7,15.0,20,75.0000
drugjepa,Q86WV6,1,极近 ≥0.7,8.0,8,100.0000
drugjepa,Q86WV6,1,远 0.35–0.5,13.0,66,19.6970
drugjepa,Q86WV6,1,全新 <0.35,2.0,76,2.6316
drugjepa,Q8IVH8,1,全新 <0.35,0.0,164,0.0000
drugjepa,Q8IVH8,1,远 0.35–0.5,4.0,162,2.4691
drugjepa,Q8IVH8,1,近 0.5–0.7,2.0,6,33.3333
drugjepa,Q8N884,1,远 0.35–0.5,22.0,76,28.9474
drugjepa,Q8N884,1,近 0.5–0.7,3.0,12,25.0000
drugjepa,Q8N884,1,全新 <0.35,17.0,218,7.7982
drugjepa,Q8NEB9,1,全新 <0.35,0.0,37,0.0000
drugjepa,Q8NEB9,1,远 0.35–0.5,3.0,20,15.0000
drugjepa,Q8R4B8,1,全新 <0.35,1.0,38,2.6316
drugjepa,Q8R4B8,1,近 0.5–0.7,3.0,5,60.0000
drugjepa,Q8R4B8,1,远 0.35–0.5,0.0,14,0.0000
drugjepa,Q92633,1,全新 <0.35,1.0,479,0.2088
drugjepa,Q92633,1,远 0.35–0.5,0.0,80,0.0000
drugjepa,Q92769,1,极近 ≥0.7,19.0,35,54.2857
drugjepa,Q92769,1,近 0.5–0.7,76.0,130,58.4615
drugjepa,Q92769,1,远 0.35–0.5,67.0,140,47.8571
drugjepa,Q92769,1,全新 <0.35,10.0,33,30.3030
drugjepa,Q92793,1,近 0.5–0.7,60.0,60,100.0000
drugjepa,Q92793,1,极近 ≥0.7,7.0,7,100.0000
drugjepa,Q92793,1,全新 <0.35,3.0,301,0.9967
drugjepa,Q92793,1,远 0.35–0.5,19.0,69,27.5362
drugjepa,Q92993,1,远 0.35–0.5,0.0,70,0.0000
drugjepa,Q92993,1,近 0.5–0.7,0.0,3,0.0000
drugjepa,Q92993,1,全新 <0.35,0.0,20,0.0000
drugjepa,Q93009,1,近 0.5–0.7,120.0,184,65.2174
drugjepa,Q93009,1,远 0.35–0.5,1.0,70,1.4286
drugjepa,Q93009,1,极近 ≥0.7,29.0,39,74.3590
drugjepa,Q96RI1,1,远 0.35–0.5,0.0,7,0.0000
drugjepa,Q96RI1,1,近 0.5–0.7,21.0,43,48.8372
drugjepa,Q96RI1,1,极近 ≥0.7,10.0,11,90.9091
drugjepa,Q99640,1,近 0.5–0.7,58.0,88,65.9091
drugjepa,Q99640,1,极近 ≥0.7,3.0,3,100.0000
drugjepa,Q99640,1,全新 <0.35,9.0,126,7.1429
drugjepa,Q99640,1,远 0.35–0.5,17.0,69,24.6377
drugjepa,Q99683,1,近 0.5–0.7,25.0,64,39.0625
drugjepa,Q99683,1,远 0.35–0.5,0.0,6,0.0000
drugjepa,Q99683,1,极近 ≥0.7,2.0,4,50.0000
drugjepa,Q99814,1,全新 <0.35,0.0,113,0.0000
drugjepa,Q9BY41,1,近 0.5–0.7,15.0,87,17.2414
drugjepa,Q9BY41,1,远 0.35–0.5,136.0,248,54.8387
drugjepa,Q9BY41,1,全新 <0.35,25.0,44,56.8182
drugjepa,Q9BY41,1,极近 ≥0.7,4.0,14,28.5714
drugjepa,Q9H3N8,1,极近 ≥0.7,8.0,12,66.6667
drugjepa,Q9H3N8,1,近 0.5–0.7,12.0,38,31.5789
drugjepa,Q9H3N8,1,远 0.35–0.5,0.0,5,0.0000
drugjepa,Q9H8M2,1,近 0.5–0.7,34.0,60,56.6667
drugjepa,Q9H8M2,1,远 0.35–0.5,161.0,315,51.1111
drugjepa,Q9H8M2,1,全新 <0.35,4.0,12,33.3333
drugjepa,Q9H8M2,1,极近 ≥0.7,1.0,4,25.0000
drugjepa,Q9HAZ1,1,全新 <0.35,29.0,121,23.9669
drugjepa,Q9HAZ1,1,远 0.35–0.5,5.0,9,55.5556
drugjepa,Q9HAZ1,1,近 0.5–0.7,1.0,4,25.0000
drugjepa,Q9HBH9,1,近 0.5–0.7,17.0,28,60.7143
drugjepa,Q9HBH9,1,远 0.35–0.5,24.0,75,32.0000
drugjepa,Q9NSY1,1,全新 <0.35,0.0,16,0.0000
drugjepa,Q9NSY1,1,远 0.35–0.5,0.0,52,0.0000
drugjepa,Q9NWZ3,1,近 0.5–0.7,105.0,237,44.3038
drugjepa,Q9NWZ3,1,远 0.35–0.5,213.0,925,23.0270
drugjepa,Q9NWZ3,1,全新 <0.35,49.0,294,16.6667
drugjepa,Q9NYV4,1,极近 ≥0.7,10.0,33,30.3030
drugjepa,Q9NYV4,1,远 0.35–0.5,48.0,115,41.7391
drugjepa,Q9NYV4,1,近 0.5–0.7,22.0,63,34.9206
drugjepa,Q9NYV4,1,全新 <0.35,48.0,71,67.6056
drugjepa,Q9Y5Y9,1,全新 <0.35,5.0,194,2.5773
drugjepa,Q9Y5Y9,1,远 0.35–0.5,39.666666666666664,375,10.5778
drugjepa,Q9Y5Y9,1,近 0.5–0.7,2.0,63,3.1746
drugjepa,Q9Y5Z0,1,近 0.5–0.7,98.0,193,50.7772
drugjepa,Q9Y5Z0,1,远 0.35–0.5,17.0,77,22.0779
drugjepa,Q9Y5Z0,1,极近 ≥0.7,47.0,47,100.0000
drugjepa,C7FF05,0,远 0.35–0.5,6.0,42,14.2857
drugjepa,C7FF05,0,极近 ≥0.7,1.0,13,7.6923
drugjepa,C7FF05,0,近 0.5–0.7,2.0,35,5.7143
drugjepa,O14638,0,全新 <0.35,0.0,50,0.0000
drugjepa,O14638,0,远 0.35–0.5,4.0,40,10.0000
drugjepa,O94921,0,远 0.35–0.5,2.0,38,5.2632
drugjepa,O94921,0,近 0.5–0.7,16.0,59,27.1186
drugjepa,P01111,0,全新 <0.35,0.0,469,0.0000
drugjepa,P05622,0,近 0.5–0.7,0.0,106,0.0000
drugjepa,P05622,0,极近 ≥0.7,0.0,48,0.0000
drugjepa,P05622,0,远 0.35–0.5,1.0,163,0.6135
drugjepa,P05622,0,全新 <0.35,0.0,61,0.0000
drugjepa,P08519,1,全新 <0.35,0.0,28,0.0000
drugjepa,P08519,1,远 0.35–0.5,0.0,47,0.0000
drugjepa,P28347,0,全新 <0.35,1.0,96,1.0417
drugjepa,P28347,0,远 0.35–0.5,0.0,137,0.0000
drugjepa,P28347,0,近 0.5–0.7,0.0,5,0.0000
drugjepa,P37288,0,远 0.35–0.5,0.0,26,0.0000
drugjepa,P37288,0,全新 <0.35,1.0,82,1.2195
drugjepa,P43220,1,极近 ≥0.7,0.0,8,0.0000
drugjepa,P43220,1,远 0.35–0.5,0.0,24,0.0000
drugjepa,P43220,1,全新 <0.35,2.0,83,2.4096
drugjepa,P43220,1,近 0.5–0.7,0.0,14,0.0000
drugjepa,P56528,0,远 0.35–0.5,0.0,96,0.0000
drugjepa,P56528,0,全新 <0.35,0.0,6,0.0000
drugjepa,P97821,0,近 0.5–0.7,5.0,63,7.9365
drugjepa,P97821,0,远 0.35–0.5,2.0,6,33.3333
drugjepa,P97821,0,极近 ≥0.7,1.0,14,7.1429
drugjepa,Q15562,1,远 0.35–0.5,2.0,99,2.0202
drugjepa,Q15562,1,全新 <0.35,1.0,81,1.2346
drugjepa,Q15878,0,全新 <0.35,0.0,88,0.0000
drugjepa,Q15878,0,远 0.35–0.5,0.0,63,0.0000
drugjepa,Q92830,0,全新 <0.35,0.0,152,0.0000
drugjepa,Q92830,0,远 0.35–0.5,0.0,7,0.0000
drugjepa,Q96LB1,0,远 0.35–0.5,0.0,15,0.0000
drugjepa,Q96LB1,0,全新 <0.35,1.0,42,2.3810
drugjepa,Q96LB1,0,近 0.5–0.7,0.0,10,0.0000
drugjepa,Q99594,0,远 0.35–0.5,0.0,56,0.0000
drugjepa,Q99594,0,全新 <0.35,0.0,46,0.0000
drugjepa,J9SQF3,0,远 0.35–0.5,0.0,612,0.0000
drugjepa,J9SQF3,0,全新 <0.35,0.0,38,0.0000
drugjepa,O00411,0,远 0.35–0.5,0.0,191,0.0000
drugjepa,O00411,0,全新 <0.35,0.0,13,0.0000
drugjepa,O00411,0,近 0.5–0.7,0.0,23,0.0000
drugjepa,O00443,1,极近 ≥0.7,0.0,5,0.0000
drugjepa,O00443,1,远 0.35–0.5,0.0,54,0.0000
drugjepa,O00443,1,近 0.5–0.7,0.0,38,0.0000
drugjepa,O14578,0,近 0.5–0.7,15.0,51,29.4118
drugjepa,O14578,0,远 0.35–0.5,16.0,98,16.3265
drugjepa,O14578,0,极近 ≥0.7,1.0,3,33.3333
drugjepa,O14874,0,远 0.35–0.5,9.0,78,11.5385
drugjepa,O14874,0,近 0.5–0.7,1.0,24,4.1667
drugjepa,O14874,0,全新 <0.35,0.0,3,0.0000
drugjepa,O42275,0,近 0.5–0.7,33.0,52,63.4615
drugjepa,O42275,0,极近 ≥0.7,28.0,46,60.8696
drugjepa,O42275,0,远 0.35–0.5,0.0,19,0.0000
drugjepa,O60427,0,远 0.35–0.5,0.0,77,0.0000
drugjepa,O60427,0,全新 <0.35,0.0,158,0.0000
drugjepa,O88634,0,全新 <0.35,2.0,41,4.8780
drugjepa,O88634,0,远 0.35–0.5,0.0,21,0.0000
drugjepa,O88634,0,近 0.5–0.7,0.0,4,0.0000
drugjepa,O94782,0,全新 <0.35,0.0,326,0.0000
drugjepa,O94782,0,远 0.35–0.5,0.0,73,0.0000
drugjepa,O94782,0,近 0.5–0.7,0.0,5,0.0000
drugjepa,O95835,0,远 0.35–0.5,0.0,67,0.0000
drugjepa,O95835,0,全新 <0.35,0.0,4,0.0000
drugjepa,P08546,0,全新 <0.35,13.0,47,27.6596
drugjepa,P08546,0,远 0.35–0.5,10.0,35,28.5714
drugjepa,P09871,0,远 0.35–0.5,73.2,108,67.7778
drugjepa,P09871,0,全新 <0.35,133.8,313,42.7476
drugjepa,P0AES4,0,远 0.35–0.5,41.0,80,51.2500
drugjepa,P0AES4,0,极近 ≥0.7,3.0,10,30.0000
drugjepa,P0AES4,0,近 0.5–0.7,8.0,31,25.8065
drugjepa,P0AES4,0,全新 <0.35,0.0,12,0.0000
drugjepa,P14060,0,远 0.35–0.5,0.0,29,0.0000
drugjepa,P14060,0,全新 <0.35,0.0,45,0.0000
drugjepa,P14416,0,极近 ≥0.7,16.0,44,36.3636
drugjepa,P14416,0,远 0.35–0.5,48.0,157,30.5732
drugjepa,P14416,0,近 0.5–0.7,52.0,113,46.0177
drugjepa,P14416,0,全新 <0.35,1.0,6,16.6667
drugjepa,P16788,0,全新 <0.35,0.0,214,0.0000
drugjepa,P16788,0,远 0.35–0.5,0.0,240,0.0000
drugjepa,P17927,0,极近 ≥0.7,0.0,54,0.0000
drugjepa,P17927,0,近 0.5–0.7,0.0,15,0.0000
drugjepa,P17948,1,近 0.5–0.7,30.0,49,61.2245
drugjepa,P17948,1,远 0.35–0.5,5.0,21,23.8095
drugjepa,P17948,1,极近 ≥0.7,8.0,22,36.3636
drugjepa,P19525,0,近 0.5–0.7,0.0,38,0.0000
drugjepa,P19525,0,远 0.35–0.5,0.0,57,0.0000
drugjepa,P19525,0,极近 ≥0.7,0.0,82,0.0000
drugjepa,P19525,0,全新 <0.35,0.0,4,0.0000
drugjepa,P20648,0,远 0.35–0.5,4.333333333333333,54,8.0247
drugjepa,P20648,0,全新 <0.35,10.0,58,17.2414
drugjepa,P21917,0,远 0.35–0.5,0.0,19,0.0000
drugjepa,P21917,0,全新 <0.35,0.0,3,0.0000
drugjepa,P21917,0,近 0.5–0.7,2.0,19,10.5263
drugjepa,P21917,0,极近 ≥0.7,5.0,24,20.8333
drugjepa,P22001,0,全新 <0.35,22.0,261,8.4291
drugjepa,P22001,0,远 0.35–0.5,1.0,86,1.1628
drugjepa,P22001,0,近 0.5–0.7,0.0,4,0.0000
drugjepa,P25929,0,远 0.35–0.5,7.0,46,15.2174
drugjepa,P25929,0,全新 <0.35,0.0,45,0.0000
drugjepa,P25929,0,近 0.5–0.7,4.0,11,36.3636
drugjepa,P28223,0,近 0.5–0.7,126.66666666666667,255,49.6732
drugjepa,P28223,0,极近 ≥0.7,61.0,100,61.0000
drugjepa,P28223,0,全新 <0.35,12.0,119,10.0840
drugjepa,P28223,0,远 0.35–0.5,142.0,726,19.5592
drugjepa,P30990,0,近 0.5–0.7,0.0,12,0.0000
drugjepa,P30990,0,远 0.35–0.5,0.0,59,0.0000
drugjepa,P30990,0,全新 <0.35,0.0,5,0.0000
drugjepa,P34969,0,极近 ≥0.7,16.0,32,50.0000
drugjepa,P34969,0,近 0.5–0.7,20.0,50,40.0000
drugjepa,P34969,0,远 0.35–0.5,9.0,18,50.0000
drugjepa,P35462,0,极近 ≥0.7,4.0,22,18.1818
drugjepa,P35462,0,远 0.35–0.5,0.0,63,0.0000
drugjepa,P35462,0,近 0.5–0.7,0.0,20,0.0000
drugjepa,P35462,0,全新 <0.35,0.0,4,0.0000
drugjepa,P37840,0,远 0.35–0.5,0.0,23,0.0000
drugjepa,P37840,0,全新 <0.35,0.0,90,0.0000
drugjepa,P50052,1,远 0.35–0.5,3.0,116,2.5862
drugjepa,P50052,1,全新 <0.35,1.0,88,1.1364
drugjepa,P50052,1,近 0.5–0.7,1.0,7,14.2857
drugjepa,P50052,1,极近 ≥0.7,0.0,3,0.0000
drugjepa,P52429,0,远 0.35–0.5,0.0,81,0.0000
drugjepa,P54278,0,远 0.35–0.5,31.0,61,50.8197
drugjepa,P54278,0,近 0.5–0.7,2.0,9,22.2222
drugjepa,P54278,0,全新 <0.35,10.0,15,66.6667
drugjepa,P57059,0,远 0.35–0.5,7.0,38,18.4211
drugjepa,P57059,0,近 0.5–0.7,1.0,4,25.0000
drugjepa,P57059,0,极近 ≥0.7,2.0,35,5.7143
drugjepa,P57059,0,全新 <0.35,0.0,7,0.0000
drugjepa,Q08211,1,远 0.35–0.5,2.0,479,0.4175
drugjepa,Q08211,1,全新 <0.35,1.0,218,0.4587
drugjepa,Q08211,1,近 0.5–0.7,0.0,10,0.0000
drugjepa,Q08828,0,远 0.35–0.5,0.0,65,0.0000
drugjepa,Q10469,0,全新 <0.35,0.0,167,0.0000
drugjepa,Q10469,0,远 0.35–0.5,0.0,4,0.0000
drugjepa,Q13191,0,全新 <0.35,10.0,1129,0.8857
drugjepa,Q13191,0,远 0.35–0.5,9.75,101,9.6535
drugjepa,Q13233,0,近 0.5–0.7,0.0,23,0.0000
drugjepa,Q13233,0,远 0.35–0.5,0.0,25,0.0000
drugjepa,Q13233,0,极近 ≥0.7,1.0,8,12.5000
drugjepa,Q13574,0,远 0.35–0.5,0.0,19,0.0000
drugjepa,Q13574,0,全新 <0.35,31.0,557,5.5655
drugjepa,Q16739,0,全新 <0.35,2.0,40,5.0000
drugjepa,Q16739,0,远 0.35–0.5,0.0,267,0.0000
drugjepa,Q16832,1,近 0.5–0.7,34.0,49,69.3878
drugjepa,Q16832,1,全新 <0.35,0.0,78,0.0000
drugjepa,Q16832,1,远 0.35–0.5,43.0,189,22.7513
drugjepa,Q16832,1,极近 ≥0.7,6.0,10,60.0000
drugjepa,Q5JRX3,0,极近 ≥0.7,0.0,21,0.0000
drugjepa,Q5JRX3,0,近 0.5–0.7,0.0,19,0.0000
drugjepa,Q5JRX3,0,远 0.35–0.5,0.0,17,0.0000
drugjepa,Q6SZW1,0,近 0.5–0.7,1.0,51,1.9608
drugjepa,Q6SZW1,0,远 0.35–0.5,4.0,152,2.6316
drugjepa,Q6SZW1,0,全新 <0.35,0.0,39,0.0000
drugjepa,Q7Z3E1,0,远 0.35–0.5,44.0,197,22.3350
drugjepa,Q7Z3E1,0,近 0.5–0.7,136.0,272,50.0000
drugjepa,Q7Z3E1,0,极近 ≥0.7,3.0,20,15.0000
drugjepa,Q7Z3E1,0,全新 <0.35,1.0,85,1.1765
drugjepa,Q86SK9,0,远 0.35–0.5,0.0,44,0.0000
drugjepa,Q86SK9,0,近 0.5–0.7,0.0,4,0.0000
drugjepa,Q86SK9,0,全新 <0.35,0.0,6,0.0000
drugjepa,Q86UE8,0,近 0.5–0.7,4.0,56,7.1429
drugjepa,Q86UE8,0,极近 ≥0.7,1.0,9,11.1111
drugjepa,Q86UE8,0,远 0.35–0.5,0.0,3,0.0000
drugjepa,Q8N1C3,0,远 0.35–0.5,1.0,44,2.2727
drugjepa,Q8N1C3,0,全新 <0.35,6.0,154,3.8961
drugjepa,Q8N1C3,0,极近 ≥0.7,0.0,3,0.0000
drugjepa,Q8WYB5,0,远 0.35–0.5,18.0,145,12.4138
drugjepa,Q8WYB5,0,全新 <0.35,4.0,44,9.0909
drugjepa,Q8WYB5,0,近 0.5–0.7,0.0,3,0.0000
drugjepa,Q92551,0,极近 ≥0.7,0.0,3,0.0000
drugjepa,Q92551,0,近 0.5–0.7,6.0,37,16.2162
drugjepa,Q92551,0,远 0.35–0.5,5.0,135,3.7037
drugjepa,Q92551,0,全新 <0.35,0.0,17,0.0000
drugjepa,Q96DB2,0,极近 ≥0.7,10.0,22,45.4545
drugjepa,Q96DB2,0,近 0.5–0.7,10.0,25,40.0000
drugjepa,Q96DB2,0,远 0.35–0.5,0.0,23,0.0000
drugjepa,Q96GX5,1,全新 <0.35,14.0,124,11.2903
drugjepa,Q96GX5,1,远 0.35–0.5,1.0,130,0.7692
drugjepa,Q96GX5,1,近 0.5–0.7,0.0,3,0.0000
drugjepa,Q9H0K1,0,远 0.35–0.5,5.0,49,10.2041
drugjepa,Q9H0K1,0,近 0.5–0.7,0.0,6,0.0000
drugjepa,Q9H0K1,0,极近 ≥0.7,0.0,37,0.0000
drugjepa,Q9H0K1,0,全新 <0.35,5.0,17,29.4118
drugjepa,Q9HCE5,0,远 0.35–0.5,0.0,115,0.0000
drugjepa,Q9HCE5,0,全新 <0.35,0.0,67,0.0000
drugjepa,Q9HCE5,0,近 0.5–0.7,0.0,7,0.0000
drugjepa,Q9HCE5,0,极近 ≥0.7,0.0,4,0.0000
drugjepa,Q9NPH5,0,远 0.35–0.5,0.0,36,0.0000
drugjepa,Q9NPH5,0,全新 <0.35,0.0,52,0.0000
drugjepa,Q9NPH5,0,近 0.5–0.7,0.0,7,0.0000
drugjepa,Q9NR19,0,远 0.35–0.5,3.0,127,2.3622
drugjepa,Q9NR19,0,全新 <0.35,1.0,9,11.1111
drugjepa,Q9NR19,0,近 0.5–0.7,0.0,6,0.0000
drugjepa,Q9Y2I7,0,远 0.35–0.5,0.0,327,0.0000
drugjepa,Q9Y2I7,0,近 0.5–0.7,0.0,43,0.0000
drugjepa,Q9Y2I7,0,全新 <0.35,0.0,8,0.0000
drugjepa,Q9Y2I7,0,极近 ≥0.7,0.0,16,0.0000
