target,layer,n_molecules,n_actives,metric,pocket,sequence,diff
C7C422,L1,1784,35,EF1%,8.4952,11.3270,+2.8317
C7C422,L1,1784,35,EF5%,10.7606,5.6635,-5.0971
C7C422,L1,1784,35,AUROC,0.8408,0.7245,-0.1163
O00141,L1,1581,31,EF1%,51.0000,51.0000,+0.0000
O00141,L1,1581,31,EF5%,16.5750,17.8500,+1.2750
O00141,L1,1581,31,AUROC,0.9208,0.9537,+0.0329
O00329,L1,9273,182,EF1%,41.6370,49.3070,+7.6700
O00329,L1,9273,182,EF5%,13.7259,12.7376,-0.9883
O00329,L1,9273,182,AUROC,0.9688,0.9323,-0.0365
O00444,L1,662,13,EF1%,21.8242,50.9231,+29.0989
O00444,L1,662,13,EF5%,10.4842,10.4842,+0.0000
O00444,L1,662,13,AUROC,0.8391,0.9502,+0.1111
O00763,L1,663,13,EF1%,51.0000,51.0000,+0.0000
O00763,L1,663,13,EF5%,19.5000,19.5000,+0.0000
O00763,L1,663,13,AUROC,0.9999,1.0000,+0.0001
O14744,L1,1222,24,EF1%,47.0000,50.9167,+3.9167
O14744,L1,1222,24,EF5%,12.3185,15.6035,+3.2849
O14744,L1,1222,24,AUROC,0.8878,0.9120,+0.0242
O14757,L1,662,13,EF1%,21.8242,29.0989,+7.2747
O14757,L1,662,13,EF5%,5.9910,11.9819,+5.9910
O14757,L1,662,13,AUROC,0.8083,0.7741,-0.0342
O14965,L1,1172,23,EF1%,42.4638,21.2319,-21.2319
O14965,L1,1172,23,EF5%,15.5461,5.1820,-10.3640
O14965,L1,1172,23,AUROC,0.9266,0.7799,-0.1467
O15379,L1,7189,141,EF1%,0.0000,49.5695,+49.5695
O15379,L1,7189,141,EF5%,0.0000,19.1197,+19.1197
O15379,L1,7189,141,AUROC,0.4009,0.9815,+0.5805
O43353,L1,12518,246,EF1%,50.8862,50.8862,+0.0000
O43353,L1,12518,246,EF5%,19.1026,19.5904,+0.4877
O43353,L1,12518,246,AUROC,0.9891,0.9942,+0.0052
O43570,L1,12736,250,EF1%,44.9740,43.3820,-1.5920
O43570,L1,12736,250,EF5%,18.3942,18.3142,-0.0800
O43570,L1,12736,250,AUROC,0.9842,0.9674,-0.0168
O60218,L1,1682,33,EF1%,50.9697,50.9697,+0.0000
O60218,L1,1682,33,EF5%,15.5907,17.3897,+1.7989
O60218,L1,1682,33,AUROC,0.9838,0.9884,+0.0046
O60341,L1,5301,104,EF1%,28.3173,30.2051,+1.8878
O60341,L1,5301,104,EF5%,6.5151,6.8984,+0.3832
O60341,L1,5301,104,AUROC,0.7062,0.7836,+0.0774
O60674,L1,11614,228,EF1%,0.0000,39.6189,+39.6189
O60674,L1,11614,228,EF5%,0.8767,16.6581,+15.7813
O60674,L1,11614,228,AUROC,0.6640,0.9533,+0.2893
O60885,L1,2954,58,EF1%,50.9310,50.9310,+0.0000
O60885,L1,2954,58,EF5%,18.2388,18.9271,+0.6883
O60885,L1,2954,58,AUROC,0.9682,0.9692,+0.0010
O75116,L1,1733,34,EF1%,50.9706,50.9706,+0.0000
O75116,L1,1733,34,EF5%,15.2326,16.9902,+1.7576
O75116,L1,1733,34,AUROC,0.9485,0.9585,+0.0100
O75385,L1,510,10,EF1%,25.5000,34.0000,+8.5000
O75385,L1,510,10,EF5%,11.7692,9.8077,-1.9615
O75385,L1,510,10,AUROC,0.8374,0.9388,+0.1014
O75417,L1,509,10,EF1%,0.0000,33.9333,+33.9333
O75417,L1,509,10,EF5%,3.9154,7.8308,+3.9154
O75417,L1,509,10,AUROC,0.6119,0.7082,+0.0963
O75460,L1,1732,34,EF1%,39.6209,42.4510,+2.8301
O75460,L1,1732,34,EF5%,18.7370,19.9080,+1.1711
O75460,L1,1732,34,AUROC,0.9785,0.9984,+0.0199
O75469,L1,4179,82,EF1%,50.9634,50.9634,+0.0000
O75469,L1,4179,82,EF5%,19.9952,19.9952,+0.0000
O75469,L1,4179,82,AUROC,1.0000,1.0000,+0.0000
O75762,L1,763,15,EF1%,6.3583,6.3583,+0.0000
O75762,L1,763,15,EF5%,1.3043,1.3043,+0.0000
O75762,L1,763,15,AUROC,0.4311,0.3650,-0.0661
O75874,L1,1476,29,EF1%,0.0000,3.3931,+3.3931
O75874,L1,1476,29,EF5%,0.0000,1.3756,+1.3756
O75874,L1,1476,29,AUROC,0.4521,0.6105,+0.1585
O76074,L1,2753,54,EF1%,29.1323,23.6700,-5.4623
O76074,L1,2753,54,EF5%,6.2803,7.7581,+1.4777
O76074,L1,2753,54,AUROC,0.5903,0.5819,-0.0084
O76083,L1,764,15,EF1%,50.9333,50.9333,+0.0000
O76083,L1,764,15,EF5%,18.2838,18.2838,+0.0000
O76083,L1,764,15,AUROC,0.9672,0.9748,+0.0077
O95271,L1,965,19,EF1%,50.7895,40.6316,-10.1579
O95271,L1,965,19,EF5%,19.6939,19.6939,+0.0000
O95271,L1,965,19,AUROC,0.9991,0.9978,-0.0012
O95819,L1,816,16,EF1%,0.0000,0.0000,+0.0000
O95819,L1,816,16,EF5%,1.2439,1.2439,+0.0000
O95819,L1,816,16,AUROC,0.8098,0.6975,-0.1123
O96013,L1,1071,21,EF1%,41.7273,51.0000,+9.2727
O96013,L1,1071,21,EF5%,15.1111,18.8889,+3.7778
O96013,L1,1071,21,AUROC,0.9497,0.9748,+0.0251
O96028,L1,1121,22,EF1%,16.9848,4.2462,-12.7386
O96028,L1,1121,22,EF5%,5.3636,0.8939,-4.4697
O96028,L1,1121,22,AUROC,0.8784,0.6969,-0.1815
P00338,L1,560,11,EF1%,0.0000,50.9091,+50.9091
P00338,L1,560,11,EF5%,0.0000,18.1818,+18.1818
P00338,L1,560,11,AUROC,0.2870,0.9646,+0.6776
P00352,L1,510,10,EF1%,0.0000,0.0000,+0.0000
P00352,L1,510,10,EF5%,0.0000,0.0000,+0.0000
P00352,L1,510,10,AUROC,0.4583,0.3005,-0.1578
P00491,L1,1325,26,EF1%,50.9615,50.9615,+0.0000
P00491,L1,1325,26,EF5%,19.7761,19.7761,+0.0000
P00491,L1,1325,26,AUROC,0.9993,0.9996,+0.0004
P00519,L1,2393,47,EF1%,42.4291,19.0931,-23.3360
P00519,L1,2393,47,EF5%,13.1530,12.3044,-0.8486
P00519,L1,2393,47,AUROC,0.9295,0.8979,-0.0316
P00533,L1,23791,467,EF1%,23.5457,11.3447,-12.2010
P00533,L1,23791,467,EF5%,8.2624,6.4644,-1.7980
P00533,L1,23791,467,AUROC,0.7876,0.7346,-0.0530
P00734,L1,7595,149,EF1%,37.5592,14.7554,-22.8038
P00734,L1,7595,149,EF5%,19.3161,8.8532,-10.4629
P00734,L1,7595,149,AUROC,0.9842,0.9001,-0.0841
P00742,L1,1019,20,EF1%,46.3182,50.9500,+4.6318
P00742,L1,1019,20,EF5%,19.9804,17.9824,-1.9980
P00742,L1,1019,20,AUROC,0.9967,0.9842,-0.0125
P00915,L1,8612,169,EF1%,33.3867,46.8585,+13.4718
P00915,L1,8612,169,EF5%,16.5527,19.2720,+2.7194
P00915,L1,8612,169,AUROC,0.9649,0.9872,+0.0223
P00918,L1,12485,245,EF1%,46.8824,28.9448,-17.9376
P00918,L1,12485,245,EF5%,16.1439,13.5348,-2.6091
P00918,L1,12485,245,AUROC,0.9586,0.9385,-0.0201
P01116,L1,2593,51,EF1%,33.2436,33.2436,+0.0000
P01116,L1,2593,51,EF5%,10.1686,8.2131,-1.9555
P01116,L1,2593,51,AUROC,0.9470,0.8840,-0.0630
P03372,L1,2038,40,EF1%,50.9500,46.0976,-4.8524
P03372,L1,2038,40,EF5%,17.4828,17.9824,+0.4995
P03372,L1,2038,40,AUROC,0.9757,0.9833,+0.0077
P04049,L1,867,17,EF1%,28.3333,39.6667,+11.3333
P04049,L1,867,17,EF5%,12.7500,13.9091,+1.1591
P04049,L1,867,17,AUROC,0.9603,0.9269,-0.0334
P04626,L1,4890,96,EF1%,10.3954,9.3559,-1.0395
P04626,L1,4890,96,EF5%,3.5344,4.7819,+1.2474
P04626,L1,4890,96,AUROC,0.5065,0.5673,+0.0608
P04629,L1,3262,64,EF1%,33.9792,29.3456,-4.6335
P04629,L1,3262,64,EF5%,11.1883,8.7020,-2.4863
P04629,L1,3262,64,AUROC,0.7450,0.7446,-0.0005
P04798,L1,3210,63,EF1%,3.0880,3.0880,+0.0000
P04798,L1,3210,63,EF5%,0.6329,0.6329,+0.0000
P04798,L1,3210,63,AUROC,0.5294,0.3831,-0.1463
P05089,L1,2906,57,EF1%,50.9825,50.9825,+0.0000
P05089,L1,2906,57,EF5%,19.9041,19.9041,+0.0000
P05089,L1,2906,57,AUROC,1.0000,1.0000,+0.0000
P05177,L1,2139,42,EF1%,2.3149,2.3149,+0.0000
P05177,L1,2139,42,EF5%,0.4760,1.4279,+0.9519
P05177,L1,2139,42,AUROC,0.5235,0.6871,+0.1637
P05771,L1,561,11,EF1%,25.5000,17.0000,-8.5000
P05771,L1,561,11,EF5%,12.3103,8.7931,-3.5172
P05771,L1,561,11,AUROC,0.7934,0.7840,-0.0094
P05979,L1,1530,30,EF1%,51.0000,51.0000,+0.0000
P05979,L1,1530,30,EF5%,15.2338,13.9091,-1.3247
P05979,L1,1530,30,AUROC,0.9581,0.9242,-0.0339
P06213,L1,662,13,EF1%,21.8242,43.6484,+21.8242
P06213,L1,662,13,EF5%,10.4842,14.9774,+4.4932
P06213,L1,662,13,AUROC,0.9404,0.9576,+0.0172
P06239,L1,3463,68,EF1%,27.6458,21.8256,-5.8202
P06239,L1,3463,68,EF5%,14.0487,6.4390,-7.6097
P06239,L1,3463,68,AUROC,0.9554,0.8459,-0.1094
P06276,L1,2498,49,EF1%,34.6661,34.6661,+0.0000
P06276,L1,2498,49,EF5%,12.6429,13.0508,+0.4078
P06276,L1,2498,49,AUROC,0.8533,0.8972,+0.0439
P06493,L1,1884,37,EF1%,48.2390,34.8393,-13.3997
P06493,L1,1884,37,EF5%,17.1516,17.6876,+0.5360
P06493,L1,1884,37,AUROC,0.9542,0.9729,+0.0187
P07333,L1,5251,103,EF1%,23.0855,27.8950,+4.8095
P07333,L1,5251,103,EF5%,5.2337,7.1722,+1.9384
P07333,L1,5251,103,AUROC,0.7628,0.8206,+0.0578
P07550,L1,612,12,EF1%,51.0000,51.0000,+0.0000
P07550,L1,612,12,EF5%,19.7419,19.7419,+0.0000
P07550,L1,612,12,AUROC,0.9997,0.9997,+0.0000
P07711,L1,2091,41,EF1%,29.1429,26.7143,-2.4286
P07711,L1,2091,41,EF5%,15.0571,7.7714,-7.2857
P07711,L1,2091,41,AUROC,0.9018,0.8388,-0.0630
P07900,L1,1479,29,EF1%,51.0000,51.0000,+0.0000
P07900,L1,1479,29,EF5%,18.6081,18.6081,+0.0000
P07900,L1,1479,29,AUROC,0.9773,0.9847,+0.0074
P07948,L1,663,13,EF1%,29.1429,36.4286,+7.2857
P07948,L1,663,13,EF5%,13.5000,15.0000,+1.5000
P07948,L1,663,13,AUROC,0.9392,0.9472,+0.0080
P07949,L1,2090,41,EF1%,43.6934,48.5482,+4.8548
P07949,L1,2090,41,EF5%,14.5645,16.9919,+2.4274
P07949,L1,2090,41,AUROC,0.9413,0.9776,+0.0364
P08069,L1,2038,40,EF1%,24.2619,38.8190,+14.5571
P08069,L1,2038,40,EF5%,11.9882,13.4868,+1.4985
P08069,L1,2038,40,AUROC,0.9579,0.9206,-0.0373
P08173,L1,662,13,EF1%,50.9231,50.9231,+0.0000
P08173,L1,662,13,EF5%,19.4706,17.9729,-1.4977
P08173,L1,662,13,AUROC,0.9998,0.9849,-0.0148
P08238,L1,1377,27,EF1%,51.0000,51.0000,+0.0000
P08238,L1,1377,27,EF5%,18.4783,18.4783,+0.0000
P08238,L1,1377,27,AUROC,0.9789,0.9748,-0.0042
P08246,L1,1476,29,EF1%,50.8966,50.8966,+0.0000
P08246,L1,1476,29,EF5%,14.4436,15.1314,+0.6878
P08246,L1,1476,29,AUROC,0.8127,0.8854,+0.0727
P08253,L1,712,14,EF1%,25.4286,31.7857,+6.3571
P08253,L1,712,14,EF5%,9.8889,14.1270,+4.2381
P08253,L1,712,14,AUROC,0.8740,0.9800,+0.1061
P08581,L1,3365,66,EF1%,7.4978,32.9902,+25.4924
P08581,L1,3365,66,EF5%,3.6202,12.0674,+8.4472
P08581,L1,3365,66,AUROC,0.5957,0.9049,+0.3092
P08908,L1,2394,47,EF1%,50.9362,48.8138,-2.1223
P08908,L1,2394,47,EF5%,19.5255,19.5255,+0.0000
P08908,L1,2394,47,AUROC,0.9780,0.9936,+0.0157
P08913,L1,1121,22,EF1%,42.4621,42.4621,+0.0000
P08913,L1,1121,22,EF5%,15.1970,13.4091,-1.7879
P08913,L1,1121,22,AUROC,0.8883,0.8534,-0.0348
P08922,L1,1019,20,EF1%,27.7909,37.0545,+9.2636
P08922,L1,1019,20,EF5%,11.9882,13.9863,+1.9980
P08922,L1,1019,20,AUROC,0.8538,0.9286,+0.0747
P09874,L1,8149,160,EF1%,45.3412,44.7201,-0.6211
P09874,L1,8149,160,EF5%,18.9744,17.8509,-1.1235
P09874,L1,8149,160,AUROC,0.9819,0.9796,-0.0023
P0C6U8,L1,612,12,EF1%,51.0000,51.0000,+0.0000
P0C6U8,L1,612,12,EF5%,19.7419,19.7419,+0.0000
P0C6U8,L1,612,12,AUROC,1.0000,1.0000,+0.0000
P0DMS8,L1,3507,60,EF1%,58.4500,58.4500,+0.0000
P0DMS8,L1,3507,60,EF5%,19.2619,19.2619,+0.0000
P0DMS8,L1,3507,60,AUROC,0.9834,0.9979,+0.0144
P0DTD1,L1,21395,419,EF1%,48.1988,49.8690,+1.6703
P0DTD1,L1,21395,419,EF5%,14.3165,16.7503,+2.4338
P0DTD1,L1,21395,419,AUROC,0.9443,0.9555,+0.0112
P10275,L1,765,15,EF1%,44.6250,38.2500,-6.3750
P10275,L1,765,15,EF5%,10.4615,13.0769,+2.6154
P10275,L1,765,15,AUROC,0.7589,0.8275,+0.0686
P10415,L1,712,14,EF1%,50.8571,50.8571,+0.0000
P10415,L1,712,14,EF5%,16.9524,16.9524,+0.0000
P10415,L1,712,14,AUROC,0.9460,0.8846,-0.0614
P10721,L1,1987,39,EF1%,38.2115,43.3064,+5.0949
P10721,L1,1987,39,EF5%,17.8321,15.2846,-2.5474
P10721,L1,1987,39,AUROC,0.9757,0.9606,-0.0150
P11309,L1,2804,55,EF1%,31.6439,33.4019,+1.7580
P11309,L1,2804,55,EF5%,9.0393,10.1240,+1.0847
P11309,L1,2804,55,AUROC,0.7037,0.7106,+0.0070
P11362,L1,2854,56,EF1%,26.3608,28.1182,+1.7574
P11362,L1,2854,56,EF5%,7.8407,6.4151,-1.4256
P11362,L1,2854,56,AUROC,0.6808,0.7978,+0.1170
P11511,L1,712,14,EF1%,6.3571,25.4286,+19.0714
P11511,L1,712,14,EF5%,2.8254,7.0635,+4.2381
P11511,L1,712,14,AUROC,0.7650,0.8213,+0.0563
P11802,L1,3620,71,EF1%,48.2299,50.9859,+2.7560
P11802,L1,3620,71,EF5%,19.4366,19.7183,+0.2817
P11802,L1,3620,71,AUROC,0.9963,0.9960,-0.0003
P12931,L1,4634,91,EF1%,34.6710,6.5008,-28.1702
P12931,L1,4634,91,EF5%,14.0477,3.7314,-10.3163
P12931,L1,4634,91,AUROC,0.9522,0.7049,-0.2473
P13569,L1,1019,20,EF1%,50.9500,50.9500,+0.0000
P13569,L1,1019,20,EF5%,18.9814,18.9814,+0.0000
P13569,L1,1019,20,AUROC,0.9914,0.9882,-0.0031
P14324,L1,509,10,EF1%,50.9000,42.4167,-8.4833
P14324,L1,509,10,EF5%,19.5769,19.5769,+0.0000
P14324,L1,509,10,AUROC,1.0000,0.9973,-0.0027
P14618,L1,612,12,EF1%,0.0000,7.2857,+7.2857
P14618,L1,612,12,EF5%,1.6452,1.6452,+0.0000
P14618,L1,612,12,AUROC,0.1047,0.2987,+0.1940
P14867,L1,2295,45,EF1%,39.9130,37.6957,-2.2174
P14867,L1,2295,45,EF5%,8.4261,7.5391,-0.8870
P14867,L1,2295,45,AUROC,0.8588,0.6950,-0.1639
P14902,L1,2548,50,EF1%,43.1200,49.0000,+5.8800
P14902,L1,2548,50,EF5%,17.5175,17.1194,-0.3981
P14902,L1,2548,50,AUROC,0.9705,0.9335,-0.0370
P14920,L1,714,14,EF1%,0.0000,0.0000,+0.0000
P14920,L1,714,14,EF5%,0.0000,0.0000,+0.0000
P14920,L1,714,14,AUROC,0.6406,0.2248,-0.4158
P15056,L1,2955,58,EF1%,40.7586,40.7586,+0.0000
P15056,L1,2955,58,EF5%,18.9335,15.8353,-3.0982
P15056,L1,2955,58,AUROC,0.9831,0.9634,-0.0197
P15121,L1,916,18,EF1%,45.8000,45.8000,+0.0000
P15121,L1,916,18,EF5%,15.4879,18.8068,+3.3188
P15121,L1,916,18,AUROC,0.9650,0.9910,+0.0260
P15538,L1,765,15,EF1%,25.5000,44.6250,+19.1250
P15538,L1,765,15,EF5%,17.0000,19.6154,+2.6154
P15538,L1,765,15,AUROC,0.9843,0.9986,+0.0143
P16083,L1,815,16,EF1%,5.6597,11.3194,+5.6597
P16083,L1,815,16,EF5%,4.9695,12.4238,+7.4543
P16083,L1,815,16,AUROC,0.7440,0.9448,+0.2008
P16110,L1,663,13,EF1%,51.0000,51.0000,+0.0000
P16110,L1,663,13,EF5%,19.5000,19.5000,+0.0000
P16110,L1,663,13,AUROC,1.0000,1.0000,+0.0000
P16234,L1,1987,39,EF1%,35.6641,45.8538,+10.1897
P16234,L1,1987,39,EF5%,18.3415,17.3226,-1.0190
P16234,L1,1987,39,AUROC,0.9862,0.9796,-0.0066
P17252,L1,1121,22,EF1%,50.9545,50.9545,+0.0000
P17252,L1,1121,22,EF5%,14.3030,17.8788,+3.5758
P17252,L1,1121,22,AUROC,0.9090,0.9570,+0.0480
P17706,L1,867,17,EF1%,45.3333,51.0000,+5.6667
P17706,L1,867,17,EF5%,17.3864,17.3864,+0.0000
P17706,L1,867,17,AUROC,0.9659,0.9611,-0.0048
P17931,L1,712,14,EF1%,50.8571,50.8571,+0.0000
P17931,L1,712,14,EF5%,19.7778,19.7778,+0.0000
P17931,L1,712,14,AUROC,1.0000,1.0000,+0.0000
P18031,L1,5902,116,EF1%,32.2236,38.1595,+5.9359
P18031,L1,5902,116,EF5%,17.5327,18.0484,+0.5157
P18031,L1,5902,116,AUROC,0.9518,0.9640,+0.0121
P18089,L1,815,16,EF1%,45.2778,39.6181,-5.6597
P18089,L1,815,16,EF5%,19.8780,17.3933,-2.4848
P18089,L1,815,16,AUROC,0.9969,0.9722,-0.0246
P18825,L1,1020,20,EF1%,37.0909,32.4545,-4.6364
P18825,L1,1020,20,EF5%,18.0000,17.0000,-1.0000
P18825,L1,1020,20,AUROC,0.9824,0.9427,-0.0397
P19099,L1,867,17,EF1%,51.0000,51.0000,+0.0000
P19099,L1,867,17,EF5%,19.7045,19.7045,+0.0000
P19099,L1,867,17,AUROC,0.9972,0.9996,+0.0024
P19634,L1,1171,23,EF1%,50.9130,50.9130,+0.0000
P19634,L1,1171,23,EF5%,19.8475,18.9845,-0.8629
P19634,L1,1171,23,AUROC,0.9984,0.9969,-0.0015
P19793,L1,813,16,EF1%,45.1667,16.9375,-28.2292
P19793,L1,813,16,EF5%,14.8720,12.3933,-2.4787
P19793,L1,813,16,AUROC,0.9008,0.9681,+0.0673
P21397,L1,1071,21,EF1%,41.7273,51.0000,+9.2727
P21397,L1,1071,21,EF5%,14.1667,15.1111,+0.9444
P21397,L1,1071,21,AUROC,0.9141,0.9119,-0.0022
P21554,L1,5096,100,EF1%,45.9639,50.9600,+4.9961
P21554,L1,5096,100,EF5%,14.3887,15.7876,+1.3989
P21554,L1,5096,100,AUROC,0.8414,0.8507,+0.0093
P21589,L1,1222,24,EF1%,50.9167,50.9167,+0.0000
P21589,L1,1222,24,EF5%,16.4247,16.4247,+0.0000
P21589,L1,1222,24,AUROC,0.9067,0.8893,-0.0174
P21728,L1,1223,24,EF1%,7.8397,50.9583,+43.1186
P21728,L1,1223,24,EF5%,8.2191,17.2601,+9.0410
P21728,L1,1223,24,AUROC,0.8380,0.9833,+0.1454
P21802,L1,917,18,EF1%,50.9444,50.9444,+0.0000
P21802,L1,917,18,EF5%,14.3973,14.3973,+0.0000
P21802,L1,917,18,AUROC,0.9790,0.9574,-0.0216
P21918,L1,610,12,EF1%,50.8333,43.5714,-7.2619
P21918,L1,610,12,EF5%,16.3978,16.3978,+0.0000
P21918,L1,610,12,AUROC,0.9897,0.9776,-0.0121
P21964,L1,1527,30,EF1%,50.9000,50.9000,+0.0000
P21964,L1,1527,30,EF5%,19.8312,19.8312,+0.0000
P21964,L1,1527,30,AUROC,1.0000,1.0000,+0.0000
P22303,L1,4536,89,EF1%,47.6424,49.8583,+2.2159
P22303,L1,4536,89,EF5%,13.4713,12.7977,-0.6736
P22303,L1,4536,89,AUROC,0.8539,0.8322,-0.0217
P22413,L1,9628,189,EF1%,8.4028,16.2804,+7.8776
P22413,L1,9628,189,EF5%,3.2763,5.2844,+2.0081
P22413,L1,9628,189,AUROC,0.6508,0.7973,+0.1465
P22455,L1,2803,55,EF1%,1.7574,47.4489,+45.6915
P22455,L1,2803,55,EF5%,1.4458,13.7349,+12.2891
P22455,L1,2803,55,AUROC,0.5866,0.9209,+0.3343
P22607,L1,1019,20,EF1%,41.6864,50.9500,+9.2636
P22607,L1,1019,20,EF5%,11.9882,12.9873,+0.9990
P22607,L1,1019,20,AUROC,0.8554,0.9440,+0.0887
P22748,L1,5699,112,EF1%,41.0642,41.0642,+0.0000
P22748,L1,5699,112,EF5%,16.0686,18.5682,+2.4996
P22748,L1,5699,112,AUROC,0.9730,0.9741,+0.0011
P23458,L1,10037,197,EF1%,46.4092,49.9403,+3.5311
P23458,L1,10037,197,EF5%,19.0806,19.2836,+0.2030
P23458,L1,10037,197,AUROC,0.9893,0.9868,-0.0025
P23467,L1,867,17,EF1%,45.3333,51.0000,+5.6667
P23467,L1,867,17,EF5%,19.7045,19.7045,+0.0000
P23467,L1,867,17,AUROC,0.9988,0.9999,+0.0011
P24941,L1,2804,55,EF1%,49.2238,33.4019,-15.8219
P24941,L1,2804,55,EF5%,16.2708,14.1014,-2.1694
P24941,L1,2804,55,AUROC,0.9183,0.9354,+0.0172
P25440,L1,660,13,EF1%,50.7692,50.7692,+0.0000
P25440,L1,660,13,EF5%,18.4615,18.4615,+0.0000
P25440,L1,660,13,AUROC,0.9822,0.9653,-0.0169
P25774,L1,663,13,EF1%,51.0000,51.0000,+0.0000
P25774,L1,663,13,EF5%,19.5000,19.5000,+0.0000
P25774,L1,663,13,AUROC,1.0000,0.9976,-0.0024
P25779,L1,559,11,EF1%,16.9394,16.9394,+0.0000
P25779,L1,559,11,EF5%,3.6299,3.6299,+0.0000
P25779,L1,559,11,AUROC,0.8200,0.8288,+0.0088
P27338,L1,7900,155,EF1%,23.8710,25.1613,+1.2903
P27338,L1,7900,155,EF5%,10.1935,6.7097,-3.4839
P27338,L1,7900,155,AUROC,0.8193,0.7427,-0.0765
P27487,L1,1681,33,EF1%,47.9430,29.9643,-17.9786
P27487,L1,1681,33,EF5%,11.9857,9.5886,-2.3971
P27487,L1,1681,33,AUROC,0.8057,0.8705,+0.0648
P28062,L1,714,14,EF1%,38.2500,38.2500,+0.0000
P28062,L1,714,14,EF5%,8.5000,8.5000,+0.0000
P28062,L1,714,14,AUROC,0.5844,0.7288,+0.1444
P28074,L1,1885,37,EF1%,48.2646,48.2646,+0.0000
P28074,L1,1885,37,EF5%,19.3058,18.7696,-0.5363
P28074,L1,1885,37,AUROC,0.9944,0.9794,-0.0150
P28221,L1,815,16,EF1%,45.2778,45.2778,+0.0000
P28221,L1,815,16,EF5%,18.6357,18.6357,+0.0000
P28221,L1,815,16,AUROC,0.9864,0.9531,-0.0332
P28222,L1,765,15,EF1%,44.6250,51.0000,+6.3750
P28222,L1,765,15,EF5%,18.3077,18.3077,+0.0000
P28222,L1,765,15,AUROC,0.9693,0.9824,+0.0131
P28335,L1,4078,80,EF1%,12.4329,36.0555,+23.6226
P28335,L1,4078,80,EF5%,11.7442,15.9922,+4.2479
P28335,L1,4078,80,AUROC,0.8718,0.9727,+0.1010
P28482,L1,763,15,EF1%,12.7167,25.4333,+12.7167
P28482,L1,763,15,EF5%,7.8256,6.5214,-1.3043
P28482,L1,763,15,AUROC,0.8571,0.6308,-0.2263
P28566,L1,510,10,EF1%,51.0000,51.0000,+0.0000
P28566,L1,510,10,EF5%,19.6154,19.6154,+0.0000
P28566,L1,510,10,AUROC,1.0000,1.0000,+0.0000
P29274,L1,714,14,EF1%,51.0000,44.6250,-6.3750
P29274,L1,714,14,EF5%,18.4167,15.5833,-2.8333
P29274,L1,714,14,AUROC,0.9611,0.9033,-0.0579
P29466,L1,867,17,EF1%,45.3333,34.0000,-11.3333
P29466,L1,867,17,EF5%,12.7500,12.7500,+0.0000
P29466,L1,867,17,AUROC,0.8069,0.8459,+0.0391
P29597,L1,9519,187,EF1%,11.1352,49.3130,+38.1778
P29597,L1,9519,187,EF5%,5.0262,18.9285,+13.9023
P29597,L1,9519,187,AUROC,0.7991,0.9849,+0.1858
P30291,L1,1529,30,EF1%,41.4104,22.2979,-19.1125
P30291,L1,1529,30,EF5%,18.5333,12.5762,-5.9571
P30291,L1,1529,30,AUROC,0.9907,0.9587,-0.0320
P30530,L1,2548,50,EF1%,17.6400,47.0400,+29.4000
P30530,L1,2548,50,EF5%,13.9344,12.7400,-1.1944
P30530,L1,2548,50,AUROC,0.9568,0.9058,-0.0511
P30542,L1,1017,19,EF1%,53.5263,53.5263,+0.0000
P30542,L1,1017,19,EF5%,19.9412,18.8916,-1.0495
P30542,L1,1017,19,AUROC,0.9997,0.9981,-0.0016
P31153,L1,3213,63,EF1%,0.0000,51.0000,+51.0000
P31153,L1,3213,63,EF5%,0.0000,16.7888,+16.7888
P31153,L1,3213,63,AUROC,0.7520,0.9283,+0.1763
P31639,L1,561,11,EF1%,51.0000,51.0000,+0.0000
P31639,L1,561,11,EF5%,19.3448,19.3448,+0.0000
P31639,L1,561,11,AUROC,1.0000,1.0000,+0.0000
P31645,L1,561,11,EF1%,42.5000,42.5000,+0.0000
P31645,L1,561,11,EF5%,17.5862,19.3448,+1.7586
P31645,L1,561,11,AUROC,0.9869,0.9967,+0.0098
P31749,L1,6317,124,EF1%,3.9800,50.9435,+46.9636
P31749,L1,6317,124,EF5%,3.0631,16.7662,+13.7032
P31749,L1,6317,124,AUROC,0.8373,0.9583,+0.1210
P31751,L1,1783,35,EF1%,16.9810,50.9429,+33.9619
P31751,L1,1783,35,EF5%,3.9622,16.4149,+12.4527
P31751,L1,1783,35,AUROC,0.8246,0.9257,+0.1011
P33981,L1,1477,29,EF1%,50.9310,50.9310,+0.0000
P33981,L1,1477,29,EF5%,18.5829,19.2712,+0.6883
P33981,L1,1477,29,AUROC,0.9615,0.9964,+0.0349
P34913,L1,6317,124,EF1%,50.9435,50.9435,+0.0000
P34913,L1,6317,124,EF5%,19.8293,19.3457,-0.4836
P34913,L1,6317,124,AUROC,0.9970,0.9963,-0.0008
P34914,L1,5044,99,EF1%,50.9495,50.9495,+0.0000
P34914,L1,5044,99,EF5%,15.9091,18.5271,+2.6180
P34914,L1,5044,99,AUROC,0.9812,0.9891,+0.0079
P34972,L1,3414,67,EF1%,50.9552,50.9552,+0.0000
P34972,L1,3414,67,EF5%,18.7730,19.3689,+0.5960
P34972,L1,3414,67,AUROC,0.9950,0.9860,-0.0090
P35354,L1,2243,44,EF1%,44.3281,42.1117,-2.2164
P35354,L1,2243,44,EF5%,14.8872,10.3759,-4.5113
P35354,L1,2243,44,AUROC,0.9102,0.7650,-0.1452
P35367,L1,510,10,EF1%,34.0000,25.5000,-8.5000
P35367,L1,510,10,EF5%,15.6923,9.8077,-5.8846
P35367,L1,510,10,AUROC,0.8934,0.9315,+0.0381
P35372,L1,1427,28,EF1%,50.9643,50.9643,+0.0000
P35372,L1,1427,28,EF5%,18.4038,16.9881,-1.4157
P35372,L1,1427,28,AUROC,0.9701,0.9628,-0.0073
P35968,L1,6924,136,EF1%,43.6387,16.0008,-27.6378
P35968,L1,6924,136,EF5%,14.5253,10.4171,-4.1082
P35968,L1,6924,136,AUROC,0.9034,0.8498,-0.0536
P36776,L1,1020,20,EF1%,51.0000,51.0000,+0.0000
P36776,L1,1020,20,EF5%,20.0000,20.0000,+0.0000
P36776,L1,1020,20,AUROC,1.0000,0.9997,-0.0003
P36888,L1,4282,84,EF1%,29.6373,36.7503,+7.1130
P36888,L1,4282,84,EF5%,13.0404,12.5662,-0.4742
P36888,L1,4282,84,AUROC,0.9192,0.9078,-0.0114
P36897,L1,916,18,EF1%,25.4444,30.5333,+5.0889
P36897,L1,916,18,EF5%,13.2754,12.1691,-1.1063
P36897,L1,916,18,AUROC,0.9684,0.9201,-0.0483
P37231,L1,867,17,EF1%,34.0000,34.0000,+0.0000
P37231,L1,867,17,EF5%,12.7500,12.7500,+0.0000
P37231,L1,867,17,AUROC,0.8768,0.8684,-0.0084
P41143,L1,713,14,EF1%,50.9286,38.1964,-12.7321
P41143,L1,713,14,EF5%,16.9762,18.3909,+1.4147
P41143,L1,713,14,AUROC,0.9378,0.9456,+0.0079
P41145,L1,9834,193,EF1%,43.2332,42.7185,-0.5147
P41145,L1,9834,193,EF5%,12.5312,15.9488,+3.4176
P41145,L1,9834,193,AUROC,0.8598,0.9204,+0.0606
P41182,L1,3208,63,EF1%,50.9206,50.9206,+0.0000
P41182,L1,3208,63,EF5%,19.9255,19.9255,+0.0000
P41182,L1,3208,63,AUROC,0.9999,1.0000,+0.0001
P41240,L1,915,18,EF1%,40.6667,45.7500,+5.0833
P41240,L1,915,18,EF5%,18.7862,17.6812,-1.1051
P41240,L1,915,18,AUROC,0.9726,0.9679,-0.0046
P41595,L1,4634,90,EF1%,23.0057,40.5338,+17.5281
P41595,L1,4634,90,EF5%,9.3213,13.5380,+4.2168
P41595,L1,4634,90,AUROC,0.7843,0.9043,+0.1200
P42330,L1,1682,33,EF1%,23.9857,32.9804,+8.9947
P42330,L1,1682,33,EF5%,6.5961,13.7918,+7.1957
P42330,L1,1682,33,AUROC,0.7277,0.8645,+0.1368
P42336,L1,4536,89,EF1%,24.3752,42.1026,+17.7274
P42336,L1,4536,89,EF5%,11.6751,16.1655,+4.4904
P42336,L1,4536,89,AUROC,0.9192,0.9497,+0.0305
P42345,L1,1683,33,EF1%,6.0000,6.0000,+0.0000
P42345,L1,1683,33,EF5%,4.2000,3.0000,-1.2000
P42345,L1,1683,33,AUROC,0.7601,0.8053,+0.0452
P43166,L1,4126,81,EF1%,49.7255,44.8742,-4.8513
P43166,L1,4126,81,EF5%,19.6863,19.9324,+0.2461
P43166,L1,4126,81,AUROC,0.9984,0.9967,-0.0017
P43405,L1,559,11,EF1%,33.8788,16.9394,-16.9394
P43405,L1,559,11,EF5%,10.8896,9.0747,-1.8149
P43405,L1,559,11,AUROC,0.9271,0.8717,-0.0554
P43490,L1,867,17,EF1%,51.0000,51.0000,+0.0000
P43490,L1,867,17,EF5%,18.5455,18.5455,+0.0000
P43490,L1,867,17,AUROC,0.9923,0.9906,-0.0017
P45983,L1,1733,34,EF1%,0.0000,16.9902,+16.9902
P45983,L1,1733,34,EF5%,4.1011,9.3739,+5.2728
P45983,L1,1733,34,AUROC,0.7882,0.8615,+0.0732
P45984,L1,1631,32,EF1%,11.9926,20.9871,+8.9945
P45984,L1,1631,32,EF5%,7.4588,9.9451,+2.4863
P45984,L1,1631,32,AUROC,0.8600,0.9109,+0.0509
P47989,L1,2804,55,EF1%,7.0320,15.8219,+8.7900
P47989,L1,2804,55,EF5%,5.7852,9.0393,+3.2542
P47989,L1,2804,55,AUROC,0.7951,0.9072,+0.1121
P48039,L1,662,13,EF1%,43.6484,50.9231,+7.2747
P48039,L1,662,13,EF5%,17.9729,17.9729,+0.0000
P48039,L1,662,13,AUROC,0.9469,0.9904,+0.0435
P48735,L1,560,11,EF1%,50.9091,50.9091,+0.0000
P48735,L1,560,11,EF5%,20.0000,20.0000,+0.0000
P48735,L1,560,11,AUROC,0.9988,1.0000,+0.0012
P48736,L1,6319,124,EF1%,17.5174,12.7399,-4.7775
P48736,L1,6319,124,EF5%,8.0632,10.9660,+2.9028
P48736,L1,6319,124,AUROC,0.8265,0.9195,+0.0929
P49137,L1,509,10,EF1%,16.9667,25.4500,+8.4833
P49137,L1,509,10,EF5%,13.7038,5.8731,-7.8308
P49137,L1,509,10,AUROC,0.8266,0.7652,-0.0613
P49286,L1,914,18,EF1%,20.3111,50.7778,+30.4667
P49286,L1,914,18,EF5%,11.0386,15.4541,+4.4155
P49286,L1,914,18,AUROC,0.7948,0.9683,+0.1735
P49327,L1,33880,665,EF1%,50.9474,50.9474,+0.0000
P49327,L1,33880,665,EF5%,20.0000,20.0000,+0.0000
P49327,L1,33880,665,AUROC,1.0000,1.0000,-0.0000
P49759,L1,561,11,EF1%,42.5000,42.5000,+0.0000
P49759,L1,561,11,EF5%,8.7931,15.8276,+7.0345
P49759,L1,561,11,AUROC,0.8499,0.9635,+0.1136
P49760,L1,662,13,EF1%,29.0989,43.6484,+14.5495
P49760,L1,662,13,EF5%,7.4887,8.9864,+1.4977
P49760,L1,662,13,AUROC,0.6866,0.8964,+0.2098
P49840,L1,510,10,EF1%,0.0000,34.0000,+34.0000
P49840,L1,510,10,EF5%,3.9231,15.6923,+11.7692
P49840,L1,510,10,AUROC,0.8322,0.9550,+0.1228
P49841,L1,1223,24,EF1%,35.2788,35.2788,+0.0000
P49841,L1,1223,24,EF5%,9.0410,9.8629,+0.8219
P49841,L1,1223,24,AUROC,0.7938,0.8522,+0.0584
P50053,L1,1275,25,EF1%,51.0000,51.0000,+0.0000
P50053,L1,1275,25,EF5%,19.9219,19.9219,+0.0000
P50053,L1,1275,25,AUROC,1.0000,0.9999,-0.0001
P50406,L1,3415,67,EF1%,48.0576,45.1450,-2.9126
P50406,L1,3415,67,EF5%,19.6727,19.6727,+0.0000
P50406,L1,3415,67,AUROC,0.9957,0.9944,-0.0013
P50613,L1,1120,22,EF1%,38.1818,46.6667,+8.4848
P50613,L1,1120,22,EF5%,10.9091,18.1818,+7.2727
P50613,L1,1120,22,AUROC,0.9540,0.9847,+0.0306
P50750,L1,3416,67,EF1%,46.6149,49.5284,+2.9134
P50750,L1,3416,67,EF5%,14.0134,16.1005,+2.0871
P50750,L1,3416,67,AUROC,0.8805,0.8873,+0.0068
P51449,L1,2038,40,EF1%,50.9500,50.9500,+0.0000
P51449,L1,2038,40,EF5%,19.9804,19.9804,+0.0000
P51449,L1,2038,40,AUROC,0.9999,0.9997,-0.0002
P51531,L1,867,17,EF1%,34.0000,34.0000,+0.0000
P51531,L1,867,17,EF5%,6.9545,6.9545,+0.0000
P51531,L1,867,17,AUROC,0.6682,0.5340,-0.1342
P51532,L1,507,10,EF1%,42.2500,42.2500,+0.0000
P51532,L1,507,10,EF5%,9.7500,9.7500,+0.0000
P51532,L1,507,10,AUROC,0.6681,0.7263,+0.0581
P51617,L1,765,15,EF1%,31.8750,0.0000,-31.8750
P51617,L1,765,15,EF5%,15.6923,13.0769,-2.6154
P51617,L1,765,15,AUROC,0.9064,0.9574,+0.0510
P51812,L1,815,16,EF1%,16.9792,28.2986,+11.3194
P51812,L1,815,16,EF5%,9.9390,8.6966,-1.2424
P51812,L1,815,16,AUROC,0.8328,0.8201,-0.0127
P51813,L1,764,15,EF1%,50.9333,50.9333,+0.0000
P51813,L1,764,15,EF5%,14.3658,16.9778,+2.6120
P51813,L1,764,15,AUROC,0.9369,0.9787,+0.0418
P51955,L1,866,17,EF1%,33.9608,45.2810,+11.3203
P51955,L1,866,17,EF5%,6.9465,11.5775,+4.6310
P51955,L1,866,17,AUROC,0.7740,0.9215,+0.1475
P52333,L1,13042,256,EF1%,41.2229,47.8341,+6.6112
P52333,L1,13042,256,EF5%,18.0220,18.1000,+0.0780
P52333,L1,13042,256,AUROC,0.9826,0.9799,-0.0028
P53350,L1,1223,24,EF1%,7.8397,0.0000,-7.8397
P53350,L1,1223,24,EF5%,4.1095,4.1095,+0.0000
P53350,L1,1223,24,AUROC,0.7487,0.7002,-0.0486
P53634,L1,2953,58,EF1%,50.9138,50.9138,+0.0000
P53634,L1,2953,58,EF5%,18.5767,18.5767,+0.0000
P53634,L1,2953,58,AUROC,0.9562,0.9574,+0.0013
P53779,L1,1631,32,EF1%,17.9890,32.9798,+14.9908
P53779,L1,1631,32,EF5%,10.5667,13.0530,+2.4863
P53779,L1,1631,32,AUROC,0.8843,0.9263,+0.0420
P54646,L1,1171,23,EF1%,46.6703,46.6703,+0.0000
P54646,L1,1171,23,EF5%,17.2587,18.1216,+0.8629
P54646,L1,1171,23,AUROC,0.9681,0.9790,+0.0108
P55055,L1,661,13,EF1%,50.8462,50.8462,+0.0000
P55055,L1,661,13,EF5%,19.4412,19.4412,+0.0000
P55055,L1,661,13,AUROC,1.0000,1.0000,+0.0000
P56524,L1,1428,28,EF1%,40.8000,37.4000,-3.4000
P56524,L1,1428,28,EF5%,14.8750,17.7083,+2.8333
P56524,L1,1428,28,AUROC,0.9499,0.9786,+0.0287
P56817,L1,13247,260,EF1%,50.9500,29.4974,-21.4526
P56817,L1,13247,260,EF5%,18.5203,14.8316,-3.6887
P56817,L1,13247,260,AUROC,0.9426,0.9349,-0.0077
P61964,L1,867,17,EF1%,51.0000,51.0000,+0.0000
P61964,L1,867,17,EF5%,16.2273,17.3864,+1.1591
P61964,L1,867,17,AUROC,0.9604,0.9665,+0.0061
P62937,L1,917,18,EF1%,50.9444,50.9444,+0.0000
P62937,L1,917,18,EF5%,18.8273,18.8273,+0.0000
P62937,L1,917,18,AUROC,0.9793,0.9859,+0.0066
P68400,L1,714,14,EF1%,25.5000,31.8750,+6.3750
P68400,L1,714,14,EF5%,7.0833,8.5000,+1.4167
P68400,L1,714,14,AUROC,0.8301,0.6016,-0.2285
P78527,L1,509,10,EF1%,25.4500,33.9333,+8.4833
P78527,L1,509,10,EF5%,7.8308,7.8308,+0.0000
P78527,L1,509,10,AUROC,0.6887,0.7275,+0.0388
P78540,L1,815,16,EF1%,50.9375,50.9375,+0.0000
P78540,L1,815,16,EF5%,19.8780,19.8780,+0.0000
P78540,L1,815,16,AUROC,1.0000,1.0000,+0.0000
P80457,L1,1631,32,EF1%,32.9798,20.9871,-11.9926
P80457,L1,1631,32,EF5%,18.0255,6.8373,-11.1883
P80457,L1,1631,32,AUROC,0.9816,0.9291,-0.0524
Q00534,L1,561,11,EF1%,42.5000,42.5000,+0.0000
Q00534,L1,561,11,EF5%,19.3448,15.8276,-3.5172
Q00534,L1,561,11,AUROC,0.9964,0.9850,-0.0114
Q00535,L1,968,19,EF1%,0.0000,25.4737,+25.4737
Q00535,L1,968,19,EF5%,15.5961,19.7551,+4.1590
Q00535,L1,968,19,AUROC,0.9705,0.9921,+0.0216
Q01650,L1,918,18,EF1%,45.9000,51.0000,+5.1000
Q01650,L1,918,18,EF5%,19.9565,19.9565,+0.0000
Q01650,L1,918,18,AUROC,0.9952,0.9971,+0.0019
Q02127,L1,3766,74,EF1%,48.2134,50.8919,+2.6785
Q02127,L1,3766,74,EF5%,18.0410,17.5025,-0.5385
Q02127,L1,3766,74,AUROC,0.9683,0.9684,+0.0000
Q02750,L1,713,14,EF1%,50.9286,25.4643,-25.4643
Q02750,L1,713,14,EF5%,16.9762,8.4881,-8.4881
Q02750,L1,713,14,AUROC,0.9834,0.8682,-0.1153
Q03181,L1,764,15,EF1%,50.9333,50.9333,+0.0000
Q03181,L1,764,15,EF5%,18.2838,19.5897,+1.3060
Q03181,L1,764,15,AUROC,0.9955,0.9986,+0.0032
Q04609,L1,1836,36,EF1%,51.0000,51.0000,+0.0000
Q04609,L1,1836,36,EF5%,17.7391,16.6304,-1.1087
Q04609,L1,1836,36,AUROC,0.9709,0.9603,-0.0107
Q04759,L1,968,19,EF1%,50.9474,10.1895,-40.7579
Q04759,L1,968,19,EF5%,18.7154,8.3179,-10.3974
Q04759,L1,968,19,AUROC,0.9564,0.8770,-0.0793
Q05397,L1,4588,90,EF1%,39.8957,33.2464,-6.6493
Q05397,L1,4588,90,EF5%,18.6180,11.7471,-6.8709
Q05397,L1,4588,90,AUROC,0.9889,0.9211,-0.0677
Q05586,L1,2240,44,EF1%,2.2134,19.9209,+17.7075
Q05586,L1,2240,44,EF5%,6.3636,5.4545,-0.9091
Q05586,L1,2240,44,AUROC,0.7986,0.7941,-0.0045
Q06124,L1,1424,28,EF1%,50.8571,50.8571,+0.0000
Q06124,L1,1424,28,EF5%,14.1270,19.7778,+5.6508
Q06124,L1,1424,28,AUROC,0.7808,0.9992,+0.2184
Q06187,L1,18092,355,EF1%,50.9634,50.9634,+0.0000
Q06187,L1,18092,355,EF5%,19.6533,19.7096,+0.0563
Q06187,L1,18092,355,AUROC,0.9931,0.9950,+0.0019
Q07343,L1,2396,47,EF1%,50.9787,46.7305,-4.2482
Q07343,L1,2396,47,EF5%,16.5681,13.5943,-2.9738
Q07343,L1,2396,47,AUROC,0.9317,0.8954,-0.0363
Q07422,L1,612,12,EF1%,51.0000,51.0000,+0.0000
Q07422,L1,612,12,EF5%,14.8065,14.8065,+0.0000
Q07422,L1,612,12,AUROC,0.8224,0.8259,+0.0035
Q07817,L1,709,14,EF1%,50.6429,50.6429,+0.0000
Q07817,L1,709,14,EF5%,16.8810,16.8810,+0.0000
Q07817,L1,709,14,AUROC,0.9076,0.8719,-0.0357
Q07820,L1,2647,52,EF1%,50.9038,50.9038,+0.0000
Q07820,L1,2647,52,EF5%,18.7540,18.3713,-0.3827
Q07820,L1,2647,52,AUROC,0.9819,0.9791,-0.0027
Q07869,L1,764,15,EF1%,44.5667,44.5667,+0.0000
Q07869,L1,764,15,EF5%,18.2838,19.5897,+1.3060
Q07869,L1,764,15,AUROC,0.9914,0.9950,+0.0036
Q07889,L1,1070,21,EF1%,46.3203,50.9524,+4.6320
Q07889,L1,1070,21,EF5%,17.9277,17.9277,+0.0000
Q07889,L1,1070,21,AUROC,0.9844,0.9846,+0.0002
Q07912,L1,510,10,EF1%,17.0000,17.0000,+0.0000
Q07912,L1,510,10,EF5%,3.9231,3.9231,+0.0000
Q07912,L1,510,10,AUROC,0.7108,0.8281,+0.1173
Q08345,L1,968,19,EF1%,35.6632,40.7579,+5.0947
Q08345,L1,968,19,EF5%,7.2782,13.5166,+6.2385
Q08345,L1,968,19,AUROC,0.7480,0.9590,+0.2109
Q08499,L1,917,18,EF1%,15.2833,15.2833,+0.0000
Q08499,L1,917,18,EF5%,4.4300,4.4300,+0.0000
Q08499,L1,917,18,AUROC,0.6913,0.7121,+0.0208
Q08881,L1,815,16,EF1%,5.6597,16.9792,+11.3194
Q08881,L1,815,16,EF5%,2.4848,12.4238,+9.9390
Q08881,L1,815,16,AUROC,0.8457,0.9059,+0.0602
Q12866,L1,2292,45,EF1%,33.2174,50.9333,+17.7159
Q12866,L1,2292,45,EF5%,15.0586,14.1728,-0.8858
Q12866,L1,2292,45,AUROC,0.9506,0.8450,-0.1056
Q12879,L1,865,17,EF1%,16.9608,16.9608,+0.0000
Q12879,L1,865,17,EF5%,3.4693,4.6257,+1.1564
Q12879,L1,865,17,AUROC,0.4810,0.7592,+0.2782
Q12884,L1,2446,48,EF1%,48.9200,48.9200,+0.0000
Q12884,L1,2446,48,EF5%,15.7432,14.0860,-1.6572
Q12884,L1,2446,48,AUROC,0.9417,0.9117,-0.0300
Q13043,L1,2549,50,EF1%,49.0192,50.9800,+1.9608
Q13043,L1,2549,50,EF5%,18.3209,19.1175,+0.7966
Q13043,L1,2549,50,AUROC,0.9745,0.9927,+0.0181
Q13085,L1,612,12,EF1%,0.0000,51.0000,+51.0000
Q13085,L1,612,12,EF5%,6.5806,19.7419,+13.1613
Q13085,L1,612,12,AUROC,0.9456,1.0000,+0.0544
Q13131,L1,1326,26,EF1%,0.0000,51.0000,+51.0000
Q13131,L1,1326,26,EF5%,0.0000,15.9851,+15.9851
Q13131,L1,1326,26,AUROC,0.6969,0.9781,+0.2813
Q13133,L1,815,16,EF1%,50.9375,50.9375,+0.0000
Q13133,L1,815,16,EF5%,19.8780,19.8780,+0.0000
Q13133,L1,815,16,AUROC,0.9993,0.9986,-0.0007
Q13164,L1,815,16,EF1%,50.9375,50.9375,+0.0000
Q13164,L1,815,16,EF5%,16.1509,19.8780,+3.7271
Q13164,L1,815,16,AUROC,0.9832,0.9962,+0.0130
Q13188,L1,2548,50,EF1%,45.0800,50.9600,+5.8800
Q13188,L1,2548,50,EF5%,18.7119,19.5081,+0.7963
Q13188,L1,2548,50,AUROC,0.9852,0.9954,+0.0102
Q13224,L1,1731,34,EF1%,14.1422,16.9706,+2.8284
Q13224,L1,1731,34,EF5%,10.5335,6.4371,-4.0963
Q13224,L1,1731,34,AUROC,0.9162,0.9030,-0.0132
Q13315,L1,712,14,EF1%,50.8571,44.5000,-6.3571
Q13315,L1,712,14,EF5%,18.3651,14.1270,-4.2381
Q13315,L1,712,14,AUROC,0.9912,0.9771,-0.0141
Q13464,L1,1119,22,EF1%,46.6250,38.1477,-8.4773
Q13464,L1,1119,22,EF5%,10.8994,12.7159,+1.8166
Q13464,L1,1119,22,AUROC,0.8723,0.8844,+0.0121
Q13526,L1,1018,20,EF1%,4.6273,4.6273,+0.0000
Q13526,L1,1018,20,EF5%,0.9980,1.9961,+0.9980
Q13526,L1,1018,20,AUROC,0.7104,0.2175,-0.4929
Q13546,L1,2753,54,EF1%,36.4153,36.4153,+0.0000
Q13546,L1,2753,54,EF5%,8.1275,11.0829,+2.9554
Q13546,L1,2753,54,AUROC,0.7265,0.9228,+0.1963
Q13547,L1,18393,361,EF1%,47.0735,49.8425,+2.7690
Q13547,L1,18393,361,EF5%,19.1617,19.6601,+0.4984
Q13547,L1,18393,361,AUROC,0.9884,0.9937,+0.0053
Q13627,L1,5653,111,EF1%,41.9932,47.3540,+5.3608
Q13627,L1,5653,111,EF5%,16.3761,18.3556,+1.9795
Q13627,L1,5653,111,AUROC,0.9107,0.9892,+0.0785
Q13822,L1,1426,28,EF1%,50.9286,50.9286,+0.0000
Q13822,L1,1426,28,EF5%,19.8056,19.0982,-0.7073
Q13822,L1,1426,28,AUROC,0.9961,0.9967,+0.0006
Q13946,L1,610,12,EF1%,50.8333,50.8333,+0.0000
Q13946,L1,610,12,EF5%,18.0376,18.0376,+0.0000
Q13946,L1,610,12,AUROC,0.9450,0.9770,+0.0321
Q14145,L1,663,13,EF1%,51.0000,43.7143,-7.2857
Q14145,L1,663,13,EF5%,19.5000,19.5000,+0.0000
Q14145,L1,663,13,AUROC,0.9995,0.9989,-0.0006
Q14289,L1,1018,20,EF1%,41.6455,46.2727,+4.6273
Q14289,L1,1018,20,EF5%,15.9686,15.9686,+0.0000
Q14289,L1,1018,20,AUROC,0.9349,0.9468,+0.0119
Q15059,L1,2193,43,EF1%,48.6818,51.0000,+2.3182
Q15059,L1,2193,43,EF5%,19.9364,19.9364,+0.0000
Q15059,L1,2193,43,AUROC,0.9995,0.9997,+0.0002
Q15118,L1,662,13,EF1%,29.0989,29.0989,+0.0000
Q15118,L1,662,13,EF5%,10.4842,10.4842,+0.0000
Q15118,L1,662,13,AUROC,0.6921,0.8233,+0.1311
Q15303,L1,712,14,EF1%,38.1429,50.8571,+12.7143
Q15303,L1,712,14,EF5%,14.1270,16.9524,+2.8254
Q15303,L1,712,14,AUROC,0.9376,0.9413,+0.0037
Q15561,L1,2905,57,EF1%,0.0000,0.0000,+0.0000
Q15561,L1,2905,57,EF5%,0.0000,0.0000,+0.0000
Q15561,L1,2905,57,AUROC,0.6979,0.3793,-0.3187
Q15910,L1,1581,31,EF1%,51.0000,51.0000,+0.0000
Q15910,L1,1581,31,EF5%,18.4875,18.4875,+0.0000
Q15910,L1,1581,31,AUROC,0.9789,0.9717,-0.0071
Q16288,L1,1020,20,EF1%,23.1818,32.4545,+9.2727
Q16288,L1,1020,20,EF5%,8.0000,15.0000,+7.0000
Q16288,L1,1020,20,AUROC,0.7477,0.8779,+0.1302
Q16512,L1,816,16,EF1%,28.3333,28.3333,+0.0000
Q16512,L1,816,16,EF5%,6.2195,8.7073,+2.4878
Q16512,L1,816,16,AUROC,0.7897,0.8695,+0.0798
Q16539,L1,713,14,EF1%,19.0982,19.0982,+0.0000
Q16539,L1,713,14,EF5%,8.4881,8.4881,+0.0000
Q16539,L1,713,14,AUROC,0.8767,0.8372,-0.0395
Q16620,L1,967,19,EF1%,25.4474,40.7158,+15.2684
Q16620,L1,967,19,EF5%,6.2320,12.4640,+6.2320
Q16620,L1,967,19,AUROC,0.7534,0.8541,+0.1007
Q16678,L1,5450,107,EF1%,18.5217,11.1130,-7.4087
Q16678,L1,5450,107,EF5%,5.4106,4.4778,-0.9329
Q16678,L1,5450,107,AUROC,0.6510,0.6230,-0.0281
Q16769,L1,1375,27,EF1%,50.9259,50.9259,+0.0000
Q16769,L1,1375,27,EF5%,19.9275,19.1895,-0.7381
Q16769,L1,1375,27,AUROC,0.9979,0.9955,-0.0023
Q16790,L1,10448,205,EF1%,37.3750,39.8019,+2.4269
Q16790,L1,10448,205,EF5%,13.9352,17.4434,+3.5082
Q16790,L1,10448,205,AUROC,0.9026,0.9587,+0.0561
Q2M2I8,L1,1479,29,EF1%,17.0000,51.0000,+34.0000
Q2M2I8,L1,1479,29,EF5%,19.2973,19.2973,+0.0000
Q2M2I8,L1,1479,29,AUROC,0.9863,0.9985,+0.0122
Q5S007,L1,1478,29,EF1%,47.5678,47.5678,+0.0000
Q5S007,L1,1478,29,EF5%,15.1519,13.7745,-1.3774
Q5S007,L1,1478,29,AUROC,0.8022,0.9012,+0.0990
Q5TCY1,L1,816,16,EF1%,28.3333,51.0000,+22.6667
Q5TCY1,L1,816,16,EF5%,19.9024,19.9024,+0.0000
Q5TCY1,L1,816,16,AUROC,0.9945,1.0000,+0.0055
Q6GI75,L1,816,16,EF1%,5.6667,5.6667,+0.0000
Q6GI75,L1,816,16,EF5%,1.2439,1.2439,+0.0000
Q6GI75,L1,816,16,AUROC,0.2803,0.4681,+0.1878
Q6P179,L1,611,12,EF1%,50.9167,50.9167,+0.0000
Q6P179,L1,611,12,EF5%,19.7097,19.7097,+0.0000
Q6P179,L1,611,12,AUROC,0.9999,1.0000,+0.0001
Q72547,L1,1785,35,EF1%,51.0000,51.0000,+0.0000
Q72547,L1,1785,35,EF5%,19.8333,19.8333,+0.0000
Q72547,L1,1785,35,AUROC,1.0000,1.0000,+0.0000
Q86W56,L1,2139,42,EF1%,50.9286,50.9286,+0.0000
Q86W56,L1,2139,42,EF5%,19.9907,19.9907,+0.0000
Q86W56,L1,2139,42,AUROC,1.0000,1.0000,+0.0000
Q86WV6,L1,1275,25,EF1%,23.5385,23.5385,+0.0000
Q86WV6,L1,1275,25,EF5%,4.7812,4.7812,+0.0000
Q86WV6,L1,1275,25,AUROC,0.4471,0.3226,-0.1244
Q86X55,L1,2446,48,EF1%,14.2683,46.8817,+32.6133
Q86X55,L1,2446,48,EF5%,8.2859,17.8147,+9.5288
Q86X55,L1,2446,48,AUROC,0.8835,0.9783,+0.0948
Q86YT5,L1,816,16,EF1%,51.0000,51.0000,+0.0000
Q86YT5,L1,816,16,EF5%,19.9024,19.9024,+0.0000
Q86YT5,L1,816,16,AUROC,1.0000,0.9998,-0.0002
Q8IXJ6,L1,1222,24,EF1%,11.7500,43.0833,+31.3333
Q8IXJ6,L1,1222,24,EF5%,6.5699,16.4247,+9.8548
Q8IXJ6,L1,1222,24,AUROC,0.9074,0.9738,+0.0664
Q8N1Q1,L1,510,10,EF1%,34.0000,42.5000,+8.5000
Q8N1Q1,L1,510,10,EF5%,15.6923,19.6154,+3.9231
Q8N1Q1,L1,510,10,AUROC,0.9776,0.9930,+0.0154
Q8N884,L1,713,14,EF1%,19.0982,44.5625,+25.4643
Q8N884,L1,713,14,EF5%,16.9762,18.3909,+1.4147
Q8N884,L1,713,14,AUROC,0.9733,0.9966,+0.0233
Q8NEB9,L1,663,13,EF1%,51.0000,51.0000,+0.0000
Q8NEB9,L1,663,13,EF5%,13.5000,13.5000,+0.0000
Q8NEB9,L1,663,13,AUROC,0.8841,0.8993,+0.0151
Q8NER1,L1,510,10,EF1%,17.0000,51.0000,+34.0000
Q8NER1,L1,510,10,EF5%,11.7692,15.6923,+3.9231
Q8NER1,L1,510,10,AUROC,0.8261,0.9449,+0.1188
Q8R4B8,L1,1018,20,EF1%,13.8818,13.8818,+0.0000
Q8R4B8,L1,1018,20,EF5%,2.9941,2.9941,+0.0000
Q8R4B8,L1,1018,20,AUROC,0.6201,0.6084,-0.0117
Q8TF76,L1,663,13,EF1%,21.8571,21.8571,+0.0000
Q8TF76,L1,663,13,EF5%,4.5000,7.5000,+3.0000
Q8TF76,L1,663,13,AUROC,0.7489,0.8108,+0.0620
Q8WUI4,L1,865,17,EF1%,39.5752,50.8824,+11.3072
Q8WUI4,L1,865,17,EF5%,16.1898,19.6591,+3.4693
Q8WUI4,L1,865,17,AUROC,0.9711,0.9958,+0.0246
Q92769,L1,6469,127,EF1%,49.3697,50.1534,+0.7836
Q92769,L1,6469,127,EF5%,18.5511,19.4944,+0.9433
Q92769,L1,6469,127,AUROC,0.9807,0.9921,+0.0114
Q92793,L1,612,12,EF1%,51.0000,51.0000,+0.0000
Q92793,L1,612,12,EF5%,14.8065,19.7419,+4.9355
Q92793,L1,612,12,AUROC,0.9600,1.0000,+0.0400
Q92918,L1,8204,161,EF1%,47.2729,50.9565,+3.6836
Q92918,L1,8204,161,EF5%,18.8452,17.6054,-1.2398
Q92918,L1,8204,161,AUROC,0.9755,0.9845,+0.0091
Q93009,L1,813,16,EF1%,50.8125,50.8125,+0.0000
Q93009,L1,813,16,EF5%,16.1113,17.3506,+1.2393
Q93009,L1,813,16,AUROC,0.8652,0.9202,+0.0550
Q96EB6,L1,561,11,EF1%,34.0000,42.5000,+8.5000
Q96EB6,L1,561,11,EF5%,19.3448,12.3103,-7.0345
Q96EB6,L1,561,11,AUROC,0.9972,0.9664,-0.0307
Q96GD4,L1,1224,24,EF1%,43.1538,35.3077,-7.8462
Q96GD4,L1,1224,24,EF5%,13.9839,15.6290,+1.6452
Q96GD4,L1,1224,24,AUROC,0.9105,0.9491,+0.0386
Q96KQ7,L1,1527,30,EF1%,50.9000,50.9000,+0.0000
Q96KQ7,L1,1527,30,EF5%,18.5091,19.1701,+0.6610
Q96KQ7,L1,1527,30,AUROC,0.9694,0.9793,+0.0099
Q96LA8,L1,611,12,EF1%,29.0952,50.9167,+21.8214
Q96LA8,L1,611,12,EF5%,6.5699,19.7097,+13.1398
Q96LA8,L1,611,12,AUROC,0.6018,0.9996,+0.3977
Q96MU7,L1,560,11,EF1%,0.0000,42.4242,+42.4242
Q96MU7,L1,560,11,EF5%,5.4545,20.0000,+14.5455
Q96MU7,L1,560,11,AUROC,0.9344,0.9929,+0.0585
Q96P20,L1,1224,24,EF1%,39.2308,39.2308,+0.0000
Q96P20,L1,1224,24,EF5%,9.8710,8.2258,-1.6452
Q96P20,L1,1224,24,AUROC,0.7615,0.6498,-0.1117
Q96RI1,L1,660,12,EF1%,55.0000,55.0000,+0.0000
Q96RI1,L1,660,12,EF5%,20.0000,20.0000,+0.0000
Q96RI1,L1,660,12,AUROC,1.0000,0.9981,-0.0019
Q96S37,L1,1223,24,EF1%,15.6795,15.6795,+0.0000
Q96S37,L1,1223,24,EF5%,9.0410,11.5067,+2.4657
Q96S37,L1,1223,24,AUROC,0.8855,0.9184,+0.0329
Q99640,L1,2291,45,EF1%,46.4841,50.9111,+4.4271
Q99640,L1,2291,45,EF5%,17.2655,17.2655,+0.0000
Q99640,L1,2291,45,AUROC,0.9775,0.9721,-0.0054
Q99683,L1,815,16,EF1%,11.3194,50.9375,+39.6181
Q99683,L1,815,16,EF5%,2.4848,16.1509,+13.6662
Q99683,L1,815,16,AUROC,0.8324,0.9291,+0.0967
Q99685,L1,560,11,EF1%,33.9394,33.9394,+0.0000
Q99685,L1,560,11,EF5%,10.9091,12.7273,+1.8182
Q99685,L1,560,11,AUROC,0.9048,0.8870,-0.0178
Q99720,L1,3208,63,EF1%,46.2915,40.1193,-6.1722
Q99720,L1,3208,63,EF5%,12.9674,12.6511,-0.3163
Q99720,L1,3208,63,AUROC,0.7086,0.7894,+0.0808
Q99873,L1,1730,34,EF1%,16.9608,39.5752,+22.6144
Q99873,L1,1730,34,EF5%,18.1305,19.3002,+1.1697
Q99873,L1,1730,34,AUROC,0.9832,0.9954,+0.0123
Q9BUB5,L1,662,13,EF1%,43.6484,50.9231,+7.2747
Q9BUB5,L1,662,13,EF5%,11.9819,16.4751,+4.4932
Q9BUB5,L1,662,13,AUROC,0.8691,0.9547,+0.0856
Q9BV86,L1,714,14,EF1%,51.0000,51.0000,+0.0000
Q9BV86,L1,714,14,EF5%,18.4167,18.4167,+0.0000
Q9BV86,L1,714,14,AUROC,0.9967,0.9970,+0.0003
Q9BY41,L1,5301,104,EF1%,49.0833,40.5881,-8.4952
Q9BY41,L1,5301,104,EF5%,18.3956,17.0543,-1.3413
Q9BY41,L1,5301,104,AUROC,0.9760,0.9686,-0.0074
Q9C0B1,L1,4130,81,EF1%,26.7078,50.9877,+24.2798
Q9C0B1,L1,4130,81,EF5%,18.2275,19.4591,+1.2316
Q9C0B1,L1,4130,81,AUROC,0.9858,0.9956,+0.0097
Q9GZQ8,L1,916,18,EF1%,0.0000,0.0000,+0.0000
Q9GZQ8,L1,916,18,EF5%,0.0000,0.0000,+0.0000
Q9GZQ8,L1,916,18,AUROC,0.1140,0.7859,+0.6718
Q9H2K2,L1,1734,34,EF1%,51.0000,51.0000,+0.0000
Q9H2K2,L1,1734,34,EF5%,19.9310,19.9310,+0.0000
Q9H2K2,L1,1734,34,AUROC,0.9994,0.9997,+0.0003
Q9H999,L1,1428,28,EF1%,51.0000,51.0000,+0.0000
Q9H999,L1,1428,28,EF5%,19.1250,19.8333,+0.7083
Q9H999,L1,1428,28,AUROC,0.9970,0.9993,+0.0023
Q9H9B1,L1,916,18,EF1%,50.8889,50.8889,+0.0000
Q9H9B1,L1,916,18,EF5%,19.9130,19.9130,+0.0000
Q9H9B1,L1,916,18,AUROC,1.0000,1.0000,+0.0000
Q9HBH9,L1,612,12,EF1%,51.0000,51.0000,+0.0000
Q9HBH9,L1,612,12,EF5%,13.1613,14.8065,+1.6452
Q9HBH9,L1,612,12,AUROC,0.8144,0.9707,+0.1563
Q9NQS5,L1,663,13,EF1%,51.0000,51.0000,+0.0000
Q9NQS5,L1,663,13,EF5%,19.5000,19.5000,+0.0000
Q9NQS5,L1,663,13,AUROC,0.9992,0.9989,-0.0002
Q9NWZ3,L1,4633,91,EF1%,37.9133,40.0797,+2.1665
Q9NWZ3,L1,4633,91,EF5%,13.6058,15.3614,+1.7556
Q9NWZ3,L1,4633,91,AUROC,0.9136,0.9671,+0.0535
Q9NXA8,L1,662,13,EF1%,0.0000,43.6484,+43.6484
Q9NXA8,L1,662,13,EF5%,8.9864,19.4706,+10.4842
Q9NXA8,L1,662,13,AUROC,0.9335,0.9988,+0.0653
Q9NYV4,L1,714,14,EF1%,44.6250,44.6250,+0.0000
Q9NYV4,L1,714,14,EF5%,17.0000,18.4167,+1.4167
Q9NYV4,L1,714,14,AUROC,0.9497,0.9606,+0.0109
Q9NZQ7,L1,4333,85,EF1%,44.0251,49.8179,+5.7928
Q9NZQ7,L1,4333,85,EF5%,16.2091,18.3233,+2.1142
Q9NZQ7,L1,4333,85,AUROC,0.9411,0.9622,+0.0211
Q9P1W9,L1,1172,23,EF1%,38.2174,38.2174,+0.0000
Q9P1W9,L1,1172,23,EF5%,10.3640,12.9550,+2.5910
Q9P1W9,L1,1172,23,AUROC,0.8415,0.8763,+0.0348
Q9UQB9,L1,510,10,EF1%,34.0000,34.0000,+0.0000
Q9UQB9,L1,510,10,EF5%,11.7692,13.7308,+1.9615
Q9UQB9,L1,510,10,AUROC,0.8748,0.9620,+0.0872
Q9UQD0,L1,765,15,EF1%,0.0000,0.0000,+0.0000
Q9UQD0,L1,765,15,EF5%,0.0000,0.0000,+0.0000
Q9UQD0,L1,765,15,AUROC,0.5670,0.5487,-0.0184
Q9Y233,L1,2140,42,EF1%,50.9524,50.9524,+0.0000
Q9Y233,L1,2140,42,EF5%,18.5714,18.5714,+0.0000
Q9Y233,L1,2140,42,AUROC,0.9612,0.9378,-0.0234
Q9Y2K2,L1,1935,38,EF1%,7.6382,50.9211,+43.2829
Q9Y2K2,L1,1935,38,EF5%,6.8245,17.8486,+11.0241
Q9Y2K2,L1,1935,38,AUROC,0.9374,0.9718,+0.0343
Q9Y2R2,L1,611,12,EF1%,50.9167,50.9167,+0.0000
Q9Y2R2,L1,611,12,EF5%,18.0672,18.0672,+0.0000
Q9Y2R2,L1,611,12,AUROC,0.9487,0.9272,-0.0214
Q9Y463,L1,1224,24,EF1%,31.3846,43.1538,+11.7692
Q9Y463,L1,1224,24,EF5%,10.6935,13.9839,+3.2903
Q9Y463,L1,1224,24,AUROC,0.7812,0.9638,+0.1826
Q9Y5Y9,L1,2088,41,EF1%,2.4251,12.1254,+9.7003
Q9Y5Y9,L1,2088,41,EF5%,5.3352,12.1254,+6.7902
Q9Y5Y9,L1,2088,41,AUROC,0.8237,0.9395,+0.1157
Q9Y5Z0,L1,11569,227,EF1%,50.9648,50.9648,+0.0000
Q9Y5Z0,L1,11569,227,EF5%,19.9810,19.9810,+0.0000
Q9Y5Z0,L1,11569,227,AUROC,1.0000,1.0000,-0.0000
C7C422,L2,3720,72,EF1%,4.0789,13.5965,+9.5175
C7C422,L2,3720,72,EF5%,4.4444,7.7778,+3.3333
C7C422,L2,3720,72,AUROC,0.6209,0.8333,+0.2125
I6YFP0,L2,559,11,EF1%,50.8182,50.8182,+0.0000
I6YFP0,L2,559,11,EF5%,19.9643,19.9643,+0.0000
I6YFP0,L2,559,11,AUROC,1.0000,1.0000,+0.0000
O00141,L2,1733,34,EF1%,50.9706,50.9706,+0.0000
O00141,L2,1733,34,EF5%,16.9902,16.9902,+0.0000
O00141,L2,1733,34,AUROC,0.9836,0.9644,-0.0192
O00255,L2,20330,399,EF1%,16.2348,1.2488,-14.9860
O00255,L2,20330,399,EF5%,12.2246,1.3026,-10.9219
O00255,L2,20330,399,AUROC,0.9447,0.5095,-0.4352
O00329,L2,41723,819,EF1%,42.2907,48.0188,+5.7281
O00329,L2,41723,819,EF5%,16.2571,15.1342,-1.1229
O00329,L2,41723,819,AUROC,0.9648,0.9357,-0.0291
O00444,L2,1835,36,EF1%,8.0482,40.2412,+32.1930
O00444,L2,1835,36,EF5%,14.9592,18.2835,+3.3243
O00444,L2,1835,36,AUROC,0.8981,0.9651,+0.0671
O00763,L2,2345,46,EF1%,36.1096,50.9783,+14.8687
O00763,L2,2345,46,EF5%,7.7763,19.8729,+12.0965
O00763,L2,2345,46,AUROC,0.7022,0.9978,+0.2955
O14684,L2,6371,125,EF1%,0.0000,11.1493,+11.1493
O14684,L2,6371,125,EF5%,2.5564,9.1071,+6.5507
O14684,L2,6371,125,AUROC,0.7360,0.8785,+0.1425
O14733,L2,815,16,EF1%,22.6389,45.2778,+22.6389
O14733,L2,815,16,EF5%,17.3933,17.3933,+0.0000
O14733,L2,815,16,AUROC,0.9826,0.9905,+0.0079
O14744,L2,41468,814,EF1%,50.9435,50.2070,-0.7365
O14744,L2,41468,814,EF5%,15.5238,15.6466,+0.1228
O14744,L2,41468,814,AUROC,0.8887,0.9069,+0.0182
O14757,L2,9683,190,EF1%,50.4378,49.3870,-1.0508
O14757,L2,9683,190,EF5%,19.0192,17.9685,-1.0508
O14757,L2,9683,190,AUROC,0.9891,0.9815,-0.0076
O14842,L2,918,18,EF1%,40.8000,51.0000,+10.2000
O14842,L2,918,18,EF5%,17.7391,19.9565,+2.2174
O14842,L2,918,18,AUROC,0.9902,1.0000,+0.0098
O14965,L2,2597,51,EF1%,0.0000,0.0000,+0.0000
O14965,L2,2597,51,EF5%,0.3917,0.0000,-0.3917
O14965,L2,2597,51,AUROC,0.5819,0.4674,-0.1145
O14976,L2,1680,33,EF1%,0.0000,0.0000,+0.0000
O14976,L2,1680,33,EF5%,1.2121,1.2121,+0.0000
O14976,L2,1680,33,AUROC,0.4753,0.6365,+0.1612
O15151,L2,561,11,EF1%,17.0000,42.5000,+25.5000
O15151,L2,561,11,EF5%,5.2759,14.0690,+8.7931
O15151,L2,561,11,AUROC,0.8357,0.9769,+0.1412
O15379,L2,21046,413,EF1%,0.0000,49.9928,+49.9928
O15379,L2,21046,413,EF5%,0.0000,19.7447,+19.7447
O15379,L2,21046,413,AUROC,0.4343,0.9968,+0.5625
O43318,L2,765,15,EF1%,38.2500,25.5000,-12.7500
O43318,L2,765,15,EF5%,17.0000,14.3846,-2.6154
O43318,L2,765,15,AUROC,0.9656,0.9741,+0.0085
O43353,L2,15132,297,EF1%,42.2344,47.9327,+5.6983
O43353,L2,15132,297,EF5%,14.4032,14.2012,-0.2019
O43353,L2,15132,297,AUROC,0.9679,0.9676,-0.0002
O43497,L2,7896,155,EF1%,4.5138,0.0000,-4.5138
O43497,L2,7896,155,EF5%,4.3849,3.3531,-1.0317
O43497,L2,7896,155,AUROC,0.8019,0.8422,+0.0403
O43570,L2,12175,239,EF1%,46.7659,47.6010,+0.8351
O43570,L2,12175,239,EF5%,17.5660,16.6459,-0.9201
O43570,L2,12175,239,AUROC,0.9394,0.9234,-0.0160
O43613,L2,5042,99,EF1%,50.9293,49.9307,-0.9986
O43613,L2,5042,99,EF5%,19.7276,19.9289,+0.2013
O43613,L2,5042,99,AUROC,0.9956,0.9983,+0.0027
O43614,L2,7392,145,EF1%,44.7791,40.6457,-4.1335
O43614,L2,7392,145,EF5%,15.4316,17.0850,+1.6534
O43614,L2,7392,145,AUROC,0.9804,0.9804,-0.0000
O43924,L2,713,14,EF1%,19.0982,38.1964,+19.0982
O43924,L2,713,14,EF5%,18.3909,16.9762,-1.4147
O43924,L2,713,14,AUROC,0.9817,0.9834,+0.0017
O60341,L2,41115,807,EF1%,49.0931,48.9694,-0.1237
O60341,L2,41115,807,EF5%,17.0240,17.8665,+0.8425
O60341,L2,41115,807,AUROC,0.9733,0.9797,+0.0064
O60502,L2,15337,301,EF1%,50.9535,50.9535,+0.0000
O60502,L2,15337,301,EF5%,19.7968,19.6639,-0.1329
O60502,L2,15337,301,AUROC,0.9977,0.9953,-0.0025
O60674,L2,38669,759,EF1%,0.1316,36.3345,+36.2029
O60674,L2,38669,759,EF5%,0.3161,14.5940,+14.2779
O60674,L2,38669,759,AUROC,0.5581,0.9280,+0.3700
O60760,L2,1581,31,EF1%,51.0000,51.0000,+0.0000
O60760,L2,1581,31,EF5%,19.1250,17.8500,-1.2750
O60760,L2,1581,31,AUROC,0.9948,0.9913,-0.0035
O60885,L2,29355,576,EF1%,50.2702,49.5768,-0.6934
O60885,L2,29355,576,EF5%,18.4344,19.4064,+0.9721
O60885,L2,29355,576,AUROC,0.9798,0.9936,+0.0138
O75116,L2,15337,301,EF1%,37.7188,41.0275,+3.3087
O75116,L2,15337,301,EF5%,14.0172,17.6710,+3.6538
O75116,L2,15337,301,AUROC,0.8911,0.9727,+0.0815
O75173,L2,4228,83,EF1%,49.7551,49.7551,+0.0000
O75173,L2,4228,83,EF5%,19.9434,19.9434,+0.0000
O75173,L2,4228,83,AUROC,0.9998,0.9998,-0.0001
O75385,L2,20778,408,EF1%,34.5223,25.7081,-8.8142
O75385,L2,20778,408,EF5%,18.0865,17.4003,-0.6862
O75385,L2,20778,408,AUROC,0.9861,0.9795,-0.0066
O75417,L2,96122,1887,EF1%,0.5825,3.8125,+3.2300
O75417,L2,96122,1887,EF5%,1.2610,2.0982,+0.8372
O75417,L2,96122,1887,AUROC,0.5603,0.6944,+0.1341
O75460,L2,14163,278,EF1%,39.4652,45.5644,+6.0992
O75460,L2,14163,278,EF5%,13.7964,16.8862,+3.0898
O75460,L2,14163,278,AUROC,0.9582,0.9840,+0.0258
O75762,L2,12266,241,EF1%,5.7931,40.9653,+35.1722
O75762,L2,12266,241,EF5%,6.2999,13.8431,+7.5433
O75762,L2,12266,241,AUROC,0.8883,0.9317,+0.0434
O75874,L2,3059,60,EF1%,0.0000,0.0000,+0.0000
O75874,L2,3059,60,EF5%,0.0000,2.6658,+2.6658
O75874,L2,3059,60,AUROC,0.3622,0.7595,+0.3973
O75936,L2,1171,23,EF1%,38.1848,25.4565,-12.7283
O75936,L2,1171,23,EF5%,17.2587,13.8069,-3.4517
O75936,L2,1171,23,AUROC,0.9862,0.9276,-0.0586
O76074,L2,1427,28,EF1%,10.1929,6.7952,-3.3976
O76074,L2,1427,28,EF5%,4.9549,2.8313,-2.1235
O76074,L2,1427,28,AUROC,0.7756,0.6593,-0.1162
O76083,L2,8151,160,EF1%,50.9438,50.9438,+0.0000
O76083,L2,8151,160,EF5%,14.6089,17.4807,+2.8718
O76083,L2,8151,160,AUROC,0.9094,0.9754,+0.0660
O95271,L2,2804,55,EF1%,50.9818,38.6759,-12.3060
O95271,L2,2804,55,EF5%,19.8865,19.8865,+0.0000
O95271,L2,2804,55,AUROC,0.9993,0.9959,-0.0034
O95497,L2,6012,118,EF1%,33.4093,29.2331,-4.1762
O95497,L2,6012,118,EF5%,12.0179,11.0023,-1.0156
O95497,L2,6012,118,AUROC,0.9415,0.9265,-0.0150
O95819,L2,3364,66,EF1%,5.9964,0.0000,-5.9964
O95819,L2,3364,66,EF5%,8.1431,0.0000,-8.1431
O95819,L2,3364,66,AUROC,0.9148,0.6565,-0.2583
O96013,L2,1782,35,EF1%,8.4857,14.1429,+5.6571
O96013,L2,1782,35,EF5%,2.8286,2.8286,+0.0000
O96013,L2,1782,35,AUROC,0.5690,0.6742,+0.1052
O96017,L2,3312,65,EF1%,14.9864,4.4959,-10.4905
O96017,L2,3312,65,EF5%,12.2780,9.2085,-3.0695
O96017,L2,3312,65,AUROC,0.9517,0.9286,-0.0230
O96028,L2,3923,77,EF1%,22.9266,0.0000,-22.9266
O96028,L2,3923,77,EF5%,12.1551,1.0345,-11.1206
O96028,L2,3923,77,AUROC,0.9403,0.5255,-0.4147
P00338,L2,5148,101,EF1%,0.0000,0.0000,+0.0000
P00338,L2,5148,101,EF5%,0.0000,0.1976,+0.1976
P00338,L2,5148,101,AUROC,0.3427,0.6385,+0.2958
P00519,L2,14973,294,EF1%,5.0929,14.9390,+9.8462
P00519,L2,14973,294,EF5%,1.0879,9.7913,+8.7034
P00519,L2,14973,294,AUROC,0.4611,0.8980,+0.4370
P00533,L2,104283,2047,EF1%,13.2856,18.3165,+5.0309
P00533,L2,104283,2047,EF5%,5.0700,8.1374,+3.0674
P00533,L2,104283,2047,AUROC,0.6802,0.7931,+0.1129
P00734,L2,3669,72,EF1%,38.5631,44.0721,+5.5090
P00734,L2,3669,72,EF5%,18.5555,16.3399,-2.2156
P00734,L2,3669,72,AUROC,0.9775,0.9500,-0.0275
P00742,L2,3362,66,EF1%,46.4447,46.4447,+0.0000
P00742,L2,3362,66,EF5%,19.8935,18.0850,-1.8085
P00742,L2,3362,66,AUROC,0.9975,0.9709,-0.0266
P00746,L2,18546,364,EF1%,50.9505,50.9505,+0.0000
P00746,L2,18546,364,EF5%,18.3927,19.9300,+1.5373
P00746,L2,18546,364,AUROC,0.9935,0.9998,+0.0063
P00748,L2,1578,31,EF1%,0.0000,0.0000,+0.0000
P00748,L2,1578,31,EF5%,0.0000,1.2887,+1.2887
P00748,L2,1578,31,AUROC,0.6646,0.7176,+0.0530
P00751,L2,7433,141,EF1%,52.0134,52.0134,+0.0000
P00751,L2,7433,141,EF5%,19.9812,19.9812,+0.0000
P00751,L2,7433,141,AUROC,0.9996,0.9996,-0.0001
P00797,L2,1884,37,EF1%,50.9189,29.4794,-21.4395
P00797,L2,1884,37,EF5%,18.2236,16.0797,-2.1440
P00797,L2,1884,37,AUROC,0.9901,0.9739,-0.0161
P00915,L2,11360,223,EF1%,28.1520,48.7074,+20.5554
P00915,L2,11360,223,EF5%,17.4888,19.1928,+1.7040
P00915,L2,11360,223,AUROC,0.9591,0.9871,+0.0280
P00918,L2,17323,340,EF1%,45.9721,16.3977,-29.5744
P00918,L2,17323,340,EF5%,16.4544,10.2840,-6.1704
P00918,L2,17323,340,AUROC,0.9537,0.9129,-0.0408
P01116,L2,145493,3259,EF1%,43.7536,43.9071,+0.1534
P01116,L2,145493,3259,EF5%,12.4020,12.2977,-0.1043
P01116,L2,145493,3259,AUROC,0.9251,0.9066,-0.0184
P01375,L2,1071,21,EF1%,0.0000,18.5455,+18.5455
P01375,L2,1071,21,EF5%,0.0000,14.1667,+14.1667
P01375,L2,1071,21,AUROC,0.5332,0.9408,+0.4076
P02753,L2,1172,23,EF1%,50.9565,50.9565,+0.0000
P02753,L2,1172,23,EF5%,19.8644,19.8644,+0.0000
P02753,L2,1172,23,AUROC,1.0000,1.0000,+0.0000
P03372,L2,11108,218,EF1%,41.8552,12.7385,-29.1166
P03372,L2,11108,218,EF5%,17.1374,6.5067,-10.6307
P03372,L2,11108,218,AUROC,0.9747,0.8405,-0.1343
P03951,L2,5146,101,EF1%,48.9909,45.0716,-3.9193
P03951,L2,5146,101,EF5%,19.1558,19.1558,+0.0000
P03951,L2,5146,101,AUROC,0.9909,0.9927,+0.0018
P03952,L2,6621,130,EF1%,36.4877,50.9308,+14.4431
P03952,L2,6621,130,EF5%,15.1872,19.3291,+4.1420
P03952,L2,6621,130,AUROC,0.9598,0.9961,+0.0363
P04049,L2,33417,654,EF1%,13.8799,49.7236,+35.8437
P04049,L2,33417,654,EF5%,13.1487,17.2156,+4.0669
P04049,L2,33417,654,AUROC,0.8934,0.9102,+0.0168
P04150,L2,14570,286,EF1%,39.0804,30.3571,-8.7233
P04150,L2,14570,286,EF5%,16.1428,13.0680,-3.0748
P04150,L2,14570,286,AUROC,0.9763,0.9598,-0.0166
P04293,L2,18090,355,EF1%,8.1645,0.0000,-8.1645
P04293,L2,18090,355,EF5%,6.8694,0.0000,-6.8694
P04293,L2,18090,355,AUROC,0.8445,0.4889,-0.3556
P04585,L2,712,14,EF1%,19.0714,44.5000,+25.4286
P04585,L2,712,14,EF5%,15.5397,19.7778,+4.2381
P04585,L2,712,14,AUROC,0.9771,0.9989,+0.0217
P04626,L2,51136,1004,EF1%,30.8379,15.8169,-15.0210
P04626,L2,51136,1004,EF5%,18.0663,13.2261,-4.8403
P04626,L2,51136,1004,AUROC,0.9519,0.9331,-0.0188
P04629,L2,30457,598,EF1%,39.5762,36.5704,-3.0058
P04629,L2,30457,598,EF5%,15.8513,13.5773,-2.2740
P04629,L2,30457,598,AUROC,0.9393,0.9164,-0.0229
P04798,L2,1734,34,EF1%,0.0000,0.0000,+0.0000
P04798,L2,1734,34,EF5%,0.5862,0.0000,-0.5862
P04798,L2,1734,34,AUROC,0.6127,0.3378,-0.2749
P04818,L2,1326,26,EF1%,0.0000,10.9286,+10.9286
P04818,L2,1326,26,EF5%,0.7612,13.7015,+12.9403
P04818,L2,1326,26,AUROC,0.7891,0.9714,+0.1823
P05089,L2,663,13,EF1%,51.0000,51.0000,+0.0000
P05089,L2,663,13,EF5%,19.5000,19.5000,+0.0000
P05089,L2,663,13,AUROC,1.0000,1.0000,+0.0000
P05177,L2,1833,36,EF1%,0.0000,5.3596,+5.3596
P05177,L2,1833,36,EF5%,0.0000,2.7672,+2.7672
P05177,L2,1833,36,AUROC,0.3634,0.7201,+0.3567
P05981,L2,714,14,EF1%,31.8750,51.0000,+19.1250
P05981,L2,714,14,EF5%,19.8333,19.8333,+0.0000
P05981,L2,714,14,AUROC,0.9951,0.9994,+0.0043
P06239,L2,36427,715,EF1%,9.9102,3.3499,-6.5603
P06239,L2,36427,715,EF5%,4.9772,0.8668,-4.1104
P06239,L2,36427,715,AUROC,0.4187,0.5019,+0.0832
P06241,L2,2753,54,EF1%,9.1038,7.2831,-1.8208
P06241,L2,2753,54,EF5%,9.9746,8.8663,-1.1083
P06241,L2,2753,54,AUROC,0.9102,0.9112,+0.0010
P06276,L2,7078,139,EF1%,48.0521,49.4865,+1.4344
P06276,L2,7078,139,EF5%,16.8298,16.3982,-0.4315
P06276,L2,7078,139,AUROC,0.9454,0.9523,+0.0069
P06401,L2,1018,20,EF1%,18.5091,23.1364,+4.6273
P06401,L2,1018,20,EF5%,4.9902,4.9902,+0.0000
P06401,L2,1018,20,AUROC,0.7901,0.5353,-0.2548
P06493,L2,9483,186,EF1%,25.7603,23.6136,-2.1467
P06493,L2,9483,186,EF5%,9.0161,9.2308,+0.2147
P06493,L2,9483,186,AUROC,0.8863,0.7365,-0.1498
P06730,L2,1171,23,EF1%,0.0000,0.0000,+0.0000
P06730,L2,1171,23,EF5%,0.0000,0.0000,+0.0000
P06730,L2,1171,23,AUROC,0.4319,0.1257,-0.3062
P06935,L2,4587,90,EF1%,0.0000,0.0000,+0.0000
P06935,L2,4587,90,EF5%,0.0000,0.0000,+0.0000
P06935,L2,4587,90,AUROC,0.3682,0.7080,+0.3398
P07333,L2,39376,773,EF1%,34.9076,42.5355,+7.6280
P07333,L2,39376,773,EF5%,14.0736,15.1602,+1.0866
P07333,L2,39376,773,AUROC,0.9162,0.9308,+0.0146
P07711,L2,5750,113,EF1%,21.9332,14.0372,-7.8959
P07711,L2,5750,113,EF5%,17.1383,4.4171,-12.7212
P07711,L2,5750,113,AUROC,0.9673,0.7037,-0.2636
P07858,L2,1477,29,EF1%,27.1632,16.9770,-10.1862
P07858,L2,1477,29,EF5%,18.5829,15.1417,-3.4413
P07858,L2,1477,29,AUROC,0.9815,0.9731,-0.0085
P07900,L2,1783,35,EF1%,45.2825,50.9429,+5.6603
P07900,L2,1783,35,EF5%,18.1130,17.5470,-0.5660
P07900,L2,1783,35,AUROC,0.9799,0.9554,-0.0245
P07948,L2,510,10,EF1%,17.0000,25.5000,+8.5000
P07948,L2,510,10,EF5%,5.8846,7.8462,+1.9615
P07948,L2,510,10,AUROC,0.7610,0.8270,+0.0660
P07949,L2,13407,263,EF1%,50.5996,50.9772,+0.3776
P07949,L2,13407,263,EF5%,18.2333,18.7651,+0.5318
P07949,L2,13407,263,AUROC,0.9666,0.9875,+0.0209
P08069,L2,18295,359,EF1%,8.9112,32.8601,+23.9489
P08069,L2,18295,359,EF5%,8.2986,12.9213,+4.6227
P08069,L2,18295,359,AUROC,0.9241,0.9146,-0.0095
P08172,L2,2446,48,EF1%,20.3833,24.4600,+4.0767
P08172,L2,2446,48,EF5%,9.1145,8.2859,-0.8286
P08172,L2,2446,48,AUROC,0.7414,0.7967,+0.0553
P08173,L2,3974,78,EF1%,3.8212,14.0109,+10.1897
P08173,L2,3974,78,EF5%,4.0964,4.0964,+0.0000
P08173,L2,3974,78,AUROC,0.8394,0.6624,-0.1770
P08183,L2,1326,26,EF1%,51.0000,51.0000,+0.0000
P08183,L2,1326,26,EF5%,15.9851,16.7463,+0.7612
P08183,L2,1326,26,AUROC,0.9443,0.9465,+0.0023
P08238,L2,2495,49,EF1%,44.8082,50.9184,+6.1102
P08238,L2,2495,49,EF5%,19.1453,19.1453,+0.0000
P08238,L2,2495,49,AUROC,0.9733,0.9721,-0.0013
P08246,L2,509,10,EF1%,50.9000,50.9000,+0.0000
P08246,L2,509,10,EF5%,17.6192,17.6192,+0.0000
P08246,L2,509,10,AUROC,0.9517,0.9699,+0.0182
P08253,L2,1274,25,EF1%,50.9600,43.1200,-7.8400
P08253,L2,1274,25,EF5%,15.9250,15.9250,+0.0000
P08253,L2,1274,25,AUROC,0.8530,0.9333,+0.0803
P08254,L2,816,16,EF1%,45.3333,39.6667,-5.6667
P08254,L2,816,16,EF5%,18.6585,17.4146,-1.2439
P08254,L2,816,16,AUROC,0.9951,0.9872,-0.0079
P08581,L2,42337,831,EF1%,13.9383,38.5708,+24.6324
P08581,L2,42337,831,EF5%,10.6370,14.8967,+4.2596
P08581,L2,42337,831,AUROC,0.9185,0.9509,+0.0324
P08684,L2,1376,27,EF1%,0.0000,0.0000,+0.0000
P08684,L2,1376,27,EF5%,1.4772,1.4772,+0.0000
P08684,L2,1376,27,AUROC,0.5978,0.5202,-0.0776
P08908,L2,10550,207,EF1%,45.1964,45.1964,+0.0000
P08908,L2,10550,207,EF5%,19.8845,19.8845,+0.0000
P08908,L2,10550,207,AUROC,0.9980,0.9979,-0.0000
P08912,L2,1325,26,EF1%,40.0412,18.2005,-21.8407
P08912,L2,1325,26,EF5%,12.9305,7.6062,-5.3243
P08912,L2,1325,26,AUROC,0.8090,0.7833,-0.0257
P08922,L2,2598,51,EF1%,37.2262,33.3077,-3.9186
P08922,L2,2598,51,EF5%,19.2009,15.2824,-3.9186
P08922,L2,2598,51,AUROC,0.9734,0.9384,-0.0350
P09237,L2,1070,21,EF1%,9.2641,9.2641,+0.0000
P09237,L2,1070,21,EF5%,2.8307,10.3792,+7.5485
P09237,L2,1070,21,AUROC,0.7275,0.9229,+0.1954
P09238,L2,866,17,EF1%,39.6209,45.2810,+5.6601
P09238,L2,866,17,EF5%,16.2086,12.7353,-3.4733
P09238,L2,866,17,AUROC,0.8866,0.8561,-0.0306
P09382,L2,25723,505,EF1%,50.3443,49.1598,-1.1846
P09382,L2,25723,505,EF5%,19.9868,19.9868,+0.0000
P09382,L2,25723,505,AUROC,0.9997,0.9996,-0.0001
P09874,L2,46976,922,EF1%,43.1450,43.2534,+0.1084
P09874,L2,46976,922,EF5%,18.0679,17.9594,-0.1085
P09874,L2,46976,922,AUROC,0.9819,0.9741,-0.0078
P09917,L2,712,14,EF1%,6.3571,6.3571,+0.0000
P09917,L2,712,14,EF5%,5.6508,5.6508,+0.0000
P09917,L2,712,14,AUROC,0.8686,0.7535,-0.1151
P09960,L2,764,15,EF1%,6.3667,6.3667,+0.0000
P09960,L2,764,15,EF5%,2.6120,5.2239,+2.6120
P09960,L2,764,15,AUROC,0.7344,0.6439,-0.0905
P0A017,L2,1019,20,EF1%,50.9500,50.9500,+0.0000
P0A017,L2,1019,20,EF5%,19.9804,19.9804,+0.0000
P0A017,L2,1019,20,AUROC,0.9999,1.0000,+0.0001
P0A0K8,L2,1326,26,EF1%,0.0000,0.0000,+0.0000
P0A0K8,L2,1326,26,EF5%,0.0000,0.0000,+0.0000
P0A0K8,L2,1326,26,AUROC,0.2791,0.2696,-0.0095
P0A725,L2,1120,22,EF1%,21.2121,16.9697,-4.2424
P0A725,L2,1120,22,EF5%,5.4545,7.2727,+1.8182
P0A725,L2,1120,22,AUROC,0.7969,0.8872,+0.0903
P0AES6,L2,1274,25,EF1%,0.0000,0.0000,+0.0000
P0AES6,L2,1274,25,EF5%,0.0000,0.0000,+0.0000
P0AES6,L2,1274,25,AUROC,0.3607,0.1662,-0.1944
P0DMS8,L2,2549,50,EF1%,49.0192,49.0192,+0.0000
P0DMS8,L2,2549,50,EF5%,13.1433,13.9398,+0.7966
P0DMS8,L2,2549,50,AUROC,0.8116,0.9414,+0.1298
P0DTD1,L2,97973,1923,EF1%,29.0092,40.3425,+11.3333
P0DTD1,L2,97973,1923,EF5%,10.3789,13.6548,+3.2759
P0DTD1,L2,97973,1923,AUROC,0.8626,0.9371,+0.0745
P0DUB6,L2,1989,39,EF1%,0.0000,0.0000,+0.0000
P0DUB6,L2,1989,39,EF5%,0.5100,2.5500,+2.0400
P0DUB6,L2,1989,39,AUROC,0.4479,0.8168,+0.3689
P10275,L2,7384,144,EF1%,26.3318,30.4895,+4.1577
P10275,L2,7384,144,EF5%,5.9593,9.0083,+3.0489
P10275,L2,7384,144,AUROC,0.7054,0.7112,+0.0058
P10398,L2,5246,103,EF1%,0.0000,44.2052,+44.2052
P10398,L2,5246,103,EF5%,0.5810,19.9468,+19.3658
P10398,L2,5246,103,AUROC,0.7117,0.9984,+0.2867
P10415,L2,51307,1006,EF1%,51.0010,51.0010,+0.0000
P10415,L2,51307,1006,EF5%,19.9154,19.9154,+0.0000
P10415,L2,51307,1006,AUROC,0.9990,0.9988,-0.0001
P10721,L2,57170,1122,EF1%,26.9021,15.5890,-11.3131
P10721,L2,57170,1122,EF5%,13.9370,8.0913,-5.8457
P10721,L2,57170,1122,AUROC,0.9436,0.8546,-0.0890
P11229,L2,1221,24,EF1%,43.0481,31.3077,-11.7404
P11229,L2,1221,24,EF5%,13.9496,10.6673,-3.2823
P11229,L2,1221,24,AUROC,0.8846,0.8680,-0.0166
P11309,L2,3363,66,EF1%,20.9813,17.9840,-2.9973
P11309,L2,3363,66,EF5%,9.0452,8.7437,-0.3015
P11309,L2,3363,66,AUROC,0.7208,0.7928,+0.0719
P11362,L2,25524,501,EF1%,37.0155,24.2790,-12.7365
P11362,L2,25524,501,EF5%,13.8835,12.6867,-1.1969
P11362,L2,25524,501,AUROC,0.8852,0.8379,-0.0474
P11474,L2,10140,199,EF1%,1.4987,17.4845,+15.9858
P11474,L2,10140,199,EF5%,5.1256,11.2563,+6.1307
P11474,L2,10140,199,AUROC,0.8588,0.9118,+0.0531
P11511,L2,867,17,EF1%,22.6667,0.0000,-22.6667
P11511,L2,867,17,EF5%,5.7955,1.1591,-4.6364
P11511,L2,867,17,AUROC,0.5309,0.4867,-0.0442
P11802,L2,71420,1402,EF1%,24.2239,19.7354,-4.4886
P11802,L2,71420,1402,EF5%,11.7404,7.5036,-4.2368
P11802,L2,71420,1402,AUROC,0.9222,0.8605,-0.0617
P12931,L2,3512,69,EF1%,50.8986,19.7939,-31.1047
P12931,L2,3512,69,EF5%,16.7734,14.7490,-2.0244
P12931,L2,3512,69,AUROC,0.9532,0.9248,-0.0283
P13569,L2,2446,48,EF1%,0.0000,2.0383,+2.0383
P13569,L2,2446,48,EF5%,0.4143,2.4858,+2.0715
P13569,L2,2446,48,AUROC,0.3299,0.5527,+0.2229
P13866,L2,560,11,EF1%,50.9091,50.9091,+0.0000
P13866,L2,560,11,EF5%,20.0000,20.0000,+0.0000
P13866,L2,560,11,AUROC,1.0000,1.0000,+0.0000
P13995,L2,560,11,EF1%,0.0000,0.0000,+0.0000
P13995,L2,560,11,EF5%,3.6364,0.0000,-3.6364
P13995,L2,560,11,AUROC,0.8939,0.6125,-0.2813
P14207,L2,1120,22,EF1%,46.6667,33.9394,-12.7273
P14207,L2,1120,22,EF5%,19.0909,15.4545,-3.6364
P14207,L2,1120,22,AUROC,0.9953,0.9705,-0.0248
P14555,L2,763,14,EF1%,6.8125,0.0000,-6.8125
P14555,L2,763,14,EF5%,13.9744,0.0000,-13.9744
P14555,L2,763,14,AUROC,0.9669,0.5280,-0.4388
P14618,L2,2038,40,EF1%,0.0000,0.0000,+0.0000
P14618,L2,2038,40,EF5%,0.0000,0.0000,+0.0000
P14618,L2,2038,40,AUROC,0.1761,0.2100,+0.0338
P14756,L2,3620,71,EF1%,49.6079,48.2299,-1.3780
P14756,L2,3620,71,EF5%,16.9014,16.6197,-0.2817
P14756,L2,3620,71,AUROC,0.9742,0.9519,-0.0223
P14780,L2,1629,32,EF1%,0.0000,47.9118,+47.9118
P14780,L2,1629,32,EF5%,0.6208,11.7954,+11.1745
P14780,L2,1629,32,AUROC,0.6236,0.8423,+0.2187
P14867,L2,6316,124,EF1%,50.1396,38.2016,-11.9380
P14867,L2,6316,124,EF5%,17.5695,16.7636,-0.8059
P14867,L2,6316,124,AUROC,0.9794,0.9690,-0.0105
P14902,L2,1782,35,EF1%,19.8000,31.1143,+11.3143
P14902,L2,1782,35,EF5%,7.3543,10.7486,+3.3943
P14902,L2,1782,35,AUROC,0.7411,0.8405,+0.0994
P15056,L2,39182,769,EF1%,31.7149,38.9938,+7.2788
P15056,L2,39182,769,EF5%,16.5594,18.9510,+2.3916
P15056,L2,39182,769,AUROC,0.9756,0.9884,+0.0128
P15428,L2,18398,361,EF1%,39.8849,35.4532,-4.4317
P15428,L2,18398,361,EF5%,14.6244,13.7381,-0.8863
P15428,L2,18398,361,AUROC,0.9631,0.9197,-0.0434
P15559,L2,4274,84,EF1%,2.3666,0.0000,-2.3666
P15559,L2,4274,84,EF5%,8.0839,0.9510,-7.1328
P15559,L2,4274,84,AUROC,0.9349,0.8590,-0.0759
P16234,L2,20178,396,EF1%,22.4503,25.2250,+2.7748
P16234,L2,20178,396,EF5%,16.5135,13.0795,-3.4340
P16234,L2,20178,396,AUROC,0.9702,0.8974,-0.0728
P17252,L2,1529,30,EF1%,41.4104,28.6688,-12.7417
P17252,L2,1529,30,EF5%,18.5333,14.5619,-3.9714
P17252,L2,1529,30,AUROC,0.9943,0.9774,-0.0170
P17516,L2,969,19,EF1%,0.0000,5.1000,+5.1000
P17516,L2,969,19,EF5%,2.0816,6.2449,+4.1633
P17516,L2,969,19,AUROC,0.6545,0.7886,+0.1341
P17612,L2,764,15,EF1%,0.0000,0.0000,+0.0000
P17612,L2,764,15,EF5%,2.6120,0.0000,-2.6120
P17612,L2,764,15,AUROC,0.7638,0.6397,-0.1241
P17706,L2,4585,90,EF1%,47.6220,45.4070,-2.2150
P17706,L2,4585,90,EF5%,19.0488,18.8273,-0.2215
P17706,L2,4585,90,AUROC,0.9720,0.9814,+0.0093
P17812,L2,13850,271,EF1%,4.0444,6.9859,+2.9414
P17812,L2,13850,271,EF5%,3.3186,4.6461,+1.3275
P17812,L2,13850,271,AUROC,0.8370,0.7775,-0.0595
P17931,L2,45798,899,EF1%,50.1647,50.8320,+0.6674
P17931,L2,45798,899,EF5%,19.9991,19.9991,+0.0000
P17931,L2,45798,899,AUROC,0.9998,0.9999,+0.0001
P18031,L2,13142,258,EF1%,40.1330,43.9919,+3.8589
P18031,L2,13142,258,EF5%,17.7277,17.4954,-0.2322
P18031,L2,13142,258,AUROC,0.9503,0.9484,-0.0018
P18054,L2,1784,35,EF1%,50.9714,50.9714,+0.0000
P18054,L2,1784,35,EF5%,19.8222,19.8222,+0.0000
P18054,L2,1784,35,AUROC,0.9998,0.9996,-0.0002
P18825,L2,6367,125,EF1%,0.7959,0.0000,-0.7959
P18825,L2,6367,125,EF5%,0.1597,0.1597,+0.0000
P18825,L2,6367,125,AUROC,0.3485,0.0594,-0.2891
P19099,L2,764,15,EF1%,50.9333,44.5667,-6.3667
P19099,L2,764,15,EF5%,19.5897,19.5897,+0.0000
P19099,L2,764,15,AUROC,0.9975,0.9970,-0.0005
P20309,L2,1270,25,EF1%,31.2615,19.5385,-11.7231
P20309,L2,1270,25,EF5%,13.4938,8.7312,-4.7625
P20309,L2,1270,25,AUROC,0.8053,0.8416,+0.0363
P20618,L2,3717,73,EF1%,28.1388,41.5382,+13.3994
P20618,L2,3717,73,EF5%,17.5201,19.1626,+1.6425
P20618,L2,3717,73,AUROC,0.9780,0.9798,+0.0018
P20831,L2,1577,31,EF1%,3.1794,9.5383,+6.3589
P20831,L2,1577,31,EF5%,1.9318,1.9318,+0.0000
P20831,L2,1577,31,AUROC,0.7160,0.4873,-0.2287
P21397,L2,1835,36,EF1%,42.9240,37.5585,-5.3655
P21397,L2,1835,36,EF5%,13.2971,14.4052,+1.1081
P21397,L2,1835,36,AUROC,0.9260,0.9186,-0.0074
P21554,L2,2699,53,EF1%,37.7219,50.9245,+13.2027
P21554,L2,2699,53,EF5%,17.3521,18.8609,+1.5089
P21554,L2,2699,53,AUROC,0.9485,0.9559,+0.0074
P21589,L2,8710,171,EF1%,13.3127,13.3127,+0.0000
P21589,L2,8710,171,EF5%,4.0889,2.6870,-1.4019
P21589,L2,8710,171,AUROC,0.7776,0.5133,-0.2643
P21728,L2,1019,20,EF1%,9.2636,37.0545,+27.7909
P21728,L2,1019,20,EF5%,4.9951,18.9814,+13.9863
P21728,L2,1019,20,AUROC,0.8255,0.9913,+0.1658
P21802,L2,24657,484,EF1%,42.6941,42.2816,-0.4125
P21802,L2,24657,484,EF5%,14.0479,14.0479,+0.0000
P21802,L2,24657,484,AUROC,0.9558,0.9082,-0.0476
P22303,L2,10246,199,EF1%,41.4899,43.9893,+2.4994
P22303,L2,10246,199,EF5%,11.6424,11.8431,+0.2007
P22303,L2,10246,199,AUROC,0.7416,0.8149,+0.0734
P22413,L2,26696,524,EF1%,11.2579,20.6076,+9.3497
P22413,L2,26696,524,EF5%,4.4268,6.0296,+1.6028
P22413,L2,26696,524,AUROC,0.5976,0.7732,+0.1755
P22455,L2,5910,116,EF1%,5.0948,50.9483,+45.8534
P22455,L2,5910,116,EF5%,1.8933,16.8680,+14.9747
P22455,L2,5910,116,AUROC,0.5490,0.9480,+0.3990
P22607,L2,19564,384,EF1%,27.8134,37.6911,+9.8777
P22607,L2,19564,384,EF5%,14.9877,13.2184,-1.7694
P22607,L2,19564,384,AUROC,0.9570,0.8605,-0.0965
P22748,L2,867,17,EF1%,45.3333,34.0000,-11.3333
P22748,L2,867,17,EF5%,17.3864,18.5455,+1.1591
P22748,L2,867,17,AUROC,0.9885,0.9904,+0.0019
P22894,L2,764,15,EF1%,50.9333,31.8333,-19.1000
P22894,L2,764,15,EF5%,18.2838,16.9778,-1.3060
P22894,L2,764,15,AUROC,0.9924,0.9734,-0.0190
P23458,L2,31688,622,EF1%,40.1777,48.0525,+7.8748
P23458,L2,31688,622,EF5%,16.2639,17.5175,+1.2535
P23458,L2,31688,622,AUROC,0.9263,0.9683,+0.0420
P23467,L2,3924,77,EF1%,33.1247,48.4130,+15.2883
P23467,L2,3924,77,EF5%,19.9188,19.6601,-0.2587
P23467,L2,3924,77,AUROC,0.9960,0.9986,+0.0026
P23921,L2,510,10,EF1%,8.5000,0.0000,-8.5000
P23921,L2,510,10,EF5%,13.7308,0.0000,-13.7308
P23921,L2,510,10,AUROC,0.9654,0.5730,-0.3924
P23946,L2,3616,71,EF1%,38.5413,17.8942,-20.6471
P23946,L2,3616,71,EF5%,19.6965,8.4414,-11.2552
P23946,L2,3616,71,AUROC,0.9921,0.9228,-0.0693
P23975,L2,917,18,EF1%,30.5667,45.8500,+15.2833
P23975,L2,917,18,EF5%,17.7198,18.8273,+1.1075
P23975,L2,917,18,AUROC,0.9001,0.9583,+0.0582
P24941,L2,82991,1629,EF1%,13.9948,17.4935,+3.4987
P24941,L2,82991,1629,EF5%,8.2005,10.4224,+2.2220
P24941,L2,82991,1629,AUROC,0.8309,0.8392,+0.0083
P25440,L2,1629,32,EF1%,50.9063,44.9173,-5.9890
P25440,L2,1629,32,EF5%,19.2450,17.3826,-1.8624
P25440,L2,1629,32,AUROC,0.9712,0.9718,+0.0006
P25774,L2,1679,33,EF1%,50.8788,47.8859,-2.9929
P25774,L2,1679,33,EF5%,18.7767,14.5368,-4.2399
P25774,L2,1679,33,AUROC,0.9961,0.9446,-0.0515
P27338,L2,6319,124,EF1%,35.8310,31.0536,-4.7775
P27338,L2,6319,124,EF5%,10.6435,11.1273,+0.4838
P27338,L2,6319,124,AUROC,0.8666,0.7866,-0.0800
P27487,L2,5907,116,EF1%,40.7379,30.5534,-10.1845
P27487,L2,5907,116,EF5%,11.8704,9.2899,-2.5805
P27487,L2,5907,116,AUROC,0.8107,0.7213,-0.0895
P28062,L2,1223,24,EF1%,43.1186,39.1987,-3.9199
P28062,L2,1223,24,EF5%,9.0410,11.5067,+2.4657
P28062,L2,1223,24,AUROC,0.6058,0.9071,+0.3012
P28065,L2,1377,27,EF1%,43.7143,40.0714,-3.6429
P28065,L2,1377,27,EF5%,17.7391,17.7391,+0.0000
P28065,L2,1377,27,AUROC,0.9469,0.9659,+0.0190
P28074,L2,16559,325,EF1%,46.6537,47.2676,+0.6139
P28074,L2,16559,325,EF5%,19.5680,19.8142,+0.2461
P28074,L2,16559,325,AUROC,0.9895,0.9971,+0.0077
P28335,L2,15080,296,EF1%,8.7721,28.3408,+19.5686
P28335,L2,15080,296,EF5%,7.5676,11.0811,+3.5135
P28335,L2,15080,296,AUROC,0.8848,0.8979,+0.0131
P28482,L2,33886,665,EF1%,11.2735,1.9541,-9.3195
P28482,L2,33886,665,EF5%,2.2848,1.0522,-1.2326
P28482,L2,33886,665,AUROC,0.5569,0.5994,+0.0425
P28845,L2,765,15,EF1%,0.0000,25.5000,+25.5000
P28845,L2,765,15,EF5%,0.0000,11.7692,+11.7692
P28845,L2,765,15,AUROC,0.5957,0.9645,+0.3688
P28907,L2,8453,166,EF1%,0.0000,0.0000,+0.0000
P28907,L2,8453,166,EF5%,0.0000,0.0000,+0.0000
P28907,L2,8453,166,AUROC,0.0738,0.2633,+0.1896
P29274,L2,39590,777,EF1%,45.5483,32.6816,-12.8668
P29274,L2,39590,777,EF5%,16.2121,13.6902,-2.5219
P29274,L2,39590,777,AUROC,0.9674,0.9243,-0.0432
P29275,L2,18241,358,EF1%,42.5996,42.0428,-0.5569
P29275,L2,18241,358,EF5%,13.7287,15.0681,+1.3394
P29275,L2,18241,358,AUROC,0.9145,0.9192,+0.0047
P29375,L2,2394,47,EF1%,2.1223,2.1223,+0.0000
P29375,L2,2394,47,EF5%,1.2734,0.8489,-0.4245
P29375,L2,2394,47,AUROC,0.7558,0.5436,-0.2122
P29466,L2,1070,21,EF1%,41.6883,50.9524,+9.2641
P29466,L2,1070,21,EF5%,15.0970,16.0406,+0.9436
P29466,L2,1070,21,AUROC,0.9317,0.8963,-0.0355
P29597,L2,69898,1371,EF1%,9.8465,34.0618,+24.2152
P29597,L2,69898,1371,EF5%,6.5498,14.1061,+7.5563
P29597,L2,69898,1371,AUROC,0.8513,0.9543,+0.1030
P30291,L2,6062,119,EF1%,37.5796,14.1967,-23.3828
P30291,L2,6062,119,EF5%,18.4327,14.0759,-4.3568
P30291,L2,6062,119,AUROC,0.9889,0.9711,-0.0177
P30530,L2,47280,928,EF1%,33.0679,47.6092,+14.5413
P30530,L2,47280,928,EF5%,15.3233,15.3233,+0.0000
P30530,L2,47280,928,AUROC,0.9725,0.9283,-0.0442
P30542,L2,5806,114,EF1%,23.3069,31.0758,+7.7690
P30542,L2,5806,114,EF5%,6.3006,9.1009,+2.8003
P30542,L2,5806,114,AUROC,0.7953,0.7407,-0.0546
P30559,L2,561,11,EF1%,17.0000,0.0000,-17.0000
P30559,L2,561,11,EF5%,5.2759,5.2759,+0.0000
P30559,L2,561,11,AUROC,0.9196,0.9251,+0.0055
P31153,L2,27616,542,EF1%,0.0000,33.2936,+33.2936
P31153,L2,27616,542,EF5%,0.0738,12.1385,+12.0647
P31153,L2,27616,542,AUROC,0.4074,0.8717,+0.4643
P31391,L2,5094,100,EF1%,32.9612,1.9976,-30.9635
P31391,L2,5094,100,EF5%,10.5875,4.5946,-5.9929
P31391,L2,5094,100,AUROC,0.8797,0.6803,-0.1994
P31639,L2,611,12,EF1%,50.9167,50.9167,+0.0000
P31639,L2,611,12,EF5%,19.7097,19.7097,+0.0000
P31639,L2,611,12,AUROC,1.0000,1.0000,+0.0000
P31644,L2,18297,359,EF1%,20.8879,43.1684,+22.2805
P31644,L2,18297,359,EF5%,10.6946,17.6016,+6.9069
P31644,L2,18297,359,AUROC,0.9247,0.9803,+0.0556
P31645,L2,5556,109,EF1%,15.4738,30.0374,+14.5636
P31645,L2,5556,109,EF5%,3.4837,15.2184,+11.7347
P31645,L2,5556,109,AUROC,0.5406,0.9437,+0.4031
P31749,L2,10852,213,EF1%,4.6742,50.9484,+46.2742
P31749,L2,10852,213,EF5%,4.9729,19.6100,+14.6371
P31749,L2,10852,213,AUROC,0.8749,0.9927,+0.1178
P31751,L2,6010,118,EF1%,0.0000,50.9322,+50.9322
P31751,L2,6010,118,EF5%,2.1997,19.9668,+17.7670
P31751,L2,6010,118,AUROC,0.8418,1.0000,+0.1582
P32245,L2,10596,208,EF1%,0.9612,0.0000,-0.9612
P32245,L2,10596,208,EF5%,0.1922,0.0961,-0.0961
P32245,L2,10596,208,AUROC,0.4784,0.3227,-0.1557
P32297,L2,612,12,EF1%,51.0000,51.0000,+0.0000
P32297,L2,612,12,EF5%,13.1613,13.1613,+0.0000
P32297,L2,612,12,AUROC,0.8972,0.8379,-0.0593
P33981,L2,2496,49,EF1%,50.9388,48.9012,-2.0376
P33981,L2,2496,49,EF5%,18.7455,18.7455,+0.0000
P33981,L2,2496,49,AUROC,0.9958,0.9924,-0.0035
P34913,L2,3152,55,EF1%,48.3545,53.7273,+5.3727
P34913,L2,3152,55,EF5%,15.5968,16.6849,+1.0881
P34913,L2,3152,55,AUROC,0.9422,0.9545,+0.0123
P34914,L2,10091,198,EF1%,34.8174,46.4232,+11.6058
P34914,L2,10091,198,EF5%,14.2297,16.5509,+2.3212
P34914,L2,10091,198,AUROC,0.9516,0.9770,+0.0254
P34947,L2,2241,44,EF1%,50.9318,50.9318,+0.0000
P34947,L2,2241,44,EF5%,19.8319,19.8319,+0.0000
P34947,L2,2241,44,AUROC,0.9999,1.0000,+0.0001
P34972,L2,3207,63,EF1%,24.6811,43.1919,+18.5108
P34972,L2,3207,63,EF5%,13.5957,17.0736,+3.4780
P34972,L2,3207,63,AUROC,0.9142,0.9449,+0.0307
P35354,L2,5044,99,EF1%,30.9693,27.9723,-2.9970
P35354,L2,5044,99,EF5%,11.6801,9.2635,-2.4166
P35354,L2,5044,99,AUROC,0.9060,0.7823,-0.1237
P35367,L2,1733,34,EF1%,22.6536,36.8121,+14.1585
P35367,L2,1733,34,EF5%,11.7174,13.4750,+1.7576
P35367,L2,1733,34,AUROC,0.9080,0.9498,+0.0418
P35372,L2,10037,196,EF1%,29.4073,39.0407,+9.6334
P35372,L2,10037,196,EF5%,9.3849,14.1794,+4.7945
P35372,L2,10037,196,AUROC,0.8201,0.9657,+0.1456
P35408,L2,2447,48,EF1%,12.2350,18.3525,+6.1175
P35408,L2,2447,48,EF5%,10.3616,14.5063,+4.1446
P35408,L2,2447,48,AUROC,0.9525,0.8907,-0.0619
P35968,L2,47227,927,EF1%,21.9725,11.5248,-10.4477
P35968,L2,47227,927,EF5%,12.5100,9.5551,-2.9550
P35968,L2,47227,927,AUROC,0.8960,0.8781,-0.0179
P36544,L2,1070,21,EF1%,50.9524,50.9524,+0.0000
P36544,L2,1070,21,EF5%,12.2663,14.1534,+1.8871
P36544,L2,1070,21,AUROC,0.9008,0.9230,+0.0222
P36776,L2,4486,88,EF1%,50.9773,50.9773,+0.0000
P36776,L2,4486,88,EF5%,19.9378,19.9378,+0.0000
P36776,L2,4486,88,AUROC,0.9999,0.9999,-0.0000
P36888,L2,25776,506,EF1%,12.8339,15.2032,+2.3693
P36888,L2,25776,506,EF5%,6.2441,9.3661,+3.1220
P36888,L2,25776,506,AUROC,0.8425,0.8869,+0.0445
P36897,L2,14113,277,EF1%,13.2756,29.4215,+16.1460
P36897,L2,14113,277,EF5%,10.1033,10.6806,+0.5773
P36897,L2,14113,277,AUROC,0.8467,0.8468,+0.0000
P37023,L2,816,16,EF1%,45.3333,39.6667,-5.6667
P37023,L2,816,16,EF5%,14.9268,14.9268,+0.0000
P37023,L2,816,16,AUROC,0.7703,0.8104,+0.0401
P39900,L2,4225,83,EF1%,47.3522,34.3303,-13.0219
P39900,L2,4225,83,EF5%,18.4886,19.2089,+0.7203
P39900,L2,4225,83,AUROC,0.9826,0.9903,+0.0077
P40261,L2,663,13,EF1%,36.4286,7.2857,-29.1429
P40261,L2,663,13,EF5%,19.5000,12.0000,-7.5000
P40261,L2,663,13,AUROC,0.9946,0.9595,-0.0350
P40337,L2,1119,22,EF1%,50.8636,46.6250,-4.2386
P40337,L2,1119,22,EF5%,19.9821,19.9821,+0.0000
P40337,L2,1119,22,AUROC,1.0000,0.9973,-0.0027
P40763,L2,2548,50,EF1%,3.9200,3.9200,+0.0000
P40763,L2,2548,50,EF5%,1.5925,1.5925,+0.0000
P40763,L2,2548,50,AUROC,0.5926,0.3881,-0.2045
P41143,L2,4686,91,EF1%,18.6257,27.3907,+8.7650
P41143,L2,4686,91,EF5%,7.4503,8.7650,+1.3148
P41143,L2,4686,91,AUROC,0.7494,0.9290,+0.1796
P41145,L2,26801,525,EF1%,35.2982,38.9039,+3.6057
P41145,L2,26801,525,EF5%,12.6006,14.9989,+2.3983
P41145,L2,26801,525,AUROC,0.9095,0.9333,+0.0238
P41146,L2,2753,54,EF1%,16.3869,29.1323,+12.7454
P41146,L2,2753,54,EF5%,12.5607,13.2995,+0.7389
P41146,L2,2753,54,AUROC,0.9475,0.9485,+0.0010
P41182,L2,20687,406,EF1%,50.4609,50.4609,+0.0000
P41182,L2,20687,406,EF5%,19.9874,19.9874,+0.0000
P41182,L2,20687,406,AUROC,0.9999,0.9997,-0.0002
P41240,L2,8869,174,EF1%,24.0539,7.4452,-16.6086
P41240,L2,8869,174,EF5%,19.0568,13.3168,-5.7400
P41240,L2,8869,174,AUROC,0.9888,0.9655,-0.0233
P41594,L2,1325,26,EF1%,0.0000,0.0000,+0.0000
P41594,L2,1325,26,EF5%,3.8031,0.7606,-3.0425
P41594,L2,1325,26,AUROC,0.8533,0.5869,-0.2664
P41595,L2,2494,49,EF1%,8.1437,10.1796,+2.0359
P41595,L2,2494,49,EF5%,1.6287,3.6647,+2.0359
P41595,L2,2494,49,AUROC,0.5053,0.6350,+0.1297
P42330,L2,3922,77,EF1%,30.5610,25.4675,-5.0935
P42330,L2,3922,77,EF5%,9.0494,8.2737,-0.7757
P42330,L2,3922,77,AUROC,0.8098,0.8673,+0.0575
P42336,L2,43501,854,EF1%,22.1977,42.1757,+19.9780
P42336,L2,43501,854,EF5%,9.0593,12.0322,+2.9729
P42336,L2,43501,854,AUROC,0.6880,0.8166,+0.1287
P42345,L2,4076,80,EF1%,0.0000,0.0000,+0.0000
P42345,L2,4076,80,EF5%,0.0000,0.9990,+0.9990
P42345,L2,4076,80,AUROC,0.6027,0.6542,+0.0515
P43116,L2,1629,32,EF1%,35.9338,11.9779,-23.9559
P43116,L2,1629,32,EF5%,17.3826,14.8994,-2.4832
P43116,L2,1629,32,AUROC,0.9816,0.9740,-0.0076
P43166,L2,1987,39,EF1%,45.8538,45.8538,+0.0000
P43166,L2,1987,39,EF5%,19.3605,18.3415,-1.0190
P43166,L2,1987,39,AUROC,0.9806,0.9757,-0.0050
P43235,L2,561,11,EF1%,17.0000,0.0000,-17.0000
P43235,L2,561,11,EF5%,7.0345,7.0345,+0.0000
P43235,L2,561,11,AUROC,0.8875,0.8132,-0.0743
P43405,L2,5299,104,EF1%,35.5702,49.0292,+13.4590
P43405,L2,5299,104,EF5%,14.8049,16.5353,+1.7304
P43405,L2,5299,104,AUROC,0.9622,0.9773,+0.0151
P43490,L2,24555,482,EF1%,50.9440,50.1156,-0.8284
P43490,L2,24555,482,EF5%,18.5025,18.0461,-0.4563
P43490,L2,24555,482,AUROC,0.9846,0.9818,-0.0028
P43681,L2,561,11,EF1%,51.0000,17.0000,-34.0000
P43681,L2,561,11,EF5%,19.3448,17.5862,-1.7586
P43681,L2,561,11,AUROC,0.9988,0.9876,-0.0112
P45452,L2,1782,35,EF1%,48.0857,48.0857,+0.0000
P45452,L2,1782,35,EF5%,14.7086,15.2743,+0.5657
P45452,L2,1782,35,AUROC,0.9141,0.8754,-0.0386
P45983,L2,1426,28,EF1%,3.3952,13.5810,+10.1857
P45983,L2,1426,28,EF5%,2.1220,10.6101,+8.4881
P45983,L2,1426,28,AUROC,0.6847,0.8869,+0.2022
P45984,L2,2752,54,EF1%,9.1005,40.0423,+30.9418
P45984,L2,2752,54,EF5%,8.1245,14.4026,+6.2780
P45984,L2,2752,54,AUROC,0.9006,0.9274,+0.0268
P47205,L2,7491,147,EF1%,50.9592,50.9592,+0.0000
P47205,L2,7491,147,EF5%,14.4045,14.4045,+0.0000
P47205,L2,7491,147,AUROC,0.9484,0.9485,+0.0001
P47989,L2,714,14,EF1%,25.5000,38.2500,+12.7500
P47989,L2,714,14,EF5%,11.3333,18.4167,+7.0833
P47989,L2,714,14,AUROC,0.8435,0.9811,+0.1376
P48039,L2,612,12,EF1%,29.1429,43.7143,+14.5714
P48039,L2,612,12,EF5%,13.1613,16.4516,+3.2903
P48039,L2,612,12,AUROC,0.8496,0.9632,+0.1136
P48729,L2,6825,134,EF1%,0.0000,21.4066,+21.4066
P48729,L2,6825,134,EF5%,0.1489,11.6163,+11.4673
P48729,L2,6825,134,AUROC,0.5513,0.9459,+0.3946
P48730,L2,7335,144,EF1%,17.2086,19.9620,+2.7534
P48730,L2,7335,144,EF5%,11.7975,10.9647,-0.8328
P48730,L2,7335,144,AUROC,0.9200,0.9319,+0.0118
P48735,L2,1474,29,EF1%,44.0506,50.8276,+6.7770
P48735,L2,1474,29,EF5%,19.9189,19.9189,+0.0000
P48735,L2,1474,29,AUROC,0.9968,1.0000,+0.0032
P48736,L2,11356,223,EF1%,15.1878,20.1015,+4.9137
P48736,L2,11356,223,EF5%,8.3379,10.1310,+1.7931
P48736,L2,11356,223,AUROC,0.8164,0.9083,+0.0919
P49137,L2,662,13,EF1%,0.0000,50.9231,+50.9231
P49137,L2,662,13,EF5%,7.4887,19.4706,+11.9819
P49137,L2,662,13,AUROC,0.9431,0.9998,+0.0567
P49286,L2,663,13,EF1%,21.8571,43.7143,+21.8571
P49286,L2,663,13,EF5%,13.5000,15.0000,+1.5000
P49286,L2,663,13,AUROC,0.7915,0.9278,+0.1363
P49327,L2,559,11,EF1%,50.8182,50.8182,+0.0000
P49327,L2,559,11,EF5%,19.9643,19.9643,+0.0000
P49327,L2,559,11,AUROC,1.0000,1.0000,+0.0000
P49336,L2,1783,35,EF1%,22.6413,45.2825,+22.6413
P49336,L2,1783,35,EF5%,10.7546,11.8867,+1.1321
P49336,L2,1783,35,AUROC,0.8258,0.7474,-0.0784
P49674,L2,663,13,EF1%,14.5714,0.0000,-14.5714
P49674,L2,663,13,EF5%,6.0000,4.5000,-1.5000
P49674,L2,663,13,AUROC,0.8444,0.8851,+0.0407
P49759,L2,6828,134,EF1%,3.6924,22.1544,+18.4620
P49759,L2,6828,134,EF5%,1.4899,14.4522,+12.9623
P49759,L2,6828,134,AUROC,0.6943,0.9529,+0.2585
P49760,L2,13097,257,EF1%,17.5057,36.9565,+19.4508
P49760,L2,13097,257,EF5%,8.6362,17.7391,+9.1030
P49760,L2,13097,257,AUROC,0.8768,0.9814,+0.1046
P49761,L2,7026,138,EF1%,0.7171,35.8543,+35.1372
P49761,L2,7026,138,EF5%,0.1446,17.3567,+17.2121
P49761,L2,7026,138,AUROC,0.4256,0.9850,+0.5594
P49840,L2,80490,1580,EF1%,34.4261,50.8798,+16.4537
P49840,L2,80490,1580,EF5%,17.1118,19.5545,+2.4427
P49840,L2,80490,1580,AUROC,0.9820,0.9956,+0.0136
P49841,L2,71681,1407,EF1%,13.3582,47.2512,+33.8929
P49841,L2,71681,1407,EF5%,12.1929,18.2894,+6.0965
P49841,L2,71681,1407,AUROC,0.9523,0.9829,+0.0306
P50053,L2,48095,944,EF1%,6.3553,22.8790,+16.5237
P50053,L2,48095,944,EF5%,3.6225,14.8078,+11.1853
P50053,L2,48095,944,AUROC,0.7585,0.9683,+0.2098
P50406,L2,2851,56,EF1%,14.0443,36.8664,+22.8220
P50406,L2,2851,56,EF5%,13.1727,14.9528,+1.7801
P50406,L2,2851,56,AUROC,0.9170,0.9602,+0.0432
P50613,L2,8912,175,EF1%,33.9505,32.8188,-1.1317
P50613,L2,8912,175,EF5%,13.2453,11.6467,-1.5986
P50613,L2,8912,175,AUROC,0.9451,0.9540,+0.0088
P50750,L2,9773,192,EF1%,33.2415,29.0863,-4.1552
P50750,L2,9773,192,EF5%,10.5133,13.1156,+2.6023
P50750,L2,9773,192,AUROC,0.8844,0.9341,+0.0497
P51449,L2,2444,48,EF1%,50.9167,36.6600,-14.2567
P51449,L2,2444,48,EF5%,17.8001,17.8001,+0.0000
P51449,L2,2444,48,AUROC,0.9881,0.9860,-0.0021
P51531,L2,4686,92,EF1%,2.1674,3.2512,+1.0837
P51531,L2,4686,92,EF5%,3.0344,2.8177,-0.2167
P51531,L2,4686,92,AUROC,0.6631,0.4833,-0.1798
P51532,L2,4181,82,EF1%,6.0700,3.6420,-2.4280
P51532,L2,4181,82,EF5%,3.6420,2.9136,-0.7284
P51532,L2,4181,82,AUROC,0.3389,0.5137,+0.1748
P51617,L2,2191,43,EF1%,27.7928,6.9482,-20.8446
P51617,L2,2191,43,EF5%,18.5285,14.8228,-3.7057
P51617,L2,2191,43,AUROC,0.9635,0.9571,-0.0064
P51813,L2,2139,42,EF1%,41.6688,41.6688,+0.0000
P51813,L2,2139,42,EF5%,19.0387,18.0868,-0.9519
P51813,L2,2139,42,AUROC,0.9622,0.9614,-0.0008
P52333,L2,36948,725,EF1%,42.5608,42.2853,-0.2755
P52333,L2,36948,725,EF5%,17.5391,18.0631,+0.5240
P52333,L2,36948,725,AUROC,0.9595,0.9785,+0.0190
P52895,L2,612,12,EF1%,0.0000,0.0000,+0.0000
P52895,L2,612,12,EF5%,3.2903,6.5806,+3.2903
P52895,L2,612,12,AUROC,0.7327,0.8789,+0.1462
P53350,L2,5449,107,EF1%,1.8518,11.1110,+9.2591
P53350,L2,5449,107,EF5%,2.7981,16.2289,+13.4308
P53350,L2,5449,107,AUROC,0.9138,0.9629,+0.0492
P53396,L2,3008,59,EF1%,50.9831,50.9831,+0.0000
P53396,L2,3008,59,EF5%,18.5700,18.9076,+0.3376
P53396,L2,3008,59,AUROC,0.9885,0.9929,+0.0044
P53634,L2,21144,415,EF1%,42.5379,46.6235,+4.0856
P53634,L2,21144,415,EF5%,10.4018,13.1948,+2.7931
P53634,L2,21144,415,AUROC,0.8238,0.8576,+0.0338
P53667,L2,3159,62,EF1%,4.7767,49.3594,+44.5827
P53667,L2,3159,62,EF5%,7.7395,19.0262,+11.2867
P53667,L2,3159,62,AUROC,0.9274,0.9880,+0.0606
P53671,L2,3363,66,EF1%,31.4719,50.9545,+19.4826
P53671,L2,3363,66,EF5%,19.5979,19.2964,-0.3015
P53671,L2,3363,66,AUROC,0.9921,0.9893,-0.0028
P53779,L2,3310,65,EF1%,4.4932,37.4434,+32.9502
P53779,L2,3310,65,EF5%,10.4300,13.1909,+2.7609
P53779,L2,3310,65,AUROC,0.8951,0.8575,-0.0376
P54646,L2,712,14,EF1%,6.3571,0.0000,-6.3571
P54646,L2,712,14,EF5%,1.4127,1.4127,+0.0000
P54646,L2,712,14,AUROC,0.3622,0.5245,+0.1622
P55055,L2,611,12,EF1%,50.9167,50.9167,+0.0000
P55055,L2,611,12,EF5%,18.0672,16.4247,-1.6425
P55055,L2,611,12,AUROC,0.9773,0.9354,-0.0419
P56373,L2,1377,27,EF1%,3.6429,10.9286,+7.2857
P56373,L2,1377,27,EF5%,0.7391,2.9565,+2.2174
P56373,L2,1377,27,AUROC,0.4837,0.8311,+0.3474
P56524,L2,866,17,EF1%,50.9412,45.2810,-5.6601
P56524,L2,866,17,EF5%,17.3663,18.5241,+1.1578
P56524,L2,866,17,AUROC,0.9717,0.9924,+0.0207
P56817,L2,17932,352,EF1%,50.9432,17.5471,-33.3961
P56817,L2,17932,352,EF5%,18.9120,12.3240,-6.5880
P56817,L2,17932,352,AUROC,0.9628,0.9234,-0.0394
P61073,L2,2651,52,EF1%,20.7699,16.9936,-3.7764
P61073,L2,2651,52,EF5%,13.7993,11.8827,-1.9166
P61073,L2,2651,52,AUROC,0.9424,0.8778,-0.0646
P61964,L2,2599,51,EF1%,27.4404,47.0407,+19.6003
P61964,L2,2599,51,EF5%,13.7202,18.0323,+4.3121
P61964,L2,2599,51,AUROC,0.9564,0.9876,+0.0312
P62937,L2,5143,100,EF1%,48.4629,51.4300,+2.9671
P62937,L2,5143,100,EF5%,19.5354,19.5354,+0.0000
P62937,L2,5143,100,AUROC,0.9945,0.9898,-0.0047
P68400,L2,11258,221,EF1%,47.3347,50.9412,+3.6065
P68400,L2,11258,221,EF5%,15.9248,15.7438,-0.1810
P68400,L2,11258,221,AUROC,0.9198,0.9234,+0.0036
P69996,L2,560,11,EF1%,0.0000,50.9091,+50.9091
P69996,L2,560,11,EF5%,5.4545,18.1818,+12.7273
P69996,L2,560,11,AUROC,0.7277,0.9950,+0.2673
P78527,L2,32194,632,EF1%,29.8995,38.7586,+8.8591
P78527,L2,32194,632,EF5%,10.4727,18.6990,+8.2263
P78527,L2,32194,632,AUROC,0.9294,0.9891,+0.0597
P80192,L2,2956,58,EF1%,0.0000,10.1931,+10.1931
P80192,L2,2956,58,EF5%,12.0527,13.0857,+1.0331
P80192,L2,2956,58,AUROC,0.9258,0.9093,-0.0165
P80457,L2,1581,31,EF1%,47.8125,47.8125,+0.0000
P80457,L2,1581,31,EF5%,17.8500,13.3875,-4.4625
P80457,L2,1581,31,AUROC,0.9721,0.9465,-0.0257
P97612,L2,611,12,EF1%,21.8214,21.8214,+0.0000
P97612,L2,611,12,EF5%,13.1398,14.7823,+1.6425
P97612,L2,611,12,AUROC,0.9715,0.9770,+0.0055
P98170,L2,10684,200,EF1%,51.4230,52.9207,+1.4978
P98170,L2,10684,200,EF5%,19.8702,19.8702,+0.0000
P98170,L2,10684,200,AUROC,0.9974,0.9989,+0.0014
P9WGR1,L2,608,12,EF1%,7.2381,21.7143,+14.4762
P9WGR1,L2,608,12,EF5%,3.2688,9.8065,+6.5376
P9WGR1,L2,608,12,AUROC,0.5580,0.9372,+0.3791
Q00534,L2,55593,1091,EF1%,22.0870,18.9710,-3.1160
Q00534,L2,55593,1091,EF5%,9.6780,7.3868,-2.2912
Q00534,L2,55593,1091,AUROC,0.8948,0.8650,-0.0298
Q00535,L2,2037,40,EF1%,14.5500,9.7000,-4.8500
Q00535,L2,2037,40,EF5%,13.4801,9.4860,-3.9941
Q00535,L2,2037,40,AUROC,0.9684,0.9344,-0.0340
Q00536,L2,1731,34,EF1%,11.3137,22.6275,+11.3137
Q00536,L2,1731,34,EF5%,15.8002,16.3854,+0.5852
Q00536,L2,1731,34,AUROC,0.9643,0.9778,+0.0135
Q00960,L2,3516,69,EF1%,11.3237,14.1546,+2.8309
Q00960,L2,3516,69,EF5%,11.2915,14.7658,+3.4743
Q00960,L2,3516,69,AUROC,0.8635,0.8788,+0.0154
Q00987,L2,3311,65,EF1%,50.9385,50.9385,+0.0000
Q00987,L2,3311,65,EF5%,17.7978,18.4115,+0.6137
Q00987,L2,3311,65,AUROC,0.9687,0.9943,+0.0256
Q01064,L2,35350,694,EF1%,0.7194,5.7555,+5.0361
Q01064,L2,35350,694,EF5%,0.2593,5.7332,+5.4740
Q01064,L2,35350,694,AUROC,0.5120,0.8370,+0.3250
Q01959,L2,1274,25,EF1%,35.2800,47.0400,+11.7600
Q01959,L2,1274,25,EF5%,13.5362,17.5175,+3.9812
Q01959,L2,1274,25,AUROC,0.9289,0.9528,+0.0239
Q02127,L2,5506,108,EF1%,4.5519,5.4623,+0.9104
Q02127,L2,5506,108,EF5%,1.4777,3.5096,+2.0319
Q02127,L2,5506,108,AUROC,0.6053,0.7885,+0.1832
Q02750,L2,662,13,EF1%,43.6484,50.9231,+7.2747
Q02750,L2,662,13,EF5%,17.9729,19.4706,+1.4977
Q02750,L2,662,13,AUROC,0.9951,0.9995,+0.0044
Q03111,L2,5092,100,EF1%,11.9812,9.9843,-1.9969
Q03111,L2,5092,100,EF5%,4.1934,7.9875,+3.7940
Q03111,L2,5092,100,AUROC,0.4308,0.9163,+0.4855
Q04609,L2,5146,99,EF1%,51.9798,51.9798,+0.0000
Q04609,L2,5146,99,EF5%,19.7443,19.3413,-0.4029
Q04609,L2,5146,99,AUROC,0.9935,0.9928,-0.0007
Q04759,L2,1887,37,EF1%,34.8947,37.5789,+2.6842
Q04759,L2,1887,37,EF5%,16.1053,13.9579,-2.1474
Q04759,L2,1887,37,AUROC,0.9773,0.9515,-0.0258
Q04771,L2,2038,40,EF1%,41.2452,46.0976,+4.8524
Q04771,L2,2038,40,EF5%,15.9843,16.9833,+0.9990
Q04771,L2,2038,40,AUROC,0.8872,0.8705,-0.0168
Q04828,L2,916,18,EF1%,0.0000,0.0000,+0.0000
Q04828,L2,916,18,EF5%,5.5314,4.4251,-1.1063
Q04828,L2,916,18,AUROC,0.7442,0.7390,-0.0051
Q05397,L2,18797,369,EF1%,21.6768,18.6962,-2.9806
Q05397,L2,18797,369,EF5%,13.4396,10.1339,-3.3057
Q05397,L2,18797,369,AUROC,0.9565,0.8722,-0.0843
Q06124,L2,24805,487,EF1%,50.9343,50.7297,-0.2046
Q06124,L2,24805,487,EF5%,19.4544,19.6185,+0.1642
Q06124,L2,24805,487,AUROC,0.9846,0.9960,+0.0114
Q06187,L2,49767,977,EF1%,46.6426,50.1203,+3.4777
Q06187,L2,49767,977,EF5%,19.6673,19.7492,+0.0819
Q06187,L2,49767,977,AUROC,0.9954,0.9969,+0.0015
Q07343,L2,9576,188,EF1%,15.3870,15.9176,+0.5306
Q07343,L2,9576,188,EF5%,9.0388,9.1451,+0.1063
Q07343,L2,9576,188,AUROC,0.8978,0.9163,+0.0185
Q07817,L2,19209,377,EF1%,49.6322,46.9922,-2.6400
Q07817,L2,19209,377,EF5%,19.9886,19.8295,-0.1591
Q07817,L2,19209,377,AUROC,0.9995,0.9970,-0.0026
Q07820,L2,5455,107,EF1%,50.9813,50.9813,+0.0000
Q07820,L2,5455,107,EF5%,12.6986,14.1926,+1.4940
Q07820,L2,5455,107,AUROC,0.8735,0.9379,+0.0644
Q07889,L2,30112,590,EF1%,9.8019,10.3089,+0.5070
Q07889,L2,30112,590,EF5%,7.8284,9.8279,+1.9995
Q07889,L2,30112,590,AUROC,0.9338,0.9260,-0.0078
Q08210,L2,3364,66,EF1%,1.4991,2.9982,+1.4991
Q08210,L2,3364,66,EF5%,0.3016,5.4287,+5.1271
Q08210,L2,3364,66,AUROC,0.4982,0.8942,+0.3961
Q08345,L2,17215,338,EF1%,31.2069,35.3285,+4.1217
Q08345,L2,17215,338,EF5%,12.3633,13.5464,+1.1831
Q08345,L2,17215,338,AUROC,0.9232,0.9388,+0.0156
Q08499,L2,10902,214,EF1%,25.9351,25.4720,-0.4631
Q08499,L2,10902,214,EF5%,12.9692,14.7420,+1.7728
Q08499,L2,10902,214,AUROC,0.9223,0.9472,+0.0249
Q09472,L2,5707,112,EF1%,30.7489,50.9554,+20.2064
Q09472,L2,5707,112,EF5%,6.7703,14.4314,+7.6611
Q09472,L2,5707,112,AUROC,0.7403,0.7881,+0.0478
Q12866,L2,44573,875,EF1%,41.0037,45.3440,+4.3402
Q12866,L2,44573,875,EF5%,16.4317,14.4892,-1.9426
Q12866,L2,44573,875,AUROC,0.9665,0.9429,-0.0236
Q12879,L2,611,12,EF1%,14.5476,50.9167,+36.3690
Q12879,L2,611,12,EF5%,14.7823,18.0672,+3.2849
Q12879,L2,611,12,AUROC,0.9725,0.9719,-0.0006
Q12884,L2,6214,121,EF1%,38.3127,22.8246,-15.4881
Q12884,L2,6214,121,EF5%,14.3663,5.9447,-8.4216
Q12884,L2,6214,121,AUROC,0.9590,0.8108,-0.1483
Q12931,L2,561,11,EF1%,0.0000,0.0000,+0.0000
Q12931,L2,561,11,EF5%,0.0000,0.0000,+0.0000
Q12931,L2,561,11,AUROC,0.4477,0.4830,+0.0353
Q13043,L2,765,15,EF1%,44.6250,51.0000,+6.3750
Q13043,L2,765,15,EF5%,17.0000,17.0000,+0.0000
Q13043,L2,765,15,AUROC,0.9482,0.9296,-0.0186
Q13085,L2,1172,23,EF1%,8.4928,50.9565,+42.4638
Q13085,L2,1172,23,EF5%,9.5004,19.8644,+10.3640
Q13085,L2,1172,23,AUROC,0.9423,1.0000,+0.0577
Q13133,L2,560,11,EF1%,50.9091,50.9091,+0.0000
Q13133,L2,560,11,EF5%,18.1818,18.1818,+0.0000
Q13133,L2,560,11,AUROC,0.9786,0.9360,-0.0426
Q13153,L2,813,16,EF1%,0.0000,0.0000,+0.0000
Q13153,L2,813,16,EF5%,1.2393,6.1966,+4.9573
Q13153,L2,813,16,AUROC,0.5923,0.6932,+0.1009
Q13164,L2,764,15,EF1%,31.8333,38.2000,+6.3667
Q13164,L2,764,15,EF5%,16.9778,11.7538,-5.2239
Q13164,L2,764,15,AUROC,0.9379,0.9170,-0.0208
Q13224,L2,2138,42,EF1%,46.2771,41.6494,-4.6277
Q13224,L2,2138,42,EF5%,17.6026,18.5541,+0.9515
Q13224,L2,2138,42,AUROC,0.9861,0.9714,-0.0147
Q13315,L2,10998,216,EF1%,13.8864,37.4932,+23.6068
Q13315,L2,10998,216,EF5%,9.2576,11.0165,+1.7589
Q13315,L2,10998,216,AUROC,0.8269,0.8589,+0.0321
Q13451,L2,1425,28,EF1%,50.8929,50.8929,+0.0000
Q13451,L2,1425,28,EF5%,18.3780,18.3780,+0.0000
Q13451,L2,1425,28,AUROC,0.9418,0.9663,+0.0245
Q13464,L2,9325,183,EF1%,41.1987,29.2728,-11.9259
Q13464,L2,9325,183,EF5%,15.0577,15.1669,+0.1091
Q13464,L2,9325,183,AUROC,0.8773,0.9681,+0.0908
Q13490,L2,10738,201,EF1%,53.4229,53.4229,+0.0000
Q13490,L2,10738,201,EF5%,19.9963,19.9963,+0.0000
Q13490,L2,10738,201,AUROC,0.9995,0.9998,+0.0003
Q13526,L2,714,14,EF1%,6.3750,19.1250,+12.7500
Q13526,L2,714,14,EF5%,2.8333,14.1667,+11.3333
Q13526,L2,714,14,AUROC,0.8357,0.8674,+0.0317
Q13546,L2,29958,588,EF1%,26.8331,31.5884,+4.7552
Q13546,L2,29958,588,EF5%,6.5302,9.2851,+2.7549
Q13546,L2,29958,588,AUROC,0.7388,0.8314,+0.0926
Q13547,L2,53195,1044,EF1%,40.5134,49.8037,+9.2903
Q13547,L2,53195,1044,EF5%,19.5959,19.8449,+0.2490
Q13547,L2,53195,1044,AUROC,0.9898,0.9969,+0.0071
Q13627,L2,23539,462,EF1%,17.7030,39.5080,+21.8050
Q13627,L2,23539,462,EF5%,9.0472,13.7224,+4.6751
Q13627,L2,23539,462,AUROC,0.8735,0.9293,+0.0557
Q13822,L2,10035,197,EF1%,22.6956,32.2782,+9.5826
Q13822,L2,10035,197,EF5%,6.4942,8.3207,+1.8265
Q13822,L2,10035,197,AUROC,0.7772,0.8630,+0.0858
Q13946,L2,4740,93,EF1%,12.7419,16.9892,+4.2473
Q13946,L2,4740,93,EF5%,3.4409,6.0215,+2.5806
Q13946,L2,4740,93,AUROC,0.6273,0.7865,+0.1592
Q14004,L2,2138,42,EF1%,43.9632,18.5108,-25.4524
Q14004,L2,2138,42,EF5%,14.2724,12.8451,-1.4272
Q14004,L2,2138,42,AUROC,0.8556,0.9045,+0.0489
Q14145,L2,6319,124,EF1%,49.3672,50.1634,+0.7962
Q14145,L2,6319,124,EF5%,19.3518,19.8356,+0.4838
Q14145,L2,6319,124,AUROC,0.9975,0.9986,+0.0012
Q14432,L2,2393,47,EF1%,29.7004,31.8218,+2.1215
Q14432,L2,2393,47,EF5%,12.3044,13.1530,+0.8486
Q14432,L2,2393,47,AUROC,0.8772,0.9419,+0.0647
Q14524,L2,1834,36,EF1%,0.0000,8.0439,+8.0439
Q14524,L2,1834,36,EF5%,0.0000,4.9837,+4.9837
Q14524,L2,1834,36,AUROC,0.6182,0.8582,+0.2400
Q14833,L2,8712,171,EF1%,2.3158,0.0000,-2.3158
Q14833,L2,8712,171,EF5%,2.5707,0.8180,-1.7528
Q14833,L2,8712,171,AUROC,0.8185,0.5787,-0.2399
Q14994,L2,1122,22,EF1%,51.0000,51.0000,+0.0000
Q14994,L2,1122,22,EF5%,17.0000,17.0000,+0.0000
Q14994,L2,1122,22,AUROC,0.9590,0.9515,-0.0075
Q15059,L2,1886,37,EF1%,50.9730,50.9730,+0.0000
Q15059,L2,1886,37,EF5%,19.3161,18.2430,-1.0731
Q15059,L2,1886,37,AUROC,0.9842,0.9759,-0.0082
Q15118,L2,866,17,EF1%,22.6405,11.3203,-11.3203
Q15118,L2,866,17,EF5%,10.4198,3.4733,-6.9465
Q15118,L2,866,17,AUROC,0.8487,0.5975,-0.2513
Q15119,L2,5659,62,EF1%,0.0000,0.0000,+0.0000
Q15119,L2,5659,62,EF5%,1.2901,0.3225,-0.9676
Q15119,L2,5659,62,AUROC,0.6972,0.3875,-0.3097
Q15125,L2,9017,177,EF1%,6.1580,2.2393,-3.9187
Q15125,L2,9017,177,EF5%,6.8904,4.6312,-2.2591
Q15125,L2,9017,177,AUROC,0.8376,0.7880,-0.0496
Q15561,L2,19666,386,EF1%,0.0000,0.2586,+0.2586
Q15561,L2,19666,386,EF5%,0.1036,0.2589,+0.1553
Q15561,L2,19666,386,AUROC,0.4889,0.3185,-0.1704
Q15858,L2,33625,660,EF1%,17.0831,17.2343,+0.1512
Q15858,L2,33625,660,EF5%,4.0588,5.7853,+1.7265
Q15858,L2,33625,660,AUROC,0.4724,0.8359,+0.3635
Q15910,L2,37453,735,EF1%,44.7058,44.0264,-0.6794
Q15910,L2,37453,735,EF5%,9.3588,16.4595,+7.1007
Q15910,L2,37453,735,AUROC,0.8143,0.9304,+0.1161
Q16288,L2,8460,166,EF1%,32.9766,17.3877,-15.5889
Q16288,L2,8460,166,EF5%,10.8434,9.8795,-0.9639
Q16288,L2,8460,166,AUROC,0.8218,0.8858,+0.0640
Q16539,L2,1886,37,EF1%,10.7312,8.0484,-2.6828
Q16539,L2,1886,37,EF5%,10.1946,5.3656,-4.8290
Q16539,L2,1886,37,AUROC,0.8612,0.7969,-0.0644
Q16552,L2,13346,262,EF1%,2.2808,15.5858,+13.3049
Q16552,L2,13346,262,EF5%,5.0329,10.1420,+5.1091
Q16552,L2,13346,262,AUROC,0.8492,0.8666,+0.0174
Q16602,L2,1222,24,EF1%,50.9167,50.9167,+0.0000
Q16602,L2,1222,24,EF5%,19.7097,18.8884,-0.8212
Q16602,L2,1222,24,AUROC,0.9999,0.9975,-0.0024
Q16620,L2,9586,188,EF1%,26.0258,15.4030,-10.6228
Q16620,L2,9586,188,EF5%,9.3480,10.1979,+0.8498
Q16620,L2,9586,188,AUROC,0.8967,0.9238,+0.0270
Q16678,L2,1578,31,EF1%,9.5444,0.0000,-9.5444
Q16678,L2,1578,31,EF5%,5.7991,2.5774,-3.2217
Q16678,L2,1578,31,AUROC,0.7797,0.6197,-0.1600
Q16740,L2,1631,32,EF1%,2.9982,50.9688,+47.9706
Q16740,L2,1631,32,EF5%,3.1079,15.5393,+12.4314
Q16740,L2,1631,32,AUROC,0.8801,0.9692,+0.0891
Q16769,L2,3416,67,EF1%,36.4179,39.3313,+2.9134
Q16769,L2,3416,67,EF5%,9.5411,10.1374,+0.5963
Q16769,L2,3416,67,AUROC,0.8554,0.6662,-0.1892
Q16790,L2,12738,250,EF1%,34.6314,42.9907,+8.3593
Q16790,L2,12738,250,EF5%,12.9580,16.7174,+3.7594
Q16790,L2,12738,250,AUROC,0.8660,0.9062,+0.0402
Q16873,L2,560,11,EF1%,0.0000,0.0000,+0.0000
Q16873,L2,560,11,EF5%,0.0000,1.8182,+1.8182
Q16873,L2,560,11,AUROC,0.4672,0.7620,+0.2948
Q2M2I8,L2,3212,63,EF1%,47.8942,47.8942,+0.0000
Q2M2I8,L2,3212,63,EF5%,17.7336,19.6336,+1.9000
Q2M2I8,L2,3212,63,AUROC,0.9878,0.9939,+0.0061
Q32ZE1,L2,7646,150,EF1%,0.0000,0.0000,+0.0000
Q32ZE1,L2,7646,150,EF5%,0.0000,1.5971,+1.5971
Q32ZE1,L2,7646,150,AUROC,0.2585,0.7868,+0.5283
Q3TBT3,L2,713,14,EF1%,0.0000,19.0982,+19.0982
Q3TBT3,L2,713,14,EF5%,0.0000,4.2440,+4.2440
Q3TBT3,L2,713,14,AUROC,0.4517,0.3624,-0.0894
Q460N5,L2,1224,24,EF1%,51.0000,51.0000,+0.0000
Q460N5,L2,1224,24,EF5%,19.7419,18.9194,-0.8226
Q460N5,L2,1224,24,AUROC,0.9989,0.9968,-0.0021
Q58F21,L2,1988,39,EF1%,20.3897,40.7795,+20.3897
Q58F21,L2,1988,39,EF5%,13.7631,13.2533,-0.5097
Q58F21,L2,1988,39,AUROC,0.9211,0.9658,+0.0447
Q5S007,L2,38710,759,EF1%,22.8717,23.9233,+1.0516
Q5S007,L2,38710,759,EF5%,6.6123,9.8262,+3.2139
Q5S007,L2,38710,759,AUROC,0.6722,0.8729,+0.2006
Q64610,L2,2800,55,EF1%,18.1818,32.7273,+14.5455
Q64610,L2,2800,55,EF5%,10.9091,16.7273,+5.8182
Q64610,L2,2800,55,AUROC,0.9194,0.9709,+0.0516
Q6P179,L2,866,17,EF1%,50.9412,50.9412,+0.0000
Q6P179,L2,866,17,EF5%,18.5241,19.6818,+1.1578
Q6P179,L2,866,17,AUROC,0.9963,0.9962,-0.0001
Q6V1X1,L2,3513,69,EF1%,43.8418,46.6703,+2.8285
Q6V1X1,L2,3513,69,EF5%,17.6460,18.8031,+1.1571
Q6V1X1,L2,3513,69,AUROC,0.9826,0.9936,+0.0110
Q72547,L2,3259,64,EF1%,50.9219,50.9219,+0.0000
Q72547,L2,3259,64,EF5%,19.9939,19.9939,+0.0000
Q72547,L2,3259,64,AUROC,1.0000,1.0000,+0.0000
Q86TI2,L2,2851,56,EF1%,47.3996,45.6441,-1.7555
Q86TI2,L2,2851,56,EF5%,17.0889,18.1570,+1.0681
Q86TI2,L2,2851,56,AUROC,0.9744,0.9858,+0.0114
Q86U44,L2,2952,58,EF1%,5.0897,15.2690,+10.1793
Q86U44,L2,2952,58,EF5%,1.7195,14.0997,+12.3802
Q86U44,L2,2952,58,AUROC,0.6430,0.9543,+0.3113
Q86W56,L2,17373,341,EF1%,50.9472,50.9472,+0.0000
Q86W56,L2,17373,341,EF5%,19.4643,19.5229,+0.0586
Q86W56,L2,17373,341,AUROC,0.9906,0.9914,+0.0008
Q86WV6,L2,8664,170,EF1%,22.2604,32.2191,+9.9586
Q86WV6,L2,8664,170,EF5%,6.6935,8.1027,+1.4092
Q86WV6,L2,8664,170,AUROC,0.8001,0.6476,-0.1524
Q86X55,L2,2392,47,EF1%,25.4468,44.5319,+19.0851
Q86X55,L2,2392,47,EF5%,14.4199,17.3887,+2.9688
Q86X55,L2,2392,47,AUROC,0.9328,0.9555,+0.0226
Q8IVH8,L2,16916,332,EF1%,2.0980,0.5994,-1.4986
Q8IVH8,L2,16916,332,EF5%,1.3852,1.8670,+0.4818
Q8IVH8,L2,16916,332,AUROC,0.8152,0.7863,-0.0289
Q8IXJ6,L2,866,17,EF1%,11.3203,22.6405,+11.3203
Q8IXJ6,L2,866,17,EF5%,5.7888,6.9465,+1.1578
Q8IXJ6,L2,866,17,AUROC,0.8783,0.7307,-0.1476
Q8IYT8,L2,561,11,EF1%,34.0000,34.0000,+0.0000
Q8IYT8,L2,561,11,EF5%,7.0345,14.0690,+7.0345
Q8IYT8,L2,561,11,AUROC,0.6296,0.9856,+0.3560
Q8N884,L2,15690,308,EF1%,0.9734,32.7713,+31.7979
Q8N884,L2,15690,308,EF5%,4.0234,13.6277,+9.6043
Q8N884,L2,15690,308,AUROC,0.6819,0.9530,+0.2710
Q8NEB9,L2,2906,57,EF1%,5.0982,35.6877,+30.5895
Q8NEB9,L2,2906,57,EF5%,4.5395,18.8565,+14.3170
Q8NEB9,L2,2906,57,AUROC,0.9037,0.9906,+0.0869
Q8NER1,L2,2241,44,EF1%,0.0000,11.0721,+11.0721
Q8NER1,L2,2241,44,EF5%,0.0000,3.1551,+3.1551
Q8NER1,L2,2241,44,AUROC,0.2885,0.6307,+0.3421
Q8NET8,L2,15076,296,EF1%,0.0000,0.0000,+0.0000
Q8NET8,L2,15076,296,EF5%,0.6755,0.1351,-0.5404
Q8NET8,L2,15076,296,AUROC,0.5229,0.4624,-0.0605
Q8NFU5,L2,3361,66,EF1%,7.4889,10.4844,+2.9955
Q8NFU5,L2,3361,66,EF5%,9.0398,7.2318,-1.8080
Q8NFU5,L2,3361,66,AUROC,0.8607,0.9002,+0.0395
Q8NI77,L2,55528,1090,EF1%,0.0000,48.0111,+48.0111
Q8NI77,L2,55528,1090,EF5%,0.8805,17.9044,+17.0238
Q8NI77,L2,55528,1090,AUROC,0.6759,0.9779,+0.3020
Q8R4B8,L2,2954,58,EF1%,16.9770,11.8839,-5.0931
Q8R4B8,L2,2954,58,EF5%,4.1295,5.1619,+1.0324
Q8R4B8,L2,2954,58,AUROC,0.4724,0.7535,+0.2811
Q8TDV5,L2,1527,30,EF1%,44.5375,47.7188,+3.1812
Q8TDV5,L2,1527,30,EF5%,19.8312,17.8481,-1.9831
Q8TDV5,L2,1527,30,AUROC,0.9952,0.9901,-0.0051
Q8TF76,L2,1886,37,EF1%,10.7312,21.4623,+10.7312
Q8TF76,L2,1886,37,EF5%,6.9752,11.2677,+4.2925
Q8TF76,L2,1886,37,AUROC,0.6825,0.7033,+0.0208
Q92633,L2,28537,560,EF1%,10.5125,0.3564,-10.1562
Q92633,L2,28537,560,EF5%,8.3563,1.6427,-6.7136
Q92633,L2,28537,560,AUROC,0.8577,0.7527,-0.1050
Q92769,L2,17222,338,EF1%,50.9527,50.9527,+0.0000
Q92769,L2,17222,338,EF5%,19.3880,19.8018,+0.4138
Q92769,L2,17222,338,AUROC,0.9926,0.9948,+0.0023
Q92793,L2,22264,437,EF1%,43.1796,20.7902,-22.3894
Q92793,L2,22264,437,EF5%,18.7966,5.7167,-13.0798
Q92793,L2,22264,437,AUROC,0.9898,0.8417,-0.1481
Q92831,L2,2091,41,EF1%,0.0000,0.0000,+0.0000
Q92831,L2,2091,41,EF5%,0.0000,0.0000,+0.0000
Q92831,L2,2091,41,AUROC,0.5735,0.2707,-0.3028
Q92918,L2,115706,2271,EF1%,19.7550,15.3552,-4.3998
Q92918,L2,115706,2271,EF5%,7.9075,7.2734,-0.6340
Q92918,L2,115706,2271,AUROC,0.7816,0.8889,+0.1072
Q92993,L2,4737,93,EF1%,2.1223,0.0000,-2.1223
Q92993,L2,4737,93,EF5%,1.5044,0.2149,-1.2895
Q92993,L2,4737,93,AUROC,0.7587,0.6675,-0.0912
Q93009,L2,14926,293,EF1%,50.9420,50.9420,+0.0000
Q93009,L2,14926,293,EF5%,19.5721,19.0265,-0.5456
Q93009,L2,14926,293,AUROC,0.9936,0.9871,-0.0064
Q96GG9,L2,25985,510,EF1%,10.3862,4.8991,-5.4870
Q96GG9,L2,25985,510,EF5%,9.5631,3.9585,-5.6046
Q96GG9,L2,25985,510,AUROC,0.8904,0.7032,-0.1872
Q96KQ7,L2,1733,34,EF1%,50.9706,50.9706,+0.0000
Q96KQ7,L2,1733,34,EF5%,18.1619,19.9195,+1.7576
Q96KQ7,L2,1733,34,AUROC,0.9899,0.9991,+0.0092
Q96P20,L2,22618,444,EF1%,47.1264,36.3547,-10.7718
Q96P20,L2,22618,444,EF5%,12.2061,9.2334,-2.9727
Q96P20,L2,22618,444,AUROC,0.7902,0.6895,-0.1007
Q96RI1,L2,3107,61,EF1%,50.9344,49.3427,-1.5917
Q96RI1,L2,3107,61,EF5%,19.5902,19.2637,-0.3265
Q96RI1,L2,3107,61,AUROC,0.9990,0.9928,-0.0062
Q96S37,L2,1529,30,EF1%,0.0000,22.2979,+22.2979
Q96S37,L2,1529,30,EF5%,3.3095,8.6048,+5.2952
Q96S37,L2,1529,30,AUROC,0.6869,0.7914,+0.1045
Q96SW2,L2,34286,673,EF1%,44.1127,40.8451,-3.2676
Q96SW2,L2,34286,673,EF5%,14.6448,15.5360,+0.8912
Q96SW2,L2,34286,673,AUROC,0.9245,0.9296,+0.0052
Q99558,L2,2802,55,EF1%,42.1618,49.1887,+7.0270
Q99558,L2,2802,55,EF5%,17.3431,19.8723,+2.5292
Q99558,L2,2802,55,AUROC,0.9809,0.9990,+0.0181
Q99571,L2,2498,49,EF1%,0.0000,2.0392,+2.0392
Q99571,L2,2498,49,EF5%,3.6705,0.8157,-2.8549
Q99571,L2,2498,49,AUROC,0.8807,0.7066,-0.1741
Q99572,L2,1377,27,EF1%,0.0000,7.2857,+7.2857
Q99572,L2,1377,27,EF5%,1.4783,2.2174,+0.7391
Q99572,L2,1377,27,AUROC,0.5708,0.7044,+0.1336
Q99640,L2,14564,286,EF1%,37.3203,35.9252,-1.3952
Q99640,L2,14564,286,EF5%,17.2538,16.1361,-1.1177
Q99640,L2,14564,286,AUROC,0.9743,0.9571,-0.0173
Q99683,L2,3871,76,EF1%,0.0000,50.9342,+50.9342
Q99683,L2,3871,76,EF5%,1.3127,18.9034,+17.5907
Q99683,L2,3871,76,AUROC,0.8342,0.9497,+0.1155
Q99685,L2,19364,380,EF1%,37.2991,37.5617,+0.2627
Q99685,L2,19364,380,EF5%,15.4083,16.9860,+1.5776
Q99685,L2,19364,380,AUROC,0.9664,0.9702,+0.0038
Q99720,L2,2141,42,EF1%,44.0249,46.3420,+2.3171
Q99720,L2,2141,42,EF5%,15.1041,16.5201,+1.4160
Q99720,L2,2141,42,AUROC,0.8568,0.9175,+0.0606
Q99814,L2,5810,114,EF1%,4.3191,25.0506,+20.7315
Q99814,L2,5810,114,EF5%,6.1298,13.4856,+7.3558
Q99814,L2,5810,114,AUROC,0.8960,0.9588,+0.0628
Q99873,L2,1527,30,EF1%,34.9937,41.3563,+6.3625
Q99873,L2,1527,30,EF5%,18.5091,18.5091,+0.0000
Q99873,L2,1527,30,AUROC,0.9705,0.9561,-0.0144
Q9BUB5,L2,5908,116,EF1%,12.7328,27.1632,+14.4305
Q9BUB5,L2,5908,116,EF5%,11.3562,15.1417,+3.7854
Q9BUB5,L2,5908,116,AUROC,0.9091,0.9357,+0.0266
Q9BY41,L2,20024,393,EF1%,46.8958,40.3050,-6.5908
Q9BY41,L2,20024,393,EF5%,19.4755,18.9162,-0.5593
Q9BY41,L2,20024,393,AUROC,0.9837,0.9842,+0.0005
Q9BZP6,L2,662,13,EF1%,0.0000,43.6484,+43.6484
Q9BZP6,L2,662,13,EF5%,1.4977,19.4706,+17.9729
Q9BZP6,L2,662,13,AUROC,0.8365,0.9964,+0.1600
Q9C0B1,L2,1528,30,EF1%,38.2000,50.9333,+12.7333
Q9C0B1,L2,1528,30,EF5%,17.1983,16.5368,-0.6615
Q9C0B1,L2,1528,30,AUROC,0.9769,0.9433,-0.0336
Q9GZT9,L2,3973,78,EF1%,47.1157,48.3891,+1.2734
Q9GZT9,L2,3973,78,EF5%,16.3814,19.4529,+3.0715
Q9GZT9,L2,3973,78,AUROC,0.9766,0.9964,+0.0198
Q9H2K2,L2,4073,80,EF1%,48.4290,38.4948,-9.9341
Q9H2K2,L2,4073,80,EF5%,19.4665,19.4665,+0.0000
Q9H2K2,L2,4073,80,AUROC,0.9910,0.9918,+0.0008
Q9H3N8,L2,2802,55,EF1%,43.9185,50.9455,+7.0270
Q9H3N8,L2,2802,55,EF5%,16.9818,18.4271,+1.4453
Q9H3N8,L2,2802,55,AUROC,0.9741,0.9894,+0.0154
Q9H7B4,L2,1274,25,EF1%,0.0000,0.0000,+0.0000
Q9H7B4,L2,1274,25,EF5%,0.7963,0.7963,+0.0000
Q9H7B4,L2,1274,25,AUROC,0.7523,0.5322,-0.2202
Q9H8M2,L2,19914,391,EF1%,50.9309,50.9309,+0.0000
Q9H8M2,L2,19914,391,EF5%,19.9940,19.9940,+0.0000
Q9H8M2,L2,19914,391,AUROC,1.0000,1.0000,+0.0000
Q9H999,L2,4127,81,EF1%,44.8851,50.9506,+6.0655
Q9H999,L2,4127,81,EF5%,18.2142,19.9372,+1.7230
Q9H999,L2,4127,81,AUROC,0.9889,0.9994,+0.0105
Q9HAZ1,L2,6878,135,EF1%,2.9535,25.8433,+22.8897
Q9HAZ1,L2,6878,135,EF5%,2.5178,14.0700,+11.5522
Q9HAZ1,L2,6878,135,AUROC,0.6496,0.9511,+0.3016
Q9HBH9,L2,5299,104,EF1%,31.7248,31.7248,+0.0000
Q9HBH9,L2,5299,104,EF5%,12.6899,13.4590,+0.7691
Q9HBH9,L2,5299,104,AUROC,0.9282,0.9147,-0.0136
Q9NQS5,L2,2346,46,EF1%,25.5000,34.0000,+8.5000
Q9NQS5,L2,2346,46,EF5%,12.9661,15.1271,+2.1610
Q9NQS5,L2,2346,46,AUROC,0.9565,0.9671,+0.0106
Q9NR48,L2,1784,35,EF1%,50.9714,50.9714,+0.0000
Q9NR48,L2,1784,35,EF5%,19.8222,19.8222,+0.0000
Q9NR48,L2,1784,35,AUROC,1.0000,1.0000,+0.0000
Q9NR97,L2,2955,58,EF1%,27.1724,47.5517,+20.3793
Q9NR97,L2,2955,58,EF5%,7.2291,16.8680,+9.6389
Q9NR97,L2,2955,58,AUROC,0.7839,0.9082,+0.1243
Q9NSY1,L2,3462,68,EF1%,1.4546,1.4546,+0.0000
Q9NSY1,L2,3462,68,EF5%,11.4113,4.9741,-6.4371
Q9NSY1,L2,3462,68,AUROC,0.9577,0.8770,-0.0806
Q9NWZ3,L2,74282,1458,EF1%,37.0966,36.3424,-0.7543
Q9NWZ3,L2,74282,1458,EF5%,14.3587,16.5803,+2.2217
Q9NWZ3,L2,74282,1458,AUROC,0.9335,0.9764,+0.0429
Q9NXS2,L2,2088,41,EF1%,33.9512,33.9512,+0.0000
Q9NXS2,L2,2088,41,EF5%,7.7603,7.2753,-0.4850
Q9NXS2,L2,2088,41,AUROC,0.8034,0.5327,-0.2708
Q9NYL2,L2,612,12,EF1%,0.0000,21.8571,+21.8571
Q9NYL2,L2,612,12,EF5%,4.9355,19.7419,+14.8065
Q9NYL2,L2,612,12,AUROC,0.9098,0.9896,+0.0798
Q9NYV4,L2,14369,282,EF1%,43.1693,43.5231,+0.3538
Q9NYV4,L2,14369,282,EF5%,16.9374,16.7248,-0.2126
Q9NYV4,L2,14369,282,AUROC,0.9546,0.9726,+0.0181
Q9NZQ7,L2,44625,876,EF1%,20.6274,38.8616,+18.2342
Q9NZQ7,L2,44625,876,EF5%,9.7228,14.7439,+5.0211
Q9NZQ7,L2,44625,876,AUROC,0.8804,0.9324,+0.0520
Q9P1W9,L2,967,19,EF1%,20.3579,35.6263,+15.2684
Q9P1W9,L2,967,19,EF5%,12.4640,9.3480,-3.1160
Q9P1W9,L2,967,19,AUROC,0.7679,0.8365,+0.0685
Q9UQB9,L2,764,15,EF1%,0.0000,0.0000,+0.0000
Q9UQB9,L2,764,15,EF5%,0.0000,0.0000,+0.0000
Q9UQB9,L2,764,15,AUROC,0.5890,0.7178,+0.1287
Q9UQD0,L2,16404,322,EF1%,0.3088,13.8938,+13.5851
Q9UQD0,L2,16404,322,EF5%,2.7923,7.1359,+4.3436
Q9UQD0,L2,16404,322,AUROC,0.7267,0.7924,+0.0657
Q9Y233,L2,4126,81,EF1%,50.9383,50.9383,+0.0000
Q9Y233,L2,4126,81,EF5%,19.4402,19.4402,+0.0000
Q9Y233,L2,4126,81,AUROC,0.9847,0.9912,+0.0065
Q9Y251,L2,2691,44,EF1%,24.9167,6.7955,-18.1212
Q9Y251,L2,2691,44,EF5%,11.7788,10.8727,-0.9061
Q9Y251,L2,2691,44,AUROC,0.8906,0.8876,-0.0030
Q9Y2K2,L2,2242,44,EF1%,6.6462,4.4308,-2.2154
Q9Y2K2,L2,2242,44,EF5%,11.7241,2.7056,-9.0185
Q9Y2K2,L2,2242,44,AUROC,0.9579,0.7283,-0.2296
Q9Y572,L2,1528,30,EF1%,25.4667,6.3667,-19.1000
Q9Y572,L2,1528,30,EF5%,16.5368,3.3074,-13.2294
Q9Y572,L2,1528,30,AUROC,0.9745,0.8445,-0.1299
Q9Y5N1,L2,1427,28,EF1%,0.0000,0.0000,+0.0000
Q9Y5N1,L2,1427,28,EF5%,0.0000,1.4157,+1.4157
Q9Y5N1,L2,1427,28,AUROC,0.4673,0.5561,+0.0888
Q9Y5Y6,L2,1527,30,EF1%,47.7188,47.7188,+0.0000
Q9Y5Y6,L2,1527,30,EF5%,19.8312,19.8312,+0.0000
Q9Y5Y6,L2,1527,30,AUROC,0.9992,0.9992,-0.0000
Q9Y5Y9,L2,32199,632,EF1%,2.8480,39.7140,+36.8659
Q9Y5Y9,L2,32199,632,EF5%,3.7024,12.3097,+8.6073
Q9Y5Y9,L2,32199,632,AUROC,0.6560,0.8917,+0.2356
Q9Y5Z0,L2,16141,317,EF1%,50.9180,50.9180,+0.0000
Q9Y5Z0,L2,16141,317,EF5%,19.9765,19.9765,+0.0000
Q9Y5Z0,L2,16141,317,AUROC,1.0000,0.9999,-0.0001
Q9Y657,L2,561,11,EF1%,51.0000,51.0000,+0.0000
Q9Y657,L2,561,11,EF5%,19.3448,19.3448,+0.0000
Q9Y657,L2,561,11,AUROC,0.9993,1.0000,+0.0007
Q9Z1M0,L2,560,11,EF1%,0.0000,0.0000,+0.0000
Q9Z1M0,L2,560,11,EF5%,0.0000,0.0000,+0.0000
Q9Z1M0,L2,560,11,AUROC,0.1864,0.7253,+0.5389
A0A1D8PKB4,L3,610,12,EF1%,14.5238,7.2619,-7.2619
A0A1D8PKB4,L3,610,12,EF5%,4.9194,3.2796,-1.6398
A0A1D8PKB4,L3,610,12,AUROC,0.7715,0.8161,+0.0446
C7FF05,L3,4686,92,EF1%,2.1674,23.8418,+21.6744
C7FF05,L3,4686,92,EF5%,1.7340,9.3200,+7.5860
C7FF05,L3,4686,92,AUROC,0.5401,0.8742,+0.3341
O14638,L3,4636,91,EF1%,5.4197,0.0000,-5.4197
O14638,L3,4636,91,EF5%,6.3681,1.3175,-5.0506
O14638,L3,4636,91,AUROC,0.8899,0.6204,-0.2695
O43526,L3,1373,27,EF1%,0.0000,0.0000,+0.0000
O43526,L3,1373,27,EF5%,0.7370,0.0000,-0.7370
O43526,L3,1373,27,AUROC,0.7220,0.7110,-0.0109
O94921,L3,5096,100,EF1%,29.9765,4.9961,-24.9804
O94921,L3,5096,100,EF5%,17.5862,11.7907,-5.7955
O94921,L3,5096,100,AUROC,0.9845,0.9460,-0.0385
P01111,L3,23907,469,EF1%,0.0000,1.4868,+1.4868
P01111,L3,23907,469,EF5%,0.0000,6.2226,+6.2226
P01111,L3,23907,469,AUROC,0.4650,0.8857,+0.4208
P05556,L3,1371,27,EF1%,3.6270,3.6270,+0.0000
P05556,L3,1371,27,EF5%,10.3027,3.6795,-6.6232
P05556,L3,1371,27,AUROC,0.8957,0.8356,-0.0601
P05622,L3,19254,378,EF1%,0.7918,0.2639,-0.5278
P05622,L3,19254,378,EF5%,0.5818,1.0050,+0.4231
P05622,L3,19254,378,AUROC,0.3517,0.5791,+0.2274
P06802,L3,2087,41,EF1%,50.9024,50.9024,+0.0000
P06802,L3,2087,41,EF5%,17.4523,17.4523,+0.0000
P06802,L3,2087,41,AUROC,0.9573,0.9324,-0.0249
P08515,L3,1173,23,EF1%,0.0000,0.0000,+0.0000
P08515,L3,1173,23,EF5%,0.0000,0.0000,+0.0000
P08515,L3,1173,23,AUROC,0.6189,0.3162,-0.3027
P08519,L3,3819,75,EF1%,0.0000,39.1692,+39.1692
P08519,L3,3819,75,EF5%,1.5996,18.9284,+17.3288
P08519,L3,3819,75,AUROC,0.8092,0.9930,+0.1839
P09487,L3,560,11,EF1%,0.0000,50.9091,+50.9091
P09487,L3,560,11,EF5%,0.0000,20.0000,+20.0000
P09487,L3,560,11,AUROC,0.7226,0.9988,+0.2762
P0DTC1,L3,43566,855,EF1%,30.8531,44.5267,+13.6735
P0DTC1,L3,43566,855,EF5%,15.4336,17.1173,+1.6837
P0DTC1,L3,43566,855,AUROC,0.9380,0.9492,+0.0112
P11498,L3,1172,22,EF1%,0.0000,0.0000,+0.0000
P11498,L3,1172,22,EF5%,0.0000,0.0000,+0.0000
P11498,L3,1172,22,AUROC,0.6843,0.4656,-0.2186
P11926,L3,713,14,EF1%,31.8304,50.9286,+19.0982
P11926,L3,713,14,EF5%,15.5615,19.8056,+4.2440
P11926,L3,713,14,AUROC,0.9784,0.9998,+0.0214
P17787,L3,610,12,EF1%,21.7857,50.8333,+29.0476
P17787,L3,610,12,EF5%,16.3978,19.6774,+3.2796
P17787,L3,610,12,AUROC,0.9822,0.9986,+0.0164
P18564,L3,1835,36,EF1%,2.6827,2.6827,+0.0000
P18564,L3,1835,36,EF5%,3.3243,6.0945,+2.7702
P18564,L3,1835,36,AUROC,0.7774,0.8318,+0.0544
P28347,L3,12125,238,EF1%,0.4176,0.8352,+0.4176
P28347,L3,12125,238,EF5%,0.3357,0.5036,+0.1679
P28347,L3,12125,238,AUROC,0.4115,0.3952,-0.0164
P30405,L3,3973,77,EF1%,51.5974,51.5974,+0.0000
P30405,L3,3973,77,EF5%,19.9648,19.9648,+0.0000
P30405,L3,3973,77,AUROC,0.9996,1.0000,+0.0004
P30518,L3,1937,38,EF1%,17.8408,20.3895,+2.5487
P30518,L3,1937,38,EF5%,12.0865,12.0865,+0.0000
P30518,L3,1937,38,AUROC,0.9322,0.9448,+0.0125
P36222,L3,4435,87,EF1%,5.6641,46.4457,+40.7816
P36222,L3,4435,87,EF5%,6.8888,18.8293,+11.9406
P36222,L3,4435,87,AUROC,0.8445,0.9859,+0.1413
P37288,L3,5606,110,EF1%,17.8820,6.2587,-11.6233
P37288,L3,5606,110,EF5%,10.1565,9.0683,-1.0882
P37288,L3,5606,110,AUROC,0.9093,0.9016,-0.0077
P40879,L3,1019,20,EF1%,50.9500,50.9500,+0.0000
P40879,L3,1019,20,EF5%,19.9804,19.9804,+0.0000
P40879,L3,1019,20,AUROC,1.0000,1.0000,+0.0000
P43220,L3,6575,129,EF1%,1.5445,13.1284,+11.5839
P43220,L3,6575,129,EF5%,4.3378,10.8445,+6.5067
P43220,L3,6575,129,AUROC,0.8805,0.9443,+0.0638
P43250,L3,1121,22,EF1%,50.9545,50.9545,+0.0000
P43250,L3,1121,22,EF5%,17.8788,18.7727,+0.8939
P43250,L3,1121,22,AUROC,0.9439,0.9692,+0.0253
P51684,L3,561,11,EF1%,0.0000,0.0000,+0.0000
P51684,L3,561,11,EF5%,0.0000,0.0000,+0.0000
P51684,L3,561,11,AUROC,0.1457,0.4911,+0.3454
P56450,L3,662,13,EF1%,21.8242,14.5495,-7.2747
P56450,L3,662,13,EF5%,17.9729,14.9774,-2.9955
P56450,L3,662,13,AUROC,0.9849,0.9772,-0.0076
P56528,L3,5248,103,EF1%,0.0000,0.0000,+0.0000
P56528,L3,5248,103,EF5%,0.0000,0.0000,+0.0000
P56528,L3,5248,103,AUROC,0.1089,0.2470,+0.1381
P97821,L3,4230,83,EF1%,40.2970,49.7786,+9.4816
P97821,L3,4230,83,EF5%,19.4720,19.9528,+0.4808
P97821,L3,4230,83,AUROC,0.9946,0.9985,+0.0039
Q00959,L3,764,15,EF1%,12.7333,25.4667,+12.7333
Q00959,L3,764,15,EF5%,10.4479,5.2239,-5.2239
Q00959,L3,764,15,AUROC,0.8618,0.7255,-0.1363
Q00961,L3,1069,21,EF1%,9.2554,9.2554,+0.0000
Q00961,L3,1069,21,EF5%,8.4841,2.8280,-5.6561
Q00961,L3,1069,21,AUROC,0.7900,0.7203,-0.0697
Q02779,L3,815,16,EF1%,16.9792,5.6597,-11.3194
Q02779,L3,815,16,EF5%,13.6662,2.4848,-11.1814
Q02779,L3,815,16,AUROC,0.9561,0.7475,-0.2085
Q14123,L3,2039,40,EF1%,24.2738,12.1369,-12.1369
Q14123,L3,2039,40,EF5%,7.4963,4.4978,-2.9985
Q14123,L3,2039,40,AUROC,0.7892,0.6885,-0.1008
Q15391,L3,1424,28,EF1%,0.0000,0.0000,+0.0000
Q15391,L3,1424,28,EF5%,0.7063,2.1190,+1.4127
Q15391,L3,1424,28,AUROC,0.5664,0.7851,+0.2187
Q15562,L3,9173,180,EF1%,0.5539,0.5539,+0.0000
Q15562,L3,9173,180,EF5%,0.6662,0.3331,-0.3331
Q15562,L3,9173,180,AUROC,0.4407,0.4750,+0.0343
Q15878,L3,7697,151,EF1%,1.3240,0.0000,-1.3240
Q15878,L3,7697,151,EF5%,0.7944,0.1324,-0.6620
Q15878,L3,7697,151,AUROC,0.4733,0.6560,+0.1827
Q16665,L3,1427,28,EF1%,0.0000,0.0000,+0.0000
Q16665,L3,1427,28,EF5%,0.0000,0.0000,+0.0000
Q16665,L3,1427,28,AUROC,0.6046,0.1240,-0.4807
Q62645,L3,763,15,EF1%,12.7167,12.7167,+0.0000
Q62645,L3,763,15,EF5%,7.8256,6.5214,-1.3043
Q62645,L3,763,15,AUROC,0.8358,0.8227,-0.0131
Q8R431,L3,714,14,EF1%,31.8750,38.2500,+6.3750
Q8R431,L3,714,14,EF5%,19.8333,19.8333,+0.0000
Q8R431,L3,714,14,AUROC,0.9909,0.9952,+0.0043
Q92830,L3,8104,159,EF1%,0.0000,0.0000,+0.0000
Q92830,L3,8104,159,EF5%,0.0000,0.0000,+0.0000
Q92830,L3,8104,159,AUROC,0.5665,0.3021,-0.2644
Q96LB1,L3,3515,69,EF1%,0.0000,0.0000,+0.0000
Q96LB1,L3,3515,69,EF5%,0.5789,0.0000,-0.5789
Q96LB1,L3,3515,69,AUROC,0.6385,0.5766,-0.0620
Q99594,L3,5193,102,EF1%,0.0000,0.9791,+0.9791
Q99594,L3,5193,102,EF5%,0.9791,0.1958,-0.7833
Q99594,L3,5193,102,AUROC,0.5484,0.3758,-0.1727
Q9HCR9,L3,2037,40,EF1%,4.8500,2.4250,-2.4250
Q9HCR9,L3,2037,40,EF5%,1.4978,0.9985,-0.4993
Q9HCR9,L3,2037,40,AUROC,0.3195,0.4603,+0.1408
Q9NP56,L3,3618,71,EF1%,11.0179,15.1496,+4.1317
Q9NP56,L3,3618,71,EF5%,3.3784,4.7861,+1.4077
Q9NP56,L3,3618,71,AUROC,0.5021,0.6896,+0.1875
Q9NPC1,L3,867,17,EF1%,39.6667,11.3333,-28.3333
Q9NPC1,L3,867,17,EF5%,15.0682,5.7955,-9.2727
Q9NPC1,L3,867,17,AUROC,0.9716,0.8556,-0.1161
Q9NR22,L3,559,11,EF1%,25.4091,42.3485,+16.9394
Q9NR22,L3,559,11,EF5%,18.1494,19.9643,+1.8149
Q9NR22,L3,559,11,AUROC,0.9871,0.9975,+0.0105
Q9Y4K4,L3,510,10,EF1%,25.5000,25.5000,+0.0000
Q9Y4K4,L3,510,10,EF5%,5.8846,11.7692,+5.8846
Q9Y4K4,L3,510,10,AUROC,0.6076,0.9464,+0.3388
Q9Y6M4,L3,1732,34,EF1%,5.6601,16.9804,+11.3203
Q9Y6M4,L3,1732,34,EF5%,9.3685,17.5659,+8.1974
Q9Y6M4,L3,1732,34,AUROC,0.9181,0.9538,+0.0357
B4RNM9,L4,2958,58,EF1%,6.8000,51.0000,+44.2000
B4RNM9,L4,2958,58,EF5%,13.4392,19.9865,+6.5473
B4RNM9,L4,2958,58,AUROC,0.9525,0.9999,+0.0474
C9J9Y7,L4,30670,602,EF1%,0.0000,37.1729,+37.1729
C9J9Y7,L4,30670,602,EF5%,0.0000,16.1077,+16.1077
C9J9Y7,L4,30670,602,AUROC,0.2000,0.9730,+0.7730
I6WXK4,L4,1173,23,EF1%,25.5000,25.5000,+0.0000
I6WXK4,L4,1173,23,EF5%,19.8814,17.2881,-2.5932
I6WXK4,L4,1173,23,AUROC,0.9908,0.9863,-0.0045
J9SQF3,L4,33108,650,EF1%,0.0000,0.0000,+0.0000
J9SQF3,L4,33108,650,EF5%,0.0000,0.5536,+0.5536
J9SQF3,L4,33108,650,AUROC,0.2640,0.5494,+0.2855
O00187,L4,17213,337,EF1%,23.6195,3.2477,-20.3718
O00187,L4,17213,337,EF5%,16.1359,5.9323,-10.2036
O00187,L4,17213,337,AUROC,0.9384,0.8866,-0.0518
O00411,L4,11568,227,EF1%,0.0000,0.0000,+0.0000
O00411,L4,11568,227,EF5%,0.0000,0.1760,+0.1760
O00411,L4,11568,227,AUROC,0.1560,0.4024,+0.2465
O00443,L4,5042,99,EF1%,0.0000,0.0000,+0.0000
O00443,L4,5042,99,EF5%,0.4026,0.2013,-0.2013
O00443,L4,5042,99,AUROC,0.4148,0.6583,+0.2435
O00748,L4,969,19,EF1%,0.0000,0.0000,+0.0000
O00748,L4,969,19,EF5%,1.0408,0.0000,-1.0408
O00748,L4,969,19,AUROC,0.4714,0.4084,-0.0630
O00750,L4,866,17,EF1%,5.6601,0.0000,-5.6601
O00750,L4,866,17,EF5%,5.7888,3.4733,-2.3155
O00750,L4,866,17,AUROC,0.9303,0.8437,-0.0865
O00767,L4,1886,37,EF1%,0.0000,0.0000,+0.0000
O00767,L4,1886,37,EF5%,0.5366,0.0000,-0.5366
O00767,L4,1886,37,AUROC,0.6493,0.7663,+0.1170
O14578,L4,7743,152,EF1%,11.7556,36.5729,+24.8173
O14578,L4,7743,152,EF5%,13.3917,18.2494,+4.8578
O14578,L4,7743,152,AUROC,0.9627,0.9893,+0.0267
O14874,L4,5400,106,EF1%,46.2264,0.0000,-46.2264
O14874,L4,5400,106,EF5%,19.0566,0.0000,-19.0566
O14874,L4,5400,106,AUROC,0.9719,0.4262,-0.5457
O14929,L4,1731,34,EF1%,0.0000,0.0000,+0.0000
O14929,L4,1731,34,EF5%,0.0000,0.0000,+0.0000
O14929,L4,1731,34,AUROC,0.4811,0.6510,+0.1699
O14980,L4,2495,49,EF1%,0.0000,0.0000,+0.0000
O14980,L4,2495,49,EF5%,0.0000,0.0000,+0.0000
O14980,L4,2495,49,AUROC,0.3787,0.1888,-0.1899
O15393,L4,2036,40,EF1%,46.0524,31.5095,-14.5429
O15393,L4,2036,40,EF5%,17.4657,16.4676,-0.9980
O15393,L4,2036,40,AUROC,0.9618,0.9587,-0.0031
O42275,L4,6011,118,EF1%,50.9407,50.9407,+0.0000
O42275,L4,6011,118,EF5%,15.9084,15.7391,-0.1692
O42275,L4,6011,118,AUROC,0.8849,0.8796,-0.0054
O54890,L4,510,10,EF1%,25.5000,25.5000,+0.0000
O54890,L4,510,10,EF5%,11.7692,9.8077,-1.9615
O54890,L4,510,10,AUROC,0.8950,0.8350,-0.0600
O60285,L4,1885,37,EF1%,2.6814,10.7255,+8.0441
O60285,L4,1885,37,EF5%,1.0725,10.1892,+9.1166
O60285,L4,1885,37,AUROC,0.7308,0.9000,+0.1692
O60331,L4,1683,33,EF1%,6.0000,0.0000,-6.0000
O60331,L4,1683,33,EF5%,10.8000,0.0000,-10.8000
O60331,L4,1683,33,AUROC,0.9360,0.2526,-0.6834
O60427,L4,12028,236,EF1%,0.0000,0.0000,+0.0000
O60427,L4,12028,236,EF5%,0.0000,0.0000,+0.0000
O60427,L4,12028,236,AUROC,0.3257,0.5333,+0.2076
O60563,L4,7949,156,EF1%,0.6369,6.3694,+5.7325
O60563,L4,7949,156,EF5%,0.2561,2.8166,+2.5606
O60563,L4,7949,156,AUROC,0.3692,0.6567,+0.2875
O75106,L4,3107,61,EF1%,0.0000,0.0000,+0.0000
O75106,L4,3107,61,EF5%,2.2855,0.0000,-2.2855
O75106,L4,3107,61,AUROC,0.7675,0.2531,-0.5144
O75143,L4,1833,36,EF1%,0.0000,0.0000,+0.0000
O75143,L4,1833,36,EF5%,0.0000,0.0000,+0.0000
O75143,L4,1833,36,AUROC,0.5319,0.2097,-0.3221
O75365,L4,1275,25,EF1%,0.0000,0.0000,+0.0000
O75365,L4,1275,25,EF5%,0.0000,0.0000,+0.0000
O75365,L4,1275,25,AUROC,0.5374,0.5756,+0.0382
O75747,L4,11664,229,EF1%,0.0000,0.0000,+0.0000
O75747,L4,11664,229,EF5%,0.0872,0.0000,-0.0872
O75747,L4,11664,229,AUROC,0.6582,0.2919,-0.3663
O75909,L4,8612,169,EF1%,0.0000,9.3717,+9.3717
O75909,L4,8612,169,EF5%,0.0000,8.9857,+8.9857
O75909,L4,8612,169,AUROC,0.6244,0.8947,+0.2703
O77963,L4,6980,137,EF1%,0.0000,0.0000,+0.0000
O77963,L4,6980,137,EF5%,0.0000,0.0000,+0.0000
O77963,L4,6980,137,AUROC,0.4109,0.3193,-0.0916
O88634,L4,3364,66,EF1%,0.0000,0.0000,+0.0000
O88634,L4,3364,66,EF5%,0.3016,0.0000,-0.3016
O88634,L4,3364,66,AUROC,0.4547,0.4277,-0.0270
O94782,L4,20685,406,EF1%,0.0000,0.0000,+0.0000
O94782,L4,20685,406,EF5%,0.0985,0.1969,+0.0985
O94782,L4,20685,406,AUROC,0.4506,0.5048,+0.0542
O94956,L4,509,10,EF1%,0.0000,0.0000,+0.0000
O94956,L4,509,10,EF5%,0.0000,0.0000,+0.0000
O94956,L4,509,10,AUROC,0.8379,0.5905,-0.2474
O95069,L4,917,18,EF1%,0.0000,0.0000,+0.0000
O95069,L4,917,18,EF5%,0.0000,3.3225,+3.3225
O95069,L4,917,18,AUROC,0.3200,0.7833,+0.4633
O95278,L4,917,18,EF1%,50.9444,5.0944,-45.8500
O95278,L4,917,18,EF5%,19.9348,4.4300,-15.5048
O95278,L4,917,18,AUROC,0.9977,0.8226,-0.1751
O95835,L4,3720,73,EF1%,5.3641,1.3410,-4.0231
O95835,L4,3720,73,EF5%,4.9315,3.0137,-1.9178
O95835,L4,3720,73,AUROC,0.7496,0.7613,+0.0117
O95931,L4,2088,41,EF1%,0.0000,0.0000,+0.0000
O95931,L4,2088,41,EF5%,0.0000,0.0000,+0.0000
O95931,L4,2088,41,AUROC,0.5379,0.6061,+0.0682
P01127,L4,10495,206,EF1%,2.4260,1.9408,-0.4852
P01127,L4,10495,206,EF5%,6.5018,3.1053,-3.3964
P01127,L4,10495,206,AUROC,0.8902,0.7155,-0.1747
P01584,L4,1579,31,EF1%,0.0000,0.0000,+0.0000
P01584,L4,1579,31,EF5%,0.0000,1.2895,+1.2895
P01584,L4,1579,31,AUROC,0.2441,0.8168,+0.5727
P04296,L4,9680,190,EF1%,0.0000,0.0000,+0.0000
P04296,L4,9680,190,EF5%,1.2632,0.0000,-1.2632
P04296,L4,9680,190,AUROC,0.7029,0.5369,-0.1660
P05067,L4,4378,85,EF1%,1.1706,0.0000,-1.1706
P05067,L4,4378,85,EF5%,0.2352,0.2352,+0.0000
P05067,L4,4378,85,AUROC,0.2010,0.1230,-0.0780
P08546,L4,4178,82,EF1%,1.2131,0.0000,-1.2131
P08546,L4,4178,82,EF5%,0.7314,2.4379,+1.7065
P08546,L4,4178,82,AUROC,0.6335,0.8374,+0.2039
P08648,L4,510,10,EF1%,0.0000,0.0000,+0.0000
P08648,L4,510,10,EF5%,1.9615,1.9615,+0.0000
P08648,L4,510,10,AUROC,0.6065,0.4598,-0.1467
P09391,L4,560,11,EF1%,0.0000,25.4545,+25.4545
P09391,L4,560,11,EF5%,0.0000,16.3636,+16.3636
P09391,L4,560,11,AUROC,0.5455,0.9806,+0.4352
P09871,L4,21444,421,EF1%,50.6990,44.7762,-5.9228
P09871,L4,21444,421,EF5%,18.9407,17.7540,-1.1868
P09871,L4,21444,421,AUROC,0.9872,0.9851,-0.0021
P09936,L4,714,14,EF1%,0.0000,0.0000,+0.0000
P09936,L4,714,14,EF5%,0.0000,1.4167,+1.4167
P09936,L4,714,14,AUROC,0.7403,0.5959,-0.1444
P0AES4,L4,6778,133,EF1%,2.2483,36.7229,+34.4746
P0AES4,L4,6778,133,EF5%,2.8563,12.7782,+9.9219
P0AES4,L4,6778,133,AUROC,0.6839,0.8929,+0.2090
P10636,L4,560,11,EF1%,0.0000,0.0000,+0.0000
P10636,L4,560,11,EF5%,1.8182,0.0000,-1.8182
P10636,L4,560,11,AUROC,0.5907,0.6168,+0.0262
P11166,L4,3515,67,EF1%,0.0000,0.0000,+0.0000
P11166,L4,3515,67,EF5%,0.2981,0.2981,+0.0000
P11166,L4,3515,67,AUROC,0.1534,0.6333,+0.4799
P11169,L4,663,13,EF1%,7.2857,0.0000,-7.2857
P11169,L4,663,13,EF5%,1.5000,0.0000,-1.5000
P11169,L4,663,13,AUROC,0.1389,0.6777,+0.5388
P12955,L4,663,13,EF1%,43.7143,14.5714,-29.1429
P12955,L4,663,13,EF5%,13.5000,9.0000,-4.5000
P12955,L4,663,13,AUROC,0.8614,0.9334,+0.0720
P13612,L4,47323,929,EF1%,3.3315,5.1585,+1.8270
P13612,L4,47323,929,EF5%,5.2726,4.0674,-1.2052
P13612,L4,47323,929,AUROC,0.8499,0.7853,-0.0647
P14060,L4,3768,74,EF1%,0.0000,0.0000,+0.0000
P14060,L4,3768,74,EF5%,0.0000,1.3471,+1.3471
P14060,L4,3768,74,AUROC,0.3600,0.7498,+0.3898
P14416,L4,16307,320,EF1%,47.5414,47.8521,+0.3107
P14416,L4,16307,320,EF5%,18.4853,17.1738,-1.3115
P14416,L4,16307,320,AUROC,0.9852,0.9734,-0.0118
P14672,L4,1985,39,EF1%,0.0000,0.0000,+0.0000
P14672,L4,1985,39,EF5%,0.5090,0.0000,-0.5090
P14672,L4,1985,39,AUROC,0.0752,0.6168,+0.5416
P15692,L4,3007,59,EF1%,0.0000,0.0000,+0.0000
P15692,L4,3007,59,EF5%,1.0126,0.0000,-1.0126
P15692,L4,3007,59,AUROC,0.8193,0.7079,-0.1114
P15823,L4,561,11,EF1%,0.0000,42.5000,+42.5000
P15823,L4,561,11,EF5%,14.0690,19.3448,+5.2759
P15823,L4,561,11,AUROC,0.9686,0.9983,+0.0297
P16101,L4,5904,116,EF1%,0.0000,0.0000,+0.0000
P16101,L4,5904,116,EF5%,3.0951,0.5158,-2.5792
P16101,L4,5904,116,AUROC,0.8845,0.8086,-0.0759
P16406,L4,1477,29,EF1%,37.3494,40.7448,+3.3954
P16406,L4,1477,29,EF5%,19.9595,19.9595,+0.0000
P16406,L4,1477,29,AUROC,0.9968,0.9970,+0.0001
P16788,L4,23125,454,EF1%,0.0000,0.0000,+0.0000
P16788,L4,23125,454,EF5%,0.0000,0.0000,+0.0000
P16788,L4,23125,454,AUROC,0.2954,0.2554,-0.0400
P17927,L4,3513,69,EF1%,1.4143,48.0845,+46.6703
P17927,L4,3513,69,EF5%,16.4889,19.9602,+3.4713
P17927,L4,3513,69,AUROC,0.9759,0.9994,+0.0235
P17948,L4,4791,94,EF1%,45.6589,16.9894,-28.6695
P17948,L4,4791,94,EF5%,18.0512,14.4410,-3.6102
P17948,L4,4791,94,AUROC,0.9726,0.9371,-0.0355
P18510,L4,612,12,EF1%,0.0000,0.0000,+0.0000
P18510,L4,612,12,EF5%,0.0000,1.6452,+1.6452
P18510,L4,612,12,AUROC,0.6883,0.2696,-0.4188
P18848,L4,2038,40,EF1%,0.0000,0.0000,+0.0000
P18848,L4,2038,40,EF5%,0.0000,0.0000,+0.0000
P18848,L4,2038,40,AUROC,0.6507,0.5861,-0.0645
P19525,L4,9223,181,EF1%,0.0000,0.0000,+0.0000
P19525,L4,9223,181,EF5%,0.1103,1.8750,+1.7647
P19525,L4,9223,181,AUROC,0.2414,0.8520,+0.6105
P20648,L4,5708,112,EF1%,0.8787,28.1182,+27.2395
P20648,L4,5708,112,EF5%,4.6331,16.7505,+12.1174
P20648,L4,5708,112,AUROC,0.8707,0.9790,+0.1084
P21842,L4,2497,49,EF1%,16.3069,22.4220,+6.1151
P21842,L4,2497,49,EF5%,17.1223,11.0072,-6.1151
P21842,L4,2497,49,AUROC,0.9821,0.9422,-0.0399
P21917,L4,3312,65,EF1%,25.4769,37.4661,+11.9891
P21917,L4,3312,65,EF5%,11.6641,14.1197,+2.4556
P21917,L4,3312,65,AUROC,0.8805,0.8864,+0.0058
P22001,L4,17880,351,EF1%,0.0000,0.8537,+0.8537
P22001,L4,17880,351,EF5%,0.0000,2.8490,+2.8490
P22001,L4,17880,351,AUROC,0.5954,0.7822,+0.1868
P22629,L4,1172,23,EF1%,0.0000,0.0000,+0.0000
P22629,L4,1172,23,EF5%,0.0000,0.0000,+0.0000
P22629,L4,1172,23,AUROC,0.2313,0.3722,+0.1409
P22681,L4,814,16,EF1%,0.0000,0.0000,+0.0000
P22681,L4,814,16,EF5%,0.0000,0.0000,+0.0000
P22681,L4,814,16,AUROC,0.6679,0.4563,-0.2116
P22830,L4,867,17,EF1%,0.0000,5.6667,+5.6667
P22830,L4,867,17,EF5%,3.4773,5.7955,+2.3182
P22830,L4,867,17,AUROC,0.8711,0.9134,+0.0422
P23743,L4,27713,544,EF1%,4.5812,0.3665,-4.2147
P23743,L4,27713,544,EF5%,4.9987,0.4411,-4.5577
P23743,L4,27713,544,AUROC,0.7505,0.4319,-0.3186
P24385,L4,10854,213,EF1%,0.0000,2.8050,+2.8050
P24385,L4,10854,213,EF5%,0.0000,5.5368,+5.5368
P24385,L4,10854,213,AUROC,0.1926,0.9055,+0.7129
P24530,L4,510,10,EF1%,8.5000,0.0000,-8.5000
P24530,L4,510,10,EF5%,5.8846,3.9231,-1.9615
P24530,L4,510,10,AUROC,0.8806,0.7387,-0.1419
P24863,L4,918,18,EF1%,0.0000,0.0000,+0.0000
P24863,L4,918,18,EF5%,0.0000,2.2174,+2.2174
P24863,L4,918,18,AUROC,0.6975,0.8766,+0.1791
P24864,L4,3466,68,EF1%,0.0000,1.4563,+1.4563
P24864,L4,3466,68,EF5%,0.0000,0.8788,+0.8788
P24864,L4,3466,68,AUROC,0.3491,0.6848,+0.3357
P25101,L4,815,16,EF1%,5.6597,0.0000,-5.6597
P25101,L4,815,16,EF5%,1.2424,0.0000,-1.2424
P25101,L4,815,16,AUROC,0.7893,0.7753,-0.0141
P25322,L4,1579,31,EF1%,0.0000,0.0000,+0.0000
P25322,L4,1579,31,EF5%,0.0000,1.2895,+1.2895
P25322,L4,1579,31,AUROC,0.0676,0.8362,+0.7685
P25929,L4,5198,102,EF1%,19.6003,20.5803,+0.9800
P25929,L4,5198,102,EF5%,15.2882,5.8801,-9.4081
P25929,L4,5198,102,AUROC,0.9725,0.7826,-0.1899
P26012,L4,1273,25,EF1%,0.0000,0.0000,+0.0000
P26012,L4,1273,25,EF5%,0.0000,0.7956,+0.7956
P26012,L4,1273,25,AUROC,0.6512,0.7936,+0.1424
P27986,L4,3364,66,EF1%,0.0000,0.0000,+0.0000
P27986,L4,3364,66,EF5%,0.6032,0.3016,-0.3016
P27986,L4,3364,66,AUROC,0.6054,0.6827,+0.0772
P28223,L4,61144,1200,EF1%,34.4684,41.7951,+7.3266
P28223,L4,61144,1200,EF5%,11.3804,13.2965,+1.9162
P28223,L4,61144,1200,AUROC,0.7400,0.8589,+0.1189
P29371,L4,1326,26,EF1%,25.5000,0.0000,-25.5000
P29371,L4,1326,26,EF5%,15.2239,0.0000,-15.2239
P29371,L4,1326,26,AUROC,0.9808,0.4576,-0.5231
P30550,L4,662,12,EF1%,0.0000,0.0000,+0.0000
P30550,L4,662,12,EF5%,9.7353,0.0000,-9.7353
P30550,L4,662,12,AUROC,0.9575,0.7096,-0.2479
P30990,L4,3874,76,EF1%,0.0000,0.0000,+0.0000
P30990,L4,3874,76,EF5%,0.0000,0.0000,+0.0000
P30990,L4,3874,76,AUROC,0.3214,0.2010,-0.1203
P31350,L4,816,16,EF1%,0.0000,0.0000,+0.0000
P31350,L4,816,16,EF5%,0.0000,0.0000,+0.0000
P31350,L4,816,16,AUROC,0.6970,0.4991,-0.1979
P34969,L4,5145,101,EF1%,35.2666,21.5518,-13.7148
P34969,L4,5145,101,EF5%,17.7700,13.2288,-4.5412
P34969,L4,5145,101,AUROC,0.9759,0.9493,-0.0266
P35348,L4,764,15,EF1%,19.1000,44.5667,+25.4667
P35348,L4,764,15,EF5%,11.7538,15.6718,+3.9179
P35348,L4,764,15,AUROC,0.8432,0.9478,+0.1045
P35462,L4,5553,109,EF1%,9.0973,38.2087,+29.1114
P35462,L4,5553,109,EF5%,8.9795,12.6446,+3.6651
P35462,L4,5553,109,AUROC,0.8719,0.9038,+0.0319
P35869,L4,1833,36,EF1%,0.0000,0.0000,+0.0000
P35869,L4,1833,36,EF5%,0.0000,0.5534,+0.5534
P35869,L4,1833,36,AUROC,0.2785,0.1655,-0.1129
P37059,L4,2396,47,EF1%,0.0000,4.2482,+4.2482
P37059,L4,2396,47,EF5%,0.8496,4.2482,+3.3986
P37059,L4,2396,47,AUROC,0.2914,0.7062,+0.4147
P37840,L4,5857,115,EF1%,0.8632,0.0000,-0.8632
P37840,L4,5857,115,EF5%,3.3027,0.0000,-3.3027
P37840,L4,5857,115,AUROC,0.7620,0.4753,-0.2867
P38158,L4,560,11,EF1%,8.4848,16.9697,+8.4848
P38158,L4,560,11,EF5%,3.6364,5.4545,+1.8182
P38158,L4,560,11,AUROC,0.7897,0.8732,+0.0835
P41235,L4,916,18,EF1%,40.7111,0.0000,-40.7111
P41235,L4,916,18,EF5%,18.8068,4.4251,-14.3816
P41235,L4,916,18,AUROC,0.9905,0.8378,-0.1527
P42226,L4,2193,43,EF1%,51.0000,44.0455,-6.9545
P42226,L4,2193,43,EF5%,18.5455,18.5455,+0.0000
P42226,L4,2193,43,AUROC,0.9806,0.9732,-0.0074
P43251,L4,1428,28,EF1%,37.4000,44.2000,+6.8000
P43251,L4,1428,28,EF5%,19.1250,17.7083,-1.4167
P43251,L4,1428,28,AUROC,0.9906,0.9812,-0.0094
P43341,L4,7795,153,EF1%,0.0000,0.0000,+0.0000
P43341,L4,7795,153,EF5%,0.0000,0.0000,+0.0000
P43341,L4,7795,153,AUROC,0.7107,0.4707,-0.2399
P43354,L4,1780,35,EF1%,19.7778,0.0000,-19.7778
P43354,L4,1780,35,EF5%,12.5714,1.7143,-10.8571
P43354,L4,1780,35,AUROC,0.9083,0.7353,-0.1730
P46976,L4,1121,22,EF1%,0.0000,0.0000,+0.0000
P46976,L4,1121,22,EF5%,0.0000,0.0000,+0.0000
P46976,L4,1121,22,AUROC,0.2662,0.4985,+0.2324
P48025,L4,663,13,EF1%,14.5714,36.4286,+21.8571
P48025,L4,663,13,EF5%,18.0000,19.5000,+1.5000
P48025,L4,663,13,AUROC,0.9807,0.9946,+0.0139
P48048,L4,1528,30,EF1%,0.0000,0.0000,+0.0000
P48048,L4,1528,30,EF5%,0.0000,5.9532,+5.9532
P48048,L4,1528,30,AUROC,0.0957,0.8807,+0.7850
P48549,L4,1121,22,EF1%,0.0000,0.0000,+0.0000
P48549,L4,1121,22,EF5%,0.0000,0.0000,+0.0000
P48549,L4,1121,22,AUROC,0.7844,0.4878,-0.2967
P49238,L4,968,19,EF1%,5.0947,0.0000,-5.0947
P49238,L4,968,19,EF5%,4.1590,0.0000,-4.1590
P49238,L4,968,19,AUROC,0.8904,0.4978,-0.3926
P49721,L4,765,15,EF1%,0.0000,0.0000,+0.0000
P49721,L4,765,15,EF5%,0.0000,5.2308,+5.2308
P49721,L4,765,15,AUROC,0.8508,0.7801,-0.0707
P49959,L4,612,12,EF1%,0.0000,0.0000,+0.0000
P49959,L4,612,12,EF5%,0.0000,3.2903,+3.2903
P49959,L4,612,12,AUROC,0.3031,0.8165,+0.5134
P50052,L4,10903,214,EF1%,4.1685,2.3158,-1.8527
P50052,L4,10903,214,EF5%,3.9191,0.9331,-2.9860
P50052,L4,10903,214,AUROC,0.8303,0.3867,-0.4436
P51946,L4,5300,104,EF1%,0.0000,21.1538,+21.1538
P51946,L4,5300,104,EF5%,0.7692,14.2308,+13.4615
P51946,L4,5300,104,AUROC,0.6315,0.9378,+0.3063
P52429,L4,4124,81,EF1%,0.0000,0.0000,+0.0000
P52429,L4,4124,81,EF5%,0.0000,0.0000,+0.0000
P52429,L4,4124,81,AUROC,0.3040,0.6658,+0.3618
P54278,L4,4331,85,EF1%,46.3209,32.4246,-13.8963
P54278,L4,4331,85,EF5%,19.9585,18.7845,-1.1740
P54278,L4,4331,85,AUROC,0.9990,0.9902,-0.0088
P57059,L4,4281,84,EF1%,1.1852,27.2600,+26.0748
P57059,L4,4281,84,EF5%,3.5556,11.1410,+7.5854
P57059,L4,4281,84,AUROC,0.8328,0.9262,+0.0934
P62837,L4,1986,39,EF1%,0.0000,0.0000,+0.0000
P62837,L4,1986,39,EF5%,0.0000,0.0000,+0.0000
P62837,L4,1986,39,AUROC,0.3211,0.3714,+0.0503
P95160,L4,1172,23,EF1%,4.2464,0.0000,-4.2464
P95160,L4,1172,23,EF5%,0.8637,0.0000,-0.8637
P95160,L4,1172,23,AUROC,0.5470,0.4612,-0.0858
P97639,L4,1223,24,EF1%,15.6795,0.0000,-15.6795
P97639,L4,1223,24,EF5%,5.7534,1.6438,-4.1095
P97639,L4,1223,24,AUROC,0.8390,0.8311,-0.0079
Q01538,L4,66335,1302,EF1%,0.9975,0.0000,-0.9975
Q01538,L4,66335,1302,EF5%,2.4269,0.0000,-2.4269
Q01538,L4,66335,1302,AUROC,0.6925,0.4110,-0.2815
Q01973,L4,1120,22,EF1%,25.4545,0.0000,-25.4545
Q01973,L4,1120,22,EF5%,17.2727,0.9091,-16.3636
Q01973,L4,1120,22,AUROC,0.9886,0.7895,-0.1990
Q02974,L4,1325,26,EF1%,7.2802,43.6813,+36.4011
Q02974,L4,1325,26,EF5%,6.8456,16.7336,+9.8881
Q02974,L4,1325,26,AUROC,0.8785,0.9887,+0.1102
Q03164,L4,13648,268,EF1%,0.7434,0.3717,-0.3717
Q03164,L4,13648,268,EF5%,3.7281,0.3728,-3.3553
Q03164,L4,13648,268,AUROC,0.8037,0.4385,-0.3652
Q04912,L4,561,11,EF1%,0.0000,8.5000,+8.5000
Q04912,L4,561,11,EF5%,0.0000,7.0345,+7.0345
Q04912,L4,561,11,AUROC,0.5348,0.8551,+0.3203
Q06830,L4,1528,30,EF1%,0.0000,0.0000,+0.0000
Q06830,L4,1528,30,EF5%,0.0000,0.0000,+0.0000
Q06830,L4,1528,30,AUROC,0.7943,0.4336,-0.3608
Q08211,L4,36023,707,EF1%,11.5736,0.0000,-11.5736
Q08211,L4,36023,707,EF5%,7.2385,0.2828,-6.9557
Q08211,L4,36023,707,AUROC,0.8689,0.5984,-0.2705
Q08828,L4,3464,68,EF1%,0.0000,0.0000,+0.0000
Q08828,L4,3464,68,EF5%,0.0000,0.5855,+0.5855
Q08828,L4,3464,68,AUROC,0.1318,0.7931,+0.6613
Q10469,L4,8712,171,EF1%,0.0000,0.0000,+0.0000
Q10469,L4,8712,171,EF5%,0.0000,0.0000,+0.0000
Q10469,L4,8712,171,AUROC,0.1468,0.5630,+0.4163
Q12809,L4,1986,39,EF1%,5.0923,0.0000,-5.0923
Q12809,L4,1986,39,EF5%,6.1108,0.0000,-6.1108
Q12809,L4,1986,39,AUROC,0.7759,0.4612,-0.3147
Q13094,L4,1529,30,EF1%,0.0000,0.0000,+0.0000
Q13094,L4,1529,30,EF5%,0.0000,0.6619,+0.6619
Q13094,L4,1529,30,AUROC,0.4815,0.4824,+0.0009
Q13191,L4,62765,1232,EF1%,0.1622,0.0000,-0.1622
Q13191,L4,62765,1232,EF5%,0.1948,0.0487,-0.1461
Q13191,L4,62765,1232,AUROC,0.4971,0.4975,+0.0004
Q13233,L4,2957,58,EF1%,5.0983,0.0000,-5.0983
Q13233,L4,2957,58,EF5%,6.2006,0.0000,-6.2006
Q13233,L4,2957,58,AUROC,0.9126,0.3714,-0.5412
Q13535,L4,24306,477,EF1%,0.0000,0.8353,+0.8353
Q13535,L4,24306,477,EF5%,0.0000,1.0057,+1.0057
Q13535,L4,24306,477,AUROC,0.2256,0.6838,+0.4581
Q13541,L4,18038,354,EF1%,3.6597,0.0000,-3.6597
Q13541,L4,18038,354,EF5%,8.3607,0.6214,-7.7393
Q13541,L4,18038,354,AUROC,0.9092,0.6457,-0.2634
Q13564,L4,1171,23,EF1%,0.0000,50.9130,+50.9130
Q13564,L4,1171,23,EF5%,0.0000,19.8475,+19.8475
Q13564,L4,1171,23,AUROC,0.2834,1.0000,+0.7166
Q13574,L4,29346,576,EF1%,5.5454,0.3466,-5.1988
Q13574,L4,29346,576,EF5%,3.3317,0.8329,-2.4988
Q13574,L4,29346,576,AUROC,0.6229,0.6382,+0.0153
Q13639,L4,2496,49,EF1%,18.3380,0.0000,-18.3380
Q13639,L4,2496,49,EF5%,15.4854,0.8150,-14.6704
Q13639,L4,2496,49,AUROC,0.9126,0.6149,-0.2977
Q13686,L4,2038,40,EF1%,50.9500,46.0976,-4.8524
Q13686,L4,2038,40,EF5%,19.9804,19.9804,+0.0000
Q13686,L4,2038,40,AUROC,0.9997,0.9991,-0.0006
Q13724,L4,26950,529,EF1%,1.5095,2.6416,+1.1321
Q13724,L4,26950,529,EF5%,2.0030,2.9479,+0.9448
Q13724,L4,26950,529,AUROC,0.7334,0.6994,-0.0340
Q14191,L4,76779,1507,EF1%,18.2432,10.6142,-7.6290
Q14191,L4,76779,1507,EF5%,11.3071,7.1134,-4.1937
Q14191,L4,76779,1507,AUROC,0.9259,0.8646,-0.0613
Q14721,L4,1528,30,EF1%,0.0000,0.0000,+0.0000
Q14721,L4,1528,30,EF5%,0.6615,0.0000,-0.6615
Q14721,L4,1528,30,AUROC,0.6684,0.3653,-0.3031
Q15040,L4,1221,24,EF1%,0.0000,0.0000,+0.0000
Q15040,L4,1221,24,EF5%,0.8206,0.0000,-0.8206
Q15040,L4,1221,24,AUROC,0.5613,0.4403,-0.1210
Q15078,L4,2649,52,EF1%,0.0000,3.7735,+3.7735
Q15078,L4,2649,52,EF5%,0.0000,5.3623,+5.3623
Q15078,L4,2649,52,AUROC,0.5017,0.6787,+0.1770
Q15116,L4,5454,107,EF1%,0.0000,22.2423,+22.2423
Q15116,L4,5454,107,EF5%,0.0000,5.6013,+5.6013
Q15116,L4,5454,107,AUROC,0.7234,0.6712,-0.0522
Q15369,L4,560,11,EF1%,0.0000,16.9697,+16.9697
Q15369,L4,560,11,EF5%,0.0000,16.3636,+16.3636
Q15369,L4,560,11,AUROC,0.7447,0.9630,+0.2183
Q15726,L4,1377,27,EF1%,10.9286,7.2857,-3.6429
Q15726,L4,1377,27,EF5%,14.0435,10.3478,-3.6957
Q15726,L4,1377,27,AUROC,0.9711,0.9279,-0.0431
Q16204,L4,1530,30,EF1%,0.0000,0.0000,+0.0000
Q16204,L4,1530,30,EF5%,0.0000,0.0000,+0.0000
Q16204,L4,1530,30,AUROC,0.6037,0.3571,-0.2466
Q16236,L4,4381,86,EF1%,0.0000,0.0000,+0.0000
Q16236,L4,4381,86,EF5%,0.2316,0.0000,-0.2316
Q16236,L4,4381,86,AUROC,0.5092,0.6636,+0.1543
Q16531,L4,25010,491,EF1%,0.2029,18.0613,+17.8583
Q16531,L4,25010,491,EF5%,0.4479,10.9529,+10.5050
Q16531,L4,25010,491,AUROC,0.7119,0.9224,+0.2105
Q16548,L4,663,13,EF1%,7.2857,0.0000,-7.2857
Q16548,L4,663,13,EF5%,3.0000,0.0000,-3.0000
Q16548,L4,663,13,AUROC,0.8290,0.8208,-0.0082
Q16739,L4,15737,309,EF1%,0.3223,0.6447,+0.3223
Q16739,L4,15737,309,EF5%,1.4237,3.5592,+2.1355
Q16739,L4,15737,309,AUROC,0.7359,0.7607,+0.0249
Q16832,L4,16614,326,EF1%,22.5825,37.5358,+14.9533
Q16832,L4,16614,326,EF5%,12.5721,13.6147,+1.0426
Q16832,L4,16614,326,AUROC,0.9414,0.9371,-0.0043
Q16853,L4,4282,84,EF1%,28.4518,0.0000,-28.4518
Q16853,L4,4282,84,EF5%,15.6485,0.0000,-15.6485
Q16853,L4,4282,84,AUROC,0.9684,0.3839,-0.5845
Q29550,L4,765,15,EF1%,0.0000,0.0000,+0.0000
Q29550,L4,765,15,EF5%,0.0000,0.0000,+0.0000
Q29550,L4,765,15,AUROC,0.4340,0.3609,-0.0731
Q2FYS5,L4,1478,29,EF1%,6.7954,0.0000,-6.7954
Q2FYS5,L4,1478,29,EF5%,3.4436,2.0662,-1.3774
Q2FYS5,L4,1478,29,AUROC,0.7001,0.3453,-0.3549
Q3SYC2,L4,765,15,EF1%,0.0000,0.0000,+0.0000
Q3SYC2,L4,765,15,EF5%,0.0000,0.0000,+0.0000
Q3SYC2,L4,765,15,AUROC,0.3709,0.3228,-0.0481
Q5JRX3,L4,2905,57,EF1%,0.0000,25.4825,+25.4825
Q5JRX3,L4,2905,57,EF5%,0.0000,8.0287,+8.0287
Q5JRX3,L4,2905,57,AUROC,0.3207,0.8141,+0.4934
Q5M868,L4,4025,79,EF1%,39.7654,43.4934,+3.7280
Q5M868,L4,4025,79,EF5%,18.9168,18.4124,-0.5044
Q5M868,L4,4025,79,AUROC,0.9895,0.9830,-0.0065
Q60795,L4,1373,27,EF1%,0.0000,3.6323,+3.6323
Q60795,L4,1373,27,EF5%,0.0000,6.6329,+6.6329
Q60795,L4,1373,27,AUROC,0.4711,0.9228,+0.4517
Q695T7,L4,10237,201,EF1%,0.0000,0.0000,+0.0000
Q695T7,L4,10237,201,EF5%,0.0995,0.0000,-0.0995
Q695T7,L4,10237,201,AUROC,0.1628,0.3466,+0.1838
Q6NS38,L4,713,14,EF1%,50.9286,50.9286,+0.0000
Q6NS38,L4,713,14,EF5%,19.8056,19.8056,+0.0000
Q6NS38,L4,713,14,AUROC,0.9984,0.9989,+0.0005
Q6SZW1,L4,12377,243,EF1%,3.2861,0.0000,-3.2861
Q6SZW1,L4,12377,243,EF5%,4.0319,1.3988,-2.6331
Q6SZW1,L4,12377,243,AUROC,0.7332,0.5670,-0.1663
Q70CQ3,L4,11771,231,EF1%,2.5910,0.4318,-2.1592
Q70CQ3,L4,11771,231,EF5%,2.9415,1.5573,-1.3842
Q70CQ3,L4,11771,231,AUROC,0.6866,0.5499,-0.1367
Q7Z3E1,L4,29244,574,EF1%,17.7361,0.0000,-17.7361
Q7Z3E1,L4,29244,574,EF5%,8.7409,1.3930,-7.3479
Q7Z3E1,L4,29244,574,AUROC,0.8972,0.7755,-0.1217
Q7Z5P4,L4,45534,883,EF1%,0.0000,0.9047,+0.9047
Q7Z5P4,L4,45534,883,EF5%,0.0226,1.4947,+1.4721
Q7Z5P4,L4,45534,883,AUROC,0.3613,0.6632,+0.3019
Q86SK9,L4,2745,54,EF1%,0.0000,7.2619,+7.2619
Q86SK9,L4,2745,54,EF5%,0.7367,8.8406,+8.1039
Q86SK9,L4,2745,54,AUROC,0.5671,0.9058,+0.3387
Q86UE8,L4,3463,68,EF1%,29.1008,8.7303,-20.3706
Q86UE8,L4,3463,68,EF5%,10.5365,10.8292,+0.2927
Q86UE8,L4,3463,68,AUROC,0.8826,0.9430,+0.0604
Q86YV6,L4,714,14,EF1%,0.0000,6.3750,+6.3750
Q86YV6,L4,714,14,EF5%,1.4167,7.0833,+5.6667
Q86YV6,L4,714,14,AUROC,0.8060,0.8614,+0.0554
Q8BHB0,L4,1425,28,EF1%,0.0000,0.0000,+0.0000
Q8BHB0,L4,1425,28,EF5%,0.0000,1.4137,+1.4137
Q8BHB0,L4,1425,28,AUROC,0.5451,0.8074,+0.2623
Q8IU80,L4,765,15,EF1%,44.6250,51.0000,+6.3750
Q8IU80,L4,765,15,EF5%,19.6154,19.6154,+0.0000
Q8IU80,L4,765,15,AUROC,0.9991,1.0000,+0.0009
Q8IVG9,L4,714,14,EF1%,0.0000,0.0000,+0.0000
Q8IVG9,L4,714,14,EF5%,0.0000,4.2500,+4.2500
Q8IVG9,L4,714,14,AUROC,0.5756,0.8804,+0.3048
Q8IWV7,L4,510,10,EF1%,17.0000,8.5000,-8.5000
Q8IWV7,L4,510,10,EF5%,11.7692,9.8077,-1.9615
Q8IWV7,L4,510,10,AUROC,0.9312,0.8834,-0.0478
Q8N1C3,L4,10239,201,EF1%,35.1142,34.1251,-0.9891
Q8N1C3,L4,10239,201,EF5%,15.7199,15.4214,-0.2985
Q8N1C3,L4,10239,201,AUROC,0.9802,0.9763,-0.0039
Q8NEV1,L4,560,11,EF1%,0.0000,8.4848,+8.4848
Q8NEV1,L4,560,11,EF5%,3.6364,3.6364,+0.0000
Q8NEV1,L4,560,11,AUROC,0.6767,0.7698,+0.0931
Q8NFR9,L4,1171,23,EF1%,4.2428,25.4565,+21.2138
Q8NFR9,L4,1171,23,EF5%,10.3552,19.8475,+9.4923
Q8NFR9,L4,1171,23,AUROC,0.9507,0.9909,+0.0402
Q8NHG7,L4,4582,90,EF1%,0.0000,1.1068,+1.1068
Q8NHG7,L4,4582,90,EF5%,3.5416,5.5338,+1.9922
Q8NHG7,L4,4582,90,AUROC,0.9176,0.9162,-0.0014
Q8TAF3,L4,2191,43,EF1%,0.0000,0.0000,+0.0000
Q8TAF3,L4,2191,43,EF5%,0.0000,0.0000,+0.0000
Q8TAF3,L4,2191,43,AUROC,0.3024,0.2856,-0.0168
Q8TD08,L4,561,11,EF1%,17.0000,8.5000,-8.5000
Q8TD08,L4,561,11,EF5%,10.5517,12.3103,+1.7586
Q8TD08,L4,561,11,AUROC,0.9203,0.9091,-0.0112
Q8TDU9,L4,510,10,EF1%,0.0000,0.0000,+0.0000
Q8TDU9,L4,510,10,EF5%,1.9615,0.0000,-1.9615
Q8TDU9,L4,510,10,AUROC,0.9226,0.9149,-0.0077
Q8VCR2,L4,1172,23,EF1%,0.0000,0.0000,+0.0000
Q8VCR2,L4,1172,23,EF5%,0.8637,0.0000,-0.8637
Q8VCR2,L4,1172,23,AUROC,0.5762,0.6086,+0.0324
Q8WXE1,L4,5505,108,EF1%,0.0000,0.0000,+0.0000
Q8WXE1,L4,5505,108,EF5%,0.3694,0.0000,-0.3694
Q8WXE1,L4,5505,108,AUROC,0.4795,0.3527,-0.1268
Q8WYB5,L4,9783,192,EF1%,16.1178,0.0000,-16.1178
Q8WYB5,L4,9783,192,EF5%,12.3743,0.0000,-12.3743
Q8WYB5,L4,9783,192,AUROC,0.9440,0.2411,-0.7029
Q91WP0,L4,8867,174,EF1%,21.7581,1.7177,-20.0404
Q91WP0,L4,8867,174,EF5%,17.4457,5.2796,-12.1661
Q91WP0,L4,8867,174,AUROC,0.9672,0.8957,-0.0715
Q92551,L4,9779,192,EF1%,0.0000,0.0000,+0.0000
Q92551,L4,9779,192,EF5%,0.1042,0.3125,+0.2083
Q92551,L4,9779,192,AUROC,0.5433,0.5845,+0.0412
Q92743,L4,611,12,EF1%,50.9167,29.0952,-21.8214
Q92743,L4,611,12,EF5%,19.7097,19.7097,+0.0000
Q92743,L4,611,12,AUROC,0.9994,0.9961,-0.0033
Q92794,L4,43768,858,EF1%,25.2729,0.2329,-25.0400
Q92794,L4,43768,858,EF5%,11.2557,0.2563,-10.9993
Q92794,L4,43768,858,AUROC,0.9059,0.4067,-0.4993
Q92905,L4,1172,23,EF1%,8.4928,8.4928,+0.0000
Q92905,L4,1172,23,EF5%,3.4547,2.5910,-0.8637
Q92905,L4,1172,23,AUROC,0.6864,0.7824,+0.0960
Q92932,L4,26032,511,EF1%,49.5770,0.0000,-49.5770
Q92932,L4,26032,511,EF5%,17.2158,1.1347,-16.0812
Q92932,L4,26032,511,AUROC,0.9847,0.7699,-0.2148
Q96DB2,L4,3617,71,EF1%,0.0000,31.6677,+31.6677
Q96DB2,L4,3617,71,EF5%,3.9404,16.6059,+12.6656
Q96DB2,L4,3617,71,AUROC,0.7811,0.9749,+0.1937
Q96GX5,L4,13140,258,EF1%,8.1025,5.0159,-3.0867
Q96GX5,L4,13140,258,EF5%,1.6279,2.7907,+1.1628
Q96GX5,L4,13140,258,AUROC,0.5929,0.6887,+0.0958
Q96KP4,L4,5603,110,EF1%,21.4469,45.5746,+24.1278
Q96KP4,L4,5603,110,EF5%,17.4017,19.3957,+1.9940
Q96KP4,L4,5603,110,AUROC,0.9810,0.9966,+0.0156
Q96PC2,L4,2244,44,EF1%,0.0000,0.0000,+0.0000
Q96PC2,L4,2244,44,EF5%,0.4513,2.7080,+2.2566
Q96PC2,L4,2244,44,AUROC,0.6901,0.7987,+0.1086
Q96PD7,L4,3413,67,EF1%,1.4554,4.3663,+2.9109
Q96PD7,L4,3413,67,EF5%,3.8727,6.2558,+2.3832
Q96PD7,L4,3413,67,AUROC,0.6269,0.8654,+0.2385
Q96QP1,L4,22674,445,EF1%,0.0000,0.0000,+0.0000
Q96QP1,L4,22674,445,EF5%,0.0000,0.0449,+0.0449
Q96QP1,L4,22674,445,AUROC,0.4201,0.3382,-0.0818
Q96RU2,L4,2443,48,EF1%,0.0000,0.0000,+0.0000
Q96RU2,L4,2443,48,EF5%,0.4138,0.8276,+0.4138
Q96RU2,L4,2443,48,AUROC,0.5278,0.3828,-0.1450
Q99705,L4,1683,33,EF1%,6.0000,0.0000,-6.0000
Q99705,L4,1683,33,EF5%,3.6000,0.6000,-3.0000
Q99705,L4,1683,33,AUROC,0.7575,0.7820,+0.0245
Q99788,L4,2243,44,EF1%,0.0000,0.0000,+0.0000
Q99788,L4,2243,44,EF5%,0.0000,0.4511,+0.4511
Q99788,L4,2243,44,AUROC,0.1682,0.5042,+0.3361
Q99986,L4,1934,38,EF1%,0.0000,0.0000,+0.0000
Q99986,L4,1934,38,EF5%,4.7222,0.0000,-4.7222
Q99986,L4,1934,38,AUROC,0.8913,0.5467,-0.3446
Q9BQ50,L4,5911,116,EF1%,29.7249,4.2464,-25.4784
Q9BQ50,L4,5911,116,EF5%,16.1823,4.4759,-11.7063
Q9BQ50,L4,5911,116,AUROC,0.9786,0.8102,-0.1684
Q9BVC4,L4,509,10,EF1%,0.0000,0.0000,+0.0000
Q9BVC4,L4,509,10,EF5%,0.0000,0.0000,+0.0000
Q9BVC4,L4,509,10,AUROC,0.2301,0.3822,+0.1521
Q9BW19,L4,9930,195,EF1%,0.0000,0.0000,+0.0000
Q9BW19,L4,9930,195,EF5%,0.0000,0.0000,+0.0000
Q9BW19,L4,9930,195,AUROC,0.3073,0.1669,-0.1404
Q9BY08,L4,1987,39,EF1%,10.1897,17.8321,+7.6423
Q9BY08,L4,1987,39,EF5%,10.6992,11.2087,+0.5095
Q9BY08,L4,1987,39,AUROC,0.9418,0.9300,-0.0118
Q9BZ95,L4,559,11,EF1%,8.4697,0.0000,-8.4697
Q9BZ95,L4,559,11,EF5%,1.8149,3.6299,+1.8149
Q9BZ95,L4,559,11,AUROC,0.3733,0.6520,+0.2787
Q9CVD2,L4,816,16,EF1%,0.0000,0.0000,+0.0000
Q9CVD2,L4,816,16,EF5%,0.0000,2.4878,+2.4878
Q9CVD2,L4,816,16,AUROC,0.3466,0.7380,+0.3914
Q9DGD3,L4,3768,74,EF1%,18.7596,9.3798,-9.3798
Q9DGD3,L4,3768,74,EF5%,14.2789,11.5847,-2.6941
Q9DGD3,L4,3768,74,AUROC,0.9536,0.9464,-0.0072
Q9GZQ6,L4,1273,25,EF1%,7.8338,0.0000,-7.8338
Q9GZQ6,L4,1273,25,EF5%,7.9563,1.5913,-6.3650
Q9GZQ6,L4,1273,25,AUROC,0.9119,0.7486,-0.1633
Q9GZZ6,L4,560,11,EF1%,0.0000,8.4848,+8.4848
Q9GZZ6,L4,560,11,EF5%,16.3636,20.0000,+3.6364
Q9GZZ6,L4,560,11,AUROC,0.9730,0.9873,+0.0143
Q9H093,L4,560,11,EF1%,8.4848,16.9697,+8.4848
Q9H093,L4,560,11,EF5%,5.4545,14.5455,+9.0909
Q9H093,L4,560,11,AUROC,0.9261,0.9391,+0.0130
Q9H0K1,L4,5552,109,EF1%,3.6383,18.1913,+14.5531
Q9H0K1,L4,5552,109,EF5%,3.2980,8.0618,+4.7638
Q9H0K1,L4,5552,109,AUROC,0.8397,0.8894,+0.0497
Q9H299,L4,764,15,EF1%,0.0000,0.0000,+0.0000
Q9H299,L4,764,15,EF5%,0.0000,0.0000,+0.0000
Q9H299,L4,764,15,AUROC,0.2266,0.4348,+0.2082
Q9H300,L4,816,16,EF1%,0.0000,11.3333,+11.3333
Q9H300,L4,816,16,EF5%,0.0000,4.9756,+4.9756
Q9H300,L4,816,16,AUROC,0.5870,0.6679,+0.0809
Q9H7M9,L4,1224,24,EF1%,0.0000,0.0000,+0.0000
Q9H7M9,L4,1224,24,EF5%,0.0000,0.8226,+0.8226
Q9H7M9,L4,1224,24,AUROC,0.1914,0.7846,+0.5933
Q9H7Z6,L4,1936,38,EF1%,2.5474,0.0000,-2.5474
Q9H7Z6,L4,1936,38,EF5%,11.0298,0.0000,-11.0298
Q9H7Z6,L4,1936,38,AUROC,0.9352,0.5042,-0.4310
Q9HB14,L4,765,15,EF1%,0.0000,0.0000,+0.0000
Q9HB14,L4,765,15,EF5%,0.0000,0.0000,+0.0000
Q9HB14,L4,765,15,AUROC,0.2263,0.6671,+0.4408
Q9HC35,L4,764,15,EF1%,0.0000,0.0000,+0.0000
Q9HC35,L4,764,15,EF5%,0.0000,0.0000,+0.0000
Q9HC35,L4,764,15,AUROC,0.7511,0.5728,-0.1784
Q9HC84,L4,9429,185,EF1%,0.5365,0.0000,-0.5365
Q9HC84,L4,9429,185,EF5%,0.3239,0.1080,-0.2160
Q9HC84,L4,9429,185,AUROC,0.5475,0.4680,-0.0796
Q9HCE5,L4,9834,193,EF1%,1.5440,2.0587,+0.5147
Q9HCE5,L4,9834,193,EF5%,1.7606,4.0390,+2.2784
Q9HCE5,L4,9834,193,AUROC,0.5188,0.7586,+0.2398
Q9IWW8,L4,917,18,EF1%,0.0000,0.0000,+0.0000
Q9IWW8,L4,917,18,EF5%,0.0000,0.0000,+0.0000
Q9IWW8,L4,917,18,AUROC,0.5347,0.5958,+0.0611
Q9NPF7,L4,2550,50,EF1%,0.0000,0.0000,+0.0000
Q9NPF7,L4,2550,50,EF5%,0.0000,1.1953,+1.1953
Q9NPF7,L4,2550,50,AUROC,0.8526,0.7676,-0.0851
Q9NPH5,L4,4892,96,EF1%,1.0400,0.0000,-1.0400
Q9NPH5,L4,4892,96,EF5%,0.2080,0.4160,+0.2080
Q9NPH5,L4,4892,96,AUROC,0.4162,0.6195,+0.2033
Q9NR19,L4,7233,142,EF1%,0.0000,0.0000,+0.0000
Q9NR19,L4,7233,142,EF5%,0.0000,0.1407,+0.1407
Q9NR19,L4,7233,142,AUROC,0.4356,0.5059,+0.0704
Q9NR96,L4,1936,38,EF1%,0.0000,40.7579,+40.7579
Q9NR96,L4,1936,38,EF5%,0.0000,16.8074,+16.8074
Q9NR96,L4,1936,38,AUROC,0.3479,0.9341,+0.5863
Q9NSD7,L4,765,15,EF1%,0.0000,0.0000,+0.0000
Q9NSD7,L4,765,15,EF5%,2.6154,2.6154,+0.0000
Q9NSD7,L4,765,15,AUROC,0.7971,0.9088,+0.1117
Q9NSU2,L4,5910,116,EF1%,0.0000,2.5474,+2.5474
Q9NSU2,L4,5910,116,EF5%,1.8933,4.9916,+3.0982
Q9NSU2,L4,5910,116,AUROC,0.8416,0.8388,-0.0028
Q9NVM4,L4,510,10,EF1%,51.0000,51.0000,+0.0000
Q9NVM4,L4,510,10,EF5%,13.7308,13.7308,+0.0000
Q9NVM4,L4,510,10,AUROC,0.9764,0.9243,-0.0521
Q9NY59,L4,1015,20,EF1%,0.0000,0.0000,+0.0000
Q9NY59,L4,1015,20,EF5%,0.0000,0.0000,+0.0000
Q9NY59,L4,1015,20,AUROC,0.5022,0.2856,-0.2166
Q9WHN8,L4,10245,201,EF1%,0.0000,0.0000,+0.0000
Q9WHN8,L4,10245,201,EF5%,0.5961,0.0000,-0.5961
Q9WHN8,L4,10245,201,AUROC,0.6814,0.3680,-0.3133
Q9Y239,L4,2955,58,EF1%,0.0000,0.0000,+0.0000
Q9Y239,L4,2955,58,EF5%,0.0000,1.0327,+1.0327
Q9Y239,L4,2955,58,AUROC,0.3445,0.7085,+0.3640
Q9Y2I1,L4,510,10,EF1%,0.0000,0.0000,+0.0000
Q9Y2I1,L4,510,10,EF5%,7.8462,0.0000,-7.8462
Q9Y2I1,L4,510,10,AUROC,0.9472,0.4000,-0.5472
Q9Y2I7,L4,20075,394,EF1%,0.0000,0.0000,+0.0000
Q9Y2I7,L4,20075,394,EF5%,0.0000,0.2030,+0.2030
Q9Y2I7,L4,20075,394,AUROC,0.3456,0.5122,+0.1666
Q9Y4K0,L4,2396,47,EF1%,21.2411,0.0000,-21.2411
Q9Y4K0,L4,2396,47,EF5%,11.0454,0.0000,-11.0454
Q9Y4K0,L4,2396,47,AUROC,0.9121,0.3174,-0.5946
Q9Y5X5,L4,867,17,EF1%,11.3333,5.6667,-5.6667
Q9Y5X5,L4,867,17,EF5%,8.1136,5.7955,-2.3182
Q9Y5X5,L4,867,17,AUROC,0.9109,0.6661,-0.2448
